id,label
kornli_046385,entailment
kornli_025842,contradiction
kornli_020441,contradiction
kornli_047515,neutral
kornli_053301,neutral
kornli_010191,neutral
kornli_033735,neutral
kornli_052644,entailment
kornli_033093,contradiction
kornli_005416,entailment
kornli_056151,neutral
kornli_030729,neutral
kornli_047082,entailment
kornli_052522,contradiction
kornli_057078,neutral
kornli_043790,neutral
kornli_006757,contradiction
kornli_032550,contradiction
kornli_049235,entailment
kornli_021280,entailment
kornli_013582,contradiction
kornli_009819,contradiction
kornli_053069,entailment
kornli_018121,neutral
kornli_030778,entailment
kornli_040975,neutral
kornli_051553,neutral
kornli_019984,entailment
kornli_036119,entailment
kornli_008693,entailment
kornli_025884,contradiction
kornli_058541,neutral
kornli_037467,contradiction
kornli_017346,contradiction
kornli_055718,neutral
kornli_056589,entailment
kornli_006921,entailment
kornli_031584,neutral
kornli_033231,neutral
kornli_036460,entailment
kornli_035255,contradiction
kornli_021023,neutral
kornli_047541,contradiction
kornli_013043,entailment
kornli_003323,neutral
kornli_004712,contradiction
kornli_013955,entailment
kornli_051375,neutral
kornli_008878,neutral
kornli_023997,contradiction
kornli_016041,contradiction
kornli_002168,entailment
kornli_048669,contradiction
kornli_038191,contradiction
kornli_004338,neutral
kornli_018733,neutral
kornli_043954,entailment
kornli_031856,entailment
kornli_051073,entailment
kornli_053728,contradiction
kornli_026786,neutral
kornli_043629,neutral
kornli_048345,neutral
kornli_033635,contradiction
kornli_020850,neutral
kornli_042542,neutral
kornli_050697,contradiction
kornli_038556,entailment
kornli_017269,contradiction
kornli_009035,contradiction
kornli_025571,neutral
kornli_041943,neutral
kornli_001280,neutral
kornli_030735,neutral
kornli_045002,neutral
kornli_037153,entailment
kornli_040825,entailment
kornli_054471,entailment
kornli_032644,contradiction
kornli_041129,neutral
kornli_053231,contradiction
kornli_038059,entailment
kornli_006681,contradiction
kornli_053360,neutral
kornli_011983,contradiction
kornli_031413,neutral
kornli_023951,entailment
kornli_014233,contradiction
kornli_036037,contradiction
kornli_007427,entailment
kornli_054567,contradiction
kornli_036744,neutral
kornli_041611,contradiction
kornli_037608,contradiction
kornli_030028,entailment
kornli_001774,entailment
kornli_001531,contradiction
kornli_001971,contradiction
kornli_049355,neutral
kornli_047963,contradiction
kornli_005422,entailment
kornli_011380,entailment
kornli_005123,contradiction
kornli_042594,neutral
kornli_059977,entailment
kornli_000487,neutral
kornli_011316,contradiction
kornli_004701,entailment
kornli_042004,neutral
kornli_056132,neutral
kornli_021289,neutral
kornli_038338,neutral
kornli_044447,neutral
kornli_000517,contradiction
kornli_054766,contradiction
kornli_015417,neutral
kornli_051552,contradiction
kornli_056978,neutral
kornli_009093,entailment
kornli_041154,entailment
kornli_032189,neutral
kornli_046881,contradiction
kornli_011293,neutral
kornli_010144,contradiction
kornli_028596,contradiction
kornli_017314,entailment
kornli_002672,contradiction
kornli_001411,contradiction
kornli_034026,entailment
kornli_012335,contradiction
kornli_008961,neutral
kornli_057681,neutral
kornli_055188,contradiction
kornli_034683,neutral
kornli_049627,entailment
kornli_046768,contradiction
kornli_018582,neutral
kornli_033847,entailment
kornli_019702,entailment
kornli_004598,contradiction
kornli_031173,neutral
kornli_035248,neutral
kornli_024258,contradiction
kornli_038745,entailment
kornli_010353,contradiction
kornli_021583,entailment
kornli_024415,entailment
kornli_041783,neutral
kornli_005811,neutral
kornli_002820,neutral
kornli_034817,entailment
kornli_009785,contradiction
kornli_054979,entailment
kornli_018703,entailment
kornli_017408,entailment
kornli_011741,entailment
kornli_024233,neutral
kornli_058028,neutral
kornli_009233,neutral
kornli_042235,neutral
kornli_045486,neutral
kornli_014737,contradiction
kornli_017600,neutral
kornli_022950,entailment
kornli_049757,entailment
kornli_059209,neutral
kornli_037977,neutral
kornli_049265,neutral
kornli_006384,entailment
kornli_050739,entailment
kornli_013378,entailment
kornli_029571,contradiction
kornli_033267,neutral
kornli_026566,entailment
kornli_040810,contradiction
kornli_030596,contradiction
kornli_053861,neutral
kornli_022352,entailment
kornli_026406,neutral
kornli_043286,neutral
kornli_023872,contradiction
kornli_043402,entailment
kornli_029548,entailment
kornli_013819,contradiction
kornli_042010,entailment
kornli_025344,entailment
kornli_037863,contradiction
kornli_055138,entailment
kornli_017276,entailment
kornli_038283,contradiction
kornli_048831,contradiction
kornli_027720,neutral
kornli_034045,entailment
kornli_025991,contradiction
kornli_057364,contradiction
kornli_037318,contradiction
kornli_054443,neutral
kornli_027757,entailment
kornli_049711,entailment
kornli_002882,entailment
kornli_032717,neutral
kornli_043062,entailment
kornli_048252,entailment
kornli_032593,entailment
kornli_007214,entailment
kornli_024984,entailment
kornli_001967,entailment
kornli_015883,contradiction
kornli_050932,contradiction
kornli_036391,neutral
kornli_013661,entailment
kornli_037670,entailment
kornli_021295,neutral
kornli_024737,neutral
kornli_003771,entailment
kornli_001902,neutral
kornli_055308,contradiction
kornli_041390,entailment
kornli_033420,contradiction
kornli_000187,entailment
kornli_056986,contradiction
kornli_051427,contradiction
kornli_007899,entailment
kornli_032087,entailment
kornli_034187,contradiction
kornli_014661,neutral
kornli_019440,neutral
kornli_025031,contradiction
kornli_031118,neutral
kornli_021158,contradiction
kornli_029695,contradiction
kornli_058515,contradiction
kornli_024859,entailment
kornli_046272,entailment
kornli_025953,entailment
kornli_052816,neutral
kornli_024198,entailment
kornli_010729,contradiction
kornli_003308,contradiction
kornli_003624,entailment
kornli_026428,entailment
kornli_052909,neutral
kornli_015974,neutral
kornli_022365,contradiction
kornli_002212,neutral
kornli_048323,entailment
kornli_012754,neutral
kornli_008067,entailment
kornli_039074,neutral
kornli_015199,contradiction
kornli_057835,entailment
kornli_035987,contradiction
kornli_015872,neutral
kornli_059871,entailment
kornli_001009,neutral
kornli_051369,contradiction
kornli_052062,entailment
kornli_008154,entailment
kornli_050956,contradiction
kornli_057846,neutral
kornli_044986,neutral
kornli_030353,entailment
kornli_040614,entailment
kornli_053565,entailment
kornli_038565,entailment
kornli_024087,neutral
kornli_028718,contradiction
kornli_036186,contradiction
kornli_017699,contradiction
kornli_035003,neutral
kornli_002517,entailment
kornli_012267,entailment
kornli_008403,contradiction
kornli_056279,entailment
kornli_001039,contradiction
kornli_029716,neutral
kornli_009199,contradiction
kornli_013091,contradiction
kornli_034820,contradiction
kornli_002373,entailment
kornli_010965,entailment
kornli_052607,entailment
kornli_034692,neutral
kornli_029698,entailment
kornli_005265,neutral
kornli_029148,entailment
kornli_019696,contradiction
kornli_014198,neutral
kornli_040276,neutral
kornli_022466,entailment
kornli_020460,contradiction
kornli_049886,entailment
kornli_000691,neutral
kornli_026341,entailment
kornli_040263,neutral
kornli_044006,entailment
kornli_049726,entailment
kornli_006821,entailment
kornli_031561,neutral
kornli_055663,neutral
kornli_039474,contradiction
kornli_052059,entailment
kornli_033055,entailment
kornli_024595,neutral
kornli_056439,neutral
kornli_057854,entailment
kornli_058720,entailment
kornli_038785,neutral
kornli_042659,contradiction
kornli_003516,entailment
kornli_057550,contradiction
kornli_013706,neutral
kornli_010706,contradiction
kornli_008991,neutral
kornli_001530,contradiction
kornli_029525,neutral
kornli_057991,contradiction
kornli_058338,entailment
kornli_004165,neutral
kornli_058275,neutral
kornli_039556,neutral
kornli_042923,entailment
kornli_009983,entailment
kornli_053770,entailment
kornli_003369,contradiction
kornli_039458,contradiction
kornli_026129,entailment
kornli_033932,neutral
kornli_042227,contradiction
kornli_024017,neutral
kornli_023548,contradiction
kornli_048326,contradiction
kornli_005761,entailment
kornli_000299,entailment
kornli_047174,entailment
kornli_029835,neutral
kornli_012454,neutral
kornli_035441,contradiction
kornli_040379,contradiction
kornli_048847,neutral
kornli_024628,contradiction
kornli_039170,neutral
kornli_054369,contradiction
kornli_020502,neutral
kornli_012126,entailment
kornli_057636,neutral
kornli_034259,neutral
kornli_036064,neutral
kornli_048014,contradiction
kornli_058160,entailment
kornli_008302,entailment
kornli_019039,neutral
kornli_042906,contradiction
kornli_032860,neutral
kornli_038673,contradiction
kornli_006374,entailment
kornli_007223,neutral
kornli_056759,neutral
kornli_037964,contradiction
kornli_055132,neutral
kornli_056839,entailment
kornli_058902,entailment
kornli_040911,contradiction
kornli_004305,contradiction
kornli_008080,neutral
kornli_041175,neutral
kornli_012961,neutral
kornli_026279,contradiction
kornli_040960,contradiction
kornli_004533,neutral
kornli_025544,entailment
kornli_029133,entailment
kornli_014703,entailment
kornli_014629,neutral
kornli_010445,neutral
kornli_040644,entailment
kornli_038494,contradiction
kornli_030257,neutral
kornli_049669,neutral
kornli_036443,entailment
kornli_032470,neutral
kornli_044773,contradiction
kornli_003802,entailment
kornli_033403,entailment
kornli_013231,entailment
kornli_028700,contradiction
kornli_039226,neutral
kornli_040809,neutral
kornli_010576,contradiction
kornli_038076,neutral
kornli_054869,entailment
kornli_033761,entailment
kornli_002470,contradiction
kornli_038170,contradiction
kornli_040822,contradiction
kornli_044847,neutral
kornli_022257,entailment
kornli_054238,neutral
kornli_024877,entailment
kornli_006080,entailment
kornli_015143,entailment
kornli_040653,neutral
kornli_000276,entailment
kornli_039708,entailment
kornli_004629,entailment
kornli_002843,contradiction
kornli_057878,entailment
kornli_015378,neutral
kornli_042230,contradiction
kornli_054227,entailment
kornli_029740,neutral
kornli_041415,entailment
kornli_041970,neutral
kornli_041668,entailment
kornli_015805,entailment
kornli_007727,contradiction
kornli_026164,contradiction
kornli_033682,contradiction
kornli_036450,contradiction
kornli_007963,entailment
kornli_051285,contradiction
kornli_026486,neutral
kornli_025603,contradiction
kornli_047598,entailment
kornli_031754,contradiction
kornli_046083,entailment
kornli_039519,neutral
kornli_014245,neutral
kornli_010896,entailment
kornli_048951,entailment
kornli_051412,neutral
kornli_039263,contradiction
kornli_017444,contradiction
kornli_019699,neutral
kornli_050619,contradiction
kornli_030638,neutral
kornli_025758,neutral
kornli_006307,neutral
kornli_057242,neutral
kornli_029516,contradiction
kornli_002007,entailment
kornli_010475,entailment
kornli_024058,contradiction
kornli_032514,entailment
kornli_013550,contradiction
kornli_027125,contradiction
kornli_010982,neutral
kornli_032360,neutral
kornli_059391,entailment
kornli_044633,entailment
kornli_027389,entailment
kornli_049362,entailment
kornli_008570,contradiction
kornli_048841,entailment
kornli_019064,neutral
kornli_046861,contradiction
kornli_053380,entailment
kornli_052888,entailment
kornli_002438,contradiction
kornli_037253,entailment
kornli_055897,contradiction
kornli_049257,neutral
kornli_004715,neutral
kornli_020857,entailment
kornli_031930,entailment
kornli_045697,entailment
kornli_037328,entailment
kornli_017805,entailment
kornli_010679,contradiction
kornli_009622,entailment
kornli_039833,contradiction
kornli_010637,neutral
kornli_029166,entailment
kornli_039634,contradiction
kornli_055150,neutral
kornli_010295,contradiction
kornli_021155,neutral
kornli_059886,contradiction
kornli_015614,contradiction
kornli_055206,neutral
kornli_047849,neutral
kornli_058292,contradiction
kornli_014379,contradiction
kornli_057751,contradiction
kornli_053167,entailment
kornli_008194,neutral
kornli_014041,entailment
kornli_047576,neutral
kornli_055463,contradiction
kornli_041763,entailment
kornli_043440,contradiction
kornli_017043,neutral
kornli_026265,neutral
kornli_059524,contradiction
kornli_018228,contradiction
kornli_023481,neutral
kornli_028209,neutral
kornli_000741,entailment
kornli_015292,entailment
kornli_016011,neutral
kornli_009070,neutral
kornli_058516,neutral
kornli_038810,entailment
kornli_053277,entailment
kornli_009707,contradiction
kornli_017127,contradiction
kornli_001504,neutral
kornli_058673,contradiction
kornli_052459,neutral
kornli_002452,contradiction
kornli_029621,contradiction
kornli_009848,entailment
kornli_045754,neutral
kornli_049389,contradiction
kornli_041067,entailment
kornli_025976,contradiction
kornli_034154,neutral
kornli_033399,entailment
kornli_004456,entailment
kornli_020561,neutral
kornli_037174,entailment
kornli_019882,neutral
kornli_026080,contradiction
kornli_023666,neutral
kornli_024888,entailment
kornli_022438,neutral
kornli_044624,contradiction
kornli_006788,entailment
kornli_041221,neutral
kornli_011154,entailment
kornli_010386,entailment
kornli_046771,contradiction
kornli_053887,neutral
kornli_020949,contradiction
kornli_049563,contradiction
kornli_044190,entailment
kornli_016787,contradiction
kornli_049872,neutral
kornli_004187,neutral
kornli_052643,neutral
kornli_049617,neutral
kornli_010549,contradiction
kornli_026955,entailment
kornli_044387,entailment
kornli_054375,contradiction
kornli_026724,entailment
kornli_041475,contradiction
kornli_009658,neutral
kornli_011879,contradiction
kornli_001430,neutral
kornli_048710,entailment
kornli_032354,entailment
kornli_032121,neutral
kornli_039295,contradiction
kornli_058224,entailment
kornli_049608,contradiction
kornli_052177,contradiction
kornli_040630,contradiction
kornli_044653,contradiction
kornli_018628,entailment
kornli_037697,neutral
kornli_000184,entailment
kornli_041559,neutral
kornli_010941,contradiction
kornli_036589,entailment
kornli_030586,entailment
kornli_037890,entailment
kornli_040486,contradiction
kornli_018216,entailment
kornli_028321,entailment
kornli_054491,contradiction
kornli_053734,entailment
kornli_006630,neutral
kornli_037111,contradiction
kornli_040013,entailment
kornli_004157,neutral
kornli_026412,neutral
kornli_036016,entailment
kornli_042251,contradiction
kornli_010468,entailment
kornli_011688,entailment
kornli_009448,contradiction
kornli_002057,neutral
kornli_055194,neutral
kornli_030406,entailment
kornli_058567,neutral
kornli_055668,neutral
kornli_025899,entailment
kornli_044502,entailment
kornli_012980,contradiction
kornli_049115,contradiction
kornli_043404,neutral
kornli_040016,contradiction
kornli_030047,neutral
kornli_019349,contradiction
kornli_041161,neutral
kornli_048032,neutral
kornli_025937,contradiction
kornli_015130,entailment
kornli_049552,contradiction
kornli_017008,neutral
kornli_043711,entailment
kornli_037742,contradiction
kornli_050924,entailment
kornli_005092,entailment
kornli_017654,contradiction
kornli_022436,neutral
kornli_050199,neutral
kornli_019085,contradiction
kornli_016579,contradiction
kornli_021131,contradiction
kornli_001740,contradiction
kornli_017013,contradiction
kornli_046236,contradiction
kornli_031039,contradiction
kornli_022793,entailment
kornli_037160,neutral
kornli_042775,neutral
kornli_015491,contradiction
kornli_034318,entailment
kornli_043841,neutral
kornli_053511,contradiction
kornli_039678,entailment
kornli_033887,neutral
kornli_011089,neutral
kornli_011523,entailment
kornli_043849,contradiction
kornli_056229,entailment
kornli_053207,neutral
kornli_014986,neutral
kornli_012794,neutral
kornli_056139,entailment
kornli_011569,neutral
kornli_002786,contradiction
kornli_008086,neutral
kornli_036993,contradiction
kornli_029745,contradiction
kornli_043892,contradiction
kornli_042100,entailment
kornli_030058,neutral
kornli_047124,neutral
kornli_010938,contradiction
kornli_058491,neutral
kornli_035943,neutral
kornli_053550,entailment
kornli_006440,entailment
kornli_034258,neutral
kornli_045738,neutral
kornli_014534,neutral
kornli_049310,contradiction
kornli_036324,neutral
kornli_038221,entailment
kornli_042669,neutral
kornli_034517,entailment
kornli_039127,neutral
kornli_021257,neutral
kornli_011448,entailment
kornli_055007,neutral
kornli_026815,contradiction
kornli_000320,entailment
kornli_035752,entailment
kornli_021450,contradiction
kornli_048185,entailment
kornli_042158,entailment
kornli_005865,neutral
kornli_015995,contradiction
kornli_003438,neutral
kornli_046969,contradiction
kornli_001988,neutral
kornli_010765,contradiction
kornli_018876,entailment
kornli_049857,entailment
kornli_000209,neutral
kornli_016116,entailment
kornli_042482,contradiction
kornli_032974,neutral
kornli_027583,neutral
kornli_041734,neutral
kornli_033628,entailment
kornli_015079,contradiction
kornli_002937,entailment
kornli_034944,entailment
kornli_029338,neutral
kornli_020207,contradiction
kornli_007406,neutral
kornli_014706,neutral
kornli_053872,entailment
kornli_003084,contradiction
kornli_046657,entailment
kornli_032738,entailment
kornli_012002,entailment
kornli_033400,neutral
kornli_043151,contradiction
kornli_042963,entailment
kornli_039539,entailment
kornli_051409,neutral
kornli_008608,contradiction
kornli_045351,contradiction
kornli_052411,neutral
kornli_047932,neutral
kornli_040037,entailment
kornli_016758,neutral
kornli_022243,entailment
kornli_026897,contradiction
kornli_022029,neutral
kornli_040198,neutral
kornli_040350,neutral
kornli_015366,entailment
kornli_014254,entailment
kornli_059442,neutral
kornli_000124,contradiction
kornli_025109,neutral
kornli_058068,neutral
kornli_009125,entailment
kornli_035249,entailment
kornli_022093,entailment
kornli_044219,neutral
kornli_056437,entailment
kornli_018114,entailment
kornli_005473,entailment
kornli_013873,neutral
kornli_001898,neutral
kornli_034850,contradiction
kornli_043644,neutral
kornli_004945,entailment
kornli_011284,contradiction
kornli_023493,contradiction
kornli_003405,neutral
kornli_031772,neutral
kornli_025419,entailment
kornli_026404,neutral
kornli_025201,neutral
kornli_011807,entailment
kornli_018815,contradiction
kornli_021821,neutral
kornli_021949,neutral
kornli_014692,neutral
kornli_011104,entailment
kornli_005156,neutral
kornli_054404,entailment
kornli_027209,neutral
kornli_001579,neutral
kornli_028986,neutral
kornli_011220,entailment
kornli_005264,entailment
kornli_006585,entailment
kornli_034748,entailment
kornli_039250,contradiction
kornli_029233,contradiction
kornli_041423,contradiction
kornli_058858,entailment
kornli_053283,contradiction
kornli_019027,entailment
kornli_043873,contradiction
kornli_052700,neutral
kornli_011425,neutral
kornli_046748,contradiction
kornli_037648,contradiction
kornli_029130,contradiction
kornli_009500,neutral
kornli_050440,entailment
kornli_028516,contradiction
kornli_004873,neutral
kornli_034710,entailment
kornli_046343,contradiction
kornli_023098,entailment
kornli_036093,entailment
kornli_012572,contradiction
kornli_052920,entailment
kornli_023525,entailment
kornli_039897,contradiction
kornli_015311,entailment
kornli_000829,contradiction
kornli_058599,neutral
kornli_025416,entailment
kornli_026439,entailment
kornli_025536,neutral
kornli_043291,neutral
kornli_031503,neutral
kornli_017549,contradiction
kornli_008976,neutral
kornli_058442,contradiction
kornli_057988,neutral
kornli_004399,contradiction
kornli_006432,contradiction
kornli_035942,entailment
kornli_042592,neutral
kornli_025073,neutral
kornli_006838,neutral
kornli_014658,contradiction
kornli_022588,contradiction
kornli_053950,neutral
kornli_059441,neutral
kornli_039526,contradiction
kornli_048649,contradiction
kornli_020728,contradiction
kornli_001149,entailment
kornli_006159,contradiction
kornli_018244,neutral
kornli_054242,neutral
kornli_023302,contradiction
kornli_035017,entailment
kornli_033283,entailment
kornli_003844,neutral
kornli_053166,entailment
kornli_031626,entailment
kornli_011685,entailment
kornli_033916,entailment
kornli_017926,entailment
kornli_031495,entailment
kornli_046363,entailment
kornli_041385,entailment
kornli_057208,neutral
kornli_002723,contradiction
kornli_018430,entailment
kornli_028154,contradiction
kornli_018990,entailment
kornli_055694,entailment
kornli_018556,neutral
kornli_032676,entailment
kornli_031087,neutral
kornli_059359,neutral
kornli_010408,entailment
kornli_008777,neutral
kornli_032706,entailment
kornli_058246,neutral
kornli_048882,contradiction
kornli_027289,contradiction
kornli_002596,contradiction
kornli_031125,contradiction
kornli_017836,contradiction
kornli_040522,entailment
kornli_029090,contradiction
kornli_058343,entailment
kornli_005128,entailment
kornli_002666,contradiction
kornli_013414,entailment
kornli_020491,entailment
kornli_043864,contradiction
kornli_055436,entailment
kornli_033193,neutral
kornli_011471,entailment
kornli_006846,contradiction
kornli_013598,contradiction
kornli_002485,neutral
kornli_002051,contradiction
kornli_050000,neutral
kornli_003749,entailment
kornli_053130,entailment
kornli_019678,contradiction
kornli_026882,entailment
kornli_021347,neutral
kornli_017623,neutral
kornli_057529,neutral
kornli_003719,neutral
kornli_025721,contradiction
kornli_037754,entailment
kornli_016402,contradiction
kornli_044074,neutral
kornli_034094,contradiction
kornli_034191,contradiction
kornli_041243,contradiction
kornli_046849,neutral
kornli_029403,neutral
kornli_015922,contradiction
kornli_036193,contradiction
kornli_018925,contradiction
kornli_004027,neutral
kornli_047793,contradiction
kornli_023768,neutral
kornli_020962,neutral
kornli_018086,contradiction
kornli_046012,contradiction
kornli_052015,contradiction
kornli_055743,neutral
kornli_050285,entailment
kornli_032612,neutral
kornli_037940,contradiction
kornli_037989,entailment
kornli_022482,entailment
kornli_057462,contradiction
kornli_020393,contradiction
kornli_005338,entailment
kornli_019681,neutral
kornli_014957,entailment
kornli_023508,contradiction
kornli_012428,contradiction
kornli_005616,neutral
kornli_040976,entailment
kornli_042507,entailment
kornli_045545,contradiction
kornli_002418,neutral
kornli_035642,entailment
kornli_025000,contradiction
kornli_018043,neutral
kornli_052654,entailment
kornli_021918,entailment
kornli_053902,neutral
kornli_058756,neutral
kornli_018700,entailment
kornli_044272,neutral
kornli_039893,neutral
kornli_004195,neutral
kornli_017138,entailment
kornli_048312,neutral
kornli_003223,neutral
kornli_032752,neutral
kornli_055491,neutral
kornli_021118,neutral
kornli_044862,contradiction
kornli_045972,contradiction
kornli_003500,contradiction
kornli_026325,neutral
kornli_030402,neutral
kornli_024202,neutral
kornli_032393,neutral
kornli_053674,entailment
kornli_016391,neutral
kornli_004699,entailment
kornli_058546,entailment
kornli_041678,contradiction
kornli_047687,contradiction
kornli_013968,contradiction
kornli_006834,contradiction
kornli_006717,entailment
kornli_038323,contradiction
kornli_032332,entailment
kornli_035605,entailment
kornli_043762,entailment
kornli_031982,neutral
kornli_050168,contradiction
kornli_040528,neutral
kornli_010084,contradiction
kornli_006731,contradiction
kornli_055875,contradiction
kornli_012662,neutral
kornli_015814,entailment
kornli_002225,contradiction
kornli_053198,neutral
kornli_035019,neutral
kornli_029266,neutral
kornli_039111,entailment
kornli_041930,contradiction
kornli_018274,entailment
kornli_019004,contradiction
kornli_028907,neutral
kornli_026885,entailment
kornli_042996,entailment
kornli_010540,neutral
kornli_013557,entailment
kornli_006581,neutral
kornli_046739,neutral
kornli_035142,neutral
kornli_039412,contradiction
kornli_001804,contradiction
kornli_018889,entailment
kornli_009086,entailment
kornli_000161,contradiction
kornli_049083,entailment
kornli_020204,contradiction
kornli_023466,contradiction
kornli_031630,neutral
kornli_048718,neutral
kornli_030597,contradiction
kornli_005274,neutral
kornli_039902,contradiction
kornli_054824,neutral
kornli_008459,contradiction
kornli_053143,contradiction
kornli_012413,entailment
kornli_015862,contradiction
kornli_037602,entailment
kornli_008013,entailment
kornli_024962,contradiction
kornli_034902,neutral
kornli_047408,contradiction
kornli_055296,entailment
kornli_008338,entailment
kornli_020591,entailment
kornli_018386,entailment
kornli_024320,neutral
kornli_045805,entailment
kornli_011014,neutral
kornli_020344,entailment
kornli_016149,neutral
kornli_030294,neutral
kornli_018825,neutral
kornli_051347,entailment
kornli_049176,neutral
kornli_037397,entailment
kornli_057716,neutral
kornli_007938,neutral
kornli_040463,neutral
kornli_043316,neutral
kornli_001901,contradiction
kornli_001082,contradiction
kornli_047991,entailment
kornli_050936,contradiction
kornli_036839,contradiction
kornli_017531,neutral
kornli_057426,entailment
kornli_048802,neutral
kornli_050337,contradiction
kornli_022825,contradiction
kornli_003645,contradiction
kornli_045459,neutral
kornli_021537,neutral
kornli_018548,neutral
kornli_054588,contradiction
kornli_014165,neutral
kornli_019098,contradiction
kornli_028427,entailment
kornli_058383,contradiction
kornli_057377,neutral
kornli_043538,entailment
kornli_010429,neutral
kornli_051768,entailment
kornli_019604,neutral
kornli_027486,neutral
kornli_040692,neutral
kornli_009436,entailment
kornli_042263,contradiction
kornli_002632,entailment
kornli_026067,neutral
kornli_030030,entailment
kornli_029551,contradiction
kornli_026065,entailment
kornli_033901,neutral
kornli_058098,entailment
kornli_039048,neutral
kornli_022225,neutral
kornli_015475,entailment
kornli_032449,neutral
kornli_006146,contradiction
kornli_037674,neutral
kornli_041123,entailment
kornli_056088,neutral
kornli_007503,neutral
kornli_050450,entailment
kornli_022569,neutral
kornli_042386,neutral
kornli_037242,neutral
kornli_017917,neutral
kornli_000433,contradiction
kornli_058928,contradiction
kornli_052493,entailment
kornli_037264,neutral
kornli_041908,entailment
kornli_001641,neutral
kornli_033746,neutral
kornli_010590,contradiction
kornli_044641,entailment
kornli_056667,entailment
kornli_049120,entailment
kornli_007857,neutral
kornli_003528,contradiction
kornli_002584,contradiction
kornli_012175,entailment
kornli_048079,neutral
kornli_013417,contradiction
kornli_014425,neutral
kornli_014412,contradiction
kornli_002750,entailment
kornli_047898,contradiction
kornli_020228,entailment
kornli_038852,contradiction
kornli_040150,neutral
kornli_034963,entailment
kornli_025311,neutral
kornli_043008,neutral
kornli_045879,entailment
kornli_012154,neutral
kornli_012995,neutral
kornli_038453,entailment
kornli_033891,contradiction
kornli_047965,neutral
kornli_025428,neutral
kornli_048278,contradiction
kornli_031418,contradiction
kornli_019303,neutral
kornli_025189,entailment
kornli_042238,entailment
kornli_053387,neutral
kornli_006739,contradiction
kornli_007322,neutral
kornli_036897,contradiction
kornli_008136,neutral
kornli_031045,entailment
kornli_048217,entailment
kornli_014909,entailment
kornli_049489,entailment
kornli_014046,entailment
kornli_009360,entailment
kornli_032297,neutral
kornli_022636,entailment
kornli_039141,entailment
kornli_050393,neutral
kornli_027599,neutral
kornli_058168,contradiction
kornli_058420,neutral
kornli_011539,neutral
kornli_059366,contradiction
kornli_023939,contradiction
kornli_002846,contradiction
kornli_038967,contradiction
kornli_050904,neutral
kornli_006407,neutral
kornli_017574,contradiction
kornli_047846,contradiction
kornli_048176,entailment
kornli_032806,neutral
kornli_043698,contradiction
kornli_013633,contradiction
kornli_030442,neutral
kornli_053187,neutral
kornli_038731,neutral
kornli_059179,neutral
kornli_031911,neutral
kornli_042693,contradiction
kornli_032231,entailment
kornli_048485,contradiction
kornli_013642,contradiction
kornli_051197,contradiction
kornli_025455,neutral
kornli_006311,entailment
kornli_021478,contradiction
kornli_007055,neutral
kornli_051303,contradiction
kornli_010802,neutral
kornli_030658,contradiction
kornli_007649,entailment
kornli_018917,neutral
kornli_016490,contradiction
kornli_059187,contradiction
kornli_003382,contradiction
kornli_055400,neutral
kornli_001103,entailment
kornli_052247,contradiction
kornli_035140,contradiction
kornli_025812,contradiction
kornli_057098,contradiction
kornli_059293,neutral
kornli_045337,contradiction
kornli_030438,entailment
kornli_014492,neutral
kornli_047745,entailment
kornli_059199,entailment
kornli_040303,neutral
kornli_053745,entailment
kornli_026968,entailment
kornli_054194,entailment
kornli_012129,contradiction
kornli_052548,neutral
kornli_006434,entailment
kornli_056912,contradiction
kornli_002249,contradiction
kornli_019239,entailment
kornli_040470,contradiction
kornli_034600,entailment
kornli_057249,neutral
kornli_053929,contradiction
kornli_000034,contradiction
kornli_025985,contradiction
kornli_015090,contradiction
kornli_014420,entailment
kornli_044816,neutral
kornli_051582,entailment
kornli_035715,neutral
kornli_027658,neutral
kornli_010704,contradiction
kornli_003029,entailment
kornli_017402,entailment
kornli_025651,neutral
kornli_000675,neutral
kornli_051133,neutral
kornli_015919,entailment
kornli_027461,contradiction
kornli_053286,entailment
kornli_039183,neutral
kornli_059944,neutral
kornli_038786,contradiction
kornli_059005,contradiction
kornli_013931,entailment
kornli_013204,entailment
kornli_045301,neutral
kornli_058364,entailment
kornli_028399,entailment
kornli_041637,contradiction
kornli_045332,contradiction
kornli_021053,contradiction
kornli_007200,contradiction
kornli_027730,entailment
kornli_015237,entailment
kornli_027103,contradiction
kornli_041085,contradiction
kornli_046023,contradiction
kornli_016292,contradiction
kornli_039676,entailment
kornli_017054,neutral
kornli_044990,neutral
kornli_003757,entailment
kornli_017788,neutral
kornli_033354,contradiction
kornli_039904,contradiction
kornli_026927,neutral
kornli_049633,neutral
kornli_055680,neutral
kornli_056063,entailment
kornli_043346,neutral
kornli_036004,contradiction
kornli_054014,neutral
kornli_020894,entailment
kornli_042596,neutral
kornli_040832,entailment
kornli_054701,neutral
kornli_034989,neutral
kornli_059271,contradiction
kornli_059697,contradiction
kornli_024816,contradiction
kornli_028079,neutral
kornli_000978,neutral
kornli_009032,entailment
kornli_042847,neutral
kornli_002995,neutral
kornli_004784,neutral
kornli_028604,neutral
kornli_003921,entailment
kornli_013137,entailment
kornli_050521,contradiction
kornli_040934,contradiction
kornli_042860,contradiction
kornli_018375,contradiction
kornli_046469,entailment
kornli_057852,neutral
kornli_010862,entailment
kornli_030122,contradiction
kornli_011288,neutral
kornli_017467,entailment
kornli_055061,entailment
kornli_042196,entailment
kornli_047483,entailment
kornli_015286,neutral
kornli_034754,contradiction
kornli_034713,contradiction
kornli_032543,contradiction
kornli_056180,entailment
kornli_006789,entailment
kornli_025545,neutral
kornli_030912,neutral
kornli_037395,neutral
kornli_038727,neutral
kornli_029326,entailment
kornli_009090,contradiction
kornli_032264,contradiction
kornli_053351,contradiction
kornli_018029,neutral
kornli_010635,entailment
kornli_004476,neutral
kornli_042887,contradiction
kornli_039041,entailment
kornli_026659,neutral
kornli_036950,neutral
kornli_059310,entailment
kornli_035274,neutral
kornli_033910,contradiction
kornli_054661,entailment
kornli_049456,neutral
kornli_005461,neutral
kornli_029928,contradiction
kornli_032353,neutral
kornli_015567,contradiction
kornli_011891,entailment
kornli_043692,entailment
kornli_051743,entailment
kornli_001399,contradiction
kornli_038524,neutral
kornli_043565,entailment
kornli_027070,entailment
kornli_007264,entailment
kornli_009102,contradiction
kornli_020795,contradiction
kornli_039606,entailment
kornli_015241,neutral
kornli_022976,entailment
kornli_035436,entailment
kornli_058473,entailment
kornli_001151,contradiction
kornli_057014,neutral
kornli_050277,entailment
kornli_002364,entailment
kornli_032505,neutral
kornli_039080,entailment
kornli_032428,contradiction
kornli_051221,entailment
kornli_038278,neutral
kornli_032833,entailment
kornli_051040,entailment
kornli_037471,entailment
kornli_055964,neutral
kornli_012311,contradiction
kornli_058963,entailment
kornli_009604,contradiction
kornli_015572,contradiction
kornli_058934,neutral
kornli_044632,neutral
kornli_031232,neutral
kornli_016733,neutral
kornli_021772,neutral
kornli_011355,entailment
kornli_013974,contradiction
kornli_001374,entailment
kornli_052016,entailment
kornli_055110,entailment
kornli_042945,contradiction
kornli_004198,entailment
kornli_010715,neutral
kornli_017383,contradiction
kornli_011187,contradiction
kornli_034030,contradiction
kornli_047217,entailment
kornli_019156,entailment
kornli_009110,entailment
kornli_003384,contradiction
kornli_038238,contradiction
kornli_059123,contradiction
kornli_030739,contradiction
kornli_014173,entailment
kornli_053337,entailment
kornli_050344,contradiction
kornli_041632,neutral
kornli_040689,contradiction
kornli_005165,contradiction
kornli_016307,contradiction
kornli_016462,neutral
kornli_029003,entailment
kornli_024578,neutral
kornli_037332,entailment
kornli_031900,contradiction
kornli_014485,neutral
kornli_038921,neutral
kornli_017915,entailment
kornli_042629,contradiction
kornli_003202,neutral
kornli_043373,contradiction
kornli_028973,entailment
kornli_013168,neutral
kornli_044290,neutral
kornli_024680,neutral
kornli_057567,contradiction
kornli_021891,contradiction
kornli_009716,entailment
kornli_016845,neutral
kornli_010993,neutral
kornli_025542,neutral
kornli_003886,entailment
kornli_033624,neutral
kornli_000006,neutral
kornli_030006,entailment
kornli_019998,neutral
kornli_058635,entailment
kornli_026484,contradiction
kornli_020369,contradiction
kornli_050727,neutral
kornli_049335,neutral
kornli_048385,neutral
kornli_006933,neutral
kornli_026011,entailment
kornli_055955,entailment
kornli_040054,neutral
kornli_014439,contradiction
kornli_036841,neutral
kornli_059970,neutral
kornli_022756,contradiction
kornli_021562,neutral
kornli_028709,entailment
kornli_034278,entailment
kornli_033161,contradiction
kornli_004352,contradiction
kornli_045624,neutral
kornli_053319,contradiction
kornli_059054,entailment
kornli_055371,contradiction
kornli_028831,contradiction
kornli_055637,contradiction
kornli_010439,entailment
kornli_040654,contradiction
kornli_053549,neutral
kornli_053947,neutral
kornli_029777,neutral
kornli_023449,neutral
kornli_027907,entailment
kornli_013214,neutral
kornli_037050,entailment
kornli_031808,contradiction
kornli_010036,entailment
kornli_059877,entailment
kornli_041911,neutral
kornli_011138,neutral
kornli_005044,entailment
kornli_007556,entailment
kornli_040670,contradiction
kornli_015957,entailment
kornli_006671,entailment
kornli_008450,neutral
kornli_039467,neutral
kornli_057895,contradiction
kornli_008387,entailment
kornli_011026,contradiction
kornli_035143,neutral
kornli_039701,contradiction
kornli_042457,neutral
kornli_007650,entailment
kornli_029154,contradiction
kornli_020367,neutral
kornli_049375,neutral
kornli_024433,contradiction
kornli_012610,entailment
kornli_059957,contradiction
kornli_044208,contradiction
kornli_021250,neutral
kornli_050899,contradiction
kornli_058432,contradiction
kornli_004585,neutral
kornli_033753,entailment
kornli_049671,neutral
kornli_058721,neutral
kornli_045982,entailment
kornli_012612,entailment
kornli_032747,neutral
kornli_003687,entailment
kornli_025978,entailment
kornli_037690,neutral
kornli_047473,entailment
kornli_006464,contradiction
kornli_022511,neutral
kornli_026906,contradiction
kornli_006284,contradiction
kornli_047422,contradiction
kornli_046217,contradiction
kornli_050339,entailment
kornli_030501,entailment
kornli_027641,contradiction
kornli_048255,neutral
kornli_036949,contradiction
kornli_045885,entailment
kornli_013649,neutral
kornli_034070,entailment
kornli_030207,neutral
kornli_058488,neutral
kornli_042741,contradiction
kornli_021751,entailment
kornli_015428,neutral
kornli_021090,contradiction
kornli_019032,contradiction
kornli_009020,neutral
kornli_014819,entailment
kornli_017165,contradiction
kornli_049697,neutral
kornli_005536,neutral
kornli_053610,neutral
kornli_044938,neutral
kornli_039164,neutral
kornli_046558,neutral
kornli_056829,neutral
kornli_044857,contradiction
kornli_058249,neutral
kornli_040144,contradiction
kornli_032032,contradiction
kornli_003032,entailment
kornli_053010,neutral
kornli_022761,neutral
kornli_052362,entailment
kornli_056933,neutral
kornli_047413,entailment
kornli_059657,contradiction
kornli_057814,entailment
kornli_035101,contradiction
kornli_004341,neutral
kornli_008822,entailment
kornli_025377,entailment
kornli_057120,entailment
kornli_019391,entailment
kornli_031633,neutral
kornli_011460,entailment
kornli_056898,contradiction
kornli_027032,contradiction
kornli_049667,neutral
kornli_028207,neutral
kornli_028269,neutral
kornli_032313,entailment
kornli_000933,contradiction
kornli_046504,neutral
kornli_045016,contradiction
kornli_002984,neutral
kornli_019317,contradiction
kornli_026601,contradiction
kornli_004024,contradiction
kornli_052748,contradiction
kornli_022808,contradiction
kornli_005244,entailment
kornli_013282,entailment
kornli_033464,neutral
kornli_016166,entailment
kornli_044702,neutral
kornli_012644,entailment
kornli_012177,contradiction
kornli_043455,entailment
kornli_027960,entailment
kornli_044123,entailment
kornli_058009,contradiction
kornli_041682,contradiction
kornli_032874,entailment
kornli_043085,contradiction
kornli_045749,contradiction
kornli_046512,entailment
kornli_000506,entailment
kornli_018184,entailment
kornli_023329,contradiction
kornli_034712,entailment
kornli_021656,neutral
kornli_048270,neutral
kornli_013707,entailment
kornli_029975,entailment
kornli_030383,entailment
kornli_024360,neutral
kornli_024215,neutral
kornli_012117,entailment
kornli_035087,neutral
kornli_038417,contradiction
kornli_044246,neutral
kornli_033602,entailment
kornli_030082,entailment
kornli_023348,contradiction
kornli_037578,entailment
kornli_023798,contradiction
kornli_021515,neutral
kornli_008912,contradiction
kornli_027681,neutral
kornli_025068,neutral
kornli_022158,neutral
kornli_044421,entailment
kornli_012128,contradiction
kornli_034816,entailment
kornli_016055,entailment
kornli_022033,entailment
kornli_004755,entailment
kornli_055483,contradiction
kornli_050356,contradiction
kornli_052492,contradiction
kornli_047103,contradiction
kornli_013490,neutral
kornli_005277,neutral
kornli_028265,contradiction
kornli_005398,entailment
kornli_003124,entailment
kornli_021855,neutral
kornli_018385,contradiction
kornli_022069,entailment
kornli_032160,neutral
kornli_031601,neutral
kornli_052751,neutral
kornli_036396,neutral
kornli_018190,entailment
kornli_028676,neutral
kornli_006624,neutral
kornli_056549,entailment
kornli_011064,neutral
kornli_020190,contradiction
kornli_007703,entailment
kornli_010791,neutral
kornli_001747,contradiction
kornli_018050,entailment
kornli_059976,entailment
kornli_052838,contradiction
kornli_013811,contradiction
kornli_022683,contradiction
kornli_034949,neutral
kornli_006003,entailment
kornli_025270,contradiction
kornli_057180,entailment
kornli_037758,entailment
kornli_043771,neutral
kornli_013887,neutral
kornli_045666,entailment
kornli_033598,entailment
kornli_055465,neutral
kornli_045236,neutral
kornli_004951,neutral
kornli_029630,contradiction
kornli_005768,neutral
kornli_054668,neutral
kornli_045022,entailment
kornli_056140,neutral
kornli_013103,contradiction
kornli_001054,entailment
kornli_001238,contradiction
kornli_030511,neutral
kornli_008339,entailment
kornli_000810,neutral
kornli_043043,entailment
kornli_053880,entailment
kornli_050241,entailment
kornli_047619,contradiction
kornli_039243,neutral
kornli_006981,entailment
kornli_005700,neutral
kornli_009385,contradiction
kornli_042878,contradiction
kornli_023205,neutral
kornli_022648,contradiction
kornli_059258,neutral
kornli_026462,neutral
kornli_046092,contradiction
kornli_037946,entailment
kornli_034382,neutral
kornli_009486,entailment
kornli_005556,neutral
kornli_024279,entailment
kornli_003059,entailment
kornli_055024,contradiction
kornli_018040,neutral
kornli_059173,neutral
kornli_046340,neutral
kornli_025981,entailment
kornli_001320,neutral
kornli_036958,neutral
kornli_002805,entailment
kornli_056469,contradiction
kornli_033263,neutral
kornli_006547,neutral
kornli_035259,entailment
kornli_017846,entailment
kornli_046062,neutral
kornli_011294,neutral
kornli_058161,entailment
kornli_027963,entailment
kornli_048126,neutral
kornli_051386,neutral
kornli_043733,neutral
kornli_033001,entailment
kornli_058763,entailment
kornli_025012,neutral
kornli_044382,contradiction
kornli_023038,neutral
kornli_054912,neutral
kornli_007608,neutral
kornli_058282,neutral
kornli_021362,neutral
kornli_032208,entailment
kornli_046140,contradiction
kornli_045076,contradiction
kornli_046215,entailment
kornli_025510,neutral
kornli_032603,neutral
kornli_008383,entailment
kornli_055929,entailment
kornli_038809,neutral
kornli_002557,neutral
kornli_010979,contradiction
kornli_039302,neutral
kornli_006133,entailment
kornli_000557,entailment
kornli_054936,entailment
kornli_014888,contradiction
kornli_025656,contradiction
kornli_057347,contradiction
kornli_018802,neutral
kornli_042422,entailment
kornli_044301,neutral
kornli_046421,neutral
kornli_000024,neutral
kornli_047275,neutral
kornli_007842,neutral
kornli_052971,entailment
kornli_033642,neutral
kornli_008377,neutral
kornli_041410,entailment
kornli_035212,contradiction
kornli_014026,contradiction
kornli_045672,neutral
kornli_041928,contradiction
kornli_015314,neutral
kornli_044720,neutral
kornli_025752,neutral
kornli_054652,entailment
kornli_023690,contradiction
kornli_032893,entailment
kornli_006235,neutral
kornli_030705,contradiction
kornli_007281,contradiction
kornli_014604,neutral
kornli_003466,neutral
kornli_037382,neutral
kornli_052953,contradiction
kornli_050862,entailment
kornli_016316,neutral
kornli_009114,entailment
kornli_051962,contradiction
kornli_040860,entailment
kornli_017542,contradiction
kornli_041513,contradiction
kornli_046795,neutral
kornli_058244,neutral
kornli_049807,neutral
kornli_041081,entailment
kornli_037996,entailment
kornli_029011,entailment
kornli_025740,entailment
kornli_053272,entailment
kornli_012598,neutral
kornli_024459,entailment
kornli_014100,neutral
kornli_028796,neutral
kornli_026217,entailment
kornli_040445,entailment
kornli_046876,entailment
kornli_014323,neutral
kornli_038558,entailment
kornli_006491,neutral
kornli_010807,contradiction
kornli_055848,neutral
kornli_022605,contradiction
kornli_000273,neutral
kornli_058043,contradiction
kornli_025505,entailment
kornli_031427,entailment
kornli_058486,entailment
kornli_002446,neutral
kornli_022704,neutral
kornli_035965,entailment
kornli_059557,neutral
kornli_009951,contradiction
kornli_013911,entailment
kornli_023691,neutral
kornli_008760,contradiction
kornli_037947,contradiction
kornli_052233,entailment
kornli_058898,entailment
kornli_026640,entailment
kornli_032034,neutral
kornli_057067,entailment
kornli_002851,contradiction
kornli_030665,neutral
kornli_019107,neutral
kornli_044988,neutral
kornli_022135,entailment
kornli_016930,neutral
kornli_019918,neutral
kornli_002817,entailment
kornli_019171,neutral
kornli_015950,neutral
kornli_036735,entailment
kornli_042287,contradiction
kornli_026592,contradiction
kornli_029210,neutral
kornli_001632,entailment
kornli_056641,neutral
kornli_030898,contradiction
kornli_008515,contradiction
kornli_008994,entailment
kornli_018197,entailment
kornli_004056,entailment
kornli_018649,entailment
kornli_040266,neutral
kornli_022100,neutral
kornli_020702,entailment
kornli_051648,neutral
kornli_019104,entailment
kornli_030130,entailment
kornli_019977,entailment
kornli_022253,contradiction
kornli_056514,contradiction
kornli_040738,neutral
kornli_048562,contradiction
kornli_011595,contradiction
kornli_044310,neutral
kornli_005405,entailment
kornli_047994,contradiction
kornli_037624,entailment
kornli_008544,neutral
kornli_014699,neutral
kornli_011676,entailment
kornli_058198,contradiction
kornli_057791,entailment
kornli_014719,entailment
kornli_001884,entailment
kornli_016802,entailment
kornli_006484,entailment
kornli_004795,contradiction
kornli_051656,contradiction
kornli_038866,entailment
kornli_023722,neutral
kornli_038308,entailment
kornli_036902,contradiction
kornli_025860,contradiction
kornli_047651,neutral
kornli_025680,entailment
kornli_057271,neutral
kornli_033304,entailment
kornli_040014,neutral
kornli_024141,entailment
kornli_015198,neutral
kornli_028430,neutral
kornli_015616,contradiction
kornli_006206,contradiction
kornli_033964,contradiction
kornli_040912,neutral
kornli_013458,contradiction
kornli_007741,neutral
kornli_026863,neutral
kornli_026587,neutral
kornli_052878,entailment
kornli_003949,neutral
kornli_002355,neutral
kornli_048612,contradiction
kornli_056021,contradiction
kornli_058189,neutral
kornli_051214,neutral
kornli_026403,entailment
kornli_021165,entailment
kornli_040932,neutral
kornli_046309,entailment
kornli_034621,neutral
kornli_020779,contradiction
kornli_038689,neutral
kornli_027805,contradiction
kornli_058080,contradiction
kornli_037549,neutral
kornli_058436,entailment
kornli_016753,contradiction
kornli_039896,contradiction
kornli_035347,entailment
kornli_029522,entailment
kornli_024723,contradiction
kornli_049535,contradiction
kornli_009369,contradiction
kornli_057468,neutral
kornli_012376,entailment
kornli_042884,contradiction
kornli_057794,contradiction
kornli_016825,entailment
kornli_038978,contradiction
kornli_020257,neutral
kornli_034757,contradiction
kornli_021402,neutral
kornli_007756,neutral
kornli_018041,contradiction
kornli_000934,neutral
kornli_047148,entailment
kornli_014843,entailment
kornli_007953,neutral
kornli_026991,entailment
kornli_028015,contradiction
kornli_041800,neutral
kornli_026075,entailment
kornli_022127,neutral
kornli_057607,neutral
kornli_047442,contradiction
kornli_009011,neutral
kornli_034747,contradiction
kornli_044729,contradiction
kornli_007613,entailment
kornli_012660,entailment
kornli_022406,entailment
kornli_036252,contradiction
kornli_027043,neutral
kornli_047306,entailment
kornli_013275,entailment
kornli_011244,neutral
kornli_031844,neutral
kornli_009227,neutral
kornli_013776,entailment
kornli_049382,entailment
kornli_021040,entailment
kornli_024908,contradiction
kornli_000656,entailment
kornli_018732,neutral
kornli_059631,neutral
kornli_003206,contradiction
kornli_008107,entailment
kornli_035959,contradiction
kornli_057138,entailment
kornli_019197,contradiction
kornli_018707,neutral
kornli_056348,entailment
kornli_022211,neutral
kornli_048008,entailment
kornli_017233,contradiction
kornli_016792,neutral
kornli_006276,neutral
kornli_030274,contradiction
kornli_006514,contradiction
kornli_007879,neutral
kornli_038210,neutral
kornli_055603,entailment
kornli_018240,neutral
kornli_023219,neutral
kornli_047591,entailment
kornli_038476,contradiction
kornli_005579,neutral
kornli_057016,contradiction
kornli_030712,entailment
kornli_051190,neutral
kornli_000079,contradiction
kornli_040030,entailment
kornli_036991,contradiction
kornli_014088,neutral
kornli_048815,entailment
kornli_029440,contradiction
kornli_004810,neutral
kornli_011671,entailment
kornli_037040,neutral
kornli_055696,contradiction
kornli_040268,entailment
kornli_015812,entailment
kornli_049342,entailment
kornli_015485,neutral
kornli_027216,contradiction
kornli_058144,contradiction
kornli_054307,neutral
kornli_048502,entailment
kornli_011413,entailment
kornli_046305,neutral
kornli_024836,contradiction
kornli_041641,neutral
kornli_028024,contradiction
kornli_030710,contradiction
kornli_050787,contradiction
kornli_008879,contradiction
kornli_055912,contradiction
kornli_045378,contradiction
kornli_045698,entailment
kornli_017962,contradiction
kornli_022809,contradiction
kornli_048787,contradiction
kornli_021522,neutral
kornli_029197,entailment
kornli_022780,contradiction
kornli_020592,neutral
kornli_030137,neutral
kornli_037123,entailment
kornli_059507,contradiction
kornli_020033,neutral
kornli_034930,contradiction
kornli_041894,entailment
kornli_015107,neutral
kornli_001276,contradiction
kornli_024495,neutral
kornli_020564,contradiction
kornli_047312,neutral
kornli_026980,contradiction
kornli_019108,entailment
kornli_019792,contradiction
kornli_040042,entailment
kornli_039824,entailment
kornli_006401,contradiction
kornli_014354,contradiction
kornli_045930,entailment
kornli_022553,entailment
kornli_014028,neutral
kornli_030560,neutral
kornli_054300,contradiction
kornli_041455,contradiction
kornli_037016,entailment
kornli_028278,neutral
kornli_041118,entailment
kornli_043138,neutral
kornli_047914,neutral
kornli_021944,neutral
kornli_021370,contradiction
kornli_044878,entailment
kornli_018895,entailment
kornli_046419,entailment
kornli_035765,entailment
kornli_057389,neutral
kornli_030017,neutral
kornli_048991,contradiction
kornli_042232,contradiction
kornli_005251,neutral
kornli_052345,contradiction
kornli_027300,neutral
kornli_045058,entailment
kornli_000435,contradiction
kornli_025115,contradiction
kornli_035531,entailment
kornli_012695,neutral
kornli_008600,entailment
kornli_035870,entailment
kornli_021238,entailment
kornli_026626,neutral
kornli_017678,contradiction
kornli_031148,entailment
kornli_030552,entailment
kornli_050119,neutral
kornli_053199,entailment
kornli_021412,neutral
kornli_012940,contradiction
kornli_011640,entailment
kornli_012803,neutral
kornli_038071,entailment
kornli_044903,contradiction
kornli_030379,contradiction
kornli_001985,neutral
kornli_000757,entailment
kornli_002370,neutral
kornli_039710,neutral
kornli_050816,entailment
kornli_006875,entailment
kornli_018212,neutral
kornli_029711,neutral
kornli_053992,neutral
kornli_009774,neutral
kornli_021635,contradiction
kornli_036182,contradiction
kornli_025281,neutral
kornli_000611,neutral
kornli_015390,neutral
kornli_014584,neutral
kornli_016030,neutral
kornli_057027,neutral
kornli_030774,entailment
kornli_055905,neutral
kornli_023173,entailment
kornli_040602,contradiction
kornli_028988,neutral
kornli_009995,neutral
kornli_042515,contradiction
kornli_053269,neutral
kornli_020697,entailment
kornli_032043,entailment
kornli_036733,contradiction
kornli_006365,contradiction
kornli_032207,neutral
kornli_015453,neutral
kornli_026297,entailment
kornli_001300,entailment
kornli_037141,entailment
kornli_034826,contradiction
kornli_050400,entailment
kornli_015581,entailment
kornli_035828,entailment
kornli_042867,entailment
kornli_021977,entailment
kornli_047096,contradiction
kornli_014302,entailment
kornli_036084,neutral
kornli_014607,contradiction
kornli_010688,entailment
kornli_020022,entailment
kornli_041336,entailment
kornli_009687,entailment
kornli_039242,neutral
kornli_054257,entailment
kornli_007747,contradiction
kornli_022536,contradiction
kornli_028843,neutral
kornli_020945,neutral
kornli_024220,contradiction
kornli_007722,neutral
kornli_015397,contradiction
kornli_058509,neutral
kornli_004581,entailment
kornli_058533,contradiction
kornli_000421,neutral
kornli_010196,entailment
kornli_044253,neutral
kornli_016687,entailment
kornli_029124,neutral
kornli_038920,contradiction
kornli_040666,contradiction
kornli_005675,neutral
kornli_037294,neutral
kornli_027350,neutral
kornli_013693,entailment
kornli_049738,contradiction
kornli_040945,neutral
kornli_014802,entailment
kornli_011429,entailment
kornli_055873,entailment
kornli_008520,contradiction
kornli_028777,contradiction
kornli_008723,neutral
kornli_007518,neutral
kornli_016978,neutral
kornli_032716,entailment
kornli_014440,entailment
kornli_009606,neutral
kornli_058906,contradiction
kornli_007705,contradiction
kornli_025299,neutral
kornli_004237,entailment
kornli_047366,entailment
kornli_041384,contradiction
kornli_024152,contradiction
kornli_032516,entailment
kornli_057711,entailment
kornli_059218,neutral
kornli_050020,contradiction
kornli_055015,entailment
kornli_010197,neutral
kornli_042609,contradiction
kornli_034679,entailment
kornli_026043,neutral
kornli_009409,neutral
kornli_036585,neutral
kornli_038737,neutral
kornli_029862,contradiction
kornli_057813,entailment
kornli_043182,entailment
kornli_018264,neutral
kornli_049877,entailment
kornli_009269,neutral
kornli_050353,contradiction
kornli_022828,neutral
kornli_052818,entailment
kornli_022787,neutral
kornli_031729,contradiction
kornli_012393,neutral
kornli_051083,neutral
kornli_028041,contradiction
kornli_057008,entailment
kornli_005016,entailment
kornli_038286,contradiction
kornli_031189,neutral
kornli_006421,neutral
kornli_024563,neutral
kornli_038800,entailment
kornli_050929,contradiction
kornli_001333,entailment
kornli_029676,neutral
kornli_024186,entailment
kornli_035030,neutral
kornli_027351,entailment
kornli_032980,neutral
kornli_024712,entailment
kornli_056678,neutral
kornli_019705,neutral
kornli_005661,contradiction
kornli_017026,contradiction
kornli_059639,neutral
kornli_036799,entailment
kornli_050704,neutral
kornli_009688,neutral
kornli_055841,entailment
kornli_015601,entailment
kornli_053874,contradiction
kornli_043046,neutral
kornli_004026,contradiction
kornli_035898,neutral
kornli_037182,entailment
kornli_029489,neutral
kornli_005751,neutral
kornli_057396,neutral
kornli_042904,neutral
kornli_022545,entailment
kornli_025205,neutral
kornli_044982,neutral
kornli_030714,neutral
kornli_040424,neutral
kornli_048349,contradiction
kornli_024973,neutral
kornli_053810,entailment
kornli_043329,contradiction
kornli_014199,contradiction
kornli_037487,contradiction
kornli_015188,entailment
kornli_034093,contradiction
kornli_011526,contradiction
kornli_021396,entailment
kornli_049863,entailment
kornli_003568,contradiction
kornli_021033,neutral
kornli_021528,neutral
kornli_036931,neutral
kornli_012720,entailment
kornli_045931,entailment
kornli_031117,entailment
kornli_016453,contradiction
kornli_039062,entailment
kornli_012180,entailment
kornli_056810,neutral
kornli_033127,neutral
kornli_035191,contradiction
kornli_020932,contradiction
kornli_040855,entailment
kornli_023992,neutral
kornli_056764,neutral
kornli_047314,contradiction
kornli_023822,entailment
kornli_003776,entailment
kornli_026023,entailment
kornli_030253,neutral
kornli_054558,entailment
kornli_032035,entailment
kornli_037724,entailment
kornli_053614,entailment
kornli_049693,entailment
kornli_013332,entailment
kornli_015503,neutral
kornli_058399,contradiction
kornli_006584,neutral
kornli_032623,entailment
kornli_016009,entailment
kornli_003417,neutral
kornli_005341,contradiction
kornli_057111,contradiction
kornli_027604,neutral
kornli_008093,entailment
kornli_042297,neutral
kornli_019798,entailment
kornli_011575,neutral
kornli_057360,neutral
kornli_019992,entailment
kornli_058835,contradiction
kornli_045440,neutral
kornli_015396,neutral
kornli_052965,contradiction
kornli_042759,entailment
kornli_039718,contradiction
kornli_038624,entailment
kornli_033194,contradiction
kornli_051568,entailment
kornli_030339,contradiction
kornli_026483,neutral
kornli_039523,contradiction
kornli_059312,contradiction
kornli_028163,contradiction
kornli_009468,entailment
kornli_005723,entailment
kornli_018032,entailment
kornli_015457,contradiction
kornli_050192,contradiction
kornli_057601,entailment
kornli_045366,entailment
kornli_048931,entailment
kornli_025280,contradiction
kornli_054235,contradiction
kornli_052780,entailment
kornli_031510,neutral
kornli_043734,entailment
kornli_033702,entailment
kornli_032671,neutral
kornli_019522,entailment
kornli_016721,neutral
kornli_050370,entailment
kornli_034452,neutral
kornli_036238,neutral
kornli_056711,entailment
kornli_041747,neutral
kornli_047268,contradiction
kornli_004820,entailment
kornli_041667,neutral
kornli_034339,entailment
kornli_052847,entailment
kornli_045645,neutral
kornli_004537,contradiction
kornli_045417,entailment
kornli_059425,neutral
kornli_011039,neutral
kornli_053042,neutral
kornli_032445,contradiction
kornli_043922,entailment
kornli_041158,entailment
kornli_022525,neutral
kornli_044289,neutral
kornli_026549,neutral
kornli_034269,entailment
kornli_013479,contradiction
kornli_014196,entailment
kornli_055275,contradiction
kornli_048685,neutral
kornli_021179,contradiction
kornli_053292,entailment
kornli_055522,contradiction
kornli_054437,contradiction
kornli_003204,neutral
kornli_054654,neutral
kornli_018810,neutral
kornli_011354,neutral
kornli_040333,contradiction
kornli_032764,entailment
kornli_052994,entailment
kornli_022760,neutral
kornli_043773,contradiction
kornli_006950,entailment
kornli_049012,contradiction
kornli_033622,contradiction
kornli_021740,neutral
kornli_019069,contradiction
kornli_046608,entailment
kornli_027698,contradiction
kornli_037377,entailment
kornli_054013,contradiction
kornli_027170,contradiction
kornli_022393,entailment
kornli_008808,entailment
kornli_041922,contradiction
kornli_058505,contradiction
kornli_056600,entailment
kornli_051958,contradiction
kornli_031482,contradiction
kornli_036937,contradiction
kornli_000197,neutral
kornli_045354,neutral
kornli_011492,entailment
kornli_037193,neutral
kornli_004580,entailment
kornli_008027,neutral
kornli_047352,entailment
kornli_028636,entailment
kornli_017073,contradiction
kornli_040899,entailment
kornli_028648,contradiction
kornli_008753,contradiction
kornli_024407,entailment
kornli_034114,contradiction
kornli_027557,contradiction
kornli_001046,entailment
kornli_040321,entailment
kornli_026606,entailment
kornli_001261,contradiction
kornli_011070,entailment
kornli_032887,entailment
kornli_053361,neutral
kornli_008601,entailment
kornli_055033,entailment
kornli_023002,entailment
kornli_056047,entailment
kornli_047503,contradiction
kornli_045372,neutral
kornli_051222,neutral
kornli_028902,contradiction
kornli_040710,neutral
kornli_057307,contradiction
kornli_023234,neutral
kornli_006277,contradiction
kornli_049793,contradiction
kornli_000017,entailment
kornli_001639,neutral
kornli_013657,contradiction
kornli_005460,entailment
kornli_019816,neutral
kornli_015080,neutral
kornli_017114,entailment
kornli_056753,entailment
kornli_049817,neutral
kornli_022116,contradiction
kornli_052415,entailment
kornli_043060,contradiction
kornli_047167,neutral
kornli_019241,neutral
kornli_036606,entailment
kornli_016172,entailment
kornli_055458,contradiction
kornli_028815,entailment
kornli_018662,neutral
kornli_003172,entailment
kornli_052898,neutral
kornli_025029,contradiction
kornli_022914,neutral
kornli_002243,neutral
kornli_048462,neutral
kornli_042328,contradiction
kornli_006212,contradiction
kornli_059807,entailment
kornli_042727,neutral
kornli_015935,contradiction
kornli_027430,entailment
kornli_024199,neutral
kornli_053153,contradiction
kornli_051685,entailment
kornli_028520,contradiction
kornli_011339,entailment
kornli_018083,neutral
kornli_030574,contradiction
kornli_031715,entailment
kornli_004965,neutral
kornli_026064,neutral
kornli_033539,entailment
kornli_033949,contradiction
kornli_049835,contradiction
kornli_002991,neutral
kornli_046633,entailment
kornli_056181,neutral
kornli_045340,contradiction
kornli_002900,neutral
kornli_037048,neutral
kornli_046939,contradiction
kornli_050164,neutral
kornli_051152,entailment
kornli_022376,neutral
kornli_005713,contradiction
kornli_040598,contradiction
kornli_051186,contradiction
kornli_030349,entailment
kornli_018915,neutral
kornli_016925,neutral
kornli_003825,entailment
kornli_049299,neutral
kornli_031421,entailment
kornli_031662,contradiction
kornli_049285,neutral
kornli_013653,entailment
kornli_055725,neutral
kornli_044849,neutral
kornli_054418,contradiction
kornli_037920,contradiction
kornli_021192,entailment
kornli_056183,neutral
kornli_047809,neutral
kornli_004302,contradiction
kornli_056194,contradiction
kornli_004355,entailment
kornli_027384,contradiction
kornli_049137,neutral
kornli_018978,contradiction
kornli_029526,contradiction
kornli_037698,neutral
kornli_058299,entailment
kornli_058221,entailment
kornli_055055,contradiction
kornli_012613,neutral
kornli_047681,neutral
kornli_046508,neutral
kornli_041888,neutral
kornli_023753,entailment
kornli_003713,contradiction
kornli_024255,contradiction
kornli_012357,neutral
kornli_054573,neutral
kornli_018525,entailment
kornli_047492,contradiction
kornli_023416,entailment
kornli_003220,neutral
kornli_007603,contradiction
kornli_032038,neutral
kornli_015449,contradiction
kornli_043251,entailment
kornli_040642,entailment
kornli_056322,entailment
kornli_002837,neutral
kornli_012807,entailment
kornli_015705,contradiction
kornli_000999,entailment
kornli_026006,neutral
kornli_010929,neutral
kornli_004019,entailment
kornli_002453,neutral
kornli_035462,entailment
kornli_053940,neutral
kornli_052893,entailment
kornli_028189,neutral
kornli_032010,contradiction
kornli_018487,neutral
kornli_034255,entailment
kornli_016578,contradiction
kornli_042406,neutral
kornli_043670,entailment
kornli_003867,neutral
kornli_039399,entailment
kornli_052742,neutral
kornli_005726,entailment
kornli_033701,contradiction
kornli_027563,contradiction
kornli_001640,entailment
kornli_031088,contradiction
kornli_017747,entailment
kornli_018115,entailment
kornli_004921,contradiction
kornli_032816,entailment
kornli_051557,contradiction
kornli_047304,contradiction
kornli_042173,contradiction
kornli_052322,contradiction
kornli_046960,entailment
kornli_011326,neutral
kornli_053335,entailment
kornli_017503,entailment
kornli_030861,neutral
kornli_050585,entailment
kornli_005878,neutral
kornli_033140,neutral
kornli_052692,contradiction
kornli_042164,neutral
kornli_023124,contradiction
kornli_027796,contradiction
kornli_027935,neutral
kornli_052439,neutral
kornli_034069,entailment
kornli_037363,entailment
kornli_048635,entailment
kornli_034580,contradiction
kornli_040565,entailment
kornli_051329,entailment
kornli_047361,neutral
kornli_003263,neutral
kornli_013435,neutral
kornli_052681,contradiction
kornli_059300,entailment
kornli_031773,neutral
kornli_054896,contradiction
kornli_037469,contradiction
kornli_056328,entailment
kornli_034182,entailment
kornli_001041,entailment
kornli_043853,entailment
kornli_016496,entailment
kornli_035365,contradiction
kornli_028186,entailment
kornli_022063,contradiction
kornli_030684,contradiction
kornli_045873,neutral
kornli_020047,neutral
kornli_045747,entailment
kornli_012517,neutral
kornli_041516,neutral
kornli_041573,contradiction
kornli_005915,contradiction
kornli_031205,entailment
kornli_032145,contradiction
kornli_059467,entailment
kornli_058729,neutral
kornli_040297,neutral
kornli_031994,entailment
kornli_032073,entailment
kornli_032263,entailment
kornli_040954,contradiction
kornli_014526,contradiction
kornli_016119,contradiction
kornli_049521,entailment
kornli_013228,neutral
kornli_047248,contradiction
kornli_028171,contradiction
kornli_044611,neutral
kornli_001707,neutral
kornli_026776,entailment
kornli_003045,entailment
kornli_045775,entailment
kornli_022065,contradiction
kornli_006955,contradiction
kornli_028197,entailment
kornli_027088,neutral
kornli_005893,neutral
kornli_004559,contradiction
kornli_015769,entailment
kornli_049283,entailment
kornli_045987,neutral
kornli_056349,entailment
kornli_055571,entailment
kornli_050669,contradiction
kornli_018012,neutral
kornli_053907,contradiction
kornli_035237,neutral
kornli_015440,neutral
kornli_039597,contradiction
kornli_015019,contradiction
kornli_053348,neutral
kornli_007961,entailment
kornli_003435,entailment
kornli_005908,entailment
kornli_014980,neutral
kornli_027016,contradiction
kornli_007159,entailment
kornli_012508,entailment
kornli_020647,neutral
kornli_029098,neutral
kornli_012908,entailment
kornli_050100,neutral
kornli_036682,neutral
kornli_003812,neutral
kornli_043736,neutral
kornli_027834,entailment
kornli_020230,neutral
kornli_014971,contradiction
kornli_029349,neutral
kornli_049715,entailment
kornli_037843,neutral
kornli_037309,contradiction
kornli_049024,contradiction
kornli_034289,contradiction
kornli_047264,neutral
kornli_055554,contradiction
kornli_050423,neutral
kornli_056544,entailment
kornli_044828,neutral
kornli_034149,neutral
kornli_030633,neutral
kornli_030004,contradiction
kornli_021951,contradiction
kornli_027610,entailment
kornli_019127,neutral
kornli_016589,entailment
kornli_031557,contradiction
kornli_004129,contradiction
kornli_013003,contradiction
kornli_038001,neutral
kornli_004421,contradiction
kornli_059482,neutral
kornli_022426,contradiction
kornli_011297,neutral
kornli_055978,contradiction
kornli_027771,contradiction
kornli_023572,contradiction
kornli_026958,neutral
kornli_014006,contradiction
kornli_031464,contradiction
kornli_030147,contradiction
kornli_050545,neutral
kornli_037532,contradiction
kornli_014058,entailment
kornli_018881,neutral
kornli_029575,contradiction
kornli_055798,neutral
kornli_026188,neutral
kornli_051253,neutral
kornli_020941,neutral
kornli_018224,neutral
kornli_018367,entailment
kornli_027788,entailment
kornli_015832,entailment
kornli_011505,neutral
kornli_003400,neutral
kornli_029931,entailment
kornli_030557,entailment
kornli_049859,neutral
kornli_055517,entailment
kornli_055530,contradiction
kornli_025989,neutral
kornli_034643,contradiction
kornli_053347,neutral
kornli_057556,entailment
kornli_006055,entailment
kornli_032460,neutral
kornli_039410,neutral
kornli_036294,contradiction
kornli_025504,neutral
kornli_017605,neutral
kornli_023443,entailment
kornli_017103,contradiction
kornli_034435,contradiction
kornli_053660,contradiction
kornli_059076,entailment
kornli_056960,contradiction
kornli_031666,neutral
kornli_012588,contradiction
kornli_004817,contradiction
kornli_037184,entailment
kornli_031208,contradiction
kornli_034495,contradiction
kornli_026488,neutral
kornli_039694,neutral
kornli_046841,neutral
kornli_047664,entailment
kornli_027983,neutral
kornli_040643,neutral
kornli_023372,entailment
kornli_002938,contradiction
kornli_012656,neutral
kornli_047013,neutral
kornli_043522,neutral
kornli_021530,entailment
kornli_012622,contradiction
kornli_004553,neutral
kornli_021151,neutral
kornli_012148,contradiction
kornli_018013,contradiction
kornli_007900,neutral
kornli_050700,entailment
kornli_011230,neutral
kornli_001422,contradiction
kornli_059313,neutral
kornli_019651,neutral
kornli_020556,neutral
kornli_021302,neutral
kornli_051782,neutral
kornli_027687,entailment
kornli_053542,neutral
kornli_047003,neutral
kornli_023180,contradiction
kornli_025949,neutral
kornli_042618,neutral
kornli_006060,entailment
kornli_018838,contradiction
kornli_039050,entailment
kornli_004871,entailment
kornli_016573,entailment
kornli_056354,entailment
kornli_013746,neutral
kornli_046128,contradiction
kornli_057392,contradiction
kornli_056939,neutral
kornli_033895,neutral
kornli_058356,contradiction
kornli_021579,entailment
kornli_017135,entailment
kornli_008172,neutral
kornli_049379,neutral
kornli_042092,contradiction
kornli_052009,contradiction
kornli_028929,neutral
kornli_015611,contradiction
kornli_020902,neutral
kornli_025776,entailment
kornli_034823,neutral
kornli_019851,contradiction
kornli_000424,contradiction
kornli_013341,entailment
kornli_059782,contradiction
kornli_034368,neutral
kornli_004896,entailment
kornli_010235,neutral
kornli_028824,neutral
kornli_042123,entailment
kornli_001543,neutral
kornli_043071,neutral
kornli_050917,contradiction
kornli_024947,contradiction
kornli_052231,contradiction
kornli_043112,neutral
kornli_027817,neutral
kornli_010450,entailment
kornli_011262,entailment
kornli_047538,neutral
kornli_057362,entailment
kornli_018519,contradiction
kornli_036453,contradiction
kornli_059163,entailment
kornli_056316,neutral
kornli_030840,neutral
kornli_016059,contradiction
kornli_057721,entailment
kornli_034595,neutral
kornli_015305,neutral
kornli_024761,entailment
kornli_018293,neutral
kornli_053655,entailment
kornli_057463,entailment
kornli_022205,contradiction
kornli_007564,entailment
kornli_052466,entailment
kornli_030271,entailment
kornli_013915,contradiction
kornli_033198,entailment
kornli_005418,neutral
kornli_011372,neutral
kornli_040449,neutral
kornli_031485,neutral
kornli_021634,entailment
kornli_021378,entailment
kornli_049498,contradiction
kornli_033889,neutral
kornli_019042,contradiction
kornli_049006,neutral
kornli_029091,entailment
kornli_045312,contradiction
kornli_017039,contradiction
kornli_056901,entailment
kornli_036281,entailment
kornli_002860,neutral
kornli_005236,contradiction
kornli_002484,entailment
kornli_047340,entailment
kornli_049853,contradiction
kornli_055401,contradiction
kornli_048708,entailment
kornli_029893,neutral
kornli_010855,neutral
kornli_035852,neutral
kornli_010203,entailment
kornli_050834,contradiction
kornli_031320,entailment
kornli_000281,neutral
kornli_034436,contradiction
kornli_005774,neutral
kornli_009149,entailment
kornli_058248,neutral
kornli_041120,neutral
kornli_025384,contradiction
kornli_027160,neutral
kornli_014067,neutral
kornli_049142,entailment
kornli_047971,entailment
kornli_055915,entailment
kornli_013023,entailment
kornli_058699,entailment
kornli_003349,neutral
kornli_032256,neutral
kornli_037654,neutral
kornli_007648,contradiction
kornli_042734,entailment
kornli_035022,entailment
kornli_008462,neutral
kornli_052005,entailment
kornli_048157,contradiction
kornli_036933,entailment
kornli_043066,neutral
kornli_053368,neutral
kornli_050041,entailment
kornli_057225,neutral
kornli_016530,neutral
kornli_047589,contradiction
kornli_011422,neutral
kornli_055223,neutral
kornli_002808,contradiction
kornli_015993,entailment
kornli_002550,entailment
kornli_058117,entailment
kornli_011880,contradiction
kornli_029581,neutral
kornli_051479,entailment
kornli_028086,neutral
kornli_037491,contradiction
kornli_028586,entailment
kornli_053359,contradiction
kornli_055753,neutral
kornli_028454,entailment
kornli_032693,neutral
kornli_001979,contradiction
kornli_015914,neutral
kornli_029884,entailment
kornli_056587,neutral
kornli_024704,contradiction
kornli_009964,entailment
kornli_028874,entailment
kornli_041422,entailment
kornli_033571,contradiction
kornli_031952,contradiction
kornli_018034,contradiction
kornli_010413,entailment
kornli_016757,entailment
kornli_007365,neutral
kornli_030827,entailment
kornli_042704,neutral
kornli_054817,neutral
kornli_011598,entailment
kornli_019170,entailment
kornli_055657,neutral
kornli_051419,neutral
kornli_032441,entailment
kornli_012646,neutral
kornli_041831,contradiction
kornli_001088,contradiction
kornli_050027,neutral
kornli_017021,contradiction
kornli_026451,entailment
kornli_047559,contradiction
kornli_006033,neutral
kornli_028536,neutral
kornli_038056,neutral
kornli_003724,contradiction
kornli_033238,contradiction
kornli_044666,neutral
kornli_018457,contradiction
kornli_012991,entailment
kornli_049926,contradiction
kornli_023200,contradiction
kornli_014967,contradiction
kornli_003969,contradiction
kornli_041808,entailment
kornli_039312,neutral
kornli_031106,neutral
kornli_046220,entailment
kornli_036658,entailment
kornli_042312,neutral
kornli_015315,neutral
kornli_024733,contradiction
kornli_012418,neutral
kornli_052082,contradiction
kornli_029746,contradiction
kornli_000266,neutral
kornli_022408,neutral
kornli_048571,neutral
kornli_000594,neutral
kornli_033954,entailment
kornli_019564,neutral
kornli_037935,contradiction
kornli_048182,contradiction
kornli_059383,entailment
kornli_057393,neutral
kornli_020252,neutral
kornli_009507,neutral
kornli_034250,entailment
kornli_018652,neutral
kornli_011804,contradiction
kornli_045287,entailment
kornli_031950,contradiction
kornli_000528,entailment
kornli_052830,entailment
kornli_010449,contradiction
kornli_041338,neutral
kornli_034096,contradiction
kornli_039741,neutral
kornli_020405,neutral
kornli_042658,neutral
kornli_006769,neutral
kornli_027252,neutral
kornli_023423,neutral
kornli_052046,contradiction
kornli_036611,entailment
kornli_006684,neutral
kornli_016932,entailment
kornli_033971,neutral
kornli_004439,neutral
kornli_031924,neutral
kornli_024264,neutral
kornli_011517,contradiction
kornli_050980,entailment
kornli_055486,contradiction
kornli_016923,entailment
kornli_055242,entailment
kornli_049200,neutral
kornli_003698,contradiction
kornli_027667,entailment
kornli_009859,entailment
kornli_037015,contradiction
kornli_004789,contradiction
kornli_007298,entailment
kornli_058406,neutral
kornli_010125,contradiction
kornli_018328,contradiction
kornli_058523,entailment
kornli_010199,contradiction
kornli_050691,neutral
kornli_053795,contradiction
kornli_042563,contradiction
kornli_008147,neutral
kornli_036377,contradiction
kornli_029846,entailment
kornli_051773,contradiction
kornli_005457,contradiction
kornli_004685,neutral
kornli_039661,entailment
kornli_021070,neutral
kornli_040894,neutral
kornli_031412,contradiction
kornli_011826,contradiction
kornli_036267,contradiction
kornli_014916,contradiction
kornli_022788,neutral
kornli_006900,neutral
kornli_045570,entailment
kornli_021605,contradiction
kornli_045780,neutral
kornli_014017,entailment
kornli_012016,contradiction
kornli_008442,neutral
kornli_040292,neutral
kornli_007193,contradiction
kornli_006210,neutral
kornli_037096,entailment
kornli_017555,entailment
kornli_049284,neutral
kornli_001733,entailment
kornli_059905,entailment
kornli_023216,contradiction
kornli_010950,contradiction
kornli_023811,entailment
kornli_025390,entailment
kornli_014039,entailment
kornli_045627,neutral
kornli_047331,contradiction
kornli_043379,entailment
kornli_055698,neutral
kornli_019789,entailment
kornli_045401,entailment
kornli_044095,entailment
kornli_031366,entailment
kornli_003055,contradiction
kornli_005961,entailment
kornli_000123,entailment
kornli_009787,entailment
kornli_008416,entailment
kornli_004000,entailment
kornli_035740,contradiction
kornli_007295,entailment
kornli_034652,contradiction
kornli_001798,neutral
kornli_051039,contradiction
kornli_015795,neutral
kornli_034896,contradiction
kornli_025307,neutral
kornli_006201,neutral
kornli_037960,contradiction
kornli_059599,neutral
kornli_002700,neutral
kornli_040691,neutral
kornli_048009,entailment
kornli_000713,entailment
kornli_021106,contradiction
kornli_043755,contradiction
kornli_055804,contradiction
kornli_015634,contradiction
kornli_011272,contradiction
kornli_032735,neutral
kornli_030690,entailment
kornli_037273,contradiction
kornli_015123,entailment
kornli_036667,contradiction
kornli_021607,neutral
kornli_001158,neutral
kornli_018149,neutral
kornli_051146,neutral
kornli_018910,entailment
kornli_037871,neutral
kornli_018905,contradiction
kornli_024673,entailment
kornli_019185,entailment
kornli_029471,neutral
kornli_050886,contradiction
kornli_030089,entailment
kornli_035964,neutral
kornli_057558,entailment
kornli_039153,entailment
kornli_020271,contradiction
kornli_042984,neutral
kornli_001723,entailment
kornli_036765,entailment
kornli_034164,contradiction
kornli_018383,neutral
kornli_038831,entailment
kornli_039641,neutral
kornli_040391,contradiction
kornli_053554,contradiction
kornli_011621,entailment
kornli_059784,entailment
kornli_057747,neutral
kornli_004504,entailment
kornli_059770,contradiction
kornli_001838,contradiction
kornli_030974,contradiction
kornli_059375,neutral
kornli_052481,contradiction
kornli_058969,neutral
kornli_044495,entailment
kornli_011198,neutral
kornli_045617,neutral
kornli_054538,contradiction
kornli_031135,contradiction
kornli_026375,entailment
kornli_043866,neutral
kornli_006990,entailment
kornli_052765,neutral
kornli_046720,contradiction
kornli_008019,entailment
kornli_016793,neutral
kornli_057662,contradiction
kornli_023524,entailment
kornli_006960,entailment
kornli_023328,contradiction
kornli_019139,entailment
kornli_027208,entailment
kornli_004838,entailment
kornli_010926,neutral
kornli_048589,entailment
kornli_021128,contradiction
kornli_058502,contradiction
kornli_023217,entailment
kornli_040737,entailment
kornli_038529,neutral
kornli_007590,entailment
kornli_013267,neutral
kornli_054818,contradiction
kornli_026681,entailment
kornli_028722,contradiction
kornli_045281,neutral
kornli_036106,entailment
kornli_045606,neutral
kornli_007724,neutral
kornli_006420,contradiction
kornli_047698,entailment
kornli_003925,neutral
kornli_014591,entailment
kornli_018447,neutral
kornli_030530,contradiction
kornli_015342,neutral
kornli_014042,neutral
kornli_007942,entailment
kornli_012042,contradiction
kornli_031869,neutral
kornli_013908,entailment
kornli_001778,entailment
kornli_034863,entailment
kornli_054329,entailment
kornli_045712,neutral
kornli_000193,neutral
kornli_048868,entailment
kornli_016420,contradiction
kornli_003622,entailment
kornli_038087,neutral
kornli_015243,neutral
kornli_014475,entailment
kornli_005463,contradiction
kornli_049515,contradiction
kornli_050207,contradiction
kornli_046852,neutral
kornli_059537,neutral
kornli_040668,entailment
kornli_012568,neutral
kornli_058761,contradiction
kornli_057587,contradiction
kornli_044238,contradiction
kornli_000697,contradiction
kornli_035996,neutral
kornli_032876,neutral
kornli_006911,entailment
kornli_022660,contradiction
kornli_040241,contradiction
kornli_029638,entailment
kornli_010504,neutral
kornli_036466,entailment
kornli_001762,neutral
kornli_024630,entailment
kornli_046180,contradiction
kornli_027607,entailment
kornli_049338,contradiction
kornli_005859,neutral
kornli_050707,contradiction
kornli_027411,contradiction
kornli_030847,contradiction
kornli_055075,entailment
kornli_010143,contradiction
kornli_015210,entailment
kornli_007177,entailment
kornli_043535,neutral
kornli_013673,entailment
kornli_011672,entailment
kornli_027760,neutral
kornli_044768,entailment
kornli_000195,entailment
kornli_037746,neutral
kornli_026391,neutral
kornli_025001,entailment
kornli_027279,neutral
kornli_008611,neutral
kornli_012174,neutral
kornli_059181,neutral
kornli_058789,entailment
kornli_021869,entailment
kornli_031470,entailment
kornli_022178,neutral
kornli_006251,contradiction
kornli_042080,neutral
kornli_052743,neutral
kornli_034606,contradiction
kornli_017299,entailment
kornli_036813,entailment
kornli_030529,entailment
kornli_043508,contradiction
kornli_004485,neutral
kornli_050380,contradiction
kornli_021213,neutral
kornli_033019,neutral
kornli_012160,entailment
kornli_044591,contradiction
kornli_048239,neutral
kornli_000699,neutral
kornli_059688,entailment
kornli_016001,neutral
kornli_018100,neutral
kornli_054407,entailment
kornli_009165,entailment
kornli_045722,entailment
kornli_005332,neutral
kornli_043052,neutral
kornli_033471,neutral
kornli_048518,entailment
kornli_027652,neutral
kornli_019459,contradiction
kornli_009621,contradiction
kornli_036456,neutral
kornli_040791,neutral
kornli_021898,neutral
kornli_012799,neutral
kornli_015085,entailment
kornli_057390,contradiction
kornli_025739,neutral
kornli_044035,neutral
kornli_003816,entailment
kornli_043278,contradiction
kornli_041184,neutral
kornli_045346,entailment
kornli_027096,contradiction
kornli_001875,entailment
kornli_036975,entailment
kornli_004809,contradiction
kornli_040108,entailment
kornli_013524,neutral
kornli_050658,entailment
kornli_004194,neutral
kornli_058131,entailment
kornli_055557,contradiction
kornli_034313,contradiction
kornli_028181,neutral
kornli_017317,contradiction
kornli_059358,neutral
kornli_021170,neutral
kornli_058270,contradiction
kornli_013580,neutral
kornli_049109,entailment
kornli_059269,entailment
kornli_005668,contradiction
kornli_058350,entailment
kornli_043451,neutral
kornli_018771,entailment
kornli_043102,neutral
kornli_028814,neutral
kornli_008214,neutral
kornli_045820,neutral
kornli_057787,neutral
kornli_049942,neutral
kornli_006067,neutral
kornli_016617,neutral
kornli_029499,contradiction
kornli_014380,contradiction
kornli_019884,neutral
kornli_037238,neutral
kornli_037823,entailment
kornli_012046,neutral
kornli_007415,entailment
kornli_017718,neutral
kornli_040003,neutral
kornli_058212,contradiction
kornli_055909,entailment
kornli_002523,entailment
kornli_034804,entailment
kornli_059215,contradiction
kornli_051482,contradiction
kornli_058242,entailment
kornli_023698,neutral
kornli_056645,contradiction
kornli_028740,entailment
kornli_039002,entailment
kornli_048587,contradiction
kornli_033087,neutral
kornli_004357,entailment
kornli_044974,entailment
kornli_017108,contradiction
kornli_050438,neutral
kornli_002635,entailment
kornli_029763,contradiction
kornli_006010,entailment
kornli_046527,entailment
kornli_005366,entailment
kornli_019490,neutral
kornli_041395,neutral
kornli_047857,neutral
kornli_050152,neutral
kornli_025317,entailment
kornli_027676,entailment
kornli_059873,neutral
kornli_023309,neutral
kornli_037369,entailment
kornli_016051,entailment
kornli_025207,contradiction
kornli_016038,neutral
kornli_033154,neutral
kornli_039396,contradiction
kornli_045171,neutral
kornli_045421,entailment
kornli_027470,neutral
kornli_049706,neutral
kornli_054480,neutral
kornli_038061,entailment
kornli_000990,contradiction
kornli_036418,contradiction
kornli_039418,neutral
kornli_017910,contradiction
kornli_059168,neutral
kornli_001888,neutral
kornli_015782,contradiction
kornli_058148,contradiction
kornli_052509,neutral
kornli_017486,contradiction
kornli_014188,neutral
kornli_057069,entailment
kornli_046603,neutral
kornli_051161,contradiction
kornli_005923,contradiction
kornli_041649,contradiction
kornli_014895,neutral
kornli_007557,entailment
kornli_037912,contradiction
kornli_003411,entailment
kornli_053666,neutral
kornli_008527,contradiction
kornli_023945,entailment
kornli_019228,contradiction
kornli_008116,entailment
kornli_051483,entailment
kornli_012497,neutral
kornli_006184,neutral
kornli_016879,neutral
kornli_045791,entailment
kornli_007235,contradiction
kornli_056226,neutral
kornli_045226,contradiction
kornli_057866,contradiction
kornli_001841,contradiction
kornli_052186,entailment
kornli_019920,entailment
kornli_009300,entailment
kornli_035432,entailment
kornli_014283,contradiction
kornli_001958,entailment
kornli_052622,neutral
kornli_012557,contradiction
kornli_048282,contradiction
kornli_005895,contradiction
kornli_013504,neutral
kornli_033221,entailment
kornli_016456,neutral
kornli_048961,entailment
kornli_035905,contradiction
kornli_017161,neutral
kornli_053493,contradiction
kornli_019902,contradiction
kornli_004794,contradiction
kornli_031449,entailment
kornli_019351,contradiction
kornli_012733,neutral
kornli_050227,contradiction
kornli_057478,contradiction
kornli_013983,neutral
kornli_041987,contradiction
kornli_004422,neutral
kornli_051112,neutral
kornli_058044,contradiction
kornli_057306,contradiction
kornli_042990,neutral
kornli_015451,neutral
kornli_027028,contradiction
kornli_047580,neutral
kornli_000499,contradiction
kornli_024975,entailment
kornli_035790,neutral
kornli_043165,contradiction
kornli_037010,neutral
kornli_022387,contradiction
kornli_046767,contradiction
kornli_010075,neutral
kornli_014436,neutral
kornli_016354,entailment
kornli_050525,entailment
kornli_051314,entailment
kornli_054062,entailment
kornli_045379,contradiction
kornli_042843,neutral
kornli_006489,entailment
kornli_050443,neutral
kornli_034654,contradiction
kornli_030789,entailment
kornli_008437,entailment
kornli_003601,entailment
kornli_008705,contradiction
kornli_052528,contradiction
kornli_002813,contradiction
kornli_051123,neutral
kornli_041231,contradiction
kornli_036868,neutral
kornli_016473,entailment
kornli_023383,neutral
kornli_046571,neutral
kornli_003303,neutral
kornli_038128,neutral
kornli_020270,neutral
kornli_008834,neutral
kornli_007972,entailment
kornli_050206,neutral
kornli_009311,neutral
kornli_002339,neutral
kornli_040370,entailment
kornli_017015,entailment
kornli_000634,contradiction
kornli_008179,contradiction
kornli_022871,entailment
kornli_031064,entailment
kornli_021851,entailment
kornli_053212,entailment
kornli_003390,neutral
kornli_044740,neutral
kornli_041072,entailment
kornli_041331,entailment
kornli_022298,neutral
kornli_031247,contradiction
kornli_035136,neutral
kornli_024444,entailment
kornli_059149,entailment
kornli_037849,entailment
kornli_032212,neutral
kornli_015192,contradiction
kornli_024717,neutral
kornli_022196,entailment
kornli_019890,entailment
kornli_033214,entailment
kornli_059223,entailment
kornli_012657,contradiction
kornli_026247,contradiction
kornli_000822,entailment
kornli_013919,entailment
kornli_025617,entailment
kornli_022864,entailment
kornli_032997,contradiction
kornli_033764,contradiction
kornli_001593,contradiction
kornli_032538,contradiction
kornli_056361,neutral
kornli_027988,entailment
kornli_050742,entailment
kornli_007324,entailment
kornli_021532,entailment
kornli_054803,neutral
kornli_049421,neutral
kornli_046536,entailment
kornli_052248,neutral
kornli_033627,neutral
kornli_027093,entailment
kornli_034955,entailment
kornli_052557,entailment
kornli_021733,neutral
kornli_050448,entailment
kornli_020951,neutral
kornli_055784,entailment
kornli_032371,entailment
kornli_055547,entailment
kornli_025364,entailment
kornli_000365,contradiction
kornli_041068,neutral
kornli_016139,neutral
kornli_031672,entailment
kornli_016548,contradiction
kornli_003495,contradiction
kornli_010945,entailment
kornli_034305,contradiction
kornli_038907,neutral
kornli_025724,contradiction
kornli_023158,entailment
kornli_050307,neutral
kornli_019531,contradiction
kornli_002491,neutral
kornli_025563,contradiction
kornli_043550,entailment
kornli_045785,entailment
kornli_034659,neutral
kornli_019348,contradiction
kornli_025674,neutral
kornli_043789,entailment
kornli_049343,neutral
kornli_013577,entailment
kornli_019708,entailment
kornli_038720,entailment
kornli_050865,neutral
kornli_019091,entailment
kornli_040990,neutral
kornli_046742,contradiction
kornli_023128,entailment
kornli_038801,contradiction
kornli_038723,neutral
kornli_047057,neutral
kornli_024770,neutral
kornli_042307,entailment
kornli_055440,entailment
kornli_001905,contradiction
kornli_032668,entailment
kornli_035455,neutral
kornli_030031,neutral
kornli_024401,contradiction
kornli_057181,contradiction
kornli_046100,entailment
kornli_028488,contradiction
kornli_013646,entailment
kornli_018271,contradiction
kornli_030441,entailment
kornli_015953,neutral
kornli_001730,entailment
kornli_004029,neutral
kornli_019230,neutral
kornli_053244,entailment
kornli_007883,neutral
kornli_042383,entailment
kornli_051141,entailment
kornli_037396,entailment
kornli_045602,neutral
kornli_010363,contradiction
kornli_022236,neutral
kornli_041460,entailment
kornli_012067,entailment
kornli_030506,neutral
kornli_038826,contradiction
kornli_044950,contradiction
kornli_043602,neutral
kornli_050296,contradiction
kornli_056201,neutral
kornli_010092,entailment
kornli_052152,neutral
kornli_043188,contradiction
kornli_056967,entailment
kornli_016018,neutral
kornli_052335,contradiction
kornli_051849,entailment
kornli_015163,entailment
kornli_038540,neutral
kornli_026233,contradiction
kornli_045920,contradiction
kornli_007350,contradiction
kornli_036188,entailment
kornli_022312,entailment
kornli_002627,entailment
kornli_003962,neutral
kornli_033495,neutral
kornli_047870,contradiction
kornli_011264,neutral
kornli_044441,entailment
kornli_029369,contradiction
kornli_052974,neutral
kornli_035994,entailment
kornli_056488,neutral
kornli_048075,entailment
kornli_008224,entailment
kornli_032247,entailment
kornli_011464,contradiction
kornli_045100,neutral
kornli_052986,neutral
kornli_001846,entailment
kornli_049282,contradiction
kornli_047748,neutral
kornli_040939,entailment
kornli_039291,contradiction
kornli_026463,contradiction
kornli_031302,entailment
kornli_050712,entailment
kornli_049041,neutral
kornli_045381,neutral
kornli_028869,contradiction
kornli_012124,entailment
kornli_020507,entailment
kornli_046761,neutral
kornli_001099,neutral
kornli_027205,contradiction
kornli_018595,contradiction
kornli_054030,contradiction
kornli_053865,entailment
kornli_019921,neutral
kornli_048227,entailment
kornli_026920,entailment
kornli_049100,contradiction
kornli_046332,contradiction
kornli_022795,contradiction
kornli_043141,neutral
kornli_053569,contradiction
kornli_058433,entailment
kornli_001859,contradiction
kornli_045904,neutral
kornli_026844,entailment
kornli_021237,neutral
kornli_029498,entailment
kornli_028861,contradiction
kornli_014501,contradiction
kornli_051033,neutral
kornli_007048,contradiction
kornli_046380,neutral
kornli_039762,neutral
kornli_028756,neutral
kornli_017525,contradiction
kornli_038507,neutral
kornli_056272,neutral
kornli_026470,entailment
kornli_046115,neutral
kornli_059908,neutral
kornli_013375,neutral
kornli_010240,neutral
kornli_029321,contradiction
kornli_027527,entailment
kornli_046620,neutral
kornli_032672,neutral
kornli_020991,entailment
kornli_056278,neutral
kornli_012025,entailment
kornli_019927,entailment
kornli_054139,contradiction
kornli_036190,entailment
kornli_045139,entailment
kornli_021191,entailment
kornli_051361,neutral
kornli_020420,neutral
kornli_038898,neutral
kornli_016954,contradiction
kornli_003201,neutral
kornli_021820,neutral
kornli_048866,entailment
kornli_025719,neutral
kornli_045884,contradiction
kornli_032442,entailment
kornli_043274,entailment
kornli_010789,neutral
kornli_057420,neutral
kornli_035373,neutral
kornli_058081,neutral
kornli_006242,contradiction
kornli_029016,contradiction
kornli_036911,entailment
kornli_053235,contradiction
kornli_028060,neutral
kornli_053324,entailment
kornli_058301,neutral
kornli_031313,entailment
kornli_017185,entailment
kornli_047516,contradiction
kornli_037171,entailment
kornli_020817,entailment
kornli_009718,contradiction
kornli_017793,contradiction
kornli_024705,entailment
kornli_040361,neutral
kornli_018661,neutral
kornli_016535,contradiction
kornli_034769,neutral
kornli_021554,entailment
kornli_048901,neutral
kornli_007412,contradiction
kornli_059143,contradiction
kornli_027443,neutral
kornli_043801,entailment
kornli_013859,entailment
kornli_001999,neutral
kornli_046945,entailment
kornli_049425,neutral
kornli_029670,contradiction
kornli_027664,contradiction
kornli_057070,contradiction
kornli_033475,neutral
kornli_027477,contradiction
kornli_028216,neutral
kornli_008414,contradiction
kornli_037094,entailment
kornli_036955,neutral
kornli_024461,entailment
kornli_045893,neutral
kornli_031369,neutral
kornli_058670,contradiction
kornli_050037,entailment
kornli_027846,contradiction
kornli_014115,contradiction
kornli_053089,neutral
kornli_010675,neutral
kornli_044051,neutral
kornli_011009,contradiction
kornli_056198,neutral
kornli_029366,neutral
kornli_019088,neutral
kornli_008053,contradiction
kornli_020524,entailment
kornli_036139,neutral
kornli_051296,entailment
kornli_017000,contradiction
kornli_034602,neutral
kornli_005521,entailment
kornli_057302,entailment
kornli_028614,entailment
kornli_006905,entailment
kornli_022177,entailment
kornli_050729,entailment
kornli_055394,neutral
kornli_008629,entailment
kornli_022811,contradiction
kornli_046194,entailment
kornli_031806,entailment
kornli_011597,contradiction
kornli_007196,neutral
kornli_059974,entailment
kornli_055328,neutral
kornli_013183,entailment
kornli_044069,entailment
kornli_041022,entailment
kornli_032915,neutral
kornli_052781,neutral
kornli_025587,entailment
kornli_055512,entailment
kornli_020963,entailment
kornli_021993,neutral
kornli_044871,entailment
kornli_005234,neutral
kornli_058325,contradiction
kornli_051879,contradiction
kornli_053919,entailment
kornli_056188,neutral
kornli_029600,neutral
kornli_050868,contradiction
kornli_009455,neutral
kornli_053677,neutral
kornli_019405,neutral
kornli_013537,neutral
kornli_046131,neutral
kornli_022213,neutral
kornli_011527,entailment
kornli_009768,neutral
kornli_017340,entailment
kornli_010368,entailment
kornli_017781,contradiction
kornli_002565,contradiction
kornli_033552,contradiction
kornli_006836,entailment
kornli_034585,entailment
kornli_030675,contradiction
kornli_043717,entailment
kornli_033502,neutral
kornli_039056,entailment
kornli_057132,contradiction
kornli_003043,entailment
kornli_052214,neutral
kornli_005309,neutral
kornli_014744,entailment
kornli_019489,contradiction
kornli_031260,neutral
kornli_050745,entailment
kornli_027487,contradiction
kornli_058271,contradiction
kornli_050941,entailment
kornli_021201,entailment
kornli_038391,neutral
kornli_024898,neutral
kornli_022882,contradiction
kornli_018540,contradiction
kornli_016679,neutral
kornli_046303,contradiction
kornli_053068,neutral
kornli_020096,neutral
kornli_003272,contradiction
kornli_049390,neutral
kornli_020078,contradiction
kornli_001808,entailment
kornli_056855,contradiction
kornli_040116,neutral
kornli_023409,entailment
kornli_059519,neutral
kornli_058494,contradiction
kornli_029880,neutral
kornli_021723,neutral
kornli_047528,neutral
kornli_025894,neutral
kornli_058513,neutral
kornli_029773,entailment
kornli_046412,entailment
kornli_006881,entailment
kornli_012233,entailment
kornli_002322,contradiction
kornli_036261,contradiction
kornli_033098,neutral
kornli_004146,contradiction
kornli_004425,neutral
kornli_039318,neutral
kornli_007204,neutral
kornli_032734,entailment
kornli_016699,neutral
kornli_031576,contradiction
kornli_004133,entailment
kornli_039073,entailment
kornli_025511,neutral
kornli_016317,neutral
kornli_037683,neutral
kornli_028693,entailment
kornli_008005,entailment
kornli_045250,entailment
kornli_042559,entailment
kornli_020805,entailment
kornli_047354,neutral
kornli_040257,entailment
kornli_032435,contradiction
kornli_057124,contradiction
kornli_058195,contradiction
kornli_004842,neutral
kornli_036668,entailment
kornli_003170,entailment
kornli_024596,contradiction
kornli_012209,entailment
kornli_029219,neutral
kornli_049349,neutral
kornli_027611,entailment
kornli_021000,entailment
kornli_035271,neutral
kornli_042002,neutral
kornli_048154,neutral
kornli_007213,contradiction
kornli_009734,contradiction
kornli_047578,contradiction
kornli_044019,entailment
kornli_035707,entailment
kornli_025054,entailment
kornli_035110,entailment
kornli_044700,neutral
kornli_038774,neutral
kornli_040980,entailment
kornli_057954,entailment
kornli_014872,contradiction
kornli_020698,entailment
kornli_002025,neutral
kornli_020041,neutral
kornli_027567,neutral
kornli_053075,contradiction
kornli_012063,contradiction
kornli_009471,entailment
kornli_039327,neutral
kornli_003219,contradiction
kornli_038354,contradiction
kornli_033773,contradiction
kornli_039350,contradiction
kornli_050788,neutral
kornli_026871,neutral
kornli_011530,entailment
kornli_023340,entailment
kornli_018799,neutral
kornli_034118,entailment
kornli_051428,neutral
kornli_029894,neutral
kornli_036516,entailment
kornli_016843,neutral
kornli_048510,neutral
kornli_017827,contradiction
kornli_016781,neutral
kornli_020898,entailment
kornli_056162,entailment
kornli_033592,entailment
kornli_037737,contradiction
kornli_024481,entailment
kornli_036894,neutral
kornli_021172,contradiction
kornli_053318,entailment
kornli_010868,entailment
kornli_052501,neutral
kornli_014437,entailment
kornli_029627,contradiction
kornli_052045,entailment
kornli_001462,neutral
kornli_013755,contradiction
kornli_033626,contradiction
kornli_026405,contradiction
kornli_049923,entailment
kornli_022583,neutral
kornli_011513,contradiction
kornli_021199,entailment
kornli_043920,neutral
kornli_051997,entailment
kornli_014298,neutral
kornli_023790,entailment
kornli_042255,entailment
kornli_055244,neutral
kornli_017669,entailment
kornli_038575,contradiction
kornli_035349,contradiction
kornli_000049,contradiction
kornli_001671,entailment
kornli_040189,neutral
kornli_030935,entailment
kornli_018180,neutral
kornli_041574,entailment
kornli_002850,neutral
kornli_021462,contradiction
kornli_057853,contradiction
kornli_048777,contradiction
kornli_022635,entailment
kornli_033877,contradiction
kornli_040567,contradiction
kornli_016881,neutral
kornli_034193,entailment
kornli_043924,contradiction
kornli_042402,neutral
kornli_029987,neutral
kornli_011594,entailment
kornli_015754,entailment
kornli_044558,contradiction
kornli_007089,contradiction
kornli_011622,contradiction
kornli_005938,neutral
kornli_048039,entailment
kornli_033944,entailment
kornli_054236,neutral
kornli_015496,entailment
kornli_017141,neutral
kornli_021194,entailment
kornli_030850,neutral
kornli_045472,entailment
kornli_002675,contradiction
kornli_002227,contradiction
kornli_059687,entailment
kornli_018195,neutral
kornli_009213,entailment
kornli_056800,neutral
kornli_001199,entailment
kornli_005196,contradiction
kornli_033716,contradiction
kornli_054009,contradiction
kornli_022799,entailment
kornli_003992,entailment
kornli_024188,entailment
kornli_004968,entailment
kornli_028964,neutral
kornli_030964,contradiction
kornli_053052,neutral
kornli_013530,contradiction
kornli_058661,contradiction
kornli_020815,entailment
kornli_035513,entailment
kornli_011056,neutral
kornli_036945,entailment
kornli_013058,neutral
kornli_044054,neutral
kornli_007934,contradiction
kornli_025613,neutral
kornli_006318,contradiction
kornli_047648,neutral
kornli_022810,neutral
kornli_015970,neutral
kornli_007179,entailment
kornli_045810,contradiction
kornli_018370,neutral
kornli_052812,neutral
kornli_045257,entailment
kornli_017401,neutral
kornli_026492,entailment
kornli_031790,neutral
kornli_024471,entailment
kornli_051810,contradiction
kornli_024269,entailment
kornli_051178,contradiction
kornli_048150,neutral
kornli_058798,neutral
kornli_037706,contradiction
kornli_011915,entailment
kornli_048810,neutral
kornli_042813,contradiction
kornli_051059,neutral
kornli_031804,entailment
kornli_032690,neutral
kornli_039112,neutral
kornli_059728,entailment
kornli_039504,contradiction
kornli_005791,contradiction
kornli_058306,neutral
kornli_006035,contradiction
kornli_019712,neutral
kornli_034335,entailment
kornli_048459,neutral
kornli_020057,entailment
kornli_052332,entailment
kornli_051264,neutral
kornli_040205,entailment
kornli_030398,neutral
kornli_030917,contradiction
kornli_037529,entailment
kornli_021467,contradiction
kornli_028397,neutral
kornli_009155,entailment
kornli_044267,neutral
kornli_003026,neutral
kornli_003637,contradiction
kornli_033216,contradiction
kornli_017123,contradiction
kornli_033201,entailment
kornli_026563,contradiction
kornli_000234,neutral
kornli_020969,neutral
kornli_050991,neutral
kornli_044645,entailment
kornli_056909,contradiction
kornli_059861,neutral
kornli_017422,entailment
kornli_042976,neutral
kornli_031990,entailment
kornli_040820,contradiction
kornli_031001,neutral
kornli_037432,entailment
kornli_013512,entailment
kornli_058829,neutral
kornli_014032,entailment
kornli_052318,neutral
kornli_025807,neutral
kornli_027772,contradiction
kornli_028354,neutral
kornli_037221,contradiction
kornli_048301,contradiction
kornli_054580,neutral
kornli_023105,contradiction
kornli_019411,entailment
kornli_003833,contradiction
kornli_011334,entailment
kornli_018859,neutral
kornli_056345,contradiction
kornli_024238,contradiction
kornli_010364,neutral
kornli_035376,neutral
kornli_047729,contradiction
kornli_024223,entailment
kornli_049865,entailment
kornli_051137,neutral
kornli_022092,neutral
kornli_012351,neutral
kornli_029566,neutral
kornli_037880,entailment
kornli_007977,contradiction
kornli_032646,entailment
kornli_012611,contradiction
kornli_001700,contradiction
kornli_035257,neutral
kornli_040612,entailment
kornli_046365,neutral
kornli_026505,contradiction
kornli_025425,entailment
kornli_020342,contradiction
kornli_045832,contradiction
kornli_021854,contradiction
kornli_036096,neutral
kornli_045124,entailment
kornli_030247,entailment
kornli_007811,entailment
kornli_055339,neutral
kornli_050575,contradiction
kornli_055042,entailment
kornli_036907,contradiction
kornli_023313,entailment
kornli_038272,contradiction
kornli_058957,contradiction
kornli_017192,neutral
kornli_018352,neutral
kornli_017920,neutral
kornli_051426,entailment
kornli_054857,entailment
kornli_037418,neutral
kornli_031377,neutral
kornli_009075,contradiction
kornli_034042,entailment
kornli_056388,neutral
kornli_004189,neutral
kornli_009719,neutral
kornli_013187,entailment
kornli_048300,contradiction
kornli_006839,entailment
kornli_035184,neutral
kornli_007101,neutral
kornli_035447,entailment
kornli_023787,entailment
kornli_038670,entailment
kornli_020069,contradiction
kornli_024421,contradiction
kornli_026213,neutral
kornli_004540,neutral
kornli_001379,neutral
kornli_008444,neutral
kornli_026420,entailment
kornli_019581,neutral
kornli_017080,entailment
kornli_003000,entailment
kornli_033112,neutral
kornli_015352,contradiction
kornli_054145,neutral
kornli_027911,neutral
kornli_042675,contradiction
kornli_035388,contradiction
kornli_059681,neutral
kornli_057399,contradiction
kornli_029782,entailment
kornli_047205,contradiction
kornli_011667,neutral
kornli_050764,neutral
kornli_025872,entailment
kornli_017303,entailment
kornli_040171,neutral
kornli_017824,neutral
kornli_014642,neutral
kornli_056023,contradiction
kornli_051569,entailment
kornli_036914,contradiction
kornli_054777,contradiction
kornli_007022,entailment
kornli_053196,contradiction
kornli_011091,entailment
kornli_036539,entailment
kornli_035537,neutral
kornli_029455,neutral
kornli_024817,neutral
kornli_024455,entailment
kornli_050976,entailment
kornli_051709,neutral
kornli_032149,neutral
kornli_045191,contradiction
kornli_011810,entailment
kornli_021123,contradiction
kornli_054289,contradiction
kornli_018907,neutral
kornli_001871,entailment
kornli_007795,neutral
kornli_050717,entailment
kornli_036199,contradiction
kornli_052613,entailment
kornli_046299,entailment
kornli_049297,entailment
kornli_041174,contradiction
kornli_054010,entailment
kornli_021553,contradiction
kornli_055940,contradiction
kornli_042324,neutral
kornli_003007,contradiction
kornli_035976,entailment
kornli_046493,entailment
kornli_006116,contradiction
kornli_038881,neutral
kornli_036102,contradiction
kornli_045335,entailment
kornli_020838,neutral
kornli_026220,contradiction
kornli_021959,contradiction
kornli_009632,neutral
kornli_033266,neutral
kornli_043438,entailment
kornli_019016,entailment
kornli_030526,contradiction
kornli_028967,entailment
kornli_057164,contradiction
kornli_022546,contradiction
kornli_044033,entailment
kornli_030575,contradiction
kornli_019510,contradiction
kornli_017355,neutral
kornli_046010,entailment
kornli_058971,entailment
kornli_047310,neutral
kornli_051394,entailment
kornli_004350,contradiction
kornli_051070,entailment
kornli_012168,contradiction
kornli_039031,contradiction
kornli_011986,contradiction
kornli_019235,entailment
kornli_051894,entailment
kornli_050759,contradiction
kornli_020363,neutral
kornli_038074,contradiction
kornli_002213,contradiction
kornli_003027,contradiction
kornli_034323,entailment
kornli_028391,neutral
kornli_037061,contradiction
kornli_016908,neutral
kornli_018003,entailment
kornli_048765,entailment
kornli_007988,neutral
kornli_048457,neutral
kornli_011404,neutral
kornli_058540,neutral
kornli_034324,contradiction
kornli_033328,contradiction
kornli_032636,contradiction
kornli_033678,neutral
kornli_035578,neutral
kornli_028663,neutral
kornli_031999,entailment
kornli_052589,contradiction
kornli_033737,neutral
kornli_047797,entailment
kornli_013784,contradiction
kornli_005015,neutral
kornli_027872,entailment
kornli_038862,entailment
kornli_013280,entailment
kornli_017931,contradiction
kornli_009817,contradiction
kornli_023891,entailment
kornli_024621,entailment
kornli_053233,entailment
kornli_030069,neutral
kornli_031306,contradiction
kornli_014030,contradiction
kornli_018976,contradiction
kornli_025102,entailment
kornli_041643,entailment
kornli_025026,neutral
kornli_020462,entailment
kornli_013246,contradiction
kornli_013952,contradiction
kornli_020235,entailment
kornli_025907,contradiction
kornli_034074,contradiction
kornli_022484,entailment
kornli_054479,contradiction
kornli_003770,contradiction
kornli_008284,neutral
kornli_040773,contradiction
kornli_004312,contradiction
kornli_045383,neutral
kornli_017961,neutral
kornli_048117,neutral
kornli_007910,entailment
kornli_021408,entailment
kornli_040720,neutral
kornli_026218,entailment
kornli_030622,entailment
kornli_044549,neutral
kornli_043756,entailment
kornli_033138,entailment
kornli_053617,neutral
kornli_022187,entailment
kornli_012728,contradiction
kornli_024112,neutral
kornli_047897,contradiction
kornli_019957,contradiction
kornli_054058,entailment
kornli_044824,entailment
kornli_023067,neutral
kornli_029399,entailment
kornli_009025,contradiction
kornli_049999,neutral
kornli_003625,entailment
kornli_031354,contradiction
kornli_039988,neutral
kornli_002340,neutral
kornli_013440,contradiction
kornli_050210,neutral
kornli_023126,contradiction
kornli_033670,entailment
kornli_055971,entailment
kornli_033554,neutral
kornli_013625,neutral
kornli_017201,contradiction
kornli_010780,contradiction
kornli_018188,entailment
kornli_059041,contradiction
kornli_021096,entailment
kornli_012810,contradiction
kornli_049557,contradiction
kornli_057855,entailment
kornli_025295,contradiction
kornli_015033,neutral
kornli_015519,neutral
kornli_001889,entailment
kornli_017351,contradiction
kornli_034104,entailment
kornli_004148,entailment
kornli_049709,entailment
kornli_007373,contradiction
kornli_033611,entailment
kornli_007414,contradiction
kornli_059058,neutral
kornli_025829,entailment
kornli_035510,entailment
kornli_016327,contradiction
kornli_025351,neutral
kornli_007635,entailment
kornli_018424,entailment
kornli_046097,contradiction
kornli_005394,contradiction
kornli_000385,neutral
kornli_046043,entailment
kornli_035168,contradiction
kornli_013463,entailment
kornli_021435,neutral
kornli_006030,entailment
kornli_010620,neutral
kornli_007366,neutral
kornli_020338,contradiction
kornli_015620,contradiction
kornli_028137,entailment
kornli_009230,entailment
kornli_016820,entailment
kornli_057299,contradiction
kornli_032525,entailment
kornli_054941,contradiction
kornli_011231,entailment
kornli_004134,contradiction
kornli_054165,entailment
kornli_049185,entailment
kornli_012839,entailment
kornli_038407,contradiction
kornli_028489,entailment
kornli_050093,neutral
kornli_038125,contradiction
kornli_018590,entailment
kornli_044804,contradiction
kornli_027804,contradiction
kornli_021953,entailment
kornli_022224,contradiction
kornli_027519,contradiction
kornli_010104,entailment
kornli_001535,contradiction
kornli_041727,neutral
kornli_059767,neutral
kornli_026402,entailment
kornli_043348,contradiction
kornli_007339,neutral
kornli_035773,entailment
kornli_034832,entailment
kornli_013152,contradiction
kornli_028255,contradiction
kornli_055751,entailment
kornli_040711,entailment
kornli_040322,entailment
kornli_057428,entailment
kornli_037401,entailment
kornli_034504,entailment
kornli_044972,entailment
kornli_000295,neutral
kornli_040466,entailment
kornli_026949,entailment
kornli_030365,entailment
kornli_039205,entailment
kornli_052699,contradiction
kornli_021758,neutral
kornli_027399,entailment
kornli_020811,contradiction
kornli_007185,neutral
kornli_030190,neutral
kornli_018459,contradiction
kornli_047240,contradiction
kornli_047016,neutral
kornli_007530,entailment
kornli_008602,entailment
kornli_003986,contradiction
kornli_046870,entailment
kornli_035899,neutral
kornli_000638,contradiction
kornli_048862,neutral
kornli_042185,entailment
kornli_055291,neutral
kornli_054024,contradiction
kornli_029852,entailment
kornli_041934,contradiction
kornli_010428,entailment
kornli_007145,entailment
kornli_058623,neutral
kornli_040638,neutral
kornli_039758,neutral
kornli_041780,neutral
kornli_029967,contradiction
kornli_054000,neutral
kornli_025049,entailment
kornli_042914,entailment
kornli_037228,entailment
kornli_036601,contradiction
kornli_030454,neutral
kornli_053766,entailment
kornli_034760,entailment
kornli_027385,contradiction
kornli_037769,entailment
kornli_027598,neutral
kornli_049370,contradiction
kornli_039735,entailment
kornli_029112,contradiction
kornli_018746,neutral
kornli_026643,contradiction
kornli_013752,entailment
kornli_005130,entailment
kornli_030559,entailment
kornli_001025,contradiction
kornli_039563,entailment
kornli_045912,contradiction
kornli_019814,contradiction
kornli_014034,entailment
kornli_003592,neutral
kornli_044817,entailment
kornli_055984,entailment
kornli_056913,contradiction
kornli_039289,contradiction
kornli_049023,entailment
kornli_013583,contradiction
kornli_037320,entailment
kornli_009836,neutral
kornli_031537,contradiction
kornli_045465,contradiction
kornli_054175,neutral
kornli_031752,contradiction
kornli_014814,entailment
kornli_004678,neutral
kornli_006825,neutral
kornli_050262,neutral
kornli_042642,neutral
kornli_015270,entailment
kornli_041434,neutral
kornli_059083,neutral
kornli_012104,entailment
kornli_031127,neutral
kornli_056114,contradiction
kornli_040903,entailment
kornli_034563,neutral
kornli_020984,neutral
kornli_037240,entailment
kornli_044757,contradiction
kornli_058751,contradiction
kornli_000579,contradiction
kornli_019011,neutral
kornli_055555,neutral
kornli_014280,contradiction
kornli_053979,entailment
kornli_006580,contradiction
kornli_007742,neutral
kornli_028077,entailment
kornli_028468,entailment
kornli_000617,entailment
kornli_016365,neutral
kornli_007031,neutral
kornli_010944,neutral
kornli_050387,neutral
kornli_019024,entailment
kornli_059694,contradiction
kornli_016074,entailment
kornli_037043,neutral
kornli_016226,neutral
kornli_038397,entailment
kornli_007343,neutral
kornli_033380,entailment
kornli_002728,neutral
kornli_004971,neutral
kornli_048402,entailment
kornli_045512,entailment
kornli_033965,neutral
kornli_036015,contradiction
kornli_057017,entailment
kornli_006339,entailment
kornli_057113,contradiction
kornli_002974,entailment
kornli_058602,neutral
kornli_012860,entailment
kornli_033985,contradiction
kornli_026348,neutral
kornli_013454,entailment
kornli_034262,neutral
kornli_046967,entailment
kornli_018137,neutral
kornli_006608,neutral
kornli_035696,neutral
kornli_011511,contradiction
kornli_059710,neutral
kornli_045197,entailment
kornli_013039,neutral
kornli_016835,contradiction
kornli_012713,neutral
kornli_000748,contradiction
kornli_054449,contradiction
kornli_017429,entailment
kornli_022587,entailment
kornli_024734,contradiction
kornli_007821,entailment
kornli_057652,entailment
kornli_051334,contradiction
kornli_000664,neutral
kornli_024490,neutral
kornli_028689,entailment
kornli_027606,entailment
kornli_048519,contradiction
kornli_004799,contradiction
kornli_046869,entailment
kornli_017782,neutral
kornli_011506,neutral
kornli_014104,contradiction
kornli_046734,neutral
kornli_002075,entailment
kornli_046491,entailment
kornli_041526,entailment
kornli_034588,neutral
kornli_056402,contradiction
kornli_005709,contradiction
kornli_005767,neutral
kornli_048764,neutral
kornli_048512,entailment
kornli_029449,contradiction
kornli_042901,contradiction
kornli_020722,contradiction
kornli_005101,contradiction
kornli_052237,entailment
kornli_035530,contradiction
kornli_017134,entailment
kornli_007951,entailment
kornli_014451,neutral
kornli_021501,entailment
kornli_002760,contradiction
kornli_002525,contradiction
kornli_051052,neutral
kornli_042643,contradiction
kornli_006819,entailment
kornli_041614,entailment
kornli_029762,neutral
kornli_052201,neutral
kornli_034753,contradiction
kornli_058453,neutral
kornli_048450,neutral
kornli_012703,entailment
kornli_047626,entailment
kornli_030362,neutral
kornli_013722,entailment
kornli_058702,entailment
kornli_010527,contradiction
kornli_021489,contradiction
kornli_010861,neutral
kornli_033991,contradiction
kornli_036490,entailment
kornli_059945,contradiction
kornli_019793,contradiction
kornli_049071,contradiction
kornli_038179,contradiction
kornli_004936,entailment
kornli_009911,neutral
kornli_026511,neutral
kornli_058595,neutral
kornli_057314,contradiction
kornli_010839,neutral
kornli_010399,entailment
kornli_055441,entailment
kornli_049313,neutral
kornli_024656,contradiction
kornli_001693,contradiction
kornli_032959,entailment
kornli_058772,entailment
kornli_041927,contradiction
kornli_010676,neutral
kornli_034481,neutral
kornli_018631,neutral
kornli_052803,entailment
kornli_059963,contradiction
kornli_045444,entailment
kornli_018069,contradiction
kornli_049590,entailment
kornli_019731,contradiction
kornli_008935,contradiction
kornli_047180,neutral
kornli_032416,contradiction
kornli_039980,neutral
kornli_041055,entailment
kornli_059820,neutral
kornli_007667,contradiction
kornli_037005,contradiction
kornli_027124,contradiction
kornli_003808,neutral
kornli_035725,contradiction
kornli_028099,neutral
kornli_003620,neutral
kornli_045004,neutral
kornli_032864,entailment
kornli_054786,contradiction
kornli_040603,neutral
kornli_021356,contradiction
kornli_012153,entailment
kornli_051349,neutral
kornli_056606,entailment
kornli_008672,contradiction
kornli_018668,entailment
kornli_059960,neutral
kornli_029859,entailment
kornli_005956,neutral
kornli_055044,entailment
kornli_011887,neutral
kornli_001882,entailment
kornli_056259,contradiction
kornli_008457,neutral
kornli_014653,entailment
kornli_015124,entailment
kornli_042777,contradiction
kornli_034797,contradiction
kornli_057931,entailment
kornli_022740,contradiction
kornli_052629,entailment
kornli_020406,neutral
kornli_035947,entailment
kornli_006446,entailment
kornli_000654,neutral
kornli_007046,contradiction
kornli_011047,entailment
kornli_009266,contradiction
kornli_019704,contradiction
kornli_027855,entailment
kornli_037291,entailment
kornli_034443,entailment
kornli_045510,neutral
kornli_028050,entailment
kornli_017035,contradiction
kornli_054303,neutral
kornli_023403,contradiction
kornli_038161,contradiction
kornli_043505,neutral
kornli_008480,entailment
kornli_037675,entailment
kornli_035152,neutral
kornli_035020,neutral
kornli_059739,neutral
kornli_040138,neutral
kornli_027356,neutral
kornli_017302,neutral
kornli_044327,entailment
kornli_038562,entailment
kornli_040396,neutral
kornli_016270,entailment
kornli_010672,contradiction
kornli_022476,neutral
kornli_044042,entailment
kornli_018828,entailment
kornli_020316,entailment
kornli_018057,neutral
kornli_007137,neutral
kornli_034418,neutral
kornli_020239,neutral
kornli_052341,entailment
kornli_030744,contradiction
kornli_024131,entailment
kornli_028393,entailment
kornli_046979,entailment
kornli_024551,entailment
kornli_057274,neutral
kornli_052283,entailment
kornli_046896,entailment
kornli_012864,contradiction
kornli_037926,neutral
kornli_035238,neutral
kornli_004386,entailment
kornli_001801,neutral
kornli_037814,neutral
kornli_027609,contradiction
kornli_042243,contradiction
kornli_026216,neutral
kornli_050374,contradiction
kornli_013579,neutral
kornli_021753,entailment
kornli_030329,entailment
kornli_034814,entailment
kornli_059361,entailment
kornli_032921,entailment
kornli_023455,contradiction
kornli_048608,entailment
kornli_025330,neutral
kornli_034108,entailment
kornli_040406,neutral
kornli_003541,entailment
kornli_010010,neutral
kornli_029165,neutral
kornli_009830,neutral
kornli_027463,neutral
kornli_027581,contradiction
kornli_026430,contradiction
kornli_040008,entailment
kornli_011562,contradiction
kornli_047074,neutral
kornli_025009,neutral
kornli_026081,neutral
kornli_043718,entailment
kornli_033362,contradiction
kornli_026851,entailment
kornli_019909,entailment
kornli_058738,contradiction
kornli_015801,neutral
kornli_015043,neutral
kornli_040925,neutral
kornli_011296,contradiction
kornli_013805,neutral
kornli_059806,neutral
kornli_050962,entailment
kornli_043007,entailment
kornli_011655,entailment
kornli_051717,contradiction
kornli_004716,neutral
kornli_057260,contradiction
kornli_051759,entailment
kornli_026876,entailment
kornli_023401,neutral
kornli_049901,neutral
kornli_039673,neutral
kornli_038478,contradiction
kornli_006041,entailment
kornli_017977,neutral
kornli_034280,contradiction
kornli_020563,neutral
kornli_020209,entailment
kornli_054485,neutral
kornli_017610,entailment
kornli_055019,entailment
kornli_031380,entailment
kornli_035131,neutral
kornli_044258,contradiction
kornli_057130,contradiction
kornli_010044,neutral
kornli_050860,neutral
kornli_030631,neutral
kornli_049501,entailment
kornli_029840,entailment
kornli_049637,neutral
kornli_051703,contradiction
kornli_026894,neutral
kornli_011999,contradiction
kornli_007052,neutral
kornli_031304,contradiction
kornli_014915,contradiction
kornli_051815,entailment
kornli_056376,neutral
kornli_028247,neutral
kornli_015964,contradiction
kornli_046707,entailment
kornli_038606,neutral
kornli_048321,neutral
kornli_041647,contradiction
kornli_004889,entailment
kornli_054713,neutral
kornli_026101,contradiction
kornli_003810,entailment
kornli_024172,contradiction
kornli_021806,entailment
kornli_011320,contradiction
kornli_034293,entailment
kornli_002928,contradiction
kornli_027179,contradiction
kornli_050008,contradiction
kornli_005105,entailment
kornli_052631,neutral
kornli_015867,neutral
kornli_040369,neutral
kornli_033862,neutral
kornli_058015,entailment
kornli_034542,entailment
kornli_056999,contradiction
kornli_037030,entailment
kornli_013438,contradiction
kornli_033879,neutral
kornli_048460,contradiction
kornli_026825,neutral
kornli_015445,neutral
kornli_057819,contradiction
kornli_046451,contradiction
kornli_056581,contradiction
kornli_052209,neutral
kornli_017224,entailment
kornli_042980,neutral
kornli_037442,entailment
kornli_041752,neutral
kornli_057495,contradiction
kornli_031075,neutral
kornli_046245,entailment
kornli_056775,neutral
kornli_012808,contradiction
kornli_053528,neutral
kornli_010918,entailment
kornli_030746,entailment
kornli_057483,entailment
kornli_021914,entailment
kornli_040606,contradiction
kornli_026088,contradiction
kornli_041213,entailment
kornli_004167,entailment
kornli_015138,contradiction
kornli_018557,contradiction
kornli_043760,neutral
kornli_004490,contradiction
kornli_053623,contradiction
kornli_053398,entailment
kornli_052293,neutral
kornli_018781,neutral
kornli_052197,contradiction
kornli_039850,contradiction
kornli_048827,neutral
kornli_026696,neutral
kornli_021264,entailment
kornli_003817,contradiction
kornli_058537,entailment
kornli_016636,entailment
kornli_012901,neutral
kornli_049537,contradiction
kornli_046561,contradiction
kornli_018626,entailment
kornli_040750,neutral
kornli_052822,contradiction
kornli_033173,entailment
kornli_049015,contradiction
kornli_048122,entailment
kornli_047313,neutral
kornli_039296,neutral
kornli_011977,contradiction
kornli_040178,contradiction
kornli_006762,neutral
kornli_029590,entailment
kornli_024246,entailment
kornli_016363,neutral
kornli_046792,entailment
kornli_057571,entailment
kornli_007664,neutral
kornli_008034,contradiction
kornli_028697,neutral
kornli_049385,neutral
kornli_016855,contradiction
kornli_036250,entailment
kornli_014990,neutral
kornli_049880,entailment
kornli_010518,contradiction
kornli_040759,entailment
kornli_007132,neutral
kornli_055111,entailment
kornli_046389,contradiction
kornli_022007,neutral
kornli_018980,entailment
kornli_013015,contradiction
kornli_029969,entailment
kornli_055502,contradiction
kornli_058679,contradiction
kornli_019962,entailment
kornli_004623,contradiction
kornli_058857,neutral
kornli_001539,contradiction
kornli_032598,entailment
kornli_005976,neutral
kornli_012109,neutral
kornli_012442,neutral
kornli_054574,contradiction
kornli_045403,entailment
kornli_019785,entailment
kornli_013944,neutral
kornli_054247,neutral
kornli_032919,neutral
kornli_024339,neutral
kornli_040829,entailment
kornli_001470,contradiction
kornli_000615,contradiction
kornli_042784,neutral
kornli_026870,contradiction
kornli_052232,neutral
kornli_024520,contradiction
kornli_011980,contradiction
kornli_032965,entailment
kornli_012671,entailment
kornli_053002,entailment
kornli_005293,contradiction
kornli_015052,entailment
kornli_032252,contradiction
kornli_014519,contradiction
kornli_014954,entailment
kornli_049303,entailment
kornli_056414,contradiction
kornli_053445,contradiction
kornli_037486,neutral
kornli_028885,contradiction
kornli_041693,contradiction
kornli_004969,entailment
kornli_022384,entailment
kornli_019735,neutral
kornli_024127,entailment
kornli_049572,entailment
kornli_025117,contradiction
kornli_036930,entailment
kornli_042900,neutral
kornli_032338,entailment
kornli_042023,contradiction
kornli_050735,contradiction
kornli_021581,neutral
kornli_049722,contradiction
kornli_048367,entailment
kornli_052580,neutral
kornli_045321,neutral
kornli_019306,neutral
kornli_009172,neutral
kornli_026516,entailment
kornli_017978,contradiction
kornli_009891,neutral
kornli_003034,contradiction
kornli_041902,neutral
kornli_002520,contradiction
kornli_020253,neutral
kornli_046564,entailment
kornli_036650,neutral
kornli_023129,neutral
kornli_004523,neutral
kornli_004135,entailment
kornli_049102,entailment
kornli_027977,contradiction
kornli_032927,entailment
kornli_019432,entailment
kornli_037044,neutral
kornli_003217,contradiction
kornli_053595,entailment
kornli_009807,neutral
kornli_054929,entailment
kornli_023275,contradiction
kornli_021443,neutral
kornli_050377,contradiction
kornli_007360,contradiction
kornli_034142,neutral
kornli_058557,contradiction
kornli_027777,entailment
kornli_058152,neutral
kornli_048208,entailment
kornli_058997,entailment
kornli_008649,neutral
kornli_019398,entailment
kornli_049900,neutral
kornli_016129,entailment
kornli_051418,contradiction
kornli_054773,neutral
kornli_002979,entailment
kornli_053747,contradiction
kornli_012600,neutral
kornli_041144,neutral
kornli_037484,neutral
kornli_017862,neutral
kornli_030542,contradiction
kornli_018373,entailment
kornli_021672,neutral
kornli_023914,contradiction
kornli_050024,neutral
kornli_028105,neutral
kornli_056142,entailment
kornli_057688,entailment
kornli_012271,entailment
kornli_016395,neutral
kornli_027380,neutral
kornli_038914,neutral
kornli_040408,entailment
kornli_035577,contradiction
kornli_059582,entailment
kornli_002886,entailment
kornli_027270,entailment
kornli_054023,entailment
kornli_048468,neutral
kornli_039691,contradiction
kornli_023240,neutral
kornli_058596,entailment
kornli_011531,entailment
kornli_039160,neutral
kornli_039690,entailment
kornli_015325,contradiction
kornli_054520,neutral
kornli_059471,neutral
kornli_003249,contradiction
kornli_003821,contradiction
kornli_026058,entailment
kornli_015393,contradiction
kornli_027521,neutral
kornli_013956,contradiction
kornli_032911,neutral
kornli_019084,neutral
kornli_036798,contradiction
kornli_004177,neutral
kornli_001115,entailment
kornli_047351,contradiction
kornli_012833,neutral
kornli_019419,contradiction
kornli_057414,neutral
kornli_033661,contradiction
kornli_014387,contradiction
kornli_059940,contradiction
kornli_013380,entailment
kornli_035597,neutral
kornli_059795,contradiction
kornli_033942,neutral
kornli_009730,neutral
kornli_045631,entailment
kornli_045940,neutral
kornli_005935,neutral
kornli_046546,neutral
kornli_007359,entailment
kornli_004035,contradiction
kornli_018401,neutral
kornli_058257,contradiction
kornli_058487,entailment
kornli_050898,neutral
kornli_038860,neutral
kornli_031102,contradiction
kornli_022956,entailment
kornli_007032,entailment
kornli_053006,neutral
kornli_058659,contradiction
kornli_028872,contradiction
kornli_052290,entailment
kornli_055633,entailment
kornli_055631,entailment
kornli_008279,entailment
kornli_019252,neutral
kornli_025784,entailment
kornli_024109,entailment
kornli_050627,neutral
kornli_028567,entailment
kornli_053152,contradiction
kornli_029092,entailment
kornli_056970,contradiction
kornli_051045,contradiction
kornli_043082,neutral
kornli_021342,entailment
kornli_051752,contradiction
kornli_047089,contradiction
kornli_016465,entailment
kornli_033966,contradiction
kornli_010360,entailment
kornli_006626,neutral
kornli_026070,neutral
kornli_054906,contradiction
kornli_055707,entailment
kornli_000343,neutral
kornli_030420,contradiction
kornli_039247,entailment
kornli_020477,neutral
kornli_015799,entailment
kornli_049748,entailment
kornli_053029,neutral
kornli_035341,entailment
kornli_001678,contradiction
kornli_054017,contradiction
kornli_006115,entailment
kornli_005186,entailment
kornli_005957,entailment
kornli_056650,entailment
kornli_043990,neutral
kornli_028918,entailment
kornli_002782,neutral
kornli_034162,neutral
kornli_041146,contradiction
kornli_034591,contradiction
kornli_007463,neutral
kornli_042138,neutral
kornli_059655,entailment
kornli_006431,contradiction
kornli_055692,entailment
kornli_045338,entailment
kornli_002313,entailment
kornli_055679,neutral
kornli_046556,entailment
kornli_050246,entailment
kornli_038139,entailment
kornli_007014,neutral
kornli_029285,contradiction
kornli_040625,neutral
kornli_024128,entailment
kornli_002268,entailment
kornli_008395,neutral
kornli_032907,neutral
kornli_000032,neutral
kornli_010600,entailment
kornli_055297,contradiction
kornli_015894,neutral
kornli_000542,neutral
kornli_005370,neutral
kornli_035802,entailment
kornli_030910,neutral
kornli_005322,entailment
kornli_032246,neutral
kornli_042530,neutral
kornli_044589,neutral
kornli_042110,contradiction
kornli_007927,contradiction
kornli_024243,entailment
kornli_011307,neutral
kornli_043641,entailment
kornli_037921,contradiction
kornli_017887,contradiction
kornli_029966,entailment
kornli_059999,neutral
kornli_013828,entailment
kornli_041225,neutral
kornli_049386,neutral
kornli_019729,contradiction
kornli_003778,neutral
kornli_045336,contradiction
kornli_028103,neutral
kornli_014300,contradiction
kornli_031938,neutral
kornli_016197,entailment
kornli_021252,entailment
kornli_010017,entailment
kornli_040319,entailment
kornli_022771,entailment
kornli_023074,neutral
kornli_004583,neutral
kornli_029179,contradiction
kornli_055364,contradiction
kornli_044130,neutral
kornli_048890,contradiction
kornli_003950,entailment
kornli_044122,entailment
kornli_039736,neutral
kornli_019150,entailment
kornli_007386,entailment
kornli_033491,contradiction
kornli_054535,contradiction
kornli_008960,neutral
kornli_051293,entailment
kornli_035679,contradiction
kornli_002495,entailment
kornli_000275,contradiction
kornli_034780,entailment
kornli_019262,entailment
kornli_047540,entailment
kornli_007718,contradiction
kornli_011134,entailment
kornli_050367,neutral
kornli_037820,neutral
kornli_037723,entailment
kornli_037200,contradiction
kornli_031344,neutral
kornli_059069,contradiction
kornli_056450,neutral
kornli_006729,neutral
kornli_000524,entailment
kornli_032250,contradiction
kornli_057427,contradiction
kornli_008733,entailment
kornli_010387,entailment
kornli_010591,neutral
kornli_047225,entailment
kornli_003076,neutral
kornli_002795,contradiction
kornli_032347,neutral
kornli_019870,contradiction
kornli_037455,entailment
kornli_035014,entailment
kornli_020211,neutral
kornli_010313,contradiction
kornli_033189,entailment
kornli_036070,entailment
kornli_031339,entailment
kornli_016249,neutral
kornli_002677,entailment
kornli_043795,contradiction
kornli_043360,neutral
kornli_015078,contradiction
kornli_029441,contradiction
kornli_034835,contradiction
kornli_023009,neutral
kornli_033521,neutral
kornli_059817,entailment
kornli_014748,contradiction
kornli_055632,neutral
kornli_024510,entailment
kornli_043536,neutral
kornli_006997,entailment
kornli_042352,entailment
kornli_009853,entailment
kornli_041165,neutral
kornli_012224,entailment
kornli_030295,entailment
kornli_038897,entailment
kornli_040430,neutral
kornli_054570,entailment
kornli_036495,contradiction
kornli_018875,entailment
kornli_043178,neutral
kornli_039719,contradiction
kornli_027007,entailment
kornli_002704,entailment
kornli_020585,entailment
kornli_003564,entailment
kornli_052834,neutral
kornli_008594,neutral
kornli_052275,entailment
kornli_027958,contradiction
kornli_003053,entailment
kornli_046680,neutral
kornli_020383,entailment
kornli_026074,entailment
kornli_035013,contradiction
kornli_012958,contradiction
kornli_044509,neutral
kornli_029512,entailment
kornli_021323,neutral
kornli_017253,neutral
kornli_031587,entailment
kornli_007798,entailment
kornli_015551,entailment
kornli_025589,contradiction
kornli_059630,entailment
kornli_010947,neutral
kornli_000050,neutral
kornli_021746,entailment
kornli_017912,contradiction
kornli_018782,neutral
kornli_030528,contradiction
kornli_058564,neutral
kornli_025305,neutral
kornli_002818,neutral
kornli_019997,neutral
kornli_007187,entailment
kornli_056117,neutral
kornli_044869,neutral
kornli_008325,neutral
kornli_046450,entailment
kornli_047290,entailment
kornli_058981,entailment
kornli_033617,contradiction
kornli_013261,contradiction
kornli_052468,entailment
kornli_026804,entailment
kornli_016937,entailment
kornli_006611,entailment
kornli_040410,neutral
kornli_050276,entailment
kornli_015725,contradiction
kornli_048350,neutral
kornli_035657,entailment
kornli_028469,neutral
kornli_050544,neutral
kornli_030561,neutral
kornli_009963,entailment
kornli_057647,entailment
kornli_032630,contradiction
kornli_047512,contradiction
kornli_017189,entailment
kornli_002764,neutral
kornli_007361,neutral
kornli_035795,entailment
kornli_001759,contradiction
kornli_037142,contradiction
kornli_051803,entailment
kornli_031207,entailment
kornli_050433,contradiction
kornli_048662,entailment
kornli_022201,contradiction
kornli_046877,entailment
kornli_057542,neutral
kornli_020262,entailment
kornli_055126,neutral
kornli_017398,entailment
kornli_025347,neutral
kornli_050474,contradiction
kornli_005066,contradiction
kornli_022398,entailment
kornli_025983,neutral
kornli_059746,entailment
kornli_028707,contradiction
kornli_013612,contradiction
kornli_034238,contradiction
kornli_038449,entailment
kornli_039772,neutral
kornli_018951,contradiction
kornli_024392,neutral
kornli_016743,entailment
kornli_021545,neutral
kornli_008607,neutral
kornli_051860,neutral
kornli_031898,contradiction
kornli_006428,entailment
kornli_005874,neutral
kornli_033347,neutral
kornli_044643,neutral
kornli_057749,contradiction
kornli_038301,contradiction
kornli_009098,neutral
kornli_052724,neutral
kornli_045333,entailment
kornli_028277,contradiction
kornli_004097,entailment
kornli_052324,contradiction
kornli_015266,neutral
kornli_009211,entailment
kornli_024528,neutral
kornli_041479,entailment
kornli_042660,entailment
kornli_004862,neutral
kornli_037071,neutral
kornli_045612,neutral
kornli_025114,neutral
kornli_009442,neutral
kornli_041802,neutral
kornli_043889,entailment
kornli_019020,entailment
kornli_023076,entailment
kornli_010512,neutral
kornli_020983,entailment
kornli_032223,neutral
kornli_000165,neutral
kornli_023210,contradiction
kornli_020769,entailment
kornli_020241,entailment
kornli_034089,neutral
kornli_042281,neutral
kornli_008313,entailment
kornli_031837,entailment
kornli_051800,entailment
kornli_055457,entailment
kornli_027869,neutral
kornli_027233,contradiction
kornli_027464,contradiction
kornli_057827,entailment
kornli_055170,entailment
kornli_058040,neutral
kornli_012332,entailment
kornli_000047,entailment
kornli_018186,entailment
kornli_036387,neutral
kornli_039920,neutral
kornli_033517,entailment
kornli_000467,neutral
kornli_013462,entailment
kornli_034867,entailment
kornli_031488,entailment
kornli_022161,entailment
kornli_019579,entailment
kornli_042687,entailment
kornli_005462,entailment
kornli_015263,entailment
kornli_009854,neutral
kornli_050773,neutral
kornli_033704,contradiction
kornli_045534,neutral
kornli_027623,contradiction
kornli_014491,contradiction
kornli_026195,contradiction
kornli_015290,contradiction
kornli_058504,contradiction
kornli_025630,contradiction
kornli_056738,neutral
kornli_007318,entailment
kornli_057043,entailment
kornli_026565,entailment
kornli_010996,contradiction
kornli_030072,contradiction
kornli_019478,entailment
kornli_030270,entailment
kornli_046769,neutral
kornli_049288,entailment
kornli_019384,contradiction
kornli_037362,entailment
kornli_056652,entailment
kornli_002267,neutral
kornli_002769,neutral
kornli_053630,entailment
kornli_011795,neutral
kornli_009508,entailment
kornli_014285,contradiction
kornli_029405,neutral
kornli_059565,entailment
kornli_034047,neutral
kornli_052058,entailment
kornli_031303,neutral
kornli_027281,entailment
kornli_011173,neutral
kornli_049639,contradiction
kornli_002730,neutral
kornli_043572,contradiction
kornli_052621,neutral
kornli_040558,neutral
kornli_009228,neutral
kornli_051111,contradiction
kornli_001377,neutral
kornli_025432,entailment
kornli_039614,entailment
kornli_043195,neutral
kornli_024015,neutral
kornli_037666,neutral
kornli_055341,contradiction
kornli_057944,neutral
kornli_048713,neutral
kornli_007697,entailment
kornli_042414,contradiction
kornli_042534,neutral
kornli_004509,contradiction
kornli_035538,entailment
kornli_016429,entailment
kornli_021075,contradiction
kornli_030983,contradiction
kornli_036710,contradiction
kornli_031674,entailment
kornli_005666,entailment
kornli_053078,neutral
kornli_007957,contradiction
kornli_045262,contradiction
kornli_001483,entailment
kornli_035400,entailment
kornli_009474,contradiction
kornli_023817,neutral
kornli_033751,neutral
kornli_003710,entailment
kornli_018038,entailment
kornli_047195,entailment
kornli_020058,contradiction
kornli_046293,neutral
kornli_043860,contradiction
kornli_035833,neutral
kornli_037623,neutral
kornli_036867,neutral
kornli_042470,contradiction
kornli_006970,contradiction
kornli_010333,contradiction
kornli_016005,contradiction
kornli_036071,entailment
kornli_020640,contradiction
kornli_002032,contradiction
kornli_023155,entailment
kornli_013348,neutral
kornli_028117,neutral
kornli_002179,neutral
kornli_018433,neutral
kornli_020960,entailment
kornli_040476,contradiction
kornli_003635,contradiction
kornli_023211,neutral
kornli_021519,entailment
kornli_055654,neutral
kornli_052300,entailment
kornli_040220,entailment
kornli_018893,neutral
kornli_054960,contradiction
kornli_012876,contradiction
kornli_051417,neutral
kornli_053797,neutral
kornli_049797,contradiction
kornli_020845,entailment
kornli_011931,entailment
kornli_017949,neutral
kornli_054783,neutral
kornli_007392,neutral
kornli_025041,entailment
kornli_009044,neutral
kornli_028568,entailment
kornli_015134,contradiction
kornli_036824,contradiction
kornli_059595,entailment
kornli_042500,entailment
kornli_029530,contradiction
kornli_051456,neutral
kornli_003075,contradiction
kornli_028133,contradiction
kornli_048108,contradiction
kornli_018550,entailment
kornli_032779,neutral
kornli_001849,neutral
kornli_032150,contradiction
kornli_009824,contradiction
kornli_053173,neutral
kornli_033960,entailment
kornli_054922,entailment
kornli_000371,neutral
kornli_010842,entailment
kornli_032756,neutral
kornli_044996,neutral
kornli_000774,contradiction
kornli_036184,neutral
kornli_031467,neutral
kornli_007250,entailment
kornli_040286,entailment
kornli_016182,neutral
kornli_010228,contradiction
kornli_059385,contradiction
kornli_056369,neutral
kornli_058219,contradiction
kornli_046456,neutral
kornli_005881,neutral
kornli_038550,contradiction
kornli_015900,neutral
kornli_047472,entailment
kornli_010306,neutral
kornli_008042,entailment
kornli_030835,contradiction
kornli_016342,entailment
kornli_059055,contradiction
kornli_005979,neutral
kornli_036895,entailment
kornli_042320,entailment
kornli_035412,contradiction
kornli_051060,entailment
kornli_032030,contradiction
kornli_033126,neutral
kornli_046774,neutral
kornli_056607,contradiction
kornli_054832,neutral
kornli_049917,entailment
kornli_040672,neutral
kornli_054799,neutral
kornli_035748,contradiction
kornli_057277,contradiction
kornli_030304,entailment
kornli_050813,contradiction
kornli_013876,contradiction
kornli_038765,contradiction
kornli_020849,neutral
kornli_026441,contradiction
kornli_050610,entailment
kornli_054265,contradiction
kornli_024769,contradiction
kornli_055417,contradiction
kornli_001027,contradiction
kornli_059520,neutral
kornli_031538,contradiction
kornli_006693,neutral
kornli_024955,contradiction
kornli_024236,contradiction
kornli_039138,neutral
kornli_050372,contradiction
kornli_056120,neutral
kornli_014994,contradiction
kornli_057232,neutral
kornli_011509,contradiction
kornli_022742,neutral
kornli_023290,neutral
kornli_006416,entailment
kornli_032337,contradiction
kornli_050157,neutral
kornli_043214,entailment
kornli_041461,neutral
kornli_033810,entailment
kornli_007833,entailment
kornli_035471,neutral
kornli_036364,contradiction
kornli_034174,entailment
kornli_034079,entailment
kornli_050022,contradiction
kornli_057442,contradiction
kornli_045042,entailment
kornli_035305,contradiction
kornli_000943,contradiction
kornli_039449,entailment
kornli_047505,neutral
kornli_033664,neutral
kornli_058316,neutral
kornli_040955,contradiction
kornli_051235,contradiction
kornli_040155,neutral
kornli_052835,entailment
kornli_043268,contradiction
kornli_053963,neutral
kornli_035911,neutral
kornli_036415,entailment
kornli_003671,entailment
kornli_035926,contradiction
kornli_001536,contradiction
kornli_019198,entailment
kornli_035818,contradiction
kornli_056491,entailment
kornli_055595,neutral
kornli_005836,neutral
kornli_032566,neutral
kornli_037057,neutral
kornli_054462,contradiction
kornli_025668,neutral
kornli_047908,contradiction
kornli_018987,entailment
kornli_036772,neutral
kornli_042084,entailment
kornli_018053,neutral
kornli_029688,entailment
kornli_011789,contradiction
kornli_050111,contradiction
kornli_002354,contradiction
kornli_023381,neutral
kornli_002218,contradiction
kornli_047146,entailment
kornli_025272,neutral
kornli_025431,neutral
kornli_019082,neutral
kornli_004427,entailment
kornli_035838,entailment
kornli_048329,neutral
kornli_023892,neutral
kornli_053516,contradiction
kornli_001847,neutral
kornli_025796,neutral
kornli_040480,entailment
kornli_005639,entailment
kornli_027647,neutral
kornli_036763,entailment
kornli_031616,neutral
kornli_040271,contradiction
kornli_054309,contradiction
kornli_016031,neutral
kornli_058480,entailment
kornli_047841,entailment
kornli_056727,contradiction
kornli_007483,neutral
kornli_003174,neutral
kornli_048757,neutral
kornli_050447,entailment
kornli_035502,neutral
kornli_034609,contradiction
kornli_051279,neutral
kornli_047916,neutral
kornli_013747,neutral
kornli_057167,entailment
kornli_034939,entailment
kornli_058294,contradiction
kornli_013205,entailment
kornli_048786,contradiction
kornli_051718,entailment
kornli_035600,neutral
kornli_045267,neutral
kornli_036624,neutral
kornli_057516,neutral
kornli_008161,entailment
kornli_058382,neutral
kornli_035626,neutral
kornli_016398,contradiction
kornli_043765,contradiction
kornli_006216,contradiction
kornli_048411,neutral
kornli_029506,entailment
kornli_037454,neutral
kornli_049908,contradiction
kornli_034471,contradiction
kornli_031802,contradiction
kornli_015743,entailment
kornli_016086,neutral
kornli_055334,neutral
kornli_028266,neutral
kornli_005855,entailment
kornli_018080,neutral
kornli_025741,contradiction
kornli_001236,entailment
kornli_054410,neutral
kornli_056954,entailment
kornli_054094,contradiction
kornli_019863,entailment
kornli_023966,entailment
kornli_025451,entailment
kornli_039662,entailment
kornli_056513,neutral
kornli_019056,entailment
kornli_006632,entailment
kornli_056344,contradiction
kornli_044521,entailment
kornli_047641,entailment
kornli_028942,entailment
kornli_010585,neutral
kornli_000636,contradiction
kornli_026272,entailment
kornli_038302,contradiction
kornli_054138,contradiction
kornli_024991,entailment
kornli_001349,neutral
kornli_002372,entailment
kornli_018808,neutral
kornli_021114,entailment
kornli_022255,entailment
kornli_059248,entailment
kornli_054998,contradiction
kornli_041122,contradiction
kornli_045740,neutral
kornli_040362,entailment
kornli_050198,neutral
kornli_025943,neutral
kornli_057758,neutral
kornli_059026,contradiction
kornli_016949,contradiction
kornli_053323,neutral
kornli_032976,neutral
kornli_037049,contradiction
kornli_024308,entailment
kornli_059951,contradiction
kornli_014341,entailment
kornli_014005,contradiction
kornli_044837,entailment
kornli_034106,neutral
kornli_040730,contradiction
kornli_031423,neutral
kornli_029924,neutral
kornli_004321,neutral
kornli_031852,neutral
kornli_034367,entailment
kornli_042916,neutral
kornli_015855,entailment
kornli_028927,neutral
kornli_011060,neutral
kornli_023165,neutral
kornli_038000,contradiction
kornli_007591,contradiction
kornli_043634,entailment
kornli_046691,entailment
kornli_014146,entailment
kornli_031322,neutral
kornli_040038,neutral
kornli_036913,contradiction
kornli_009097,neutral
kornli_015099,entailment
kornli_058281,neutral
kornli_003042,entailment
kornli_007116,entailment
kornli_006085,neutral
kornli_025895,entailment
kornli_006656,neutral
kornli_027683,contradiction
kornli_023337,neutral
kornli_004633,neutral
kornli_034294,neutral
kornli_052872,neutral
kornli_018182,neutral
kornli_058746,entailment
kornli_021339,entailment
kornli_008350,neutral
kornli_030319,neutral
kornli_051450,contradiction
kornli_025315,neutral
kornli_041924,neutral
kornli_043033,neutral
kornli_036019,entailment
kornli_034838,contradiction
kornli_050132,neutral
kornli_022980,contradiction
kornli_057515,entailment
kornli_046880,contradiction
kornli_042585,neutral
kornli_032237,entailment
kornli_002661,entailment
kornli_055719,entailment
kornli_056370,entailment
kornli_044531,neutral
kornli_049346,entailment
kornli_036604,contradiction
kornli_020533,entailment
kornli_052722,contradiction
kornli_043270,contradiction
kornli_032973,entailment
kornli_015780,entailment
kornli_023623,entailment
kornli_013209,contradiction
kornli_029729,neutral
kornli_045899,contradiction
kornli_033457,entailment
kornli_045266,contradiction
kornli_045158,contradiction
kornli_048271,entailment
kornli_025765,contradiction
kornli_036509,neutral
kornli_017560,neutral
kornli_029316,entailment
kornli_014284,entailment
kornli_040121,neutral
kornli_052148,contradiction
kornli_023982,neutral
kornli_020206,neutral
kornli_027752,neutral
kornli_002300,contradiction
kornli_007617,entailment
kornli_014619,entailment
kornli_011073,neutral
kornli_031687,entailment
kornli_006177,neutral
kornli_012920,entailment
kornli_034891,neutral
kornli_050247,neutral
kornli_004513,neutral
kornli_003397,neutral
kornli_037853,neutral
kornli_015171,entailment
kornli_033884,contradiction
kornli_056823,contradiction
kornli_029317,contradiction
kornli_007943,neutral
kornli_035146,neutral
kornli_028726,entailment
kornli_033714,contradiction
kornli_055373,contradiction
kornli_038981,entailment
kornli_046029,neutral
kornli_029212,entailment
kornli_011260,contradiction
kornli_035275,neutral
kornli_024134,entailment
kornli_010796,neutral
kornli_032871,entailment
kornli_056900,entailment
kornli_013465,contradiction
kornli_032888,contradiction
kornli_043791,entailment
kornli_033493,entailment
kornli_008175,neutral
kornli_024114,entailment
kornli_052308,entailment
kornli_021929,entailment
kornli_030419,contradiction
kornli_019383,contradiction
kornli_059939,entailment
kornli_003166,neutral
kornli_005790,contradiction
kornli_010059,contradiction
kornli_053220,neutral
kornli_047571,neutral
kornli_055239,neutral
kornli_047936,entailment
kornli_005756,entailment
kornli_001106,contradiction
kornli_020691,contradiction
kornli_059932,neutral
kornli_032039,neutral
kornli_045011,entailment
kornli_023856,contradiction
kornli_024665,contradiction
kornli_024217,contradiction
kornli_000558,entailment
kornli_054204,entailment
kornli_027342,contradiction
kornli_010108,entailment
kornli_056105,neutral
kornli_018986,entailment
kornli_059414,entailment
kornli_029183,entailment
kornli_043958,neutral
kornli_016476,entailment
kornli_005763,neutral
kornli_040772,entailment
kornli_004449,neutral
kornli_019741,contradiction
kornli_007007,entailment
kornli_006979,contradiction
kornli_044226,entailment
kornli_017473,entailment
kornli_014457,neutral
kornli_043534,contradiction
kornli_011415,neutral
kornli_005651,contradiction
kornli_045844,entailment
kornli_002105,entailment
kornli_015359,neutral
kornli_059700,entailment
kornli_018611,entailment
kornli_055059,entailment
kornli_041773,neutral
kornli_020921,contradiction
kornli_020619,neutral
kornli_058349,entailment
kornli_008310,contradiction
kornli_012069,contradiction
kornli_050376,neutral
kornli_047176,entailment
kornli_036388,entailment
kornli_050449,entailment
kornli_029023,neutral
kornli_055032,entailment
kornli_036571,entailment
kornli_053563,entailment
kornli_008083,entailment
kornli_009381,neutral
kornli_045089,contradiction
kornli_049189,entailment
kornli_001563,neutral
kornli_043667,entailment
kornli_053812,neutral
kornli_054451,contradiction
kornli_056996,contradiction
kornli_057197,neutral
kornli_057062,neutral
kornli_015618,entailment
kornli_016920,contradiction
kornli_046307,entailment
kornli_007381,neutral
kornli_012933,neutral
kornli_040590,entailment
kornli_032736,neutral
kornli_004008,entailment
kornli_003769,neutral
kornli_057689,entailment
kornli_044998,neutral
kornli_053840,contradiction
kornli_021541,entailment
kornli_006857,contradiction
kornli_032241,neutral
kornli_016965,neutral
kornli_013408,contradiction
kornli_041627,neutral
kornli_034430,neutral
kornli_027447,contradiction
kornli_020739,contradiction
kornli_024744,neutral
kornli_003766,entailment
kornli_013929,entailment
kornli_055827,neutral
kornli_033114,contradiction
kornli_029072,neutral
kornli_037504,neutral
kornli_057153,entailment
kornli_035988,contradiction
kornli_006271,entailment
kornli_013057,neutral
kornli_059821,entailment
kornli_014257,entailment
kornli_043254,neutral
kornli_057453,neutral
kornli_009157,contradiction
kornli_035369,entailment
kornli_023457,contradiction
kornli_036355,neutral
kornli_007446,neutral
kornli_016396,neutral
kornli_044141,neutral
kornli_059072,neutral
kornli_015998,entailment
kornli_001766,contradiction
kornli_024009,contradiction
kornli_056543,entailment
kornli_030376,contradiction
kornli_002280,contradiction
kornli_031378,neutral
kornli_057435,entailment
kornli_020538,contradiction
kornli_025429,entailment
kornli_020220,contradiction
kornli_030143,neutral
kornli_055451,contradiction
kornli_036435,neutral
kornli_040826,contradiction
kornli_059591,entailment
kornli_006636,contradiction
kornli_015860,neutral
kornli_006261,entailment
kornli_056974,contradiction
kornli_014842,contradiction
kornli_022370,neutral
kornli_021145,entailment
kornli_007312,neutral
kornli_037601,contradiction
kornli_040073,contradiction
kornli_015645,contradiction
kornli_012093,neutral
kornli_043389,neutral
kornli_026415,entailment
kornli_002633,neutral
kornli_048042,contradiction
kornli_049534,entailment
kornli_041505,contradiction
kornli_056364,contradiction
kornli_054399,neutral
kornli_003672,contradiction
kornli_057310,neutral
kornli_053059,neutral
kornli_017072,entailment
kornli_015300,neutral
kornli_039592,entailment
kornli_030301,contradiction
kornli_024494,entailment
kornli_049118,entailment
kornli_015340,contradiction
kornli_012974,neutral
kornli_025037,contradiction
kornli_024727,contradiction
kornli_056281,entailment
kornli_059098,neutral
kornli_034476,entailment
kornli_038714,entailment
kornli_001415,contradiction
kornli_001431,entailment
kornli_020334,neutral
kornli_052883,neutral
kornli_057544,contradiction
kornli_042872,contradiction
kornli_036827,entailment
kornli_032853,contradiction
kornli_053593,neutral
kornli_026231,neutral
kornli_048582,neutral
kornli_006186,neutral
kornli_015783,neutral
kornli_047660,entailment
kornli_026540,entailment
kornli_039068,entailment
kornli_014340,entailment
kornli_006541,contradiction
kornli_007017,neutral
kornli_053179,neutral
kornli_013251,contradiction
kornli_027048,neutral
kornli_050670,entailment
kornli_005146,entailment
kornli_017452,contradiction
kornli_041398,entailment
kornli_056489,neutral
kornli_026838,entailment
kornli_039609,neutral
kornli_027268,contradiction
kornli_037646,entailment
kornli_051827,entailment
kornli_005400,entailment
kornli_012944,contradiction
kornli_031368,contradiction
kornli_047484,neutral
kornli_009007,entailment
kornli_048373,entailment
kornli_034467,neutral
kornli_033349,entailment
kornli_008046,entailment
kornli_011733,contradiction
kornli_051443,entailment
kornli_012510,neutral
kornli_053543,neutral
kornli_030963,entailment
kornli_006355,neutral
kornli_004161,contradiction
kornli_045643,contradiction
kornli_020485,contradiction
kornli_016649,neutral
kornli_048192,contradiction
kornli_006105,entailment
kornli_054622,neutral
kornli_015367,contradiction
kornli_003785,neutral
kornli_007315,entailment
kornli_013966,neutral
kornli_017533,contradiction
kornli_010421,entailment
kornli_014442,contradiction
kornli_017729,entailment
kornli_043502,neutral
kornli_018962,entailment
kornli_026467,contradiction
kornli_052327,contradiction
kornli_051332,entailment
kornli_021311,entailment
kornli_045880,neutral
kornli_052484,neutral
kornli_015016,contradiction
kornli_036666,contradiction
kornli_022465,neutral
kornli_043724,neutral
kornli_029930,neutral
kornli_035993,neutral
kornli_026369,entailment
kornli_053123,contradiction
kornli_056605,entailment
kornli_024747,entailment
kornli_017748,neutral
kornli_006571,contradiction
kornli_008477,entailment
kornli_038440,contradiction
kornli_002980,entailment
kornli_036987,entailment
kornli_043219,entailment
kornli_002384,contradiction
kornli_028943,neutral
kornli_026457,entailment
kornli_020424,contradiction
kornli_029357,contradiction
kornli_046337,contradiction
kornli_002091,entailment
kornli_030595,neutral
kornli_003408,contradiction
kornli_003081,contradiction
kornli_017527,contradiction
kornli_046132,entailment
kornli_033771,neutral
kornli_041999,contradiction
kornli_030477,entailment
kornli_001325,entailment
kornli_008524,neutral
kornli_043120,entailment
kornli_027163,contradiction
kornli_031431,neutral
kornli_023023,contradiction
kornli_047828,contradiction
kornli_017459,entailment
kornli_037112,neutral
kornli_035070,neutral
kornli_014080,entailment
kornli_016534,neutral
kornli_042468,neutral
kornli_007394,contradiction
kornli_011544,entailment
kornli_046766,contradiction
kornli_033097,neutral
kornli_007600,entailment
kornli_055422,neutral
kornli_058611,neutral
kornli_017511,contradiction
kornli_058034,entailment
kornli_008892,contradiction
kornli_017002,entailment
kornli_019758,entailment
kornli_021538,entailment
kornli_054239,entailment
kornli_044136,entailment
kornli_012826,neutral
kornli_020985,entailment
kornli_021964,entailment
kornli_000251,neutral
kornli_023366,neutral
kornli_013542,entailment
kornli_016612,entailment
kornli_006269,entailment
kornli_047990,neutral
kornli_019178,contradiction
kornli_021294,neutral
kornli_009538,neutral
kornli_051463,entailment
kornli_026054,contradiction
kornli_054147,contradiction
kornli_051304,neutral
kornli_039464,contradiction
kornli_032932,contradiction
kornli_016017,neutral
kornli_052932,neutral
kornli_054103,contradiction
kornli_034020,contradiction
kornli_025018,entailment
kornli_034568,neutral
kornli_021786,neutral
kornli_017609,entailment
kornli_041229,neutral
kornli_013098,entailment
kornli_057655,entailment
kornli_007338,contradiction
kornli_051739,contradiction
kornli_015335,entailment
kornli_029799,contradiction
kornli_057338,neutral
kornli_001434,entailment
kornli_047776,neutral
kornli_058976,contradiction
kornli_043076,entailment
kornli_010763,neutral
kornli_041301,neutral
kornli_050105,neutral
kornli_040208,neutral
kornli_055173,entailment
kornli_059993,contradiction
kornli_003234,entailment
kornli_050833,entailment
kornli_004111,neutral
kornli_000800,entailment
kornli_053081,entailment
kornli_036183,neutral
kornli_031234,neutral
kornli_023761,neutral
kornli_005005,neutral
kornli_019194,neutral
kornli_000243,contradiction
kornli_048772,entailment
kornli_034206,contradiction
kornli_035380,neutral
kornli_001370,neutral
kornli_032570,entailment
kornli_051281,contradiction
kornli_011834,contradiction
kornli_011145,contradiction
kornli_049125,neutral
kornli_014074,neutral
kornli_020667,neutral
kornli_013923,neutral
kornli_059237,contradiction
kornli_027128,entailment
kornli_014637,contradiction
kornli_044234,entailment
kornli_032753,neutral
kornli_008930,neutral
kornli_049527,neutral
kornli_027347,entailment
kornli_014172,contradiction
kornli_043861,contradiction
kornli_057776,contradiction
kornli_000802,contradiction
kornli_057891,contradiction
kornli_057317,entailment
kornli_058455,entailment
kornli_008728,neutral
kornli_028883,neutral
kornli_046374,entailment
kornli_041983,contradiction
kornli_059320,neutral
kornli_057357,contradiction
kornli_046271,neutral
kornli_012584,entailment
kornli_054541,entailment
kornli_006545,entailment
kornli_034897,contradiction
kornli_028882,neutral
kornli_034171,entailment
kornli_000443,neutral
kornli_023582,entailment
kornli_053366,entailment
kornli_003496,neutral
kornli_045371,neutral
kornli_023529,contradiction
kornli_004947,entailment
kornli_002159,entailment
kornli_001953,contradiction
kornli_033677,entailment
kornli_010434,contradiction
kornli_052783,contradiction
kornli_018209,entailment
kornli_021254,contradiction
kornli_016507,entailment
kornli_018755,neutral
kornli_003094,entailment
kornli_008204,contradiction
kornli_005632,contradiction
kornli_010110,entailment
kornli_021701,entailment
kornli_036675,contradiction
kornli_012951,entailment
kornli_042200,neutral
kornli_038552,neutral
kornli_058394,neutral
kornli_032415,neutral
kornli_031533,contradiction
kornli_003054,entailment
kornli_005580,contradiction
kornli_009651,entailment
kornli_011423,neutral
kornli_030682,entailment
kornli_022685,entailment
kornli_055472,contradiction
kornli_058460,neutral
kornli_040706,neutral
kornli_039361,entailment
kornli_056633,contradiction
kornli_026632,neutral
kornli_018584,neutral
kornli_006219,neutral
kornli_015054,entailment
kornli_018118,entailment
kornli_023807,neutral
kornli_048580,entailment
kornli_046155,entailment
kornli_039065,entailment
kornli_057220,contradiction
kornli_024669,entailment
kornli_005971,entailment
kornli_045144,contradiction
kornli_014620,contradiction
kornli_031764,neutral
kornli_047659,neutral
kornli_047400,neutral
kornli_008069,entailment
kornli_036356,contradiction
kornli_022032,neutral
kornli_047401,neutral
kornli_019300,neutral
kornli_021625,entailment
kornli_039732,neutral
kornli_035568,entailment
kornli_052843,neutral
kornli_019003,entailment
kornli_037275,contradiction
kornli_048595,entailment
kornli_053379,entailment
kornli_041865,entailment
kornli_024545,entailment
kornli_020920,contradiction
kornli_025266,neutral
kornli_054476,contradiction
kornli_000004,entailment
kornli_020590,neutral
kornli_026874,entailment
kornli_046275,neutral
kornli_024784,contradiction
kornli_022819,contradiction
kornli_055362,contradiction
kornli_011431,entailment
kornli_010742,entailment
kornli_026461,contradiction
kornli_018494,neutral
kornli_046532,contradiction
kornli_033021,neutral
kornli_035720,neutral
kornli_042434,contradiction
kornli_013730,neutral
kornli_026967,entailment
kornli_036576,entailment
kornli_036337,entailment
kornli_026658,contradiction
kornli_000086,entailment
kornli_013207,entailment
kornli_051811,neutral
kornli_019421,neutral
kornli_022439,contradiction
kornli_049227,contradiction
kornli_040616,neutral
kornli_014515,contradiction
kornli_029587,entailment
kornli_021830,contradiction
kornli_002533,neutral
kornli_054140,entailment
kornli_040258,contradiction
kornli_003926,neutral
kornli_007846,neutral
kornli_037561,entailment
kornli_044043,neutral
kornli_014234,contradiction
kornli_002009,entailment
kornli_031422,entailment
kornli_041797,neutral
kornli_014402,contradiction
kornli_042574,entailment
kornli_026582,neutral
kornli_030430,neutral
kornli_019059,entailment
kornli_047553,entailment
kornli_036254,contradiction
kornli_009113,neutral
kornli_026867,contradiction
kornli_056274,entailment
kornli_051969,neutral
kornli_038251,neutral
kornli_055494,neutral
kornli_043048,neutral
kornli_010967,entailment
kornli_019181,neutral
kornli_026869,contradiction
kornli_004840,entailment
kornli_044106,entailment
kornli_001558,neutral
kornli_000278,entailment
kornli_007581,neutral
kornli_045152,neutral
kornli_007142,entailment
kornli_059961,entailment
kornli_000202,neutral
kornli_041362,contradiction
kornli_010837,entailment
kornli_019257,contradiction
kornli_001776,contradiction
kornli_059577,entailment
kornli_017990,contradiction
kornli_008354,contradiction
kornli_003554,entailment
kornli_048891,entailment
kornli_031349,contradiction
kornli_058495,entailment
kornli_008244,neutral
kornli_028459,contradiction
kornli_059447,neutral
kornli_040432,contradiction
kornli_020278,entailment
kornli_049812,entailment
kornli_006713,contradiction
kornli_046554,contradiction
kornli_005911,contradiction
kornli_002251,neutral
kornli_004401,neutral
kornli_028010,contradiction
kornli_038545,neutral
kornli_002211,contradiction
kornli_019684,contradiction
kornli_023652,neutral
kornli_019138,neutral
kornli_013114,contradiction
kornli_045828,neutral
kornli_005757,neutral
kornli_053580,neutral
kornli_031691,neutral
kornli_052217,contradiction
kornli_051116,contradiction
kornli_021546,contradiction
kornli_004713,entailment
kornli_033921,contradiction
kornli_042651,entailment
kornli_047075,neutral
kornli_031342,contradiction
kornli_059374,neutral
kornli_054251,contradiction
kornli_041536,contradiction
kornli_021376,entailment
kornli_003462,contradiction
kornli_054980,entailment
kornli_023168,neutral
kornli_020084,entailment
kornli_044058,neutral
kornli_049708,entailment
kornli_056510,neutral
kornli_004802,entailment
kornli_021960,neutral
kornli_053948,neutral
kornli_024689,entailment
kornli_016267,entailment
kornli_053639,entailment
kornli_001941,entailment
kornli_022592,neutral
kornli_058882,neutral
kornli_049331,entailment
kornli_010953,contradiction
kornli_059136,contradiction
kornli_014296,entailment
kornli_038485,entailment
kornli_012514,neutral
kornli_013540,contradiction
kornli_035552,entailment
kornli_046149,entailment
kornli_045229,neutral
kornli_035202,neutral
kornli_028367,contradiction
kornli_034849,neutral
kornli_042739,neutral
kornli_059769,entailment
kornli_017115,contradiction
kornli_013163,neutral
kornli_042039,contradiction
kornli_058638,contradiction
kornli_005680,contradiction
kornli_036555,contradiction
kornli_019452,entailment
kornli_044072,entailment
kornli_049053,neutral
kornli_010872,entailment
kornli_026271,neutral
kornli_056054,contradiction
kornli_035895,contradiction
kornli_024974,entailment
kornli_022242,contradiction
kornli_003313,contradiction
kornli_031491,neutral
kornli_038017,entailment
kornli_033248,neutral
kornli_033872,contradiction
kornli_017602,neutral
kornli_035875,contradiction
kornli_002828,contradiction
kornli_001484,contradiction
kornli_049545,entailment
kornli_013371,entailment
kornli_020684,contradiction
kornli_058054,entailment
kornli_052048,neutral
kornli_017053,contradiction
kornli_048567,contradiction
kornli_027409,entailment
kornli_051882,entailment
kornli_037872,neutral
kornli_029218,contradiction
kornli_045292,entailment
kornli_044854,contradiction
kornli_000339,entailment
kornli_057654,contradiction
kornli_034627,neutral
kornli_054848,entailment
kornli_021368,contradiction
kornli_014347,entailment
kornli_052727,contradiction
kornli_024378,neutral
kornli_037323,neutral
kornli_040731,entailment
kornli_046632,contradiction
kornli_030700,neutral
kornli_017430,contradiction
kornli_014543,entailment
kornli_055322,neutral
kornli_019308,entailment
kornli_013961,neutral
kornli_038253,entailment
kornli_006525,contradiction
kornli_058461,entailment
kornli_005389,entailment
kornli_038928,entailment
kornli_011271,entailment
kornli_047029,neutral
kornli_055907,neutral
kornli_022309,neutral
kornli_002191,entailment
kornli_025141,contradiction
kornli_042056,contradiction
kornli_005316,contradiction
kornli_043382,contradiction
kornli_012347,entailment
kornli_029766,entailment
kornli_053215,entailment
kornli_012037,entailment
kornli_015714,entailment
kornli_020601,entailment
kornli_032523,entailment
kornli_047344,entailment
kornli_029071,contradiction
kornli_015411,neutral
kornli_006071,neutral
kornli_041382,neutral
kornli_034284,entailment
kornli_046978,contradiction
kornli_053147,neutral
kornli_048250,neutral
kornli_010640,contradiction
kornli_051056,neutral
kornli_002016,entailment
kornli_000833,entailment
kornli_011568,entailment
kornli_018075,neutral
kornli_033542,entailment
kornli_018233,entailment
kornli_058410,entailment
kornli_051770,neutral
kornli_030814,neutral
kornli_003908,neutral
kornli_048741,entailment
kornli_056935,entailment
kornli_002271,neutral
kornli_055773,entailment
kornli_055941,contradiction
kornli_045580,entailment
kornli_053955,entailment
kornli_031621,entailment
kornli_021057,entailment
kornli_026096,contradiction
kornli_021042,neutral
kornli_001943,contradiction
kornli_029432,neutral
kornli_017335,neutral
kornli_012838,entailment
kornli_005515,contradiction
kornli_039061,neutral
kornli_027775,contradiction
kornli_031848,neutral
kornli_008525,contradiction
kornli_014927,contradiction
kornli_031348,neutral
kornli_053835,contradiction
kornli_041199,entailment
kornli_017987,entailment
kornli_022522,entailment
kornli_050167,neutral
kornli_045653,entailment
kornli_000653,contradiction
kornli_055185,contradiction
kornli_035082,contradiction
kornli_051135,contradiction
kornli_039997,contradiction
kornli_020473,entailment
kornli_015508,contradiction
kornli_004446,entailment
kornli_050029,entailment
kornli_039722,neutral
kornli_041063,neutral
kornli_030836,entailment
kornli_038372,neutral
kornli_058464,neutral
kornli_020974,contradiction
kornli_002935,entailment
kornli_046927,entailment
kornli_000171,neutral
kornli_054972,neutral
kornli_037709,contradiction
kornli_053855,neutral
kornli_021998,entailment
kornli_024057,contradiction
kornli_045561,entailment
kornli_046775,entailment
kornli_058925,contradiction
kornli_052218,contradiction
kornli_006042,contradiction
kornli_032925,neutral
kornli_041821,neutral
kornli_053394,contradiction
kornli_020437,entailment
kornli_018819,entailment
kornli_032719,neutral
kornli_027532,entailment
kornli_058320,neutral
kornli_042978,contradiction
kornli_037201,contradiction
kornli_033477,contradiction
kornli_046195,neutral
kornli_055327,entailment
kornli_015053,entailment
kornli_017062,entailment
kornli_011401,contradiction
kornli_049314,contradiction
kornli_002571,entailment
kornli_026676,entailment
kornli_038847,neutral
kornli_003254,contradiction
kornli_043354,entailment
kornli_043688,entailment
kornli_034853,neutral
kornli_009763,contradiction
kornli_056857,entailment
kornli_057201,contradiction
kornli_036136,contradiction
kornli_055105,entailment
kornli_057020,contradiction
kornli_040265,contradiction
kornli_039047,entailment
kornli_055101,neutral
kornli_048190,entailment
kornli_000840,neutral
kornli_030149,entailment
kornli_055311,entailment
kornli_032771,entailment
kornli_054433,entailment
kornli_021972,contradiction
kornli_008268,entailment
kornli_021710,neutral
kornli_056232,contradiction
kornli_035990,contradiction
kornli_003126,contradiction
kornli_000150,neutral
kornli_013918,neutral
kornli_053905,neutral
kornli_026243,entailment
kornli_003448,contradiction
kornli_018220,contradiction
kornli_014470,entailment
kornli_030652,contradiction
kornli_040401,neutral
kornli_039251,contradiction
kornli_016214,neutral
kornli_000657,contradiction
kornli_017492,entailment
kornli_032910,entailment
kornli_008886,entailment
kornli_011474,entailment
kornli_017047,entailment
kornli_001331,neutral
kornli_052775,entailment
kornli_051919,neutral
kornli_052337,entailment
kornli_017208,entailment
kornli_030062,contradiction
kornli_014997,entailment
kornli_041653,entailment
kornli_002553,contradiction
kornli_049656,neutral
kornli_025140,neutral
kornli_055212,entailment
kornli_022142,neutral
kornli_002422,contradiction
kornli_051132,contradiction
kornli_037545,entailment
kornli_002264,neutral
kornli_019746,contradiction
kornli_035185,entailment
kornli_042670,contradiction
kornli_015644,neutral
kornli_047133,entailment
kornli_019599,contradiction
kornli_030905,entailment
kornli_022402,contradiction
kornli_017722,neutral
kornli_006784,neutral
kornli_008657,neutral
kornli_044047,contradiction
kornli_034640,contradiction
kornli_028687,contradiction
kornli_058663,contradiction
kornli_043134,entailment
kornli_027361,neutral
kornli_051154,neutral
kornli_031157,contradiction
kornli_004915,contradiction
kornli_023521,neutral
kornli_005226,entailment
kornli_026060,entailment
kornli_035121,contradiction
kornli_043848,neutral
kornli_031676,contradiction
kornli_033808,contradiction
kornli_045410,contradiction
kornli_035827,entailment
kornli_057494,entailment
kornli_050350,neutral
kornli_042400,contradiction
kornli_010270,neutral
kornli_008855,entailment
kornli_016382,contradiction
kornli_059299,neutral
kornli_011689,entailment
kornli_038097,entailment
kornli_055598,neutral
kornli_031815,neutral
kornli_005168,contradiction
kornli_016724,entailment
kornli_004797,contradiction
kornli_036890,neutral
kornli_013762,neutral
kornli_057050,contradiction
kornli_008638,entailment
kornli_017737,neutral
kornli_039481,contradiction
kornli_040595,entailment
kornli_047111,entailment
kornli_005048,neutral
kornli_039795,entailment
kornli_000751,neutral
kornli_036212,contradiction
kornli_005842,neutral
kornli_009206,entailment
kornli_050461,neutral
kornli_035629,entailment
kornli_019343,neutral
kornli_004327,entailment
kornli_059399,entailment
kornli_051006,contradiction
kornli_011803,neutral
kornli_059733,contradiction
kornli_020973,entailment
kornli_035302,neutral
kornli_020125,entailment
kornli_027406,neutral
kornli_048067,contradiction
kornli_009861,contradiction
kornli_025808,entailment
kornli_039172,entailment
kornli_046965,neutral
kornli_027211,neutral
kornli_028433,entailment
kornli_025268,entailment
kornli_007107,neutral
kornli_004747,contradiction
kornli_059664,entailment
kornli_022335,neutral
kornli_028318,entailment
kornli_050892,entailment
kornli_044703,contradiction
kornli_054259,contradiction
kornli_034498,neutral
kornli_059649,entailment
kornli_049963,contradiction
kornli_056743,entailment
kornli_000662,entailment
kornli_022896,neutral
kornli_043183,entailment
kornli_010721,entailment
kornli_031126,entailment
kornli_012009,neutral
kornli_030670,entailment
kornli_034337,contradiction
kornli_022757,entailment
kornli_043694,neutral
kornli_035371,contradiction
kornli_026963,neutral
kornli_052771,neutral
kornli_059396,entailment
kornli_023660,contradiction
kornli_058115,neutral
kornli_045026,neutral
kornli_000378,neutral
kornli_034994,entailment
kornli_044286,neutral
kornli_015104,contradiction
kornli_040019,contradiction
kornli_006323,contradiction
kornli_001448,contradiction
kornli_056306,contradiction
kornli_016621,contradiction
kornli_043542,entailment
kornli_056527,entailment
kornli_018210,neutral
kornli_002903,entailment
kornli_026627,entailment
kornli_004496,neutral
kornli_024690,neutral
kornli_052923,neutral
kornli_053581,entailment
kornli_036179,neutral
kornli_001160,neutral
kornli_021614,neutral
kornli_044544,contradiction
kornli_008780,neutral
kornli_011059,neutral
kornli_003195,entailment
kornli_005706,neutral
kornli_000169,entailment
kornli_032137,neutral
kornli_052208,contradiction
kornli_024530,contradiction
kornli_047631,entailment
kornli_026443,neutral
kornli_057496,entailment
kornli_009851,contradiction
kornli_013321,neutral
kornli_036360,contradiction
kornli_053423,contradiction
kornli_000500,entailment
kornli_042859,contradiction
kornli_041988,entailment
kornli_025559,contradiction
kornli_018227,entailment
kornli_014883,contradiction
kornli_020466,entailment
kornli_056081,contradiction
kornli_013492,neutral
kornli_038691,neutral
kornli_046225,entailment
kornli_011022,entailment
kornli_045077,entailment
kornli_047699,contradiction
kornli_025237,entailment
kornli_027262,entailment
kornli_044815,neutral
kornli_056044,contradiction
kornli_043483,neutral
kornli_044780,contradiction
kornli_026367,entailment
kornli_009499,neutral
kornli_001758,entailment
kornli_039020,entailment
kornli_008832,entailment
kornli_011291,neutral
kornli_055388,contradiction
kornli_025683,entailment
kornli_027295,neutral
kornli_026183,contradiction
kornli_045276,entailment
kornli_055938,neutral
kornli_050995,neutral
kornli_023727,contradiction
kornli_010696,neutral
kornli_005045,contradiction
kornli_027392,entailment
kornli_024259,entailment
kornli_039288,entailment
kornli_056856,neutral
kornli_027338,entailment
kornli_058662,entailment
kornli_013987,neutral
kornli_049494,neutral
kornli_016451,contradiction
kornli_037828,entailment
kornli_042441,neutral
kornli_043331,entailment
kornli_016413,entailment
kornli_053450,neutral
kornli_031579,entailment
kornli_001799,neutral
kornli_056130,neutral
kornli_035474,neutral
kornli_039486,entailment
kornli_051970,neutral
kornli_013303,neutral
kornli_015934,entailment
kornli_026002,neutral
kornli_015808,contradiction
kornli_055779,neutral
kornli_001922,contradiction
kornli_052340,entailment
kornli_038472,neutral
kornli_005694,contradiction
kornli_006487,entailment
kornli_014904,entailment
kornli_031836,entailment
kornli_046943,contradiction
kornli_033906,contradiction
kornli_031363,entailment
kornli_021815,neutral
kornli_029984,contradiction
kornli_035434,entailment
kornli_045543,neutral
kornli_003896,entailment
kornli_056828,contradiction
kornli_046384,contradiction
kornli_028607,neutral
kornli_053481,contradiction
kornli_021472,contradiction
kornli_016240,neutral
kornli_035680,entailment
kornli_035631,contradiction
kornli_005419,neutral
kornli_029028,entailment
kornli_044243,neutral
kornli_058965,entailment
kornli_000587,entailment
kornli_036966,entailment
kornli_028218,neutral
kornli_045830,contradiction
kornli_033917,entailment
kornli_001948,neutral
kornli_033118,entailment
kornli_058818,contradiction
kornli_056582,contradiction
kornli_002278,neutral
kornli_006018,entailment
kornli_031686,neutral
kornli_006346,contradiction
kornli_049336,contradiction
kornli_033082,contradiction
kornli_057457,entailment
kornli_033332,entailment
kornli_054338,contradiction
kornli_002369,entailment
kornli_008037,neutral
kornli_046819,entailment
kornli_042757,entailment
kornli_000061,neutral
kornli_011494,contradiction
kornli_036831,neutral
kornli_023444,neutral
kornli_040201,entailment
kornli_009784,neutral
kornli_025197,contradiction
kornli_057365,neutral
kornli_050550,neutral
kornli_033588,contradiction
kornli_016372,contradiction
kornli_057960,entailment
kornli_049192,entailment
kornli_038350,entailment
kornli_000824,neutral
kornli_051877,entailment
kornli_059362,neutral
kornli_025359,entailment
kornli_000098,entailment
kornli_035232,contradiction
kornli_054656,entailment
kornli_015317,entailment
kornli_033465,neutral
kornli_006389,neutral
kornli_022932,entailment
kornli_049054,entailment
kornli_050906,neutral
kornli_029823,entailment
kornli_017354,entailment
kornli_040799,contradiction
kornli_000505,entailment
kornli_036259,entailment
kornli_031634,entailment
kornli_017388,contradiction
kornli_025278,contradiction
kornli_004493,neutral
kornli_027540,entailment
kornli_039032,neutral
kornli_043680,neutral
kornli_047050,neutral
kornli_025006,entailment
kornli_050395,neutral
kornli_034300,entailment
kornli_034771,neutral
kornli_011981,neutral
kornli_008492,contradiction
kornli_029917,entailment
kornli_036877,entailment
kornli_013594,neutral
kornli_024692,entailment
kornli_002918,entailment
kornli_040371,entailment
kornli_039847,neutral
kornli_053171,entailment
kornli_030992,entailment
kornli_010328,contradiction
kornli_019764,neutral
kornli_011043,entailment
kornli_029080,neutral
kornli_039217,entailment
kornli_059158,neutral
kornli_009624,neutral
kornli_038947,contradiction
kornli_015030,neutral
kornli_004042,entailment
kornli_050441,entailment
kornli_058355,entailment
kornli_024051,entailment
kornli_037650,entailment
kornli_012375,neutral
kornli_035695,neutral
kornli_008022,neutral
kornli_045599,neutral
kornli_001491,entailment
kornli_057514,neutral
kornli_005124,contradiction
kornli_044724,neutral
kornli_029567,contradiction
kornli_001629,neutral
kornli_009790,neutral
kornli_021178,contradiction
kornli_036531,entailment
kornli_036076,entailment
kornli_050334,neutral
kornli_040518,neutral
kornli_056263,neutral
kornli_046440,neutral
kornli_018337,entailment
kornli_024638,entailment
kornli_006479,entailment
kornli_013977,entailment
kornli_001169,contradiction
kornli_022603,entailment
kornli_052827,contradiction
kornli_025352,entailment
kornli_011083,neutral
kornli_011651,entailment
kornli_053247,neutral
kornli_039542,neutral
kornli_042617,neutral
kornli_025685,entailment
kornli_019940,contradiction
kornli_056097,contradiction
kornli_041261,contradiction
kornli_005852,neutral
kornli_014386,entailment
kornli_039555,entailment
kornli_007555,neutral
kornli_022776,entailment
kornli_046659,entailment
kornli_024912,contradiction
kornli_028462,neutral
kornli_031901,entailment
kornli_038892,entailment
kornli_009978,neutral
kornli_004800,contradiction
kornli_019392,contradiction
kornli_034549,contradiction
kornli_030164,entailment
kornli_029187,contradiction
kornli_040308,contradiction
kornli_004282,entailment
kornli_046086,neutral
kornli_018033,neutral
kornli_008569,neutral
kornli_029829,contradiction
kornli_014660,entailment
kornli_037535,contradiction
kornli_016077,entailment
kornli_041303,neutral
kornli_009236,neutral
kornli_056398,entailment
kornli_051977,neutral
kornli_054872,entailment
kornli_044055,contradiction
kornli_021417,entailment
kornli_023266,entailment
kornli_058002,neutral
kornli_026682,contradiction
kornli_009243,entailment
kornli_032397,contradiction
kornli_052313,neutral
kornli_056786,neutral
kornli_002385,neutral
kornli_011600,entailment
kornli_015009,neutral
kornli_021126,entailment
kornli_040046,neutral
kornli_031811,contradiction
kornli_019006,entailment
kornli_029213,entailment
kornli_031409,neutral
kornli_055195,entailment
kornli_058110,entailment
kornli_043604,contradiction
kornli_039727,contradiction
kornli_011436,entailment
kornli_039190,contradiction
kornli_010650,neutral
kornli_004825,contradiction
kornli_057430,neutral
kornli_049565,neutral
kornli_015735,contradiction
kornli_048750,contradiction
kornli_041885,contradiction
kornli_006312,contradiction
kornli_059164,contradiction
kornli_049139,contradiction
kornli_038543,neutral
kornli_021920,contradiction
kornli_022457,contradiction
kornli_051445,neutral
kornli_024304,neutral
kornli_000890,entailment
kornli_039303,neutral
kornli_003093,neutral
kornli_028217,entailment
kornli_029640,neutral
kornli_041864,neutral
kornli_014714,entailment
kornli_018832,contradiction
kornli_027489,neutral
kornli_048396,entailment
kornli_038930,entailment
kornli_007652,neutral
kornli_036771,contradiction
kornli_002141,entailment
kornli_033461,entailment
kornli_019904,contradiction
kornli_025720,entailment
kornli_059092,contradiction
kornli_012379,neutral
kornli_052593,entailment
kornli_001197,entailment
kornli_044490,contradiction
kornli_031025,neutral
kornli_049924,entailment
kornli_008757,entailment
kornli_029368,entailment
kornli_017591,entailment
kornli_012102,entailment
kornli_044887,contradiction
kornli_024123,neutral
kornli_000763,contradiction
kornli_054112,neutral
kornli_000762,neutral
kornli_017077,contradiction
kornli_022839,neutral
kornli_018965,contradiction
kornli_014375,neutral
kornli_049311,entailment
kornli_058220,neutral
kornli_046709,entailment
kornli_002910,entailment
kornli_005798,contradiction
kornli_001736,neutral
kornli_001111,neutral
kornli_017809,entailment
kornli_029647,entailment
kornli_019724,neutral
kornli_032555,contradiction
kornli_039960,neutral
kornli_011797,neutral
kornli_053781,entailment
kornli_047691,contradiction
kornli_000553,entailment
kornli_052517,contradiction
kornli_007096,neutral
kornli_034059,entailment
kornli_054624,neutral
kornli_037270,entailment
kornli_029025,entailment
kornli_049312,contradiction
kornli_030259,neutral
kornli_018609,neutral
kornli_044796,entailment
kornli_031278,entailment
kornli_023739,neutral
kornli_049463,contradiction
kornli_009082,neutral
kornli_024120,contradiction
kornli_038734,contradiction
kornli_055523,contradiction
kornli_007713,neutral
kornli_039799,neutral
kornli_026372,entailment
kornli_031775,neutral
kornli_057009,neutral
kornli_050845,entailment
kornli_033476,contradiction
kornli_034784,contradiction
kornli_032104,contradiction
kornli_014264,entailment
kornli_051290,contradiction
kornli_036663,entailment
kornli_019193,contradiction
kornli_055748,entailment
kornli_036781,entailment
kornli_057656,entailment
kornli_050290,neutral
kornli_029010,neutral
kornli_009279,entailment
kornli_036985,entailment
kornli_048287,neutral
kornli_038715,entailment
kornli_004343,entailment
kornli_000415,contradiction
kornli_034008,entailment
kornli_007072,entailment
kornli_001098,neutral
kornli_048175,contradiction
kornli_042686,neutral
kornli_033423,entailment
kornli_058086,contradiction
kornli_041170,neutral
kornli_007059,neutral
kornli_046605,neutral
kornli_020001,entailment
kornli_013132,entailment
kornli_002034,neutral
kornli_038972,neutral
kornli_020037,entailment
kornli_036543,contradiction
kornli_023054,neutral
kornli_015338,neutral
kornli_024321,contradiction
kornli_053436,neutral
kornli_014044,contradiction
kornli_010433,entailment
kornli_023795,neutral
kornli_057875,neutral
kornli_022719,neutral
kornli_038589,neutral
kornli_051694,entailment
kornli_005530,neutral
kornli_013709,entailment
kornli_024662,entailment
kornli_024837,contradiction
kornli_050526,entailment
kornli_007888,contradiction
kornli_059570,neutral
kornli_034125,entailment
kornli_033928,neutral
kornli_040608,entailment
kornli_024767,contradiction
kornli_035595,contradiction
kornli_030906,entailment
kornli_022796,neutral
kornli_002379,contradiction
kornli_019102,entailment
kornli_030163,entailment
kornli_056919,neutral
kornli_030745,neutral
kornli_030619,neutral
kornli_047537,neutral
kornli_020166,entailment
kornli_057629,entailment
kornli_055295,contradiction
kornli_033515,neutral
kornli_050289,neutral
kornli_041267,neutral
kornli_014571,entailment
kornli_034537,neutral
kornli_054376,contradiction
kornli_000107,neutral
kornli_032299,contradiction
kornli_018852,entailment
kornli_038404,neutral
kornli_036961,neutral
kornli_039774,contradiction
kornli_053278,entailment
kornli_012015,entailment
kornli_012443,entailment
kornli_040646,entailment
kornli_054416,contradiction
kornli_056508,entailment
kornli_051600,entailment
kornli_045594,contradiction
kornli_005114,entailment
kornli_034307,entailment
kornli_019952,entailment
kornli_041674,neutral
kornli_047297,neutral
kornli_039499,contradiction
kornli_016484,contradiction
kornli_003677,neutral
kornli_045066,neutral
kornli_017320,neutral
kornli_034775,neutral
kornli_053656,entailment
kornli_013920,entailment
kornli_024278,contradiction
kornli_000746,neutral
kornli_057288,neutral
kornli_023921,contradiction
kornli_051325,neutral
kornli_033695,contradiction
kornli_034195,contradiction
kornli_027930,contradiction
kornli_036635,contradiction
kornli_057986,entailment
kornli_042068,neutral
kornli_051775,neutral
kornli_030565,contradiction
kornli_049416,contradiction
kornli_003481,entailment
kornli_051828,entailment
kornli_049128,contradiction
kornli_039106,neutral
kornli_048141,entailment
kornli_042121,entailment
kornli_029040,entailment
kornli_000529,entailment
kornli_005296,neutral
kornli_033393,neutral
kornli_001175,entailment
kornli_018508,neutral
kornli_012095,contradiction
kornli_035385,neutral
kornli_012228,contradiction
kornli_010828,entailment
kornli_049169,entailment
kornli_044154,entailment
kornli_016500,neutral
kornli_036058,entailment
kornli_055756,neutral
kornli_019995,contradiction
kornli_047927,contradiction
kornli_003205,contradiction
kornli_030495,entailment
kornli_036923,contradiction
kornli_051984,neutral
kornli_047654,neutral
kornli_006874,entailment
kornli_022647,neutral
kornli_003837,entailment
kornli_014316,entailment
kornli_005099,neutral
kornli_044187,entailment
kornli_025705,neutral
kornli_041189,entailment
kornli_049090,contradiction
kornli_003832,entailment
kornli_022721,contradiction
kornli_046783,contradiction
kornli_015213,neutral
kornli_032783,contradiction
kornli_046722,neutral
kornli_019573,entailment
kornli_052519,contradiction
kornli_021304,entailment
kornli_033379,contradiction
kornli_057502,entailment
kornli_049771,entailment
kornli_033160,contradiction
kornli_007077,neutral
kornli_018751,entailment
kornli_029999,contradiction
kornli_024870,contradiction
kornli_047199,contradiction
kornli_051590,neutral
kornli_045734,contradiction
kornli_023614,contradiction
kornli_008699,entailment
kornli_005724,entailment
kornli_058945,neutral
kornli_014385,neutral
kornli_024329,contradiction
kornli_006227,contradiction
kornli_027214,contradiction
kornli_034726,entailment
kornli_057095,neutral
kornli_019732,contradiction
kornli_010274,entailment
kornli_058512,entailment
kornli_030133,entailment
kornli_025378,neutral
kornli_016435,entailment
kornli_013264,neutral
kornli_051895,contradiction
kornli_039948,entailment
kornli_023814,neutral
kornli_039095,neutral
kornli_017399,entailment
kornli_039951,contradiction
kornli_037990,entailment
kornli_027829,neutral
kornli_056928,neutral
kornli_004290,neutral
kornli_057643,neutral
kornli_038129,entailment
kornli_033139,neutral
kornli_014952,contradiction
kornli_022222,neutral
kornli_044873,entailment
kornli_047125,contradiction
kornli_010612,contradiction
kornli_056899,contradiction
kornli_048641,entailment
kornli_004366,neutral
kornli_055787,neutral
kornli_041875,contradiction
kornli_034861,entailment
kornli_034964,neutral
kornli_041608,neutral
kornli_016108,entailment
kornli_010142,entailment
kornli_022001,entailment
kornli_054114,entailment
kornli_015907,neutral
kornli_035584,contradiction
kornli_016314,entailment
kornli_059989,entailment
kornli_040000,entailment
kornli_024372,neutral
kornli_028525,neutral
kornli_007594,entailment
kornli_026107,entailment
kornli_026910,neutral
kornli_048568,entailment
kornli_000232,entailment
kornli_058448,neutral
kornli_048980,neutral
kornli_001154,contradiction
kornli_054406,contradiction
kornli_049087,neutral
kornli_034785,entailment
kornli_044104,entailment
kornli_030519,entailment
kornli_034163,contradiction
kornli_048115,neutral
kornli_040429,entailment
kornli_010916,entailment
kornli_051861,neutral
kornli_000541,contradiction
kornli_023879,neutral
kornli_029860,contradiction
kornli_043371,entailment
kornli_013667,contradiction
kornli_018993,entailment
kornli_035170,neutral
kornli_014319,neutral
kornli_017653,contradiction
kornli_044877,entailment
kornli_041848,neutral
kornli_035646,neutral
kornli_001303,contradiction
kornli_040354,neutral
kornli_024636,entailment
kornli_035135,neutral
kornli_033022,neutral
kornli_013345,contradiction
kornli_051193,neutral
kornli_018659,neutral
kornli_013033,entailment
kornli_030333,entailment
kornli_004168,contradiction
kornli_011428,neutral
kornli_041790,entailment
kornli_039004,neutral
kornli_011096,entailment
kornli_059527,neutral
kornli_005477,neutral
kornli_006543,neutral
kornli_032842,neutral
kornli_039188,entailment
kornli_034311,entailment
kornli_047778,neutral
kornli_021139,entailment
kornli_059145,neutral
kornli_003290,contradiction
kornli_045958,contradiction
kornli_059355,contradiction
kornli_019720,entailment
kornli_041056,contradiction
kornli_008940,contradiction
kornli_050231,entailment
kornli_038230,entailment
kornli_032052,neutral
kornli_037575,contradiction
kornli_035243,neutral
kornli_043620,entailment
kornli_011612,neutral
kornli_055048,neutral
kornli_031972,neutral
kornli_045274,entailment
kornli_044083,contradiction
kornli_036746,neutral
kornli_003208,contradiction
kornli_057766,neutral
kornli_047404,entailment
kornli_036043,contradiction
kornli_051278,contradiction
kornli_051353,contradiction
kornli_039632,entailment
kornli_057402,entailment
kornli_015498,neutral
kornli_032427,contradiction
kornli_001765,neutral
kornli_028673,neutral
kornli_003322,neutral
kornli_041133,contradiction
kornli_042355,neutral
kornli_049511,neutral
kornli_055879,contradiction
kornli_023766,entailment
kornli_019931,entailment
kornli_039489,neutral
kornli_042313,entailment
kornli_016872,entailment
kornli_042444,contradiction
kornli_055129,contradiction
kornli_034938,neutral
kornli_053843,contradiction
kornli_031627,contradiction
kornli_025655,neutral
kornli_029939,entailment
kornli_016244,neutral
kornli_005135,neutral
kornli_039089,entailment
kornli_049607,neutral
kornli_005214,neutral
kornli_026288,entailment
kornli_053520,contradiction
kornli_035621,neutral
kornli_029979,contradiction
kornli_044875,entailment
kornli_010535,contradiction
kornli_058582,neutral
kornli_030768,contradiction
kornli_018113,entailment
kornli_003005,entailment
kornli_003544,entailment
kornli_008352,entailment
kornli_003772,entailment
kornli_057148,neutral
kornli_058750,contradiction
kornli_006932,entailment
kornli_021778,entailment
kornli_042623,entailment
kornli_012237,neutral
kornli_055098,neutral
kornli_058526,neutral
kornli_030375,entailment
kornli_000080,contradiction
kornli_009320,neutral
kornli_052101,contradiction
kornli_056326,neutral
kornli_037656,neutral
kornli_007507,neutral
kornli_011281,entailment
kornli_047893,entailment
kornli_045685,neutral
kornli_038653,entailment
kornli_040047,neutral
kornli_026583,entailment
kornli_041633,entailment
kornli_016019,neutral
kornli_042802,neutral
kornli_001253,neutral
kornli_033296,contradiction
kornli_036707,neutral
kornli_009186,contradiction
kornli_009849,entailment
kornli_005950,entailment
kornli_003736,neutral
kornli_008364,contradiction
kornli_030348,neutral
kornli_051733,neutral
kornli_031732,neutral
kornli_047609,contradiction
kornli_044577,neutral
kornli_052144,neutral
kornli_010150,neutral
kornli_017210,entailment
kornli_026349,contradiction
kornli_046061,neutral
kornli_042586,neutral
kornli_032277,contradiction
kornli_033329,contradiction
kornli_055088,contradiction
kornli_022594,contradiction
kornli_054571,entailment
kornli_045579,contradiction
kornli_048224,neutral
kornli_057632,contradiction
kornli_033690,entailment
kornli_037554,entailment
kornli_046663,contradiction
kornli_039427,neutral
kornli_017787,contradiction
kornli_040233,neutral
kornli_035634,neutral
kornli_017800,entailment
kornli_043407,neutral
kornli_031101,contradiction
kornli_031618,entailment
kornli_004798,contradiction
kornli_043678,entailment
kornli_056904,contradiction
kornli_047345,neutral
kornli_057454,contradiction
kornli_000576,entailment
kornli_053830,entailment
kornli_052585,neutral
kornli_042089,entailment
kornli_008823,entailment
kornli_054135,neutral
kornli_037514,neutral
kornli_033470,entailment
kornli_019136,contradiction
kornli_028799,neutral
kornli_048258,contradiction
kornli_042156,contradiction
kornli_056342,entailment
kornli_043412,neutral
kornli_033450,neutral
kornli_045626,entailment
kornli_008747,contradiction
kornli_028491,neutral
kornli_035954,entailment
kornli_001070,neutral
kornli_041393,entailment
kornli_042178,contradiction
kornli_003842,entailment
kornli_010217,neutral
kornli_056922,neutral
kornli_021253,neutral
kornli_041318,contradiction
kornli_006522,neutral
kornli_002592,contradiction
kornli_040219,neutral
kornli_042664,contradiction
kornli_025605,neutral
kornli_012427,contradiction
kornli_046859,entailment
kornli_041655,entailment
kornli_057161,contradiction
kornli_059860,neutral
kornli_033653,entailment
kornli_042848,contradiction
kornli_002439,contradiction
kornli_025773,neutral
kornli_036501,contradiction
kornli_058157,neutral
kornli_036856,contradiction
kornli_010733,entailment
kornli_010102,contradiction
kornli_039224,entailment
kornli_012818,entailment
kornli_030272,contradiction
kornli_000030,contradiction
kornli_012591,entailment
kornli_019674,entailment
kornli_030310,neutral
kornli_009346,entailment
kornli_035930,entailment
kornli_039079,entailment
kornli_006423,neutral
kornli_002162,entailment
kornli_053808,contradiction
kornli_050174,contradiction
kornli_059825,contradiction
kornli_010405,neutral
kornli_002175,entailment
kornli_051503,entailment
kornli_006180,contradiction
kornli_020708,entailment
kornli_035549,entailment
kornli_021893,entailment
kornli_052168,entailment
kornli_020489,neutral
kornli_023926,neutral
kornli_008106,contradiction
kornli_038518,entailment
kornli_026347,neutral
kornli_046203,contradiction
kornli_000596,entailment
kornli_026333,contradiction
kornli_035956,contradiction
kornli_042240,neutral
kornli_045497,entailment
kornli_045154,neutral
kornli_051898,entailment
kornli_054440,neutral
kornli_022071,entailment
kornli_018854,entailment
kornli_000929,neutral
kornli_032276,neutral
kornli_042189,contradiction
kornli_059797,neutral
kornli_014770,neutral
kornli_057834,entailment
kornli_048453,neutral
kornli_053759,neutral
kornli_047280,contradiction
kornli_020095,contradiction
kornli_004751,neutral
kornli_039103,entailment
kornli_028905,neutral
kornli_003307,entailment
kornli_009689,entailment
kornli_049681,entailment
kornli_027827,contradiction
kornli_055357,contradiction
kornli_017433,contradiction
kornli_030754,entailment
kornli_028798,neutral
kornli_007019,entailment
kornli_027091,neutral
kornli_052969,entailment
kornli_045923,entailment
kornli_019180,contradiction
kornli_052703,neutral
kornli_011276,entailment
kornli_048984,neutral
kornli_045196,contradiction
kornli_004628,contradiction
kornli_031747,entailment
kornli_041280,neutral
kornli_051310,neutral
kornli_028016,neutral
kornli_033157,neutral
kornli_015204,neutral
kornli_018066,contradiction
kornli_014652,contradiction
kornli_022751,neutral
kornli_049957,entailment
kornli_005295,contradiction
kornli_032683,contradiction
kornli_014397,neutral
kornli_041430,neutral
kornli_048775,neutral
kornli_050159,contradiction
kornli_040124,entailment
kornli_010924,entailment
kornli_015025,entailment
kornli_040343,contradiction
kornli_015552,neutral
kornli_052329,neutral
kornli_010615,neutral
kornli_015056,contradiction
kornli_017518,contradiction
kornli_020276,contradiction
kornli_035506,contradiction
kornli_016641,neutral
kornli_004442,contradiction
kornli_047130,entailment
kornli_023616,neutral
kornli_016169,neutral
kornli_015635,contradiction
kornli_034173,neutral
kornli_055330,contradiction
kornli_052006,neutral
kornli_024978,neutral
kornli_033271,neutral
kornli_022331,neutral
kornli_056866,contradiction
kornli_053237,contradiction
kornli_016237,entailment
kornli_039971,neutral
kornli_015304,entailment
kornli_013847,contradiction
kornli_008307,neutral
kornli_029400,entailment
kornli_023725,contradiction
kornli_025186,contradiction
kornli_007356,neutral
kornli_009470,neutral
kornli_037808,neutral
kornli_013409,contradiction
kornli_000884,neutral
kornli_054597,contradiction
kornli_010141,entailment
kornli_039027,contradiction
kornli_011259,entailment
kornli_009321,entailment
kornli_018581,neutral
kornli_009576,neutral
kornli_059142,neutral
kornli_019805,contradiction
kornli_017350,entailment
kornli_022671,entailment
kornli_034346,contradiction
kornli_053538,contradiction
kornli_056460,entailment
kornli_021650,contradiction
kornli_050602,neutral
kornli_023201,neutral
kornli_004073,neutral
kornli_020599,entailment
kornli_011910,contradiction
kornli_029570,entailment
kornli_016834,neutral
kornli_036581,entailment
kornli_026523,contradiction
kornli_037992,entailment
kornli_005361,neutral
kornli_004900,contradiction
kornli_029843,entailment
kornli_000899,neutral
kornli_047289,contradiction
kornli_027638,contradiction
kornli_034514,contradiction
kornli_047922,entailment
kornli_003427,neutral
kornli_010013,neutral
kornli_040061,contradiction
kornli_029286,neutral
kornli_010687,contradiction
kornli_020045,neutral
kornli_052734,entailment
kornli_034399,entailment
kornli_058050,neutral
kornli_011906,entailment
kornli_000718,entailment
kornli_033570,entailment
kornli_043660,contradiction
kornli_000438,contradiction
kornli_004054,entailment
kornli_052336,neutral
kornli_027712,contradiction
kornli_017983,neutral
kornli_009138,neutral
kornli_056565,neutral
kornli_012331,neutral
kornli_038399,contradiction
kornli_033804,neutral
kornli_009721,neutral
kornli_040685,contradiction
kornli_010990,entailment
kornli_034023,contradiction
kornli_041094,entailment
kornli_044021,neutral
kornli_021460,neutral
kornli_020587,neutral
kornli_010806,neutral
kornli_057291,neutral
kornli_038151,contradiction
kornli_022496,contradiction
kornli_053860,entailment
kornli_000074,neutral
kornli_005249,neutral
kornli_032993,entailment
kornli_008997,entailment
kornli_030723,neutral
kornli_047410,entailment
kornli_045989,contradiction
kornli_010662,neutral
kornli_019285,contradiction
kornli_025785,contradiction
kornli_058231,neutral
kornli_000129,entailment
kornli_040119,neutral
kornli_015246,contradiction
kornli_015518,contradiction
kornli_055516,neutral
kornli_006449,contradiction
kornli_027716,neutral
kornli_010356,neutral
kornli_044991,neutral
kornli_014878,entailment
kornli_002305,contradiction
kornli_050514,entailment
kornli_000729,entailment
kornli_052230,entailment
kornli_035894,neutral
kornli_032432,entailment
kornli_052495,contradiction
kornli_043421,contradiction
kornli_014113,entailment
kornli_053620,contradiction
kornli_049913,entailment
kornli_051533,neutral
kornli_040060,neutral
kornli_012190,neutral
kornli_015569,contradiction
kornli_038167,entailment
kornli_024482,neutral
kornli_007433,contradiction
kornli_057972,contradiction
kornli_047810,entailment
kornli_059455,neutral
kornli_056860,neutral
kornli_001954,contradiction
kornli_008902,entailment
kornli_032015,entailment
kornli_059337,entailment
kornli_035115,contradiction
kornli_020088,entailment
kornli_006974,neutral
kornli_054253,contradiction
kornli_000619,neutral
kornli_017341,neutral
kornli_018173,neutral
kornli_038849,entailment
kornli_012274,neutral
kornli_021966,neutral
kornli_045454,contradiction
kornli_050965,entailment
kornli_031035,neutral
kornli_034752,contradiction
kornli_057971,entailment
kornli_053920,neutral
kornli_050693,neutral
kornli_058403,neutral
kornli_002284,entailment
kornli_049151,contradiction
kornli_042027,entailment
kornli_009490,contradiction
kornli_050964,neutral
kornli_009202,contradiction
kornli_034320,contradiction
kornli_047295,neutral
kornli_015015,entailment
kornli_008900,contradiction
kornli_008814,entailment
kornli_023849,entailment
kornli_009590,neutral
kornli_009293,neutral
kornli_004654,entailment
kornli_051562,neutral
kornli_000794,neutral
kornli_052571,contradiction
kornli_049723,neutral
kornli_043111,entailment
kornli_032837,contradiction
kornli_032437,entailment
kornli_012207,contradiction
kornli_057188,contradiction
kornli_039704,neutral
kornli_005388,entailment
kornli_052126,entailment
kornli_038434,neutral
kornli_059116,neutral
kornli_026840,contradiction
kornli_008122,entailment
kornli_045578,contradiction
kornli_057730,neutral
kornli_000139,contradiction
kornli_035808,neutral
kornli_039558,entailment
kornli_002726,neutral
kornli_049198,neutral
kornli_016536,neutral
kornli_053254,entailment
kornli_048471,entailment
kornli_020017,neutral
kornli_023821,neutral
kornli_055943,entailment
kornli_019408,neutral
kornli_042426,entailment
kornli_048915,entailment
kornli_025965,entailment
kornli_053698,entailment
kornli_052375,entailment
kornli_030895,neutral
kornli_053044,entailment
kornli_046433,neutral
kornli_004046,contradiction
kornli_006168,entailment
kornli_004637,contradiction
kornli_034936,contradiction
kornli_025788,entailment
kornli_059376,neutral
kornli_047229,neutral
kornli_014764,entailment
kornli_047080,entailment
kornli_001637,neutral
kornli_052903,neutral
kornli_038870,neutral
kornli_051464,neutral
kornli_017646,entailment
kornli_009777,neutral
kornli_041834,neutral
kornli_004771,entailment
kornli_057940,entailment
kornli_041539,neutral
kornli_047768,contradiction
kornli_015991,entailment
kornli_013849,neutral
kornli_040089,neutral
kornli_059214,entailment
kornli_007405,contradiction
kornli_009903,contradiction
kornli_020174,entailment
kornli_029406,neutral
kornli_020727,contradiction
kornli_039102,contradiction
kornli_025767,neutral
kornli_031989,entailment
kornli_017046,contradiction
kornli_035519,neutral
kornli_028584,entailment
kornli_041895,neutral
kornli_008560,contradiction
kornli_034645,contradiction
kornli_032363,contradiction
kornli_031902,entailment
kornli_055506,neutral
kornli_039624,entailment
kornli_006778,contradiction
kornli_046479,contradiction
kornli_020458,entailment
kornli_014450,contradiction
kornli_027286,neutral
kornli_044922,contradiction
kornli_011657,neutral
kornli_048637,entailment
kornli_057964,contradiction
kornli_005980,entailment
kornli_056998,entailment
kornli_011582,entailment
kornli_010952,entailment
kornli_029798,neutral
kornli_019663,neutral
kornli_012737,contradiction
kornli_018871,neutral
kornli_037622,entailment
kornli_032469,neutral
kornli_036537,neutral
kornli_007630,entailment
kornli_052185,contradiction
kornli_032315,neutral
kornli_017037,entailment
kornli_009465,neutral
kornli_010255,entailment
kornli_053731,entailment
kornli_048928,neutral
kornli_028753,entailment
kornli_013672,contradiction
kornli_014782,contradiction
kornli_049250,entailment
kornli_017934,entailment
kornli_034945,neutral
kornli_014060,neutral
kornli_044287,entailment
kornli_040953,neutral
kornli_010579,entailment
kornli_017211,neutral
kornli_033227,contradiction
kornli_039629,entailment
kornli_021781,neutral
kornli_053459,neutral
kornli_033923,contradiction
kornli_021243,neutral
kornli_017356,entailment
kornli_047448,entailment
kornli_046847,neutral
kornli_046294,neutral
kornli_059616,neutral
kornli_045818,contradiction
kornli_008656,entailment
kornli_037865,neutral
kornli_008233,neutral
kornli_056644,neutral
kornli_035767,entailment
kornli_004265,contradiction
kornli_022703,contradiction
kornli_047550,neutral
kornli_005866,neutral
kornli_028575,neutral
kornli_042850,neutral
kornli_047450,neutral
kornli_011117,neutral
kornli_033794,neutral
kornli_030174,entailment
kornli_018360,entailment
kornli_007699,neutral
kornli_043868,neutral
kornli_047716,contradiction
kornli_056825,entailment
kornli_013227,entailment
kornli_021762,entailment
kornli_029214,neutral
kornli_043116,entailment
kornli_006335,contradiction
kornli_039133,neutral
kornli_032040,neutral
kornli_014217,neutral
kornli_044280,entailment
kornli_028802,contradiction
kornli_007500,entailment
kornli_033744,contradiction
kornli_015247,contradiction
kornli_021247,contradiction
kornli_045865,neutral
kornli_032025,entailment
kornli_043518,neutral
kornli_054047,contradiction
kornli_001272,neutral
kornli_058688,entailment
kornli_047856,neutral
kornli_011306,neutral
kornli_017023,entailment
kornli_035357,contradiction
kornli_059692,entailment
kornli_025269,contradiction
kornli_035166,neutral
kornli_059201,contradiction
kornli_019502,neutral
kornli_011821,entailment
kornli_014087,neutral
kornli_019571,contradiction
kornli_042494,entailment
kornli_042667,entailment
kornli_057968,entailment
kornli_045819,contradiction
kornli_030641,neutral
kornli_011711,entailment
kornli_018520,neutral
kornli_000301,contradiction
kornli_028788,entailment
kornli_008170,neutral
kornli_007776,neutral
kornli_010229,entailment
kornli_033855,neutral
kornli_040859,contradiction
kornli_027261,entailment
kornli_049547,entailment
kornli_021406,entailment
kornli_041467,neutral
kornli_028373,entailment
kornli_033724,neutral
kornli_046329,neutral
kornli_024505,contradiction
kornli_008616,entailment
kornli_045560,contradiction
kornli_034223,entailment
kornli_038175,neutral
kornli_022538,contradiction
kornli_029069,neutral
kornli_022391,neutral
kornli_008428,contradiction
kornli_022311,neutral
kornli_004320,entailment
kornli_005243,contradiction
kornli_026646,contradiction
kornli_048552,neutral
kornli_028467,neutral
kornli_024882,entailment
kornli_018673,neutral
kornli_014983,contradiction
kornli_043212,neutral
kornli_053669,entailment
kornli_056756,entailment
kornli_034123,contradiction
kornli_028092,contradiction
kornli_015764,entailment
kornli_020114,entailment
kornli_057753,contradiction
kornli_042107,contradiction
kornli_057060,entailment
kornli_028559,entailment
kornli_041353,neutral
kornli_041260,entailment
kornli_013991,neutral
kornli_034935,neutral
kornli_050044,entailment
kornli_034374,entailment
kornli_005794,entailment
kornli_011827,entailment
kornli_029201,entailment
kornli_000989,neutral
kornli_030646,entailment
kornli_023320,entailment
kornli_006735,contradiction
kornli_051103,entailment
kornli_050984,contradiction
kornli_053828,neutral
kornli_045317,contradiction
kornli_049496,neutral
kornli_022850,entailment
kornli_052220,neutral
kornli_023196,entailment
kornli_013701,neutral
kornli_055089,contradiction
kornli_047942,contradiction
kornli_034157,contradiction
kornli_016516,entailment
kornli_043314,entailment
kornli_000007,entailment
kornli_017238,contradiction
kornli_031841,entailment
kornli_027500,entailment
kornli_021267,neutral
kornli_035476,entailment
kornli_058075,entailment
kornli_045498,neutral
kornli_024095,neutral
kornli_042000,contradiction
kornli_037520,contradiction
kornli_056553,neutral
kornli_053772,entailment
kornli_011608,neutral
kornli_025040,neutral
kornli_049758,entailment
kornli_024088,entailment
kornli_048160,contradiction
kornli_028915,neutral
kornli_003184,contradiction
kornli_037151,entailment
kornli_032090,neutral
kornli_014657,contradiction
kornli_026008,neutral
kornli_048040,neutral
kornli_019602,contradiction
kornli_008826,entailment
kornli_020003,neutral
kornli_041370,entailment
kornli_039739,neutral
kornli_015999,contradiction
kornli_009095,neutral
kornli_051922,neutral
kornli_052639,entailment
kornli_036775,entailment
kornli_011732,entailment
kornli_058799,contradiction
kornli_053969,neutral
kornli_057740,entailment
kornli_048483,entailment
kornli_048037,entailment
kornli_007660,contradiction
kornli_020993,contradiction
kornli_041349,neutral
kornli_039208,neutral
kornli_002195,neutral
kornli_015245,contradiction
kornli_009940,contradiction
kornli_050281,entailment
kornli_011182,entailment
kornli_042942,contradiction
kornli_056275,contradiction
kornli_041923,contradiction
kornli_045727,contradiction
kornli_043158,entailment
kornli_034408,neutral
kornli_035339,entailment
kornli_050017,neutral
kornli_016183,entailment
kornli_056123,neutral
kornli_031325,contradiction
kornli_009372,neutral
kornli_030797,contradiction
kornli_004855,entailment
kornli_028678,neutral
kornli_036431,entailment
kornli_017476,contradiction
kornli_020608,neutral
kornli_055589,contradiction
kornli_022114,contradiction
kornli_040582,entailment
kornli_031923,neutral
kornli_045277,neutral
kornli_025374,entailment
kornli_009742,neutral
kornli_031596,neutral
kornli_031128,entailment
kornli_010878,contradiction
kornli_039923,neutral
kornli_018723,neutral
kornli_027329,contradiction
kornli_028327,entailment
kornli_059568,contradiction
kornli_015987,neutral
kornli_013431,neutral
kornli_048607,entailment
kornli_004171,neutral
kornli_047762,entailment
kornli_042397,contradiction
kornli_002163,contradiction
kornli_052420,entailment
kornli_008528,neutral
kornli_045225,entailment
kornli_041602,neutral
kornli_023286,neutral
kornli_019968,contradiction
kornli_007531,entailment
kornli_008506,neutral
kornli_015730,entailment
kornli_021492,entailment
kornli_005349,contradiction
kornli_041131,contradiction
kornli_010038,contradiction
kornli_037404,entailment
kornli_007715,entailment
kornli_012077,entailment
kornli_013732,neutral
kornli_041659,entailment
kornli_002472,contradiction
kornli_052642,neutral
kornli_050957,neutral
kornli_013826,entailment
kornli_015050,neutral
kornli_034310,neutral
kornli_054976,neutral
kornli_018616,neutral
kornli_005527,entailment
kornli_053935,entailment
kornli_039420,entailment
kornli_046800,entailment
kornli_047296,contradiction
kornli_020105,neutral
kornli_042738,neutral
kornli_039752,entailment
kornli_055093,neutral
kornli_029083,neutral
kornli_028809,entailment
kornli_047894,contradiction
kornli_058646,neutral
kornli_045916,contradiction
kornli_005383,neutral
kornli_003888,entailment
kornli_053838,neutral
kornli_035287,contradiction
kornli_027873,neutral
kornli_016801,contradiction
kornli_013236,entailment
kornli_026153,neutral
kornli_047885,contradiction
kornli_050510,neutral
kornli_052263,neutral
kornli_003980,neutral
kornli_035288,entailment
kornli_034960,entailment
kornli_003755,neutral
kornli_050243,entailment
kornli_005749,contradiction
kornli_059979,contradiction
kornli_048053,contradiction
kornli_021661,entailment
kornli_040084,contradiction
kornli_027709,entailment
kornli_015460,entailment
kornli_004066,contradiction
kornli_011010,entailment
kornli_024552,entailment
kornli_057512,entailment
kornli_043098,entailment
kornli_037598,entailment
kornli_011577,contradiction
kornli_027108,neutral
kornli_008029,neutral
kornli_053706,entailment
kornli_047321,neutral
kornli_005896,contradiction
kornli_057924,neutral
kornli_023264,entailment
kornli_015098,neutral
kornli_047155,entailment
kornli_057434,neutral
kornli_028696,neutral
kornli_021681,neutral
kornli_027814,neutral
kornli_005404,entailment
kornli_058930,neutral
kornli_041625,entailment
kornli_040583,neutral
kornli_035484,entailment
kornli_040544,entailment
kornli_011100,contradiction
kornli_037352,contradiction
kornli_028135,entailment
kornli_056443,contradiction
kornli_011356,contradiction
kornli_028691,entailment
kornli_059819,contradiction
kornli_013554,contradiction
kornli_000948,contradiction
kornli_042812,entailment
kornli_000419,neutral
kornli_047560,entailment
kornli_043779,contradiction
kornli_032775,neutral
kornli_006867,entailment
kornli_030527,contradiction
kornli_030347,contradiction
kornli_044542,entailment
kornli_018981,contradiction
kornli_043162,neutral
kornli_011414,entailment
kornli_059839,neutral
kornli_004031,contradiction
kornli_029705,contradiction
kornli_035219,contradiction
kornli_047444,entailment
kornli_029918,neutral
kornli_043972,neutral
kornli_042330,neutral
kornli_018654,neutral
kornli_004578,neutral
kornli_019040,contradiction
kornli_019760,neutral
kornli_053741,neutral
kornli_056074,neutral
kornli_026763,entailment
kornli_049947,contradiction
kornli_053848,contradiction
kornli_046186,neutral
kornli_028104,neutral
kornli_053561,neutral
kornli_003887,contradiction
kornli_009741,neutral
kornli_046613,neutral
kornli_032066,neutral
kornli_037967,neutral
kornli_019399,entailment
kornli_057663,neutral
kornli_038099,contradiction
kornli_014091,neutral
kornli_027857,entailment
kornli_002080,entailment
kornli_018513,neutral
kornli_045387,contradiction
kornli_014517,contradiction
kornli_042536,neutral
kornli_011058,neutral
kornli_043767,entailment
kornli_008519,entailment
kornli_039647,entailment
kornli_025221,contradiction
kornli_059846,neutral
kornli_000509,contradiction
kornli_045542,neutral
kornli_047645,entailment
kornli_010884,neutral
kornli_002529,entailment
kornli_057247,contradiction
kornli_031461,neutral
kornli_005176,neutral
kornli_032178,entailment
kornli_053478,entailment
kornli_059504,entailment
kornli_051764,entailment
kornli_012609,neutral
kornli_039014,entailment
kornli_056732,contradiction
kornli_000353,neutral
kornli_032225,neutral
kornli_018133,entailment
kornli_050838,entailment
kornli_052661,entailment
kornli_049549,neutral
kornli_032633,entailment
kornli_036657,entailment
kornli_029712,contradiction
kornli_024886,entailment
kornli_013471,neutral
kornli_000225,neutral
kornli_024950,neutral
kornli_005122,neutral
kornli_007233,neutral
kornli_054412,contradiction
kornli_020519,entailment
kornli_026338,contradiction
kornli_005993,contradiction
kornli_043858,neutral
kornli_047204,neutral
kornli_002430,contradiction
kornli_013429,contradiction
kornli_001354,entailment
kornli_057073,entailment
kornli_050075,neutral
kornli_054671,neutral
kornli_056160,neutral
kornli_000767,neutral
kornli_055435,neutral
kornli_059183,neutral
kornli_000284,entailment
kornli_058450,contradiction
kornli_035641,contradiction
kornli_029655,contradiction
kornli_054590,contradiction
kornli_028891,entailment
kornli_008435,neutral
kornli_022318,contradiction
kornli_036855,entailment
kornli_054611,entailment
kornli_052292,entailment
kornli_020771,neutral
kornli_015650,neutral
kornli_041298,entailment
kornli_035077,contradiction
kornli_008225,entailment
kornli_005832,entailment
kornli_013026,neutral
kornli_058905,neutral
kornli_006721,entailment
kornli_047399,neutral
kornli_054599,neutral
kornli_006450,neutral
kornli_036368,entailment
kornli_045588,entailment
kornli_033722,neutral
kornli_025763,contradiction
kornli_020238,entailment
kornli_043353,neutral
kornli_010531,neutral
kornli_015216,neutral
kornli_020852,neutral
kornli_054408,contradiction
kornli_026384,entailment
kornli_003046,contradiction
kornli_012848,neutral
kornli_048405,entailment
kornli_047477,entailment
kornli_023536,entailment
kornli_012693,contradiction
kornli_031166,contradiction
kornli_001225,neutral
kornli_000393,neutral
kornli_045393,neutral
kornli_044108,neutral
kornli_050175,entailment
kornli_008876,contradiction
kornli_024544,neutral
kornli_057628,entailment
kornli_034347,neutral
kornli_033940,entailment
kornli_008664,neutral
kornli_015310,neutral
kornli_005514,entailment
kornli_047832,neutral
kornli_035550,entailment
kornli_050492,entailment
kornli_038426,contradiction
kornli_057481,neutral
kornli_038260,entailment
kornli_058368,entailment
kornli_012503,contradiction
kornli_004994,entailment
kornli_005631,entailment
kornli_013433,contradiction
kornli_054985,entailment
kornli_002196,neutral
kornli_044029,neutral
kornli_015888,entailment
kornli_051853,neutral
kornli_048180,neutral
kornli_025118,entailment
kornli_031402,entailment
kornli_045689,entailment
kornli_035372,neutral
kornli_036401,contradiction
kornli_050422,contradiction
kornli_001252,neutral
kornli_054802,entailment
kornli_022329,contradiction
kornli_011363,neutral
kornli_010795,neutral
kornli_002712,contradiction
kornli_016795,entailment
kornli_048746,contradiction
kornli_053624,contradiction
kornli_052159,contradiction
kornli_026204,neutral
kornli_012269,neutral
kornli_010350,contradiction
kornli_055926,contradiction
kornli_016588,neutral
kornli_005469,entailment
kornli_043636,entailment
kornli_046681,entailment
kornli_039738,entailment
kornli_019774,neutral
kornli_003056,entailment
kornli_041504,contradiction
kornli_051513,neutral
kornli_024812,neutral
kornli_010362,neutral
kornli_038490,contradiction
kornli_030464,neutral
kornli_003963,contradiction
kornli_045495,contradiction
kornli_000793,neutral
kornli_021463,entailment
kornli_050114,contradiction
kornli_008016,neutral
kornli_015450,neutral
kornli_030568,entailment
kornli_029046,neutral
kornli_020009,entailment
kornli_029139,neutral
kornli_021273,neutral
kornli_056046,entailment
kornli_056061,contradiction
kornli_055945,neutral
kornli_003454,neutral
kornli_018489,entailment
kornli_034107,neutral
kornli_018062,contradiction
kornli_054240,neutral
kornli_053736,contradiction
kornli_045017,neutral
kornli_055958,neutral
kornli_041596,neutral
kornli_000286,entailment
kornli_021994,neutral
kornli_010787,entailment
kornli_024873,neutral
kornli_038182,entailment
kornli_030179,neutral
kornli_013765,entailment
kornli_056624,contradiction
kornli_010487,neutral
kornli_059975,contradiction
kornli_028410,neutral
kornli_017441,neutral
kornli_047818,entailment
kornli_049196,contradiction
kornli_057930,entailment
kornli_008427,entailment
kornli_044562,contradiction
kornli_036002,neutral
kornli_013077,neutral
kornli_036690,entailment
kornli_058896,contradiction
kornli_044853,entailment
kornli_029816,contradiction
kornli_049486,entailment
kornli_037303,entailment
kornli_002722,entailment
kornli_020374,contradiction
kornli_003399,neutral
kornli_046408,entailment
kornli_053756,contradiction
kornli_028236,contradiction
kornli_055316,neutral
kornli_019021,contradiction
kornli_031787,contradiction
kornli_010106,neutral
kornli_001053,entailment
kornli_020521,neutral
kornli_027326,neutral
kornli_014667,contradiction
kornli_048417,entailment
kornli_029538,entailment
kornli_005821,neutral
kornli_046492,entailment
kornli_053509,contradiction
kornli_053654,neutral
kornli_055952,neutral
kornli_038750,neutral
kornli_034625,neutral
kornli_021616,contradiction
kornli_001643,entailment
kornli_030763,entailment
kornli_041837,neutral
kornli_029857,contradiction
kornli_025701,entailment
kornli_031605,entailment
kornli_030862,neutral
kornli_009879,entailment
kornli_031186,neutral
kornli_004854,neutral
kornli_045082,contradiction
kornli_001684,neutral
kornli_055283,contradiction
kornli_016425,contradiction
kornli_044551,neutral
kornli_021241,contradiction
kornli_047149,entailment
kornli_002774,entailment
kornli_048253,neutral
kornli_021890,contradiction
kornli_051710,contradiction
kornli_018346,entailment
kornli_054732,contradiction
kornli_005944,entailment
kornli_034774,neutral
kornli_020679,contradiction
kornli_010052,entailment
kornli_036120,entailment
kornli_017711,neutral
kornli_028456,entailment
kornli_035749,contradiction
kornli_021985,neutral
kornli_041257,entailment
kornli_034282,contradiction
kornli_031191,neutral
kornli_026552,neutral
kornli_048089,entailment
kornli_003521,entailment
kornli_036845,contradiction
kornli_018719,entailment
kornli_055122,contradiction
kornli_055184,entailment
kornli_038157,contradiction
kornli_011698,entailment
kornli_055118,neutral
kornli_048143,entailment
kornli_009636,entailment
kornli_059368,contradiction
kornli_054097,entailment
kornli_040063,entailment
kornli_021504,entailment
kornli_051998,entailment
kornli_019435,neutral
kornli_000775,contradiction
kornli_023983,entailment
kornli_021686,entailment
kornli_002513,entailment
kornli_022815,neutral
kornli_020606,neutral
kornli_016007,entailment
kornli_026935,entailment
kornli_039587,entailment
kornli_018298,neutral
kornli_044332,neutral
kornli_026569,neutral
kornli_033135,entailment
kornli_025093,entailment
kornli_008109,entailment
kornli_024340,contradiction
kornli_055591,contradiction
kornli_038362,contradiction
kornli_056127,neutral
kornli_034674,neutral
kornli_013678,neutral
kornli_012360,contradiction
kornli_026508,entailment
kornli_033543,contradiction
kornli_000941,contradiction
kornli_042055,contradiction
kornli_054299,contradiction
kornli_018683,contradiction
kornli_005571,entailment
kornli_032238,neutral
kornli_026926,contradiction
kornli_058603,neutral
kornli_034130,entailment
kornli_033989,entailment
kornli_021015,neutral
kornli_047834,entailment
kornli_029680,contradiction
kornli_050908,entailment
kornli_039434,contradiction
kornli_037116,neutral
kornli_003952,contradiction
kornli_059378,neutral
kornli_044337,neutral
kornli_056024,contradiction
kornli_040570,contradiction
kornli_012451,contradiction
kornli_034787,entailment
kornli_035199,contradiction
kornli_013381,entailment
kornli_034342,entailment
kornli_055605,entailment
kornli_033225,entailment
kornli_058589,neutral
kornli_056680,neutral
kornli_032868,entailment
kornli_036321,contradiction
kornli_021633,entailment
kornli_054751,contradiction
kornli_014934,contradiction
kornli_014801,neutral
kornli_004089,neutral
kornli_038276,entailment
kornli_033970,contradiction
kornli_050181,entailment
kornli_035607,entailment
kornli_052132,entailment
kornli_040574,contradiction
kornli_040022,neutral
kornli_056741,neutral
kornli_025151,neutral
kornli_038523,neutral
kornli_009169,entailment
kornli_041359,entailment
kornli_038696,contradiction
kornli_047769,entailment
kornli_052568,entailment
kornli_037897,entailment
kornli_052174,entailment
kornli_051269,contradiction
kornli_028034,entailment
kornli_009696,contradiction
kornli_055682,entailment
kornli_058118,entailment
kornli_037307,neutral
kornli_027812,contradiction
kornli_004267,contradiction
kornli_045549,neutral
kornli_033652,neutral
kornli_055153,contradiction
kornli_005442,contradiction
kornli_024783,neutral
kornli_031953,entailment
kornli_032970,contradiction
kornli_039828,contradiction
kornli_026650,neutral
kornli_038245,contradiction
kornli_036623,entailment
kornli_024637,neutral
kornli_054904,entailment
kornli_026031,entailment
kornli_019292,neutral
kornli_036374,entailment
kornli_032726,neutral
kornli_006923,entailment
kornli_014047,neutral
kornli_052635,entailment
kornli_037638,neutral
kornli_006732,contradiction
kornli_056697,contradiction
kornli_007751,contradiction
kornli_014493,neutral
kornli_051645,entailment
kornli_028298,entailment
kornli_000204,contradiction
kornli_024504,entailment
kornli_019066,neutral
kornli_049631,neutral
kornli_021678,contradiction
kornli_023377,contradiction
kornli_040051,neutral
kornli_006255,neutral
kornli_022995,neutral
kornli_058210,entailment
kornli_059590,entailment
kornli_030608,entailment
kornli_050088,contradiction
kornli_031664,neutral
kornli_047798,neutral
kornli_020459,contradiction
kornli_054172,entailment
kornli_040704,neutral
kornli_039687,neutral
kornli_018979,contradiction
kornli_002177,neutral
kornli_044102,contradiction
kornli_039807,neutral
kornli_021858,neutral
kornli_035757,contradiction
kornli_052010,contradiction
kornli_013308,entailment
kornli_011924,entailment
kornli_018488,neutral
kornli_022091,neutral
kornli_016854,contradiction
kornli_041709,contradiction
kornli_030783,contradiction
kornli_020157,neutral
kornli_006500,neutral
kornli_043925,neutral
kornli_011004,contradiction
kornli_054978,neutral
kornli_009675,neutral
kornli_033576,neutral
kornli_034383,contradiction
kornli_023834,entailment
kornli_029404,entailment
kornli_045110,contradiction
kornli_047536,neutral
kornli_023032,contradiction
kornli_050774,neutral
kornli_054975,neutral
kornli_032380,entailment
kornli_017463,neutral
kornli_058252,contradiction
kornli_001201,entailment
kornli_037762,entailment
kornli_041325,entailment
kornli_016443,contradiction
kornli_018222,entailment
kornli_059260,neutral
kornli_020300,neutral
kornli_029113,contradiction
kornli_021168,neutral
kornli_056501,neutral
kornli_041890,contradiction
kornli_028072,neutral
kornli_008916,entailment
kornli_032692,neutral
kornli_050485,contradiction
kornli_041689,neutral
kornli_051595,entailment
kornli_006740,entailment
kornli_049188,entailment
kornli_037540,contradiction
kornli_043504,entailment
kornli_044059,entailment
kornli_055842,neutral
kornli_024016,contradiction
kornli_035782,entailment
kornli_010670,contradiction
kornli_034884,entailment
kornli_057552,neutral
kornli_044941,entailment
kornli_003403,neutral
kornli_054883,neutral
kornli_010307,entailment
kornli_043265,contradiction
kornli_028533,neutral
kornli_048925,entailment
kornli_016438,entailment
kornli_022290,contradiction
kornli_024285,entailment
kornli_053399,entailment
kornli_021487,entailment
kornli_057982,neutral
kornli_034851,entailment
kornli_014297,neutral
kornli_043786,neutral
kornli_018024,entailment
kornli_023010,entailment
kornli_037124,neutral
kornli_007884,neutral
kornli_039241,entailment
kornli_005199,contradiction
kornli_051767,entailment
kornli_000274,entailment
kornli_025124,contradiction
kornli_008104,contradiction
kornli_058894,contradiction
kornli_046427,entailment
kornli_056032,entailment
kornli_012465,neutral
kornli_047097,entailment
kornli_005058,entailment
kornli_026178,entailment
kornli_022873,entailment
kornli_029889,contradiction
kornli_015051,neutral
kornli_041124,neutral
kornli_000567,entailment
kornli_050930,neutral
kornli_001698,entailment
kornli_055791,entailment
kornli_037689,contradiction
kornli_028888,entailment
kornli_052954,neutral
kornli_011376,neutral
kornli_052473,entailment
kornli_013203,neutral
kornli_059581,contradiction
kornli_018900,neutral
kornli_016947,entailment
kornli_002505,contradiction
kornli_018863,neutral
kornli_015376,contradiction
kornli_043207,neutral
kornli_037117,entailment
kornli_016090,neutral
kornli_024900,neutral
kornli_034599,entailment
kornli_026393,entailment
kornli_037067,neutral
kornli_001636,contradiction
kornli_040814,neutral
kornli_040554,neutral
kornli_030317,neutral
kornli_046833,entailment
kornli_009413,contradiction
kornli_009207,contradiction
kornli_040659,neutral
kornli_045954,neutral
kornli_027029,entailment
kornli_035800,entailment
kornli_006777,entailment
kornli_059169,neutral
kornli_015835,contradiction
kornli_058484,entailment
kornli_010310,entailment
kornli_005824,entailment
kornli_028062,contradiction
kornli_040392,neutral
kornli_016740,contradiction
kornli_035244,neutral
kornli_034466,entailment
kornli_028800,contradiction
kornli_024209,neutral
kornli_045598,neutral
kornli_019152,entailment
kornli_052792,entailment
kornli_049415,entailment
kornli_055752,contradiction
kornli_019812,contradiction
kornli_014623,contradiction
kornli_005659,entailment
kornli_042893,contradiction
kornli_057903,entailment
kornli_018602,contradiction
kornli_016983,contradiction
kornli_028030,neutral
kornli_045480,entailment
kornli_030605,neutral
kornli_038089,entailment
kornli_034575,contradiction
kornli_041218,neutral
kornli_044725,entailment
kornli_025226,contradiction
kornli_014236,neutral
kornli_010894,entailment
kornli_005333,neutral
kornli_019676,contradiction
kornli_036889,contradiction
kornli_015937,entailment
kornli_043916,entailment
kornli_053170,contradiction
kornli_017030,contradiction
kornli_030752,entailment
kornli_042615,contradiction
kornli_036350,neutral
kornli_033740,entailment
kornli_022940,neutral
kornli_029535,contradiction
kornli_003338,entailment
kornli_040593,entailment
kornli_047431,contradiction
kornli_022379,entailment
kornli_055996,contradiction
kornli_039305,neutral
kornli_041935,entailment
kornli_006381,contradiction
kornli_025591,entailment
kornli_036340,neutral
kornli_040890,contradiction
kornli_005075,entailment
kornli_024970,entailment
kornli_052277,neutral
kornli_016457,entailment
kornli_015441,entailment
kornli_042031,neutral
kornli_022841,contradiction
kornli_025467,contradiction
kornli_022934,neutral
kornli_020554,contradiction
kornli_009519,contradiction
kornli_045319,neutral
kornli_059403,contradiction
kornli_058227,contradiction
kornli_022081,neutral
kornli_014788,entailment
kornli_018678,entailment
kornli_028076,contradiction
kornli_016359,entailment
kornli_005589,contradiction
kornli_023985,neutral
kornli_029207,neutral
kornli_035393,contradiction
kornli_030966,neutral
kornli_030209,entailment
kornli_041419,entailment
kornli_046488,contradiction
kornli_018172,entailment
kornli_035454,neutral
kornli_041772,neutral
kornli_028267,neutral
kornli_021829,contradiction
kornli_030796,neutral
kornli_011962,entailment
kornli_011772,entailment
kornli_010320,entailment
kornli_054530,entailment
kornli_042838,neutral
kornli_023435,neutral
kornli_030644,contradiction
kornli_009481,contradiction
kornli_005228,contradiction
kornli_048513,neutral
kornli_001052,contradiction
kornli_026455,neutral
kornli_038584,neutral
kornli_052419,entailment
kornli_030929,neutral
kornli_011620,contradiction
kornli_010833,entailment
kornli_013277,contradiction
kornli_020050,entailment
kornli_000490,contradiction
kornli_038666,entailment
kornli_057795,entailment
kornli_012137,neutral
kornli_028786,neutral
kornli_024709,neutral
kornli_002644,contradiction
kornli_019911,entailment
kornli_010050,contradiction
kornli_045128,entailment
kornli_015209,neutral
kornli_015005,neutral
kornli_004337,entailment
kornli_050371,contradiction
kornli_028020,neutral
kornli_050790,contradiction
kornli_037365,neutral
kornli_053665,contradiction
kornli_016915,entailment
kornli_040756,contradiction
kornli_044546,contradiction
kornli_017872,entailment
kornli_023419,contradiction
kornli_043448,neutral
kornli_023410,neutral
kornli_006764,entailment
kornli_051963,entailment
kornli_025439,neutral
kornli_028119,neutral
kornli_022380,neutral
kornli_027601,entailment
kornli_059885,contradiction
kornli_039077,neutral
kornli_051617,contradiction
kornli_016824,entailment
kornli_032092,contradiction
kornli_007206,neutral
kornli_029955,entailment
kornli_033614,entailment
kornli_016878,neutral
kornli_033183,neutral
kornli_013489,contradiction
kornli_048048,neutral
kornli_005407,neutral
kornli_044222,neutral
kornli_029500,neutral
kornli_029097,contradiction
kornli_028829,neutral
kornli_047360,neutral
kornli_046698,contradiction
kornli_043532,contradiction
kornli_013601,neutral
kornli_049423,contradiction
kornli_000936,entailment
kornli_004555,contradiction
kornli_025880,neutral
kornli_000610,neutral
kornli_011731,entailment
kornli_032431,neutral
kornli_005596,entailment
kornli_008537,entailment
kornli_049078,entailment
kornli_056569,contradiction
kornli_047005,entailment
kornli_011133,neutral
kornli_030235,neutral
kornli_059015,neutral
kornli_024037,neutral
kornli_034181,neutral
kornli_014504,neutral
kornli_051287,neutral
kornli_001093,neutral
kornli_055332,contradiction
kornli_033854,entailment
kornli_046956,contradiction
kornli_052604,entailment
kornli_059541,entailment
kornli_012054,entailment
kornli_035398,neutral
kornli_015570,entailment
kornli_013402,neutral
kornli_022531,entailment
kornli_028437,neutral
kornli_014013,neutral
kornli_036129,contradiction
kornli_024034,contradiction
kornli_049005,neutral
kornli_021649,neutral
kornli_019033,neutral
kornli_009204,neutral
kornli_019245,neutral
kornli_024156,neutral
kornli_008285,entailment
kornli_027616,contradiction
kornli_043741,entailment
kornli_012343,contradiction
kornli_026432,contradiction
kornli_002973,neutral
kornli_048390,entailment
kornli_029479,neutral
kornli_022527,entailment
kornli_026314,entailment
kornli_037424,entailment
kornli_058434,entailment
kornli_055986,contradiction
kornli_024284,entailment
kornli_016253,contradiction
kornli_009875,neutral
kornli_034544,entailment
kornli_000230,contradiction
kornli_053574,neutral
kornli_011209,neutral
kornli_007049,entailment
kornli_058106,contradiction
kornli_050434,entailment
kornli_039336,contradiction
kornli_014789,entailment
kornli_049674,entailment
kornli_043245,neutral
kornli_007237,neutral
kornli_011475,contradiction
kornli_041087,entailment
kornli_046378,neutral
kornli_042653,contradiction
kornli_047449,neutral
kornli_024213,neutral
kornli_017106,contradiction
kornli_021588,entailment
kornli_011936,neutral
kornli_009334,neutral
kornli_059870,neutral
kornli_057049,contradiction
kornli_045763,contradiction
kornli_040236,contradiction
kornli_002982,entailment
kornli_013307,entailment
kornli_032459,entailment
kornli_006090,neutral
kornli_030696,entailment
kornli_046749,neutral
kornli_023048,contradiction
kornli_035435,contradiction
kornli_002610,neutral
kornli_009956,entailment
kornli_013581,neutral
kornli_006610,entailment
kornli_036285,contradiction
kornli_001065,neutral
kornli_023001,neutral
kornli_048684,entailment
kornli_041406,contradiction
kornli_041710,contradiction
kornli_053298,contradiction
kornli_048280,contradiction
kornli_044961,neutral
kornli_057576,neutral
kornli_008692,neutral
kornli_024363,contradiction
kornli_058133,entailment
kornli_050505,entailment
kornli_014774,entailment
kornli_034116,contradiction
kornli_034340,neutral
kornli_005347,neutral
kornli_045342,entailment
kornli_013704,neutral
kornli_002333,entailment
kornli_012165,neutral
kornli_010027,entailment
kornli_000445,neutral
kornli_014065,neutral
kornli_007333,entailment
kornli_009028,contradiction
kornli_014078,neutral
kornli_039225,entailment
kornli_007785,entailment
kornli_037380,contradiction
kornli_042785,entailment
kornli_034244,neutral
kornli_039394,neutral
kornli_032345,entailment
kornli_006088,neutral
kornli_013588,contradiction
kornli_026143,neutral
kornli_001421,neutral
kornli_055497,neutral
kornli_011853,neutral
kornli_033930,neutral
kornli_000268,entailment
kornli_055456,contradiction
kornli_022767,contradiction
kornli_045505,contradiction
kornli_036381,contradiction
kornli_033535,contradiction
kornli_015547,contradiction
kornli_035843,contradiction
kornli_052244,entailment
kornli_016771,neutral
kornli_017490,entailment
kornli_001812,contradiction
kornli_059749,neutral
kornli_057455,entailment
kornli_026301,neutral
kornli_028319,neutral
kornli_011819,contradiction
kornli_033148,neutral
kornli_059270,contradiction
kornli_042122,neutral
kornli_006281,entailment
kornli_023417,contradiction
kornli_002335,neutral
kornli_028482,neutral
kornli_059553,entailment
kornli_036234,contradiction
kornli_030655,entailment
kornli_058950,neutral
kornli_020111,neutral
kornli_058745,entailment
kornli_043527,neutral
kornli_042807,entailment
kornli_012123,neutral
kornli_058777,neutral
kornli_000526,contradiction
kornli_051891,contradiction
kornli_057641,entailment
kornli_003914,contradiction
kornli_035216,contradiction
kornli_039055,contradiction
kornli_041795,contradiction
kornli_007584,neutral
kornli_011345,entailment
kornli_011142,contradiction
kornli_010315,entailment
kornli_010168,neutral
kornli_048362,entailment
kornli_010299,neutral
kornli_028019,neutral
kornli_003233,entailment
kornli_003636,neutral
kornli_010427,entailment
kornli_042811,contradiction
kornli_013938,entailment
kornli_051508,entailment
kornli_058136,entailment
kornli_020439,entailment
kornli_035094,contradiction
kornli_030284,neutral
kornli_047723,neutral
kornli_054119,neutral
kornli_037119,neutral
kornli_001262,neutral
kornli_056817,contradiction
kornli_052068,entailment
kornli_028690,neutral
kornli_010736,entailment
kornli_018019,neutral
kornli_023636,entailment
kornli_046937,entailment
kornli_000358,contradiction
kornli_017794,entailment
kornli_009939,entailment
kornli_046280,entailment
kornli_050623,contradiction
kornli_048216,neutral
kornli_005598,entailment
kornli_048780,entailment
kornli_014205,entailment
kornli_009416,entailment
kornli_053103,neutral
kornli_043875,neutral
kornli_036538,neutral
kornli_058036,neutral
kornli_008726,neutral
kornli_038706,contradiction
kornli_004243,neutral
kornli_002629,contradiction
kornli_015750,entailment
kornli_015678,entailment
kornli_011864,entailment
kornli_045368,contradiction
kornli_012602,neutral
kornli_045581,entailment
kornli_049744,contradiction
kornli_028642,entailment
kornli_018795,entailment
kornli_003520,entailment
kornli_017745,neutral
kornli_037521,neutral
kornli_050427,entailment
kornli_030110,contradiction
kornli_043664,contradiction
kornli_030628,neutral
kornli_024790,neutral
kornli_030637,entailment
kornli_044605,neutral
kornli_009710,neutral
kornli_051358,contradiction
kornli_051451,neutral
kornli_012543,neutral
kornli_048529,neutral
kornli_038111,neutral
kornli_052316,contradiction
kornli_008326,neutral
kornli_041730,contradiction
kornli_023665,contradiction
kornli_007791,contradiction
kornli_028172,neutral
kornli_000029,neutral
kornli_033666,entailment
kornli_025533,contradiction
kornli_017923,contradiction
kornli_050846,entailment
kornli_056625,neutral
kornli_052668,contradiction
kornli_024647,contradiction
kornli_040077,entailment
kornli_028966,entailment
kornli_010227,entailment
kornli_032497,neutral
kornli_014038,neutral
kornli_017588,contradiction
kornli_059130,entailment
kornli_025863,neutral
kornli_052582,neutral
kornli_042309,neutral
kornli_010619,entailment
kornli_028856,neutral
kornli_029370,neutral
kornli_038830,entailment
kornli_000407,contradiction
kornli_049474,entailment
kornli_046273,contradiction
kornli_023784,neutral
kornli_007843,contradiction
kornli_008469,contradiction
kornli_002972,entailment
kornli_011489,neutral
kornli_008579,contradiction
kornli_053094,entailment
kornli_031086,entailment
kornli_056000,neutral
kornli_005841,neutral
kornli_033124,neutral
kornli_018785,neutral
kornli_041291,entailment
kornli_015921,neutral
kornli_040550,neutral
kornli_018702,contradiction
kornli_055030,entailment
kornli_011081,contradiction
kornli_052408,entailment
kornli_032089,neutral
kornli_024028,contradiction
kornli_050270,entailment
kornli_057902,neutral
kornli_030200,entailment
kornli_046975,contradiction
kornli_050129,contradiction
kornli_003253,contradiction
kornli_023800,entailment
kornli_058888,neutral
kornli_044832,contradiction
kornli_001127,entailment
kornli_056121,entailment
kornli_019487,entailment
kornli_041469,neutral
kornli_021005,neutral
kornli_047808,contradiction
kornli_021076,contradiction
kornli_012880,contradiction
kornli_036552,contradiction
kornli_008531,entailment
kornli_050249,neutral
kornli_043541,entailment
kornli_041594,contradiction
kornli_020304,neutral
kornli_002771,entailment
kornli_037143,neutral
kornli_040578,neutral
kornli_042573,entailment
kornli_024398,neutral
kornli_032454,contradiction
kornli_010649,contradiction
kornli_033259,entailment
kornli_048701,entailment
kornli_055823,neutral
kornli_007411,neutral
kornli_003807,entailment
kornli_015125,contradiction
kornli_024961,entailment
kornli_057532,contradiction
kornli_042148,neutral
kornli_044858,entailment
kornli_013545,entailment
kornli_033549,neutral
kornli_015224,entailment
kornli_039163,entailment
kornli_013171,neutral
kornli_017604,entailment
kornli_047437,contradiction
kornli_028063,entailment
kornli_039825,neutral
kornli_032741,neutral
kornli_034235,neutral
kornli_055209,neutral
kornli_041980,neutral
kornli_053668,neutral
kornli_024971,entailment
kornli_029951,entailment
kornli_017297,contradiction
kornli_000645,neutral
kornli_018127,entailment
kornli_038506,neutral
kornli_047978,neutral
kornli_011729,neutral
kornli_049983,neutral
kornli_032670,neutral
kornli_012592,neutral
kornli_014547,neutral
kornli_010139,neutral
kornli_012204,neutral
kornli_035284,neutral
kornli_003257,entailment
kornli_010629,contradiction
kornli_008887,contradiction
kornli_013932,entailment
kornli_031700,contradiction
kornli_028431,entailment
kornli_047377,entailment
kornli_037632,entailment
kornli_050364,contradiction
kornli_025348,contradiction
kornli_039116,neutral
kornli_018341,neutral
kornli_038049,neutral
kornli_053526,entailment
kornli_000350,contradiction
kornli_021424,entailment
kornli_051433,entailment
kornli_036429,neutral
kornli_055018,neutral
kornli_049741,contradiction
kornli_045846,contradiction
kornli_044138,contradiction
kornli_011705,neutral
kornli_053640,neutral
kornli_020432,contradiction
kornli_013936,contradiction
kornli_015755,entailment
kornli_053427,neutral
kornli_024807,entailment
kornli_043255,entailment
kornli_057445,entailment
kornli_027523,neutral
kornli_022533,entailment
kornli_056700,entailment
kornli_009047,entailment
kornli_044113,neutral
kornli_012909,entailment
kornli_048348,entailment
kornli_040515,neutral
kornli_034942,contradiction
kornli_057709,entailment
kornli_009981,entailment
kornli_028566,contradiction
kornli_049034,entailment
kornli_022682,entailment
kornli_009694,neutral
kornli_009916,contradiction
kornli_055171,contradiction
kornli_052079,contradiction
kornli_051202,neutral
kornli_047970,neutral
kornli_030171,entailment
kornli_018187,entailment
kornli_012034,entailment
kornli_001195,entailment
kornli_025733,neutral
kornli_053954,entailment
kornli_034636,neutral
kornli_036662,contradiction
kornli_058373,entailment
kornli_011717,contradiction
kornli_002171,entailment
kornli_036699,contradiction
kornli_044070,entailment
kornli_048996,contradiction
kornli_015178,neutral
kornli_041847,entailment
kornli_025723,contradiction
kornli_002856,contradiction
kornli_046743,neutral
kornli_011566,neutral
kornli_049233,neutral
kornli_019183,entailment
kornli_010288,contradiction
kornli_043896,neutral
kornli_043989,neutral
kornli_058821,neutral
kornli_055892,entailment
kornli_026529,entailment
kornli_036357,neutral
kornli_033142,entailment
kornli_038058,entailment
kornli_007565,neutral
kornli_048123,contradiction
kornli_044977,entailment
kornli_046551,contradiction
kornli_000839,entailment
kornli_037164,entailment
kornli_037298,contradiction
kornli_016501,contradiction
kornli_000223,entailment
kornli_006145,entailment
kornli_037904,entailment
kornli_057555,neutral
kornli_009691,neutral
kornli_035032,contradiction
kornli_025208,entailment
kornli_027545,contradiction
kornli_000939,neutral
kornli_034028,neutral
kornli_036586,neutral
kornli_041251,neutral
kornli_018152,entailment
kornli_023531,neutral
kornli_050392,entailment
kornli_044152,neutral
kornli_028345,neutral
kornli_021235,neutral
kornli_059878,neutral
kornli_007254,entailment
kornli_022664,entailment
kornli_025609,entailment
kornli_049573,entailment
kornli_056693,entailment
kornli_046087,entailment
kornli_058959,entailment
kornli_028262,entailment
kornli_007546,entailment
kornli_024400,contradiction
kornli_041432,neutral
kornli_039124,contradiction
kornli_018400,contradiction
kornli_002580,neutral
kornli_059345,neutral
kornli_020135,entailment
kornli_026149,contradiction
kornli_021334,entailment
kornli_028428,entailment
kornli_045675,contradiction
kornli_045793,entailment
kornli_026630,contradiction
kornli_023359,contradiction
kornli_046316,contradiction
kornli_033431,neutral
kornli_006299,contradiction
kornli_039974,neutral
kornli_033578,entailment
kornli_052779,neutral
kornli_010674,entailment
kornli_056351,neutral
kornli_000099,neutral
kornli_055154,contradiction
kornli_054862,neutral
kornli_040740,neutral
kornli_005870,neutral
kornli_042360,neutral
kornli_036143,entailment
kornli_055345,contradiction
kornli_056335,contradiction
kornli_043545,contradiction
kornli_019845,contradiction
kornli_030372,contradiction
kornli_039209,contradiction
kornli_054182,contradiction
kornli_047231,neutral
kornli_035761,neutral
kornli_009242,neutral
kornli_019367,entailment
kornli_029435,entailment
kornli_012121,neutral
kornli_008677,neutral
kornli_059890,entailment
kornli_025171,entailment
kornli_018834,entailment
kornli_010330,neutral
kornli_016058,contradiction
kornli_056280,contradiction
kornli_055816,neutral
kornli_051522,contradiction
kornli_059398,neutral
kornli_019483,contradiction
kornli_025742,contradiction
kornli_018434,entailment
kornli_014780,contradiction
kornli_007838,entailment
kornli_057460,entailment
kornli_000633,entailment
kornli_005126,entailment
kornli_058911,neutral
kornli_040767,neutral
kornli_043749,neutral
kornli_021969,contradiction
kornli_008530,contradiction
kornli_020565,contradiction
kornli_059928,entailment
kornli_059522,neutral
kornli_055270,entailment
kornli_017858,neutral
kornli_050568,neutral
kornli_052886,contradiction
kornli_002423,contradiction
kornli_027474,entailment
kornli_055601,contradiction
kornli_003872,entailment
kornli_024427,entailment
kornli_023119,contradiction
kornli_026015,entailment
kornli_055830,entailment
kornli_013184,contradiction
kornli_000248,contradiction
kornli_021573,neutral
kornli_046642,neutral
kornli_027585,entailment
kornli_040937,neutral
kornli_012266,entailment
kornli_055374,contradiction
kornli_053769,entailment
kornli_052099,contradiction
kornli_012721,entailment
kornli_038738,entailment
kornli_023989,entailment
kornli_052960,contradiction
kornli_015337,contradiction
kornli_036141,contradiction
kornli_047099,neutral
kornli_050751,contradiction
kornli_046282,contradiction
kornli_018237,entailment
kornli_008309,entailment
kornli_006095,entailment
kornli_008464,entailment
kornli_035624,entailment
kornli_051535,entailment
kornli_059647,entailment
kornli_036277,entailment
kornli_033331,entailment
kornli_031105,entailment
kornli_036761,contradiction
kornli_025017,contradiction
kornli_040974,entailment
kornli_032684,neutral
kornli_019060,contradiction
kornli_017133,contradiction
kornli_014021,neutral
kornli_030718,entailment
kornli_033315,entailment
kornli_054885,contradiction
kornli_024366,entailment
kornli_024361,neutral
kornli_002494,neutral
kornli_048501,entailment
kornli_022293,neutral
kornli_014621,entailment
kornli_025939,entailment
kornli_020964,contradiction
kornli_028098,entailment
kornli_053957,contradiction
kornli_033663,contradiction
kornli_059338,neutral
kornli_036891,neutral
kornli_050807,contradiction
kornli_054559,neutral
kornli_013592,entailment
kornli_000051,contradiction
kornli_039034,entailment
kornli_039471,neutral
kornli_034221,neutral
kornli_034308,entailment
kornli_057352,entailment
kornli_025039,neutral
kornli_031121,neutral
kornli_015392,entailment
kornli_040753,neutral
kornli_056959,entailment
kornli_019700,entailment
kornli_036697,neutral
kornli_051972,neutral
kornli_049032,entailment
kornli_059555,neutral
kornli_049993,neutral
kornli_022221,entailment
kornli_055715,entailment
kornli_010063,contradiction
kornli_002609,contradiction
kornli_047329,contradiction
kornli_049266,entailment
kornli_041948,neutral
kornli_049095,entailment
kornli_009572,contradiction
kornli_044528,entailment
kornli_031642,contradiction
kornli_038042,contradiction
kornli_004880,entailment
kornli_006504,neutral
kornli_029052,entailment
kornli_055590,entailment
kornli_007457,entailment
kornli_049063,entailment
kornli_010308,entailment
kornli_052103,entailment
kornli_032369,entailment
kornli_027800,contradiction
kornli_046908,entailment
kornli_004879,neutral
kornli_002027,neutral
kornli_014516,entailment
kornli_055125,neutral
kornli_042102,entailment
kornli_041421,contradiction
kornli_001716,entailment
kornli_034207,entailment
kornli_022520,contradiction
kornli_023447,contradiction
kornli_050903,neutral
kornli_056236,neutral
kornli_007775,neutral
kornli_010655,entailment
kornli_027762,contradiction
kornli_050156,entailment
kornli_051680,contradiction
kornli_040306,entailment
kornli_057888,entailment
kornli_058327,contradiction
kornli_038955,contradiction
kornli_055712,entailment
kornli_024676,neutral
kornli_023483,entailment
kornli_004044,contradiction
kornli_015911,entailment
kornli_058793,entailment
kornli_051372,entailment
kornli_034482,entailment
kornli_042742,entailment
kornli_020236,entailment
kornli_007020,neutral
kornli_038043,entailment
kornli_051896,neutral
kornli_004554,entailment
kornli_021322,neutral
kornli_014809,entailment
kornli_020154,contradiction
kornli_028817,entailment
kornli_039018,neutral
kornli_004116,entailment
kornli_057597,entailment
kornli_007841,neutral
kornli_004210,neutral
kornli_053045,entailment
kornli_017879,neutral
kornli_005047,neutral
kornli_056948,contradiction
kornli_018563,contradiction
kornli_024149,contradiction
kornli_022478,contradiction
kornli_036999,neutral
kornli_008445,entailment
kornli_015694,contradiction
kornli_000898,neutral
kornli_014533,entailment
kornli_047382,entailment
kornli_010292,entailment
kornli_022079,neutral
kornli_052452,entailment
kornli_037017,contradiction
kornli_040157,entailment
kornli_026543,neutral
kornli_030358,contradiction
kornli_028984,entailment
kornli_033802,neutral
kornli_037222,entailment
kornli_022192,neutral
kornli_005227,neutral
kornli_059018,contradiction
kornli_046170,neutral
kornli_032457,contradiction
kornli_038232,entailment
kornli_053456,entailment
kornli_027219,contradiction
kornli_015759,neutral
kornli_021148,entailment
kornli_040152,entailment
kornli_052137,neutral
kornli_033320,neutral
kornli_058723,neutral
kornli_042478,entailment
kornli_005379,contradiction
kornli_043515,entailment
kornli_047750,contradiction
kornli_006375,contradiction
kornli_000008,neutral
kornli_006200,entailment
kornli_019207,neutral
kornli_013418,contradiction
kornli_016561,neutral
kornli_006051,entailment
kornli_011246,entailment
kornli_051992,neutral
kornli_010248,entailment
kornli_050435,neutral
kornli_029401,entailment
kornli_005711,neutral
kornli_038328,neutral
kornli_021939,neutral
kornli_031252,contradiction
kornli_033014,neutral
kornli_057945,entailment
kornli_059955,neutral
kornli_002839,neutral
kornli_028884,entailment
kornli_013578,neutral
kornli_023752,neutral
kornli_043570,neutral
kornli_049775,neutral
kornli_033257,neutral
kornli_046840,neutral
kornli_020326,entailment
kornli_045519,entailment
kornli_024203,neutral
kornli_045557,entailment
kornli_014917,contradiction
kornli_056976,entailment
kornli_057491,entailment
kornli_005337,entailment
kornli_051856,neutral
kornli_037811,entailment
kornli_038844,neutral
kornli_030539,contradiction
kornli_002160,contradiction
kornli_014829,contradiction
kornli_047478,contradiction
kornli_044944,entailment
kornli_056854,contradiction
kornli_059881,neutral
kornli_036738,neutral
kornli_011806,neutral
kornli_044806,neutral
kornli_026895,contradiction
kornli_021039,contradiction
kornli_045036,entailment
kornli_003424,contradiction
kornli_047667,entailment
kornli_007391,neutral
kornli_032485,neutral
kornli_002248,entailment
kornli_030282,contradiction
kornli_058412,entailment
kornli_006341,contradiction
kornli_057548,neutral
kornli_011184,contradiction
kornli_048151,neutral
kornli_006640,contradiction
kornli_018052,entailment
kornli_022791,contradiction
kornli_029375,entailment
kornli_012251,entailment
kornli_056182,entailment
kornli_053381,contradiction
kornli_030807,contradiction
kornli_038094,neutral
kornli_052444,entailment
kornli_058172,contradiction
kornli_025518,contradiction
kornli_023088,neutral
kornli_035547,entailment
kornli_005960,entailment
kornli_010018,neutral
kornli_051138,contradiction
kornli_041478,entailment
kornli_057433,contradiction
kornli_008512,entailment
kornli_035686,entailment
kornli_005559,entailment
kornli_008314,entailment
kornli_037937,entailment
kornli_018776,contradiction
kornli_032654,entailment
kornli_049320,neutral
kornli_058035,neutral
kornli_027950,contradiction
kornli_005506,entailment
kornli_035567,neutral
kornli_009953,entailment
kornli_059780,neutral
kornli_004419,entailment
kornli_029235,neutral
kornli_034394,contradiction
kornli_043058,neutral
kornli_033698,neutral
kornli_027797,neutral
kornli_000508,contradiction
kornli_049037,entailment
kornli_041372,contradiction
kornli_033708,contradiction
kornli_037581,neutral
kornli_035862,entailment
kornli_055851,neutral
kornli_005117,contradiction
kornli_029502,contradiction
kornli_016113,neutral
kornli_054454,entailment
kornli_007225,neutral
kornli_055321,neutral
kornli_001140,contradiction
kornli_053700,contradiction
kornli_048658,contradiction
kornli_013756,neutral
kornli_021387,contradiction
kornli_021735,neutral
kornli_027245,neutral
kornli_034603,contradiction
kornli_040021,neutral
kornli_057950,contradiction
kornli_057872,contradiction
kornli_016291,neutral
kornli_038464,contradiction
kornli_023601,contradiction
kornli_011482,neutral
kornli_028729,neutral
kornli_003527,entailment
kornli_045906,entailment
kornli_010975,entailment
kornli_011080,neutral
kornli_025748,contradiction
kornli_009477,entailment
kornli_008505,neutral
kornli_038356,entailment
kornli_037651,contradiction
kornli_055320,entailment
kornli_020246,entailment
kornli_006027,neutral
kornli_057401,neutral
kornli_027746,entailment
kornli_030384,contradiction
kornli_030443,neutral
kornli_039271,neutral
kornli_042013,neutral
kornli_017767,neutral
kornli_044245,contradiction
kornli_036336,neutral
kornli_059997,contradiction
kornli_035437,contradiction
kornli_040245,contradiction
kornli_038648,entailment
kornli_045430,contradiction
kornli_038582,entailment
kornli_015908,neutral
kornli_022638,neutral
kornli_021324,entailment
kornli_054864,neutral
kornli_048717,neutral
kornli_022047,entailment
kornli_039316,neutral
kornli_020027,contradiction
kornli_055810,entailment
kornli_023960,entailment
kornli_052545,entailment
kornli_026820,neutral
kornli_040312,entailment
kornli_024133,contradiction
kornli_038842,contradiction
kornli_026858,entailment
kornli_027969,entailment
kornli_022049,contradiction
kornli_037525,neutral
kornli_001635,entailment
kornli_032576,neutral
kornli_022337,contradiction
kornli_038956,entailment
kornli_015074,neutral
kornli_022650,neutral
kornli_042853,neutral
kornli_000147,contradiction
kornli_043206,neutral
kornli_018928,neutral
kornli_008663,contradiction
kornli_041819,contradiction
kornli_059766,neutral
kornli_051302,contradiction
kornli_057186,neutral
kornli_010526,contradiction
kornli_055421,neutral
kornli_022291,entailment
kornli_015066,neutral
kornli_031603,neutral
kornli_044607,neutral
kornli_019401,neutral
kornli_036711,neutral
kornli_048500,contradiction
kornli_058632,entailment
kornli_057887,neutral
kornli_036347,neutral
kornli_041753,contradiction
kornli_000082,neutral
kornli_014103,entailment
kornli_033783,neutral
kornli_058731,entailment
kornli_009079,entailment
kornli_039574,entailment
kornli_000988,neutral
kornli_033365,contradiction
kornli_055210,contradiction
kornli_048174,contradiction
kornli_034512,contradiction
kornli_001890,contradiction
kornli_035112,neutral
kornli_052113,contradiction
kornli_022340,entailment
kornli_008386,entailment
kornli_021979,entailment
kornli_059915,neutral
kornli_015480,contradiction
kornli_052111,entailment
kornli_043361,contradiction
kornli_020347,neutral
kornli_043507,contradiction
kornli_047044,neutral
kornli_014865,entailment
kornli_031280,entailment
kornli_053082,entailment
kornli_041203,entailment
kornli_009614,contradiction
kornli_011638,neutral
kornli_003370,entailment
kornli_046101,entailment
kornli_023994,contradiction
kornli_037319,entailment
kornli_059652,entailment
kornli_005377,entailment
kornli_006910,entailment
kornli_017806,contradiction
kornli_053515,neutral
kornli_059747,neutral
kornli_019446,entailment
kornli_023426,neutral
kornli_020806,entailment
kornli_034925,entailment
kornli_008227,entailment
kornli_038108,entailment
kornli_035401,entailment
kornli_001608,entailment
kornli_014825,entailment
kornli_013355,neutral
kornli_023399,contradiction
kornli_042486,contradiction
kornli_036069,neutral
kornli_000466,entailment
kornli_014301,contradiction
kornli_005464,entailment
kornli_004527,neutral
kornli_028109,contradiction
kornli_020884,entailment
kornli_045907,contradiction
kornli_038580,contradiction
kornli_025259,contradiction
kornli_040941,entailment
kornli_059371,neutral
kornli_054144,neutral
kornli_024079,neutral
kornli_014278,neutral
kornli_054562,neutral
kornli_050551,entailment
kornli_046727,contradiction
kornli_055616,contradiction
kornli_030044,neutral
kornli_008917,contradiction
kornli_041849,neutral
kornli_028926,entailment
kornli_021756,neutral
kornli_045770,entailment
kornli_030755,contradiction
kornli_005697,contradiction
kornli_039088,contradiction
kornli_049740,neutral
kornli_042488,neutral
kornli_016850,neutral
kornli_031969,contradiction
kornli_014193,neutral
kornli_041760,entailment
kornli_049804,neutral
kornli_012318,contradiction
kornli_005179,contradiction
kornli_027636,entailment
kornli_048156,neutral
kornli_053274,neutral
kornli_000547,contradiction
kornli_019913,neutral
kornli_004222,entailment
kornli_044096,neutral
kornli_055732,contradiction
kornli_022046,contradiction
kornli_023063,neutral
kornli_006499,entailment
kornli_038313,entailment
kornli_040018,contradiction
kornli_007958,contradiction
kornli_056925,entailment
kornli_038337,neutral
kornli_028576,contradiction
kornli_039130,neutral
kornli_001514,contradiction
kornli_020006,contradiction
kornli_000174,entailment
kornli_042271,neutral
kornli_013663,neutral
kornli_059875,entailment
kornli_011459,neutral
kornli_024567,entailment
kornli_035128,contradiction
kornli_026923,entailment
kornli_044522,contradiction
kornli_011495,contradiction
kornli_035071,neutral
kornli_014120,neutral
kornli_050634,neutral
kornli_029306,entailment
kornli_028470,neutral
kornli_022552,neutral
kornli_008532,entailment
kornli_043215,entailment
kornli_024572,entailment
kornli_042540,neutral
kornli_055312,entailment
kornli_036399,neutral
kornli_012526,contradiction
kornli_013934,entailment
kornli_029226,contradiction
kornli_059117,contradiction
kornli_047405,neutral
kornli_057666,contradiction
kornli_047494,contradiction
kornli_047091,neutral
kornli_024711,contradiction
kornli_036013,contradiction
kornli_027744,entailment
kornli_024090,contradiction
kornli_025091,entailment
kornli_002207,contradiction
kornli_030230,entailment
kornli_009776,neutral
kornli_013278,contradiction
kornli_008475,contradiction
kornli_056545,entailment
kornli_001738,entailment
kornli_043725,entailment
kornli_033525,neutral
kornli_052002,contradiction
kornli_021518,entailment
kornli_040547,neutral
kornli_008346,entailment
kornli_049618,entailment
kornli_010995,entailment
kornli_054610,contradiction
kornli_059760,neutral
kornli_057134,entailment
kornli_046166,entailment
kornli_023343,entailment
kornli_043167,entailment
kornli_021982,entailment
kornli_033324,contradiction
kornli_005951,contradiction
kornli_030540,neutral
kornli_002056,contradiction
kornli_039331,entailment
kornli_016160,neutral
kornli_032258,contradiction
kornli_035390,contradiction
kornli_041850,contradiction
kornli_013914,contradiction
kornli_029039,neutral
kornli_016767,neutral
kornli_007305,contradiction
kornli_028633,contradiction
kornli_026355,neutral
kornli_037740,neutral
kornli_049248,entailment
kornli_042011,neutral
kornli_048906,contradiction
kornli_002055,neutral
kornli_055817,neutral
kornli_009055,contradiction
kornli_052930,neutral
kornli_045347,contradiction
kornli_037577,entailment
kornli_013360,contradiction
kornli_034803,entailment
kornli_025480,neutral
kornli_017371,contradiction
kornli_043567,entailment
kornli_023749,neutral
kornli_018368,entailment
kornli_020948,neutral
kornli_048814,contradiction
kornli_043576,neutral
kornli_046664,contradiction
kornli_015800,entailment
kornli_024375,neutral
kornli_038902,entailment
kornli_005682,entailment
kornli_044125,neutral
kornli_045320,contradiction
kornli_009374,entailment
kornli_023769,entailment
kornli_036430,entailment
kornli_032293,entailment
kornli_013650,entailment
kornli_049604,entailment
kornli_041271,entailment
kornli_019815,entailment
kornli_002246,entailment
kornli_050001,entailment
kornli_028291,entailment
kornli_059049,entailment
kornli_026519,neutral
kornli_048511,entailment
kornli_046401,contradiction
kornli_048873,neutral
kornli_014011,contradiction
kornli_028356,entailment
kornli_058552,neutral
kornli_021026,neutral
kornli_046088,neutral
kornli_001043,neutral
kornli_022124,entailment
kornli_019436,entailment
kornli_000859,contradiction
kornli_058444,entailment
kornli_054448,entailment
kornli_000891,contradiction
kornli_047759,neutral
kornli_012377,contradiction
kornli_033051,neutral
kornli_010282,entailment
kornli_005625,entailment
kornli_049487,neutral
kornli_050836,entailment
kornli_046756,entailment
kornli_045999,neutral
kornli_046014,entailment
kornli_054687,entailment
kornli_017004,contradiction
kornli_032975,neutral
kornli_013196,entailment
kornli_007202,contradiction
kornli_052891,entailment
kornli_019575,contradiction
kornli_002664,neutral
kornli_035717,entailment
kornli_054968,neutral
kornli_029735,neutral
kornli_038671,neutral
kornli_008830,contradiction
kornli_023441,neutral
kornli_021968,neutral
kornli_009616,contradiction
kornli_056944,neutral
kornli_010903,neutral
kornli_033750,entailment
kornli_033756,entailment
kornli_007221,contradiction
kornli_008163,entailment
kornli_026900,entailment
kornli_026166,entailment
kornli_003278,neutral
kornli_048387,entailment
kornli_042411,contradiction
kornli_042140,entailment
kornli_034455,neutral
kornli_045344,entailment
kornli_025729,entailment
kornli_030169,neutral
kornli_030234,contradiction
kornli_009453,entailment
kornli_041696,entailment
kornli_054977,contradiction
kornli_025407,contradiction
kornli_051234,neutral
kornli_013224,contradiction
kornli_033279,contradiction
kornli_020498,entailment
kornli_002755,entailment
kornli_016628,contradiction
kornli_022214,neutral
kornli_032232,contradiction
kornli_037876,entailment
kornli_048189,entailment
kornli_010190,neutral
kornli_009502,neutral
kornli_048391,contradiction
kornli_031458,neutral
kornli_015851,contradiction
kornli_042992,neutral
kornli_017182,entailment
kornli_057207,entailment
kornli_049417,neutral
kornli_036609,entailment
kornli_027591,neutral
kornli_046909,entailment
kornli_025116,contradiction
kornli_047561,contradiction
kornli_057282,contradiction
kornli_011519,neutral
kornli_005024,neutral
kornli_008206,entailment
kornli_038918,neutral
kornli_055825,neutral
kornli_021410,neutral
kornli_038932,contradiction
kornli_019849,entailment
kornli_039543,neutral
kornli_027959,neutral
kornli_000447,contradiction
kornli_043774,contradiction
kornli_021038,contradiction
kornli_020873,contradiction
kornli_030750,neutral
kornli_043185,neutral
kornli_057804,neutral
kornli_046382,entailment
kornli_034388,neutral
kornli_002646,neutral
kornli_009796,neutral
kornli_018714,neutral
kornli_001351,neutral
kornli_008209,contradiction
kornli_042674,entailment
kornli_022927,contradiction
kornli_029855,neutral
kornli_021844,contradiction
kornli_052524,contradiction
kornli_007750,contradiction
kornli_054591,neutral
kornli_037081,contradiction
kornli_021256,neutral
kornli_031406,contradiction
kornli_031830,entailment
kornli_032512,entailment
kornli_039658,contradiction
kornli_023503,entailment
kornli_025447,contradiction
kornli_043386,contradiction
kornli_058568,neutral
kornli_047823,neutral
kornli_043073,entailment
kornli_048011,neutral
kornli_031968,neutral
kornli_038781,entailment
kornli_047425,contradiction
kornli_053477,neutral
kornli_051439,neutral
kornli_044934,neutral
kornli_019631,contradiction
kornli_042319,contradiction
kornli_023066,entailment
kornli_047680,contradiction
kornli_015041,entailment
kornli_048774,entailment
kornli_013351,entailment
kornli_048678,contradiction
kornli_012824,neutral
kornli_005716,neutral
kornli_000820,contradiction
kornli_015091,neutral
kornli_046262,entailment
kornli_018204,neutral
kornli_005345,neutral
kornli_002625,neutral
kornli_019996,contradiction
kornli_030126,entailment
kornli_021745,neutral
kornli_030587,entailment
kornli_018726,contradiction
kornli_004946,entailment
kornli_053113,neutral
kornli_027910,entailment
kornli_059627,contradiction
kornli_056261,neutral
kornli_029501,entailment
kornli_012415,entailment
kornli_023689,entailment
kornli_002977,contradiction
kornli_053913,contradiction
kornli_043259,entailment
kornli_002586,entailment
kornli_035089,contradiction
kornli_048441,contradiction
kornli_027564,contradiction
kornli_024864,entailment
kornli_011078,contradiction
kornli_057914,entailment
kornli_022166,neutral
kornli_014966,contradiction
kornli_023935,entailment
kornli_037949,contradiction
kornli_020940,neutral
kornli_016557,contradiction
kornli_002180,entailment
kornli_041761,contradiction
kornli_035407,contradiction
kornli_039366,neutral
kornli_014707,neutral
kornli_012409,entailment
kornli_059287,neutral
kornli_007466,contradiction
kornli_043006,contradiction
kornli_035586,entailment
kornli_008272,entailment
kornli_020912,contradiction
kornli_025879,neutral
kornli_048023,neutral
kornli_032653,neutral
kornli_004453,neutral
kornli_058284,contradiction
kornli_003113,contradiction
kornli_022560,neutral
kornli_057022,neutral
kornli_040648,neutral
kornli_052929,contradiction
kornli_039314,contradiction
kornli_017797,entailment
kornli_041428,entailment
kornli_023458,entailment
kornli_008585,neutral
kornli_009287,neutral
kornli_054758,entailment
kornli_056707,entailment
kornli_021400,entailment
kornli_005644,entailment
kornli_043735,entailment
kornli_023581,neutral
kornli_035477,contradiction
kornli_001571,entailment
kornli_021809,entailment
kornli_032127,neutral
kornli_007470,entailment
kornli_021089,neutral
kornli_057554,contradiction
kornli_034492,contradiction
kornli_032547,contradiction
kornli_059476,neutral
kornli_055982,contradiction
kornli_043023,neutral
kornli_001090,neutral
kornli_005029,entailment
kornli_030453,contradiction
kornli_047757,entailment
kornli_003889,contradiction
kornli_039202,neutral
kornli_048758,entailment
kornli_008186,neutral
kornli_045761,entailment
kornli_002388,neutral
kornli_027679,entailment
kornli_019414,neutral
kornli_010275,neutral
kornli_058949,entailment
kornli_043498,contradiction
kornli_054700,contradiction
kornli_038979,neutral
kornli_005946,neutral
kornli_000512,neutral
kornli_010869,entailment
kornli_039612,contradiction
kornli_017971,neutral
kornli_021833,entailment
kornli_031340,contradiction
kornli_023999,entailment
kornli_028712,neutral
kornli_031608,entailment
kornli_007901,neutral
kornli_018260,neutral
kornli_019594,neutral
kornli_033685,entailment
kornli_057537,neutral
kornli_022637,contradiction
kornli_038948,contradiction
kornli_032283,entailment
kornli_004667,entailment
kornli_031745,contradiction
kornli_013013,contradiction
kornli_009649,contradiction
kornli_014721,contradiction
kornli_034903,entailment
kornli_037950,entailment
kornli_029443,neutral
kornli_057191,entailment
kornli_051144,neutral
kornli_039442,neutral
kornli_017102,neutral
kornli_009273,neutral
kornli_055951,contradiction
kornli_047886,entailment
kornli_039577,entailment
kornli_048690,neutral
kornli_059621,entailment
kornli_050193,entailment
kornli_011013,neutral
kornli_003123,contradiction
kornli_037440,neutral
kornli_031631,contradiction
kornli_003932,entailment
kornli_059424,neutral
kornli_023142,entailment
kornli_013748,contradiction
kornli_013255,neutral
kornli_040080,entailment
kornli_033406,contradiction
kornli_006288,entailment
kornli_031556,neutral
kornli_032144,entailment
kornli_005482,neutral
kornli_023498,entailment
kornli_001204,neutral
kornli_008827,entailment
kornli_026559,contradiction
kornli_059252,contradiction
kornli_055974,entailment
kornli_045280,entailment
kornli_034866,neutral
kornli_059971,entailment
kornli_048851,neutral
kornli_044618,neutral
kornli_014473,neutral
kornli_016084,entailment
kornli_002566,neutral
kornli_054181,entailment
kornli_050779,entailment
kornli_000291,neutral
kornli_029825,contradiction
kornli_001192,entailment
kornli_027556,contradiction
kornli_052319,contradiction
kornli_009380,entailment
kornli_038126,contradiction
kornli_008538,entailment
kornli_025671,contradiction
kornli_025810,entailment
kornli_014083,entailment
kornli_004981,entailment
kornli_022974,neutral
kornli_025101,neutral
kornli_001907,neutral
kornli_006414,entailment
kornli_056837,contradiction
kornli_006898,entailment
kornli_038070,entailment
kornli_051420,contradiction
kornli_042842,contradiction
kornli_009132,neutral
kornli_033837,entailment
kornli_040050,neutral
kornli_002673,contradiction
kornli_034834,contradiction
kornli_008695,neutral
kornli_048503,entailment
kornli_020860,entailment
kornli_036130,contradiction
kornli_029067,contradiction
kornli_012509,neutral
kornli_057606,neutral
kornli_007759,neutral
kornli_000412,contradiction
kornli_050528,neutral
kornli_005003,neutral
kornli_011543,contradiction
kornli_042174,neutral
kornli_044616,entailment
kornli_040849,neutral
kornli_008048,neutral
kornli_047104,contradiction
kornli_054730,entailment
kornli_038758,contradiction
kornli_021561,entailment
kornli_015132,contradiction
kornli_010815,neutral
kornli_013496,entailment
kornli_022460,neutral
kornli_058477,neutral
kornli_009693,contradiction
kornli_039946,entailment
kornli_041744,entailment
kornli_005071,neutral
kornli_014107,entailment
kornli_047738,neutral
kornli_026548,entailment
kornli_049246,entailment
kornli_051679,contradiction
kornli_014119,entailment
kornli_034584,contradiction
kornli_002061,neutral
kornli_018806,contradiction
kornli_003108,entailment
kornli_023971,contradiction
kornli_059080,neutral
kornli_000554,neutral
kornli_018363,contradiction
kornli_023675,neutral
kornli_007505,neutral
kornli_037547,entailment
kornli_038468,entailment
kornli_002312,entailment
kornli_027210,neutral
kornli_001896,entailment
kornli_035206,entailment
kornli_040940,contradiction
kornli_047704,contradiction
kornli_055381,contradiction
kornli_035382,neutral
kornli_030427,entailment
kornli_003266,entailment
kornli_040473,contradiction
kornli_043929,contradiction
kornli_004156,entailment
kornli_034425,contradiction
kornli_004202,entailment
kornli_020925,neutral
kornli_027402,entailment
kornli_018796,entailment
kornli_029938,contradiction
kornli_000432,neutral
kornli_044025,entailment
kornli_010402,contradiction
kornli_024678,entailment
kornli_002765,neutral
kornli_010074,neutral
kornli_036180,entailment
kornli_039730,neutral
kornli_046026,entailment
kornli_045530,contradiction
kornli_056853,entailment
kornli_015312,neutral
kornli_024557,contradiction
kornli_011140,contradiction
kornli_054225,neutral
kornli_027987,neutral
kornli_054903,neutral
kornli_034056,neutral
kornli_004571,entailment
kornli_039157,entailment
kornli_058235,neutral
kornli_017897,entailment
kornli_004192,contradiction
kornli_013078,entailment
kornli_049121,neutral
kornli_032571,contradiction
kornli_049705,contradiction
kornli_002970,neutral
kornli_025004,neutral
kornli_041977,contradiction
kornli_000235,neutral
kornli_003334,entailment
kornli_019273,neutral
kornli_030434,entailment
kornli_007993,neutral
kornli_035759,neutral
kornli_035346,neutral
kornli_015157,neutral
kornli_053195,neutral
kornli_047379,entailment
kornli_044343,contradiction
kornli_057612,contradiction
kornli_024293,entailment
kornli_009419,contradiction
kornli_020996,neutral
kornli_059937,neutral
kornli_043181,entailment
kornli_009358,entailment
kornli_049936,neutral
kornli_038539,contradiction
kornli_055423,neutral
kornli_013837,neutral
kornli_002404,contradiction
kornli_035098,entailment
kornli_037301,entailment
kornli_049938,neutral
kornli_035923,neutral
kornli_043020,entailment
kornli_022364,contradiction
kornli_057992,neutral
kornli_015582,contradiction
kornli_009745,neutral
kornli_031684,neutral
kornli_032004,contradiction
kornli_007922,contradiction
kornli_020016,entailment
kornli_020869,contradiction
kornli_032539,contradiction
kornli_038435,entailment
kornli_046398,contradiction
kornli_055963,contradiction
kornli_038239,neutral
kornli_008736,entailment
kornli_026147,contradiction
kornli_001961,entailment
kornli_004590,neutral
kornli_032177,contradiction
kornli_038611,neutral
kornli_026352,entailment
kornli_015658,entailment
kornli_053884,entailment
kornli_042823,contradiction
kornli_039405,entailment
kornli_044178,contradiction
kornli_050217,entailment
kornli_013153,neutral
kornli_045683,neutral
kornli_012436,neutral
kornli_022988,entailment
kornli_054790,neutral
kornli_050534,entailment
kornli_046747,entailment
kornli_001658,entailment
kornli_050916,contradiction
kornli_052298,contradiction
kornli_051524,contradiction
kornli_037268,entailment
kornli_005080,neutral
kornli_032528,contradiction
kornli_006083,entailment
kornli_026473,neutral
kornli_018364,neutral
kornli_023625,entailment
kornli_045814,entailment
kornli_031875,entailment
kornli_028088,neutral
kornli_023981,contradiction
kornli_025586,neutral
kornli_011180,neutral
kornli_017361,entailment
kornli_028900,neutral
kornli_008952,neutral
kornli_052153,entailment
kornli_002815,contradiction
kornli_010322,entailment
kornli_046139,entailment
kornli_015905,neutral
kornli_059333,entailment
kornli_018252,entailment
kornli_004957,neutral
kornli_005524,contradiction
kornli_018051,contradiction
kornli_043086,entailment
kornli_052296,entailment
kornli_009816,contradiction
kornli_045960,entailment
kornli_042428,neutral
kornli_034122,entailment
kornli_031057,neutral
kornli_030293,neutral
kornli_010342,entailment
kornli_023961,neutral
kornli_027181,contradiction
kornli_059859,neutral
kornli_029300,entailment
kornli_042418,entailment
kornli_035601,contradiction
kornli_056155,neutral
kornli_005494,contradiction
kornli_023837,contradiction
kornli_039858,entailment
kornli_050519,entailment
kornli_018027,entailment
kornli_013310,contradiction
kornli_016243,contradiction
kornli_030621,neutral
kornli_015739,neutral
kornli_058998,neutral
kornli_033712,entailment
kornli_051460,neutral
kornli_010701,entailment
kornli_034647,neutral
kornli_051885,entailment
kornli_046081,entailment
kornli_030224,entailment
kornli_005831,contradiction
kornli_032999,entailment
kornli_048726,entailment
kornli_025813,neutral
kornli_027924,contradiction
kornli_058735,neutral
kornli_023599,entailment
kornli_003406,entailment
kornli_026133,neutral
kornli_023730,neutral
kornli_028165,contradiction
kornli_009057,contradiction
kornli_000068,neutral
kornli_022160,contradiction
kornli_033166,entailment
kornli_022778,neutral
kornli_018265,contradiction
kornli_003876,neutral
kornli_001517,entailment
kornli_039926,contradiction
kornli_009977,contradiction
kornli_027154,entailment
kornli_036540,entailment
kornli_053356,entailment
kornli_031553,contradiction
kornli_029329,contradiction
kornli_028476,neutral
kornli_004205,neutral
kornli_040147,contradiction
kornli_015603,neutral
kornli_021555,neutral
kornli_003723,neutral
kornli_007614,contradiction
kornli_027196,contradiction
kornli_012384,entailment
kornli_042025,contradiction
kornli_044410,contradiction
kornli_000422,contradiction
kornli_009900,contradiction
kornli_053016,contradiction
kornli_046857,entailment
kornli_042306,entailment
kornli_049695,neutral
kornli_031915,neutral
kornli_048343,entailment
kornli_047161,neutral
kornli_054807,entailment
kornli_031683,contradiction
kornli_042955,contradiction
kornli_042420,entailment
kornli_041095,entailment
kornli_048734,contradiction
kornli_056343,contradiction
kornli_055924,neutral
kornli_008847,contradiction
kornli_021601,neutral
kornli_043934,contradiction
kornli_016196,neutral
kornli_052294,entailment
kornli_023000,contradiction
kornli_026733,contradiction
kornli_018409,contradiction
kornli_006767,neutral
kornli_042282,contradiction
kornli_033310,entailment
kornli_025044,neutral
kornli_058070,contradiction
kornli_009308,neutral
kornli_035613,neutral
kornli_010854,entailment
kornli_006043,contradiction
kornli_033768,entailment
kornli_035919,contradiction
kornli_030593,entailment
kornli_009017,neutral
kornli_031817,entailment
kornli_037255,contradiction
kornli_036194,entailment
kornli_049400,contradiction
kornli_052093,neutral
kornli_057584,contradiction
kornli_037818,entailment
kornli_056487,contradiction
kornli_002111,contradiction
kornli_026556,entailment
kornli_030256,neutral
kornli_049435,entailment
kornli_031307,entailment
kornli_039390,entailment
kornli_047208,entailment
kornli_009041,neutral
kornli_049122,contradiction
kornli_007039,entailment
kornli_055706,entailment
kornli_034929,contradiction
kornli_054784,neutral
kornli_020224,entailment
kornli_035035,entailment
kornli_014682,neutral
kornli_051783,entailment
kornli_026041,neutral
kornli_028807,neutral
kornli_045639,contradiction
kornli_046997,neutral
kornli_059709,contradiction
kornli_019147,entailment
kornli_046596,contradiction
kornli_027874,contradiction
kornli_033414,contradiction
kornli_049245,neutral
kornli_025988,neutral
kornli_007690,entailment
kornli_029143,entailment
kornli_057237,neutral
kornli_025185,entailment
kornli_042922,neutral
kornli_049717,entailment
kornli_056309,contradiction
kornli_007521,contradiction
kornli_024583,contradiction
kornli_016717,entailment
kornli_037526,neutral
kornli_057840,contradiction
kornli_034728,neutral
kornli_032077,entailment
kornli_023588,entailment
kornli_052682,neutral
kornli_046223,entailment
kornli_049503,neutral
kornli_046353,entailment
kornli_052820,neutral
kornli_011883,entailment
kornli_035418,contradiction
kornli_018773,entailment
kornli_032913,neutral
kornli_047007,entailment
kornli_050817,contradiction
kornli_005306,entailment
kornli_034189,neutral
kornli_009700,entailment
kornli_013425,neutral
kornli_001507,entailment
kornli_043324,entailment
kornli_047390,neutral
kornli_010710,neutral
kornli_016446,neutral
kornli_005484,entailment
kornli_056318,neutral
kornli_053092,contradiction
kornli_007425,contradiction
kornli_030104,entailment
kornli_055573,entailment
kornli_030748,contradiction
kornli_013252,entailment
kornli_044002,contradiction
kornli_033796,neutral
kornli_027881,neutral
kornli_000533,neutral
kornli_049016,entailment
kornli_049500,neutral
kornli_045870,contradiction
kornli_026811,contradiction
kornli_031588,contradiction
kornli_041439,neutral
kornli_009994,neutral
kornli_037478,neutral
kornli_053275,contradiction
kornli_027734,neutral
kornli_047873,neutral
kornli_029407,contradiction
kornli_059693,entailment
kornli_037866,entailment
kornli_023878,contradiction
kornli_059132,neutral
kornli_029620,entailment
kornli_039498,entailment
kornli_051888,entailment
kornli_024081,neutral
kornli_059205,neutral
kornli_023539,neutral
kornli_054342,contradiction
kornli_057267,neutral
kornli_031479,entailment
kornli_045910,entailment
kornli_018991,neutral
kornli_016185,entailment
kornli_050383,neutral
kornli_024350,neutral
kornli_026741,entailment
kornli_032053,entailment
kornli_038432,contradiction
kornli_057560,entailment
kornli_036491,contradiction
kornli_020766,entailment
kornli_045467,entailment
kornli_021301,entailment
kornli_027725,neutral
kornli_058572,contradiction
kornli_029800,contradiction
kornli_001513,neutral
kornli_017261,entailment
kornli_004468,neutral
kornli_007632,neutral
kornli_024878,entailment
kornli_014096,entailment
kornli_016034,entailment
kornli_028873,entailment
kornli_026570,neutral
kornli_001525,neutral
kornli_046510,entailment
kornli_031120,entailment
kornli_008744,entailment
kornli_018923,entailment
kornli_012484,neutral
kornli_052825,neutral
kornli_023617,entailment
kornli_053239,neutral
kornli_053533,entailment
kornli_046801,neutral
kornli_050952,entailment
kornli_036519,entailment
kornli_028007,contradiction
kornli_030222,neutral
kornli_011236,contradiction
kornli_053548,entailment
kornli_003153,entailment
kornli_032146,neutral
kornli_045983,contradiction
kornli_055835,entailment
kornli_006776,entailment
kornli_008581,entailment
kornli_057187,neutral
kornli_053738,entailment
kornli_027871,entailment
kornli_047203,entailment
kornli_023713,entailment
kornli_009654,contradiction
kornli_038481,entailment
kornli_030556,contradiction
kornli_048781,contradiction
kornli_057653,entailment
kornli_034605,contradiction
kornli_033915,entailment
kornli_043355,entailment
kornli_000366,neutral
kornli_056176,contradiction
kornli_052624,contradiction
kornli_008458,neutral
kornli_056360,contradiction
kornli_031821,neutral
kornli_055473,contradiction
kornli_049881,entailment
kornli_032351,entailment
kornli_012519,entailment
kornli_022710,contradiction
kornli_041503,contradiction
kornli_000578,contradiction
kornli_004170,contradiction
kornli_041579,contradiction
kornli_027774,neutral
kornli_043721,entailment
kornli_001613,contradiction
kornli_007105,neutral
kornli_017196,contradiction
kornli_005690,neutral
kornli_000674,entailment
kornli_024997,contradiction
kornli_021422,neutral
kornli_043645,neutral
kornli_009840,contradiction
kornli_041105,entailment
kornli_052236,contradiction
kornli_055238,neutral
kornli_010843,entailment
kornli_000390,neutral
kornli_005652,contradiction
kornli_001767,contradiction
kornli_032521,neutral
kornli_034432,neutral
kornli_042891,neutral
kornli_007340,contradiction
kornli_027257,neutral
kornli_013855,entailment
kornli_037212,entailment
kornli_046938,contradiction
kornli_026452,entailment
kornli_026510,contradiction
kornli_005990,neutral
kornli_021019,neutral
kornli_018189,neutral
kornli_053038,neutral
kornli_042665,entailment
kornli_026843,entailment
kornli_018413,neutral
kornli_026635,entailment
kornli_009147,contradiction
kornli_024582,entailment
kornli_007379,entailment
kornli_011777,entailment
kornli_001870,contradiction
kornli_046104,neutral
kornli_036719,neutral
kornli_040448,contradiction
kornli_018887,contradiction
kornli_029593,neutral
kornli_059660,contradiction
kornli_026590,contradiction
kornli_019667,entailment
kornli_010062,contradiction
kornli_020566,contradiction
kornli_001007,entailment
kornli_023421,neutral
kornli_030650,neutral
kornli_004785,contradiction
kornli_007769,contradiction
kornli_043642,entailment
kornli_054889,entailment
kornli_004450,entailment
kornli_047557,entailment
kornli_004034,neutral
kornli_019337,contradiction
kornli_012623,neutral
kornli_055935,neutral
kornli_053229,contradiction
kornli_023059,contradiction
kornli_023919,contradiction
kornli_041104,entailment
kornli_043247,neutral
kornli_047164,neutral
kornli_038198,neutral
kornli_054894,contradiction
kornli_022907,contradiction
kornli_012146,entailment
kornli_038633,neutral
kornli_007358,entailment
kornli_020149,entailment
kornli_029503,entailment
kornli_049465,neutral
kornli_005455,contradiction
kornli_046171,neutral
kornli_051424,neutral
kornli_014644,entailment
kornli_035109,neutral
kornli_041857,entailment
kornli_005526,entailment
kornli_012621,contradiction
kornli_053230,entailment
kornli_011325,neutral
kornli_040139,entailment
kornli_019258,contradiction
kornli_036946,neutral
kornli_016841,neutral
kornli_059254,contradiction
kornli_054053,neutral
kornli_053282,entailment
kornli_028706,entailment
kornli_009573,entailment
kornli_055415,contradiction
kornli_007027,contradiction
kornli_031871,contradiction
kornli_023208,contradiction
kornli_049376,contradiction
kornli_051374,contradiction
kornli_051276,contradiction
kornli_022184,contradiction
kornli_010902,neutral
kornli_020531,neutral
kornli_054397,contradiction
kornli_059477,neutral
kornli_052769,neutral
kornli_010131,entailment
kornli_052657,entailment
kornli_051016,entailment
kornli_053521,neutral
kornli_020384,entailment
kornli_036822,contradiction
kornli_008674,entailment
kornli_004622,entailment
kornli_040503,neutral
kornli_019026,neutral
kornli_042548,entailment
kornli_015426,entailment
kornli_011534,contradiction
kornli_030469,contradiction
kornli_001081,neutral
kornli_000113,entailment
kornli_040283,neutral
kornli_015101,entailment
kornli_041498,entailment
kornli_008188,contradiction
kornli_010891,contradiction
kornli_059968,contradiction
kornli_035444,neutral
kornli_024342,neutral
kornli_006300,neutral
kornli_058987,entailment
kornli_036344,entailment
kornli_047246,neutral
kornli_016036,entailment
kornli_041944,neutral
kornli_027657,neutral
kornli_009428,entailment
kornli_055766,contradiction
kornli_038353,contradiction
kornli_051446,neutral
kornli_000598,entailment
kornli_002398,neutral
kornli_011357,neutral
kornli_058709,entailment
kornli_033281,contradiction
kornli_045231,entailment
kornli_013760,entailment
kornli_015280,entailment
kornli_025135,entailment
kornli_012805,neutral
kornli_020918,entailment
kornli_041039,entailment
kornli_018710,entailment
kornli_016427,entailment
kornli_047675,entailment
kornli_057528,contradiction
kornli_055563,contradiction
kornli_028445,neutral
kornli_053804,entailment
kornli_038039,entailment
kornli_032487,neutral
kornli_056774,contradiction
kornli_016468,contradiction
kornli_015511,neutral
kornli_034947,entailment
kornli_040338,contradiction
kornli_003501,neutral
kornli_004723,entailment
kornli_040426,contradiction
kornli_006007,contradiction
kornli_046067,entailment
kornli_037953,entailment
kornli_023934,neutral
kornli_055265,contradiction
kornli_033202,neutral
kornli_010845,entailment
kornli_042390,entailment
kornli_012639,contradiction
kornli_016627,entailment
kornli_059034,neutral
kornli_019824,entailment
kornli_057312,entailment
kornli_029691,entailment
kornli_049446,neutral
kornli_051956,contradiction
kornli_024091,neutral
kornli_041332,neutral
kornli_049222,contradiction
kornli_038694,neutral
kornli_054547,contradiction
kornli_046065,entailment
kornli_056136,neutral
kornli_059331,contradiction
kornli_050340,entailment
kornli_006119,contradiction
kornli_055866,neutral
kornli_015891,neutral
kornli_039016,contradiction
kornli_024788,contradiction
kornli_029601,contradiction
kornli_017375,neutral
kornli_000518,contradiction
kornli_013558,neutral
kornli_008195,neutral
kornli_015329,neutral
kornli_041011,neutral
kornli_045942,contradiction
kornli_024469,neutral
kornli_003453,entailment
kornli_049781,contradiction
kornli_000952,neutral
kornli_044782,entailment
kornli_020511,contradiction
kornli_028827,entailment
kornli_028711,contradiction
kornli_016478,neutral
kornli_005942,neutral
kornli_025021,neutral
kornli_026888,entailment
kornli_041426,neutral
kornli_029355,contradiction
kornli_018565,contradiction
kornli_012783,contradiction
kornli_040074,neutral
kornli_010023,entailment
kornli_031450,entailment
kornli_039150,neutral
kornli_054499,entailment
kornli_037711,neutral
kornli_027213,entailment
kornli_048206,entailment
kornli_046799,entailment
kornli_016567,neutral
kornli_032414,entailment
kornli_026339,contradiction
kornli_012727,entailment
kornli_029953,entailment
kornli_025902,neutral
kornli_014498,neutral
kornli_002847,neutral
kornli_009666,neutral
kornli_057094,entailment
kornli_020308,neutral
kornli_022931,contradiction
kornli_010774,neutral
kornli_042436,contradiction
kornli_042298,contradiction
kornli_027381,entailment
kornli_057851,contradiction
kornli_043322,neutral
kornli_032823,neutral
kornli_014192,neutral
kornli_001270,contradiction
kornli_035571,entailment
kornli_016158,entailment
kornli_048128,neutral
kornli_042647,contradiction
kornli_050140,contradiction
kornli_047301,neutral
kornli_045046,contradiction
kornli_024529,contradiction
kornli_011798,entailment
kornli_028655,entailment
kornli_047362,entailment
kornli_059416,entailment
kornli_046944,neutral
kornli_002219,entailment
kornli_057774,contradiction
kornli_034520,entailment
kornli_019807,entailment
kornli_017393,contradiction
kornli_025669,neutral
kornli_033204,contradiction
kornli_058778,entailment
kornli_055143,entailment
kornli_002115,neutral
kornli_033711,neutral
kornli_000041,contradiction
kornli_058517,neutral
kornli_043209,neutral
kornli_034688,entailment
kornli_032639,entailment
kornli_029509,neutral
kornli_043706,neutral
kornli_021708,contradiction
kornli_023194,neutral
kornli_032567,neutral
kornli_006715,entailment
kornli_015793,entailment
kornli_016659,contradiction
kornli_053914,neutral
kornli_031183,contradiction
kornli_022829,entailment
kornli_053988,neutral
kornli_053255,entailment
kornli_013499,entailment
kornli_035220,neutral
kornli_004801,contradiction
kornli_037300,neutral
kornli_051716,neutral
kornli_043114,neutral
kornli_015173,contradiction
kornli_040699,entailment
kornli_038717,contradiction
kornli_019286,entailment
kornli_004025,contradiction
kornli_046495,entailment
kornli_043971,entailment
kornli_028283,entailment
kornli_040331,entailment
kornli_019795,neutral
kornli_055981,entailment
kornli_005106,neutral
kornli_046321,entailment
kornli_017685,contradiction
kornli_043626,contradiction
kornli_034824,contradiction
kornli_053358,contradiction
kornli_006772,neutral
kornli_023650,entailment
kornli_027452,contradiction
kornli_035787,contradiction
kornli_006164,neutral
kornli_008859,entailment
kornli_018896,neutral
kornli_055891,neutral
kornli_012049,entailment
kornli_022695,entailment
kornli_055995,entailment
kornli_017454,neutral
kornli_056519,entailment
kornli_045649,contradiction
kornli_055950,contradiction
kornli_032289,neutral
kornli_005399,entailment
kornli_045614,entailment
kornli_039022,entailment
kornli_006138,contradiction
kornli_049084,entailment
kornli_049688,neutral
kornli_010233,contradiction
kornli_037667,entailment
kornli_020988,neutral
kornli_006173,contradiction
kornli_036939,entailment
kornli_036752,neutral
kornli_057578,contradiction
kornli_016603,contradiction
kornli_038045,contradiction
kornli_031226,entailment
kornli_043436,contradiction
kornli_031842,contradiction
kornli_007279,neutral
kornli_030612,neutral
kornli_029029,entailment
kornli_030759,entailment
kornli_008108,neutral
kornli_011781,neutral
kornli_033191,entailment
kornli_059323,entailment
kornli_009265,entailment
kornli_012670,entailment
kornli_026200,contradiction
kornli_047523,neutral
kornli_029438,entailment
kornli_010166,neutral
kornli_009536,contradiction
kornli_002784,neutral
kornli_029727,neutral
kornli_044781,contradiction
kornli_042946,entailment
kornli_045121,neutral
kornli_053633,entailment
kornli_010644,entailment
kornli_037458,neutral
kornli_004002,neutral
kornli_019323,entailment
kornli_022258,entailment
kornli_009109,neutral
kornli_014901,entailment
kornli_029588,contradiction
kornli_011856,entailment
kornli_055686,entailment
kornli_020039,contradiction
kornli_005485,neutral
kornli_012029,entailment
kornli_002376,entailment
kornli_012895,entailment
kornli_047115,entailment
kornli_025910,neutral
kornli_039638,entailment
kornli_025276,neutral
kornli_004586,entailment
kornli_032287,contradiction
kornli_011374,entailment
kornli_040358,neutral
kornli_001226,neutral
kornli_007875,entailment
kornli_058199,contradiction
kornli_011774,neutral
kornli_037120,contradiction
kornli_039462,entailment
kornli_046850,neutral
kornli_021818,neutral
kornli_010436,neutral
kornli_046322,contradiction
kornli_000156,contradiction
kornli_032390,neutral
kornli_025861,entailment
kornli_042014,entailment
kornli_043890,neutral
kornli_016533,contradiction
kornli_025410,entailment
kornli_036846,neutral
kornli_003499,contradiction
kornli_038835,entailment
kornli_056025,entailment
kornli_031987,entailment
kornli_011838,contradiction
kornli_036197,entailment
kornli_019797,neutral
kornli_026270,neutral
kornli_011221,contradiction
kornli_026779,contradiction
kornli_048364,contradiction
kornli_023820,neutral
kornli_050470,neutral
kornli_049028,neutral
kornli_024061,contradiction
kornli_038544,neutral
kornli_037115,entailment
kornli_000267,entailment
kornli_027934,neutral
kornli_026490,neutral
kornli_012036,entailment
kornli_037125,contradiction
kornli_030392,contradiction
kornli_027100,neutral
kornli_010958,neutral
kornli_042204,contradiction
kornli_032006,contradiction
kornli_041770,neutral
kornli_045477,contradiction
kornli_017479,neutral
kornli_007098,neutral
kornli_017437,neutral
kornli_055872,contradiction
kornli_058178,neutral
kornli_050486,neutral
kornli_019982,contradiction
kornli_044727,neutral
kornli_046205,neutral
kornli_048291,contradiction
kornli_055895,neutral
kornli_035250,neutral
kornli_056452,entailment
kornli_005466,contradiction
kornli_028494,neutral
kornli_011926,contradiction
kornli_024240,neutral
kornli_017647,contradiction
kornli_018281,neutral
kornli_008898,contradiction
kornli_028618,neutral
kornli_000708,entailment
kornli_037655,entailment
kornli_057011,entailment
kornli_042166,entailment
kornli_035078,neutral
kornli_003705,neutral
kornli_033108,entailment
kornli_049831,neutral
kornli_015465,neutral
kornli_026956,neutral
kornli_022183,neutral
kornli_044709,contradiction
kornli_039583,neutral
kornli_014093,entailment
kornli_057937,neutral
kornli_001020,entailment
kornli_024590,entailment
kornli_056245,neutral
kornli_040716,entailment
kornli_021263,neutral
kornli_045656,neutral
kornli_033610,neutral
kornli_044503,neutral
kornli_040585,contradiction
kornli_012620,contradiction
kornli_034836,entailment
kornli_032640,entailment
kornli_039495,contradiction
kornli_054576,entailment
kornli_033841,entailment
kornli_025804,neutral
kornli_015488,neutral
kornli_029540,neutral
kornli_039347,neutral
kornli_011545,entailment
kornli_033434,neutral
kornli_032191,entailment
kornli_037922,entailment
kornli_029373,neutral
kornli_014704,entailment
kornli_055525,neutral
kornli_043392,entailment
kornli_054066,entailment
kornli_048248,contradiction
kornli_057746,neutral
kornli_022233,neutral
kornli_013587,entailment
kornli_000439,contradiction
kornli_028668,contradiction
kornli_001853,contradiction
kornli_045527,neutral
kornli_049223,neutral
kornli_006707,contradiction
kornli_016250,contradiction
kornli_028846,neutral
kornli_003780,entailment
kornli_011131,neutral
kornli_053144,neutral
kornli_006576,neutral
kornli_013420,entailment
kornli_014288,neutral
kornli_038910,entailment
kornli_043179,neutral
kornli_057618,entailment
kornli_005350,contradiction
kornli_040329,contradiction
kornli_023379,neutral
kornli_031944,contradiction
kornli_048861,neutral
kornli_046308,contradiction
kornli_017757,contradiction
kornli_037599,entailment
kornli_018254,neutral
kornli_050937,neutral
kornli_049698,contradiction
kornli_034898,entailment
kornli_058438,entailment
kornli_026594,entailment
kornli_024814,neutral
kornli_052223,neutral
kornli_050084,entailment
kornli_016846,contradiction
kornli_019935,contradiction
kornli_026203,contradiction
kornli_021996,contradiction
kornli_045275,entailment
kornli_033897,neutral
kornli_048825,entailment
kornli_047519,neutral
kornli_023273,entailment
kornli_032679,entailment
kornli_034889,contradiction
kornli_008850,neutral
kornli_028583,neutral
kornli_017661,neutral
kornli_049774,neutral
kornli_004055,entailment
kornli_055510,entailment
kornli_002741,neutral
kornli_031130,neutral
kornli_052164,contradiction
kornli_031253,entailment
kornli_039135,contradiction
kornli_023475,neutral
kornli_053576,entailment
kornli_018163,entailment
kornli_009250,contradiction
kornli_045005,entailment
kornli_036721,neutral
kornli_047600,contradiction
kornli_008635,entailment
kornli_042317,contradiction
kornli_015796,neutral
kornli_057917,entailment
kornli_012567,contradiction
kornli_049996,contradiction
kornli_011118,entailment
kornli_031673,neutral
kornli_039744,neutral
kornli_007168,entailment
kornli_018484,neutral
kornli_015175,contradiction
kornli_017449,contradiction
kornli_053256,entailment
kornli_032937,contradiction
kornli_048703,contradiction
kornli_033150,neutral
kornli_038030,entailment
kornli_026790,entailment
kornli_050002,entailment
kornli_049449,entailment
kornli_046278,entailment
kornli_050187,neutral
kornli_029242,entailment
kornli_006161,contradiction
kornli_057066,contradiction
kornli_032368,neutral
kornli_056782,contradiction
kornli_045263,neutral
kornli_016491,contradiction
kornli_012882,entailment
kornli_039560,contradiction
kornli_009003,neutral
kornli_057374,contradiction
kornli_049025,entailment
kornli_048776,entailment
kornli_051266,contradiction
kornli_036319,entailment
kornli_010746,entailment
kornli_011351,contradiction
kornli_055987,entailment
kornli_032857,contradiction
kornli_001301,neutral
kornli_002441,neutral
kornli_032492,neutral
kornli_031244,entailment
kornli_031694,entailment
kornli_015267,contradiction
kornli_003589,contradiction
kornli_045812,contradiction
kornli_027229,entailment
kornli_005851,contradiction
kornli_032083,neutral
kornli_027416,entailment
kornli_042221,entailment
kornli_042157,neutral
kornli_029251,entailment
kornli_017929,entailment
kornli_029710,contradiction
kornli_010040,entailment
kornli_008516,neutral
kornli_054458,neutral
kornli_021597,neutral
kornli_049919,contradiction
kornli_047081,entailment
kornli_050716,contradiction
kornli_042301,entailment
kornli_018388,neutral
kornli_025494,contradiction
kornli_044898,entailment
kornli_036881,contradiction
kornli_055890,contradiction
kornli_045732,entailment
kornli_034783,contradiction
kornli_027737,neutral
kornli_026431,entailment
kornli_049940,contradiction
kornli_008073,entailment
kornli_039756,neutral
kornli_055586,contradiction
kornli_006664,neutral
kornli_051440,neutral
kornli_020216,entailment
kornli_035141,entailment
kornli_033658,neutral
kornli_027721,neutral
kornli_005597,neutral
kornli_023477,entailment
kornli_056840,contradiction
kornli_015847,contradiction
kornli_016452,entailment
kornli_055114,contradiction
kornli_010570,contradiction
kornli_001456,contradiction
kornli_005200,neutral
kornli_023544,neutral
kornli_059941,entailment
kornli_016680,contradiction
kornli_036422,entailment
kornli_008078,entailment
kornli_058381,entailment
kornli_022156,neutral
kornli_006286,contradiction
kornli_038148,neutral
kornli_059039,entailment
kornli_046072,neutral
kornli_059837,neutral
kornli_054319,entailment
kornli_055318,contradiction
kornli_019453,entailment
kornli_050191,contradiction
kornli_006160,entailment
kornli_023776,contradiction
kornli_054478,contradiction
kornli_048903,contradiction
kornli_009296,neutral
kornli_042135,neutral
kornli_051340,entailment
kornli_051957,neutral
kornli_033219,neutral
kornli_012098,contradiction
kornli_026365,entailment
kornli_029751,entailment
kornli_010989,neutral
kornli_027942,entailment
kornli_017352,contradiction
kornli_055623,neutral
kornli_007209,contradiction
kornli_046703,entailment
kornli_003230,neutral
kornli_043976,neutral
kornli_054459,entailment
kornli_048069,neutral
kornli_057580,neutral
kornli_002186,entailment
kornli_055135,neutral
kornli_018867,contradiction
kornli_020029,neutral
kornli_058514,entailment
kornli_030606,neutral
kornli_008637,entailment
kornli_038024,contradiction
kornli_028969,neutral
kornli_004438,entailment
kornli_023988,contradiction
kornli_029844,neutral
kornli_044315,neutral
kornli_030220,contradiction
kornli_015825,entailment
kornli_023420,entailment
kornli_029175,neutral
kornli_037508,entailment
kornli_034013,entailment
kornli_003121,neutral
kornli_054787,contradiction
kornli_018335,neutral
kornli_031814,contradiction
kornli_046318,neutral
kornli_043326,entailment
kornli_005633,contradiction
kornli_030413,contradiction
kornli_056089,entailment
kornli_009115,contradiction
kornli_032613,neutral
kornli_028132,contradiction
kornli_019281,entailment
kornli_012758,neutral
kornli_052344,neutral
kornli_034681,entailment
kornli_022316,entailment
kornli_044196,entailment
kornli_056379,entailment
kornli_020266,neutral
kornli_002841,neutral
kornli_017003,entailment
kornli_010453,neutral
kornli_020510,neutral
kornli_014227,neutral
kornli_024546,contradiction
kornli_056173,entailment
kornli_015870,contradiction
kornli_001018,entailment
kornli_027649,contradiction
kornli_028300,contradiction
kornli_015334,entailment
kornli_042921,contradiction
kornli_020614,neutral
kornli_008020,entailment
kornli_043243,neutral
kornli_058020,neutral
kornli_019288,neutral
kornli_000396,entailment
kornli_036801,contradiction
kornli_059636,entailment
kornli_022942,entailment
kornli_054836,entailment
kornli_021706,entailment
kornli_034743,entailment
kornli_038726,entailment
kornli_006802,neutral
kornli_050179,neutral
kornli_053115,neutral
kornli_010951,entailment
kornli_017720,contradiction
kornli_000894,contradiction
kornli_038583,contradiction
kornli_052626,entailment
kornli_040784,neutral
kornli_045654,entailment
kornli_041565,contradiction
kornli_031441,contradiction
kornli_039627,entailment
kornli_032222,contradiction
kornli_028739,entailment
kornli_034610,contradiction
kornli_040383,entailment
kornli_011341,neutral
kornli_056146,entailment
kornli_037254,entailment
kornli_016914,contradiction
kornli_002515,neutral
kornli_036204,neutral
kornli_044459,contradiction
kornli_041032,entailment
kornli_049645,entailment
kornli_001097,entailment
kornli_030588,neutral
kornli_049629,entailment
kornli_054992,neutral
kornli_054805,contradiction
kornli_030035,entailment
kornli_003207,contradiction
kornli_012363,contradiction
kornli_036237,contradiction
kornli_051011,neutral
kornli_008624,neutral
kornli_037407,entailment
kornli_032135,contradiction
kornli_014768,contradiction
kornli_053054,neutral
kornli_029527,entailment
kornli_001006,entailment
kornli_054628,neutral
kornli_021442,entailment
kornli_048056,neutral
kornli_049714,contradiction
kornli_041829,neutral
kornli_052933,contradiction
kornli_016778,contradiction
kornli_032665,contradiction
kornli_009736,contradiction
kornli_007404,neutral
kornli_029954,neutral
kornli_046239,entailment
kornli_010348,contradiction
kornli_014052,neutral
kornli_000403,entailment
kornli_044834,entailment
kornli_054262,contradiction
kornli_015275,entailment
kornli_040801,contradiction
kornli_020707,entailment
kornli_048581,entailment
kornli_029504,neutral
kornli_033121,entailment
kornli_018124,neutral
kornli_023953,neutral
kornli_029198,contradiction
kornli_032834,entailment
kornli_027785,entailment
kornli_002299,contradiction
kornli_030254,contradiction
kornli_053003,entailment
kornli_043317,contradiction
kornli_055300,entailment
kornli_004758,neutral
kornli_000818,neutral
kornli_023560,neutral
kornli_007803,entailment
kornli_004818,contradiction
kornli_007688,contradiction
kornli_012259,neutral
kornli_026309,neutral
kornli_048955,entailment
kornli_038332,contradiction
kornli_057165,entailment
kornli_015235,contradiction
kornli_028039,contradiction
kornli_038792,neutral
kornli_055782,neutral
kornli_005972,neutral
kornli_021163,contradiction
kornli_047370,entailment
kornli_013761,neutral
kornli_025865,neutral
kornli_029123,neutral
kornli_039903,entailment
kornli_056975,contradiction
kornli_005201,entailment
kornli_016597,neutral
kornli_019465,contradiction
kornli_007426,contradiction
kornli_033579,contradiction
kornli_009888,entailment
kornli_038371,contradiction
kornli_000175,entailment
kornli_050789,entailment
kornli_039155,contradiction
kornli_000599,entailment
kornli_051343,entailment
kornli_019315,neutral
kornli_040744,contradiction
kornli_043844,entailment
kornli_044071,neutral
kornli_001113,entailment
kornli_055419,entailment
kornli_001714,neutral
kornli_044036,neutral
kornli_052530,contradiction
kornli_027835,contradiction
kornli_023841,neutral
kornli_041858,neutral
kornli_005311,entailment
kornli_055976,contradiction
kornli_026921,neutral
kornli_006082,entailment
kornli_048235,neutral
kornli_035975,neutral
kornli_015602,neutral
kornli_028144,contradiction
kornli_057395,contradiction
kornli_009834,entailment
kornli_038183,contradiction
kornli_010359,neutral
kornli_055073,contradiction
kornli_035289,entailment
kornli_052988,neutral
kornli_051916,contradiction
kornli_044657,entailment
kornli_018107,entailment
kornli_042197,contradiction
kornli_051008,contradiction
kornli_021054,neutral
kornli_002775,neutral
kornli_004996,contradiction
kornli_000669,contradiction
kornli_047076,neutral
kornli_030620,entailment
kornli_058458,contradiction
kornli_020700,contradiction
kornli_014586,contradiction
kornli_014352,entailment
kornli_036117,neutral
kornli_048184,entailment
kornli_028161,contradiction
kornli_031957,neutral
kornli_041954,neutral
kornli_011984,entailment
kornli_045511,neutral
kornli_023215,entailment
kornli_037764,contradiction
kornli_047866,entailment
kornli_033563,entailment
kornli_021325,contradiction
kornli_043044,contradiction
kornli_001883,contradiction
kornli_004934,contradiction
kornli_020818,contradiction
kornli_043877,entailment
kornli_056303,entailment
kornli_001588,neutral
kornli_047653,entailment
kornli_047509,entailment
kornli_046786,neutral
kornli_022108,neutral
kornli_009985,contradiction
kornli_023311,neutral
kornli_048935,neutral
kornli_058404,neutral
kornli_002597,contradiction
kornli_057436,neutral
kornli_018155,entailment
kornli_018285,entailment
kornli_007876,contradiction
kornli_058142,entailment
kornli_041086,neutral
kornli_039324,entailment
kornli_018650,neutral
kornli_053532,contradiction
kornli_056672,neutral
kornli_022877,neutral
kornli_036224,neutral
kornli_008241,neutral
kornli_042798,entailment
kornli_040067,neutral
kornli_006853,contradiction
kornli_044571,neutral
kornli_027152,neutral
kornli_041186,contradiction
