id,label
3855853,0
1762572,0
9930219,0
10117664,0
1139204,0
9128161,1
9421628,1
7299818,1
8485493,0
5644786,0
9819215,1
10169257,1
4678278,0
5657579,1
9232979,0
4485715,1
8938696,1
3047048,0
9609466,1
2484189,0
3826853,0
6694012,0
4018521,1
8679820,0
9882823,1
4546538,0
6594088,1
10253226,0
9802839,1
7137246,0
8012940,1
7448192,1
7780118,1
9554328,1
9066470,1
7185265,1
5230973,1
8836509,0
8919108,1
8657383,0
8527453,1
2838052,1
7815620,0
6931218,0
7321970,1
7116641,1
2472390,0
8769593,1
9564747,0
7521455,0
310932,1
9565517,0
8535291,1
6860324,1
8937664,1
10064799,1
2731366,1
10089966,0
5947250,1
9830623,0
8754036,1
3595641,0
9997148,0
8112884,0
5237414,0
9331915,1
9484605,1
4708573,0
5435950,0
601630,0
7122110,0
4164091,0
1271646,0
9889417,1
10152350,0
9127320,1
9153875,1
5547386,0
4397720,1
8587247,1
8082923,1
3929858,0
7560357,1
10127135,0
43820,0
7975478,1
7786414,1
9638561,0
9950038,1
4211865,1
8466513,1
5300948,1
4666154,0
8485702,0
3764406,0
8427458,1
9924513,1
8549676,0
8173243,0
1259857,0
9214961,0
771150,1
8043220,0
5383838,0
9622937,1
10030112,0
5694965,1
9128933,0
8613690,1
7343988,0
9734525,0
8782704,1
7991752,0
6100713,1
9479094,1
9060492,0
4582741,0
9118162,1
6467561,0
8799332,0
1502811,1
6723323,1
7639523,0
9716167,1
2438423,0
7776793,1
3609505,0
2043267,1
42713,0
7568750,0
10191196,1
1386815,1
239726,0
10025734,1
733472,1
8766093,1
4093986,1
3742374,0
6153469,0
1286451,1
9850063,0
9749681,0
10077010,1
6390032,0
9340305,1
2508831,0
482620,0
5128287,1
9994351,1
10137502,1
4906980,0
7342601,0
9484509,1
7286694,1
6924902,1
7016554,0
8525728,1
5790703,0
6814854,0
10015425,1
9510309,1
6286844,1
9630037,0
44789,1
9298760,1
10176018,1
8221029,0
5479004,1
10023116,1
3085337,0
9651863,1
8430144,0
4892975,1
5982086,0
9699022,0
10124811,1
1396976,1
1396962,0
6272015,0
6369668,0
9833223,1
10163203,0
9105373,0
1948653,0
7465126,0
8753361,1
8548056,0
9446919,1
8683206,1
8823250,1
947106,1
5762861,0
9611997,1
6172565,1
685679,1
5339126,0
8606761,1
9022630,1
6655041,1
1794307,0
7460843,1
8520116,0
1924711,0
8676693,0
10096496,1
740171,1
8768972,1
10213452,1
8654984,1
8893010,0
9853667,0
8392194,0
10222482,0
6884175,0
9876224,1
5511570,1
8862591,1
7064019,0
3925097,0
1501631,0
9334901,0
6510838,0
3198287,1
3834995,0
4373489,0
9167336,1
6619242,1
6047109,1
9646040,1
8786104,0
7116437,1
6416669,1
10120648,1
9997302,1
3326299,1
5270368,0
8550695,1
9324602,0
9200917,1
6126480,0
4870490,1
2951677,0
157426,0
7286619,0
7937612,1
9662408,0
5728322,0
9667352,1
4411874,0
5383539,1
6471008,0
7282406,0
9498650,1
8522990,1
8723393,1
6532817,0
9232542,0
8219824,0
3912009,1
1705947,0
10022361,0
10128059,0
4073868,1
5638356,1
8046655,1
9771571,1
3495549,0
7419437,1
9347799,0
8085877,1
9694289,1
4191668,0
9249759,0
8655226,1
5715392,1
1623886,1
9688104,1
6992035,1
9491201,1
10148441,0
5232899,0
10116528,1
5937307,0
9949353,1
5217807,0
7648378,1
2902914,1
3077788,0
4583977,1
4917339,1
8615593,0
8191968,0
6195591,1
7019880,1
3943125,0
6822418,1
6665932,0
2553431,0
7164306,1
5950451,1
9388969,1
1560291,1
3451459,1
9535206,1
6475085,0
8142416,0
2884807,1
10013650,1
9276792,0
8556871,0
495215,1
8067549,1
8186761,1
9341349,0
9988484,1
9598600,1
8463727,1
10277409,1
5712030,0
9276143,1
8134121,1
2442633,1
5046807,0
6734625,0
3865152,0
8207010,0
8393414,1
10017106,1
9793698,0
10056734,0
1544658,1
290956,0
10129200,1
1380281,0
9484625,0
7759251,0
10133382,0
4320860,0
9397569,0
9130091,0
2778787,1
9632301,1
521428,0
7277009,1
9994465,1
7706217,1
4678461,0
5492969,0
1212910,0
8621170,0
7502969,0
7504382,0
946235,1
5431803,1
7124078,1
9295014,0
3425120,1
9767541,1
9746512,1
10067571,1
9247590,1
508353,1
9770224,1
6498101,1
10156851,0
7531620,1
8483240,0
5658739,1
7414217,0
10268821,0
4175023,0
7562777,1
6353476,1
8760864,1
8288104,0
8037329,1
5577552,1
9084578,0
6634169,1
7970101,0
3633605,0
6981865,1
7426526,1
10078000,0
9804756,1
8660544,0
4655549,0
8799649,0
8147294,0
9659349,1
7351662,1
6416275,0
10102788,0
8709980,1
1031725,0
8585273,1
8350710,0
5843302,1
3094290,0
7575564,1
9209529,0
6567036,1
5535286,1
7176780,1
2603456,0
8290774,1
1971330,0
8560272,1
9677117,0
8671237,1
9940459,1
9746004,1
9779206,0
5312315,0
7517048,0
9743404,1
5157994,0
8282778,1
4410466,0
4458682,0
8594005,1
3035022,0
152358,0
1470216,1
9351259,1
9070916,0
9246748,0
8614909,1
7068653,1
8736155,1
9610614,1
8691647,0
6823600,1
8515818,0
10013137,0
9615155,1
9884761,1
9179260,0
9635151,1
7343849,0
1915178,1
8667439,1
5308833,1
9785136,0
5162756,0
8959606,0
9480685,1
9414462,0
9723276,1
8544580,0
5078730,1
363157,1
8220688,1
7861358,0
7709605,0
6235565,0
8159544,1
7906761,0
6896697,1
5232898,0
10041396,1
2236971,1
8221895,1
7620755,0
10254651,0
9997083,1
6316911,1
8137127,1
9293900,0
2317500,0
9928643,1
9988744,1
10073681,0
8803237,0
9775769,0
8668225,1
10117504,1
9034917,0
8990246,0
4879156,1
9986797,1
9953550,0
2877459,0
3622193,0
8784080,0
9583348,0
8236684,0
4787461,1
7572369,1
2005511,1
7657647,0
9910682,0
8650541,1
9877226,1
6310338,1
8735328,0
7239457,0
3199521,1
5728518,1
8189449,1
142278,1
9465302,1
9997867,1
724928,1
8104895,1
9396111,0
7383249,1
9989010,1
8783228,0
3275247,1
8068777,1
5635820,0
4487327,1
8527408,1
9362162,0
9948378,1
5100905,0
6269777,0
5146324,1
9985996,0
9144875,0
5327845,0
10154502,1
10072189,1
3273321,0
4517165,1
4901522,1
10219258,1
4156145,0
1818179,0
5463936,1
6395019,0
2205651,1
59691,0
7620786,0
6766224,0
8907798,1
7941842,0
9643211,1
9393085,0
8899976,0
9252463,0
9576648,1
8850278,0
1730775,0
109162,0
8997974,0
6406604,0
6814932,0
9413770,0
923021,1
8711053,0
7297715,0
1340231,1
8159736,1
9803467,0
4938572,0
9809780,1
10079802,1
9983053,1
1909264,0
8800854,0
5393661,0
9581785,1
7631859,1
8348506,1
2046098,0
4229362,0
5933932,1
8735829,1
3462111,0
6000653,0
2787743,1
8761312,1
4665736,1
3142537,1
3982452,0
5270683,1
5730514,0
8529956,1
4734296,1
7340513,0
9397440,0
799811,0
6505133,0
9668039,1
9783101,0
10150994,0
370486,0
388007,0
5833178,1
10164325,1
7673222,0
6750008,1
9931770,1
6371147,0
9580203,1
8158846,0
1900217,1
3829664,1
7217039,1
8207814,0
2241451,0
7356006,0
9965029,1
1963682,0
2248028,0
4604677,1
3564674,1
305159,1
3789108,1
7236143,0
8420695,0
3529527,0
10154015,1
9059571,0
8484817,0
4802619,1
8766165,1
8928667,0
4419086,0
7628177,1
6213822,1
5625273,0
9283921,0
1559114,0
9483513,1
5428389,0
6606195,1
7977095,1
4752287,1
843346,1
6772206,0
4054322,1
9939935,1
9488717,0
2885171,1
729863,0
4662732,1
5289876,1
8402390,0
4745899,0
7850204,0
4134737,0
7849318,0
8504382,1
10269758,0
7876007,1
6911397,0
8543969,0
8602217,0
5545012,0
9973001,0
9698428,0
8867024,1
6762494,0
3137080,0
7283036,1
5097591,1
5799679,1
8951368,0
8311974,0
2917229,1
9981810,0
7799161,0
3076584,0
6596627,1
9238439,1
9111765,0
6824593,0
9422519,1
6573054,0
9497628,1
9856864,0
9980236,1
6315846,1
8130315,1
9413515,1
489514,0
3257148,1
9104056,0
9619113,1
4828099,1
8107909,0
7760230,0
6395185,0
10246809,0
9597243,0
9787567,0
6601882,0
4700517,1
8190071,0
8018538,1
6211605,0
9249336,0
4655262,1
5829765,0
9279890,1
1828520,0
9087903,1
4602469,0
1940999,0
9236406,0
9507065,1
1918607,1
3097280,1
5454803,0
9791935,1
520517,0
773664,0
4348917,0
354694,1
3845571,1
10244250,1
3680455,0
103623,0
5736716,1
5722788,1
9064464,0
7876350,0
3546750,0
9265685,1
517052,0
5125717,0
9240681,0
9690039,0
1672220,0
1744425,0
10261519,1
8850762,1
8780483,0
4200248,1
9379669,0
7247389,0
8714538,1
185763,0
4945486,0
3576918,0
2093200,0
8832021,0
9390961,0
8795420,0
621243,1
3719672,0
5782737,0
2142026,1
8079056,1
3221094,0
6163231,0
9247329,0
5434263,0
1183474,1
4238805,0
9042139,1
7013188,0
1949952,1
6665414,1
3809240,0
6063499,0
9190130,0
4653046,0
8494818,1
5495240,1
753701,0
8884931,1
9127032,1
9932740,1
9959912,1
5502532,0
531469,0
8719767,1
7679289,1
1344790,1
9846075,0
10118691,0
9801974,0
8697528,1
9841833,1
8592736,1
9386717,1
10062247,0
9599568,0
627,1
2024243,1
9049221,0
8971293,1
8122665,1
3536005,0
6665174,0
8964308,1
9204133,1
1512467,1
8463603,1
3531893,1
5209303,1
8670635,1
9958493,0
8182468,0
9823016,0
178438,1
8325624,1
10157693,1
5484650,0
9988508,0
9085505,0
9818791,1
4159162,0
5803441,1
9383687,0
5865748,0
9598650,0
8315963,0
8149007,1
9439112,0
9275529,0
1956437,0
7543903,1
5825948,0
9405247,1
7360484,1
7180972,1
7414096,0
8800262,1
9325564,1
2028465,1
5972841,0
18612,0
9573887,0
7653566,0
10124120,0
6565900,0
9579364,0
7665591,0
8131435,1
6433698,1
10114402,0
9310363,0
3383146,0
9506127,0
1369537,0
6194705,1
9169923,1
10220491,0
3373020,1
7900765,1
6718654,1
2756346,0
4547578,0
8195335,0
2253756,0
1111246,0
6767856,0
8584354,0
9137918,0
9944854,1
8081763,1
8679775,0
9018622,0
9327162,1
6360472,0
9221043,0
6409662,1
1413308,0
6672822,1
2557121,1
8205724,0
9272080,0
9501825,0
8377925,0
3640529,1
9998168,1
7856801,0
10103691,0
10197828,1
881358,1
9152598,0
5327558,0
6763466,0
8669124,0
5286815,1
10046205,0
3798457,1
9990947,1
8532637,1
9567527,0
8020471,1
7231460,0
8803585,1
4186837,0
8681944,1
7899674,1
6775859,1
3223172,1
8203596,1
3035800,1
3044111,1
1601629,0
9470987,0
9814540,1
8955202,0
9856975,0
4365214,1
7074074,1
6820538,0
3300763,1
7300391,0
1796061,1
8550130,1
6186325,1
4333410,1
9250889,0
4345440,0
1607600,1
5636139,0
10196359,0
8361370,1
852607,1
4775569,1
9855135,0
8664596,0
916540,0
4524807,1
8144259,1
7423319,1
6762350,1
345631,1
4977450,1
7857758,0
9437778,1
7546637,1
9166434,1
8062403,0
9906385,1
4448562,1
7504760,0
5333918,0
8382543,0
4814402,1
5346394,1
7626778,1
5190932,1
2703041,1
8665836,0
5994267,0
7471060,1
86138,0
6882395,0
1254740,1
8533201,1
9856436,1
9907616,1
4958075,1
9727750,0
7490602,1
4086806,1
2033604,0
9275884,1
7329523,0
9405780,1
9647494,1
9192062,1
9810838,0
3632880,0
10205903,1
7071040,0
9439860,0
9771015,0
9592292,0
7508856,1
7140725,0
5724688,0
8846425,1
8480303,0
9077483,1
215866,1
1029266,1
7755459,1
9507345,1
9123065,1
9738744,0
9421130,0
3993816,0
5126535,0
1038886,0
6393600,1
800381,0
9667778,0
10018517,0
5744522,1
3211303,0
9681473,0
8607289,1
9898751,1
9212204,1
9968729,0
8922875,0
9747277,1
8816654,1
9164412,1
9219646,1
4914008,1
7350033,1
332506,0
10158479,1
10017421,0
303422,1
10090420,0
388560,0
5892128,0
1028606,0
6575909,1
6158221,0
4314336,1
7525474,1
5522718,0
5294833,0
7347330,1
8218168,1
10264680,0
9855372,0
3119573,0
522084,1
9397919,1
10191885,1
2040881,0
2572477,1
7136892,1
9460872,0
3953759,0
5402071,1
8891378,0
7527656,0
6676305,1
9855209,0
5032687,1
4389585,0
1848320,0
3848512,1
9216925,1
5366556,0
9119601,1
7070630,1
9788218,0
8962282,1
9129303,0
2210134,0
7502077,0
7449549,1
9879662,1
820986,1
1685547,1
10124081,1
8477154,0
5812441,0
7628730,1
8789224,0
9906263,0
5015324,0
6827937,0
8356412,1
10156938,1
8652133,0
3159974,1
750658,0
9305792,0
7545675,0
7301985,0
9811049,0
5251189,0
10225481,0
573619,1
6471555,0
9384645,0
2481609,1
10098978,0
4415707,1
4133167,0
2840340,1
216994,1
5624903,1
6750619,0
4755619,1
3991685,1
9798899,0
10270559,1
1793139,0
8565084,1
7647281,1
2510816,0
4790227,0
3790524,0
1433504,1
10212296,1
2223673,1
8939016,1
8025954,0
9559689,1
4431197,0
6984787,1
1400418,1
2916601,1
45029,0
10059464,0
8203765,0
7197139,1
4458977,1
8221155,1
9545586,0
7780336,0
8562549,0
6620654,1
9925715,1
5759288,0
8708388,1
4039246,1
9874579,1
929782,1
6737356,1
9726973,1
2067884,1
8722566,1
1098445,1
1436182,0
10111536,0
8338035,0
8849455,1
8598473,1
3348735,1
9853150,1
10259671,0
6830253,1
9602758,1
8768452,0
7222043,1
10152550,0
8336028,0
6735342,0
1637665,1
5908385,0
9902129,0
7662931,1
633438,1
8179204,1
1126201,0
9539484,1
8549093,0
9238978,0
5139276,0
9453825,0
2719325,0
8517739,1
6235200,0
8440975,1
9972976,1
2030161,0
8644608,0
6175682,1
8816696,1
9138988,1
21970,1
7972875,1
8823193,1
10103886,1
8196531,0
5229559,0
10121085,0
10215605,1
7523892,0
1651308,0
7312438,0
9143163,0
4706039,1
1576504,0
1369227,1
6232467,0
7729235,0
7007784,1
7561701,1
2900861,0
5842026,0
7863614,1
5505836,1
10191756,0
6480770,1
9265033,1
9853868,1
1584071,0
10178330,1
8859111,0
7906817,1
9925058,1
420401,1
8109352,0
9964723,0
8841478,1
9645059,0
4738008,0
9977833,0
2799563,1
2036811,1
9320460,1
8843505,1
1931984,1
2057893,0
7296683,0
10080346,1
6917121,0
8747111,1
9332812,1
9300466,1
8841678,1
7863821,1
8093392,1
10074158,1
9549900,1
4340072,0
7770813,0
10025434,1
6636458,1
7801824,1
182476,0
7321960,1
5983405,1
9466690,0
8735016,0
9559466,0
7125392,0
4004072,0
8763738,0
9726607,0
7653068,1
8770449,0
8935701,0
6397157,0
4941788,1
7295607,1
6225660,1
10271026,0
9327139,0
1076199,1
2739162,1
9712394,1
8771102,0
4795409,1
7079023,1
3796525,0
9509511,0
7813843,1
7080396,1
6034078,1
8969564,0
6995229,1
8526703,0
8576701,1
5184068,0
9070407,0
7912347,0
3895094,1
8153564,1
2437950,0
9121775,1
7483289,0
5798528,1
6161088,0
4672806,1
6700692,0
10064575,1
10260072,1
9249398,0
7202049,1
5067577,0
5356200,1
10201045,1
7602121,1
5267733,1
9822993,0
8559195,0
5855148,1
3533205,0
4015392,0
5097804,0
9038757,0
4170328,0
8617830,0
6511386,1
4312968,0
9841961,1
8884257,0
6872054,1
9487313,1
5349193,1
4914515,0
1143795,0
7976784,0
4193028,0
9391489,1
1965843,1
5246146,0
707577,1
9062463,0
25210,0
5772855,0
9943873,0
4308689,1
6873634,1
188078,1
9201357,1
4891937,0
9655569,0
7662881,1
7461699,0
7094958,1
4917688,0
7383866,1
9819895,0
4067101,1
3950289,0
10081182,1
8867833,0
2557434,0
8852448,0
8842008,1
7247590,1
10035897,0
2236603,1
7130647,1
8616371,0
6907563,1
9032513,0
9449862,1
7988009,0
9381803,1
4994217,0
2841618,1
4843110,0
8406590,1
7548196,1
9709601,0
9912622,1
2831475,0
9625346,0
6526970,1
2291,0
6437650,0
7957498,1
9522345,1
8497355,0
9914607,0
9812074,1
9713323,0
9616335,1
9246039,1
7622568,1
10148045,1
2577979,0
10270419,0
3392151,1
8848682,1
3840959,0
2198322,0
5008885,0
7748824,0
5141019,0
7916904,0
9138376,1
5703172,1
3344017,1
9791918,0
10277618,0
5858486,1
9201958,1
10216262,0
10018617,0
6642272,1
9578042,1
9792320,0
8152770,1
3998004,0
10276395,1
8691955,0
8460181,0
109673,1
7916668,0
1891386,0
5733646,1
3657063,1
2055767,1
5651199,1
405393,1
8782050,1
6822072,1
9855237,0
10105309,0
4228635,0
8209361,1
8307400,0
2218201,1
8726313,1
7505556,1
1673555,0
499019,1
8070439,0
4928071,0
9205826,1
690538,0
10161197,1
7358780,0
7245463,1
2466355,1
4001392,1
3396402,0
4294098,0
7465598,0
9818347,1
7722865,0
9692746,0
2687773,1
819926,0
699828,0
9804358,0
5335152,0
4180248,0
10004747,0
9214817,0
6718436,1
8774313,0
10165789,1
8703094,0
10259080,0
10165108,1
9393233,0
7928765,0
9828481,1
10278072,1
2525984,1
7993120,1
83868,1
2657100,0
3273637,0
9537315,1
8207479,0
3354934,1
8335084,0
9123132,1
5653836,1
9509960,0
4894493,1
8578255,0
10186032,0
2423952,0
2174066,0
7809545,1
9967545,1
3082022,1
351892,0
7084152,1
2063538,0
8931286,0
9986328,0
7327094,0
9680671,0
3094080,1
6714917,1
9428359,1
8714102,0
9938087,1
685702,1
3517758,1
6394422,0
6770929,1
8381773,1
6467828,1
7895807,0
2661611,1
5978882,1
7323372,0
5007581,0
4140644,1
5008913,0
9235244,0
8234908,0
9985931,0
5381492,1
8702788,1
1811561,1
6087691,0
4007969,0
8730302,1
6278188,1
7108840,0
5414012,1
5961533,0
5745325,1
3831368,1
9675338,0
7730382,1
6631288,1
6582100,1
6317891,0
1476444,1
1413312,0
7515563,0
10024603,0
9662982,0
8186142,1
25785,1
8508740,1
4934154,1
9134839,0
8352532,1
9132857,0
7511158,0
5068614,1
9705847,0
8981037,1
1132069,1
301300,0
9939767,0
602387,0
3007231,1
9780910,1
10150942,1
9682973,1
10186438,0
3879703,0
8092580,0
4326741,0
183448,1
1746375,1
7947789,0
1587544,1
6700816,1
5538463,0
8986330,1
6825602,1
9692775,1
10129709,0
6236995,0
10185117,0
10269934,1
2500728,1
5575905,0
9803943,0
10068794,0
9752779,0
7287326,0
10184978,1
7432742,1
8978105,0
9717881,0
9581245,1
9463288,1
801800,1
10221577,0
10064661,0
7781987,1
5204785,0
8909532,0
7748300,1
2418869,0
9871475,1
4570321,0
8932120,1
8680707,1
2345044,1
4594166,0
8364923,1
8829644,1
3498678,1
9846582,0
6565615,1
2857311,1
9799340,1
10125103,1
8728337,1
9922309,0
9336592,0
7563840,1
8654562,1
4330402,1
6649147,1
7082922,1
7619572,0
8679496,0
1687215,1
5586603,1
8045555,1
8868781,0
7082499,1
4932336,0
5073383,0
1490617,0
10108744,0
7279280,1
8027386,0
10153780,1
455332,0
7719084,1
7243908,1
9919912,0
9902883,0
2096249,1
864823,1
6929752,0
10231308,1
2281451,0
7281112,1
5790833,0
2222089,1
3035878,1
6677492,1
6092637,0
9720398,1
7940114,0
3892881,0
9920547,1
5826105,0
1435344,1
8917017,0
4513960,0
2018794,0
4286200,1
10197716,1
3989750,1
8612365,1
1570272,0
6075500,1
9023363,1
8325496,0
6812687,1
10105379,0
1124989,1
3376405,1
5134996,1
7853526,0
25061,0
7756131,0
6819962,1
8492066,1
9584053,1
6932565,1
6567999,0
6946155,1
9008073,1
5177096,1
8631787,1
10006523,1
6458643,0
10101007,0
8955418,1
9731251,0
7631222,1
4614349,0
8403227,0
9514312,1
8664129,0
1300036,1
7254790,0
1633598,0
4483554,0
35376,0
7767475,1
8024165,0
5294401,0
7776081,0
7867334,0
8701933,1
10014159,1
6343742,0
3038965,1
8496897,1
8805160,0
10034004,1
8611826,1
1283624,1
1225808,1
10115074,0
10106931,0
6705627,1
5546140,0
10125292,1
3816417,0
4478593,1
597257,0
2309144,0
6874453,1
8621964,0
9667095,1
8443769,1
7132730,1
8716631,0
7098690,1
9569638,1
9953039,0
6066338,1
8566778,0
4424622,1
2395303,0
9762185,0
7513278,1
2090763,0
1708891,0
6412536,0
6397968,0
10132409,1
7337431,1
10245639,1
7455885,0
10228307,0
5420899,1
6438919,0
9320116,1
3726412,0
4357323,0
10212471,0
9134752,0
9848952,1
5364644,1
9611915,0
9484135,1
6102456,0
9812748,1
8131172,1
9772526,0
10256082,1
6422130,0
7092511,1
7563033,1
9748598,0
4503042,1
5816740,0
8918540,1
5994835,0
4245319,1
7187184,0
5389778,0
1613891,0
163159,0
4612317,1
3248449,0
10191508,0
3793594,0
8609664,0
4325549,0
9434349,0
6334063,0
7476637,1
5288394,0
4345841,0
8936715,0
4756083,0
9063380,1
9998407,0
10244245,1
5849672,1
9270737,0
9861579,0
6305979,0
7875121,0
9666390,1
9323398,0
5986764,1
10100837,1
8332733,0
8918246,1
8386079,1
9688282,1
7789759,0
8894947,0
9953368,1
1669767,0
9887526,1
7914612,1
6118061,1
9337476,1
7391034,0
8767973,1
9280835,0
5568528,1
2484529,0
2240229,0
9782216,1
7715523,0
8624503,0
3389432,0
7688930,0
4823243,1
9992207,0
6206298,0
7726824,0
9868407,0
9243443,0
9107093,1
5180547,0
3177885,0
5258934,0
5264730,0
10007641,0
6764739,0
9837058,0
3815340,1
8567362,0
8682380,0
7257451,0
9357740,0
3120428,0
9307998,1
6989184,0
8912911,0
8070769,1
6973858,0
8462070,1
2913541,0
6646576,0
9942968,0
2546740,0
1081197,1
7021708,0
7993630,1
9254519,0
6429751,1
727487,0
4944826,1
3138758,0
4674596,0
7145027,0
1404938,0
6893422,0
7932889,0
4539322,1
10228904,0
7471910,1
8624390,0
9848637,1
3540247,0
9451688,1
8212629,0
9429045,0
1217204,0
8018843,1
8664152,1
8735940,0
3099621,0
8772216,0
9433764,0
9033420,1
4618870,1
8032786,1
7427562,1
529646,0
8682324,1
9751638,1
8602438,1
1607144,0
3871362,1
7499026,1
9906734,0
6230936,0
5186946,0
6200828,1
7714152,0
8860140,1
4070969,0
4035283,1
10092006,1
7561560,0
6544088,1
8670253,1
8613646,0
3077205,0
2869367,1
10024491,1
9832110,1
4524573,1
9919886,0
3313233,1
8801054,0
5791237,0
9878399,0
5969824,0
435659,0
5955272,0
9384527,0
2370269,1
7092955,1
5427145,0
1626553,0
6570108,1
7773000,0
9403026,0
9413430,1
2754458,0
9742032,0
2945143,0
10078715,0
9235151,0
8771009,1
7211728,0
3428986,0
3104915,1
10275888,0
3472628,0
23387,0
8173346,1
4405639,0
9181215,0
6859602,0
1585849,1
8178968,1
3989710,1
144867,1
8997743,0
10106275,0
5495656,1
1052683,0
9932067,0
8697173,1
5451981,0
7494318,0
9333462,1
8624251,1
5854791,1
8493197,0
1910379,0
9482489,0
8631219,0
2193179,0
9416437,0
866040,0
7093907,0
9078808,1
9119882,0
3917318,0
4143114,1
8476228,0
3673628,1
10116591,0
8142394,0
2122858,0
4597578,1
2036629,0
8917308,1
983550,0
7980549,1
7101056,1
8900373,0
9244406,0
3724219,0
8843610,0
7462020,1
9851054,0
9630287,0
4762817,0
4646623,1
9760764,1
1609667,0
8254402,0
8384223,0
9100726,0
9642638,1
7161077,1
6837324,0
8829630,1
7863562,1
5581384,0
740392,1
9832429,1
9197314,0
4110884,0
839885,0
8168685,1
9365005,1
10076003,0
8714418,0
3099132,0
9450110,0
3761793,1
109382,1
8832224,1
8469920,0
6614141,0
10245886,1
3042763,1
3738433,0
25798,1
8772076,0
5708209,1
7502963,0
9232052,0
9384490,0
531691,0
4644472,1
9294290,0
10138087,1
5733862,0
127014,1
1166523,0
2750746,0
9971501,1
8189969,1
6566021,0
7905550,1
9369613,0
9748856,1
10222281,0
4209104,0
6161108,0
6406635,0
9576450,0
1321636,1
3700223,1
4230633,1
243395,0
7658271,0
10108651,1
2205170,0
2486888,0
7630589,0
9906177,1
10080008,0
6725277,0
4070531,0
2829679,0
8021120,0
6269657,1
8114539,1
131353,0
9424351,0
8679456,0
4566661,1
9078795,1
10078984,0
352927,1
6931384,1
8188063,0
5963418,0
10169237,1
8584021,1
10106328,0
9324033,1
9419942,1
8633168,0
6833290,0
9028152,1
6230889,0
9102422,1
6909768,1
10073081,0
8522586,0
4934744,1
8516549,0
7306612,0
9272931,1
5761352,0
6415764,0
8167856,1
10213627,1
10177491,0
7419902,0
8070155,0
8848367,1
3821551,1
7266117,0
9266071,0
4773130,1
9701547,1
9033284,0
4448846,1
9428139,0
10251084,1
7513215,1
8481856,1
10256745,1
10127157,0
9854986,0
9926300,0
3598480,0
10135222,0
6216705,0
10024830,1
5070766,0
7552529,1
9933183,1
9717327,0
10222224,0
9711884,1
6554120,0
8360798,1
8188492,1
3995942,1
3275244,1
8951754,1
9358086,1
7043693,0
9805421,0
3604935,0
9273400,1
5893529,0
8028317,1
5970774,0
9126516,1
5947834,1
7136392,1
5437910,1
9070667,1
9544147,1
403557,0
9599759,0
6855295,0
8651498,0
10068037,1
8752310,1
9265678,1
9237459,0
8513616,1
2626561,0
8360714,1
1661595,0
10018266,0
9753381,0
9247596,1
6166797,0
8874471,1
906605,1
10058169,0
3291794,0
9842659,1
7330552,0
6047637,0
3335873,1
9469607,1
8600823,0
10171211,1
3019348,1
3339052,1
8712223,0
9136063,0
9373267,0
8057106,1
9854479,1
7397861,1
5280274,0
6141948,0
8212473,1
5294902,0
2974633,0
8352201,0
4972110,1
3797934,1
6240764,1
8643919,0
10039555,0
9817610,1
9976209,0
6103504,1
10079346,0
3989764,0
7347425,0
9886369,0
1550427,0
5191997,1
3393680,0
9343866,0
6650789,0
7328365,0
3854521,1
5019295,0
1563879,1
8931393,0
7934433,0
746498,0
1440302,0
5540936,0
5893039,0
3867577,0
6816309,0
4901228,0
5219332,0
9974062,1
8681693,0
2163541,0
6646007,0
8812353,1
9591260,0
9457819,1
10127086,1
5964277,0
9585719,1
7966731,1
9310517,1
5113363,1
621910,1
9739703,0
8780545,1
3067153,0
8914038,0
9845506,0
9035228,1
8033009,0
9068574,1
6283600,1
9434053,0
8684303,1
765813,0
5956784,1
9914225,1
8443760,0
6732834,1
7517417,1
7290779,1
520972,1
1210909,0
9895008,1
525630,0
9461121,0
8472723,1
3519818,0
9465191,0
7693197,0
9465254,0
9687864,0
9719015,1
9077685,1
1413112,1
6684059,0
4914226,0
7249136,0
10198137,1
8553066,0
8178201,0
8009007,0
317443,1
7997955,0
8797069,0
7353130,0
10174947,1
9100519,0
1341789,1
2103849,1
7719301,0
9585158,0
6795827,1
9568876,0
9764545,0
4564184,0
10002624,0
3936797,1
6996955,1
9268793,1
2703849,0
7533281,0
4353215,1
8671289,0
9735632,0
7792832,1
9270027,1
9706132,0
9753558,1
1450923,1
5789516,1
7192858,1
2096398,1
8478516,1
9352821,0
5654481,1
9027669,0
6190531,0
6405158,0
1160142,1
7968736,0
4033860,0
6525398,0
9035753,1
5268401,1
9110113,1
5891139,0
9865748,0
6315856,1
3340656,0
9466599,1
7916532,0
9674250,1
5677475,1
7285048,1
8319602,0
7778069,0
7372169,1
6466556,0
1675909,1
10195081,0
173747,0
3433163,1
9272388,1
10024028,0
9860180,1
1812280,1
9173870,1
1992180,0
9050694,1
8741085,1
8913239,1
315815,1
8013112,0
4931026,1
7896965,1
5354663,1
5675253,0
7692824,0
9827972,1
5515121,0
2586324,0
1646172,0
8480668,1
9539946,0
9401909,1
9124033,1
5916368,0
10084752,0
641390,1
9560468,1
9717521,1
9020147,1
7873805,1
4401392,0
3289767,1
9837433,1
6730871,1
8478765,0
9529188,0
8815258,0
4302171,1
7917347,1
2459143,0
1074962,1
2486249,0
6664686,1
2554272,0
7149043,1
868171,1
5640365,1
9155207,0
8871038,0
1316088,1
2685740,1
9501179,1
8404570,1
4821919,0
8202501,0
7764524,0
5329851,1
8513383,0
30176,1
9341916,0
9550648,0
8120183,0
9474728,0
3759704,1
1274464,0
6232827,1
8696741,0
9341282,1
10271544,1
9873980,1
9408105,0
2514692,1
9169812,1
6164797,1
9911183,0
9066341,0
9469291,0
9502060,0
10226760,1
9670293,0
9594265,0
33264,1
7677948,0
5541058,0
3451108,1
3248016,1
10199380,0
851807,1
2709383,0
7037834,1
9781063,1
9262662,0
7136654,1
8136355,0
4432140,0
6666164,1
8724888,0
9857044,0
8398790,1
3939740,0
2649985,1
9459866,0
10171576,1
9932705,0
10017747,0
6498195,1
8491245,1
7918449,1
5000429,1
6286647,1
8098741,0
2139157,0
9887000,1
9617062,0
9999597,0
7916551,1
8014884,0
5643578,0
5682818,0
799947,1
8040370,0
9305436,0
9564910,1
9077583,1
4787435,0
9327279,1
5982662,1
9764903,0
1231334,1
5636814,0
10277938,1
8066537,1
9285086,0
6931991,0
9301498,1
6719011,1
8962062,0
4165534,0
8331512,0
9342907,0
9597342,1
9221915,0
9250013,1
8292387,1
9505257,1
3491016,1
3233112,0
7944584,1
8396049,1
9920378,1
8380929,1
7562499,0
6914100,0
9674541,1
8012312,1
5672181,0
6490821,1
7501099,1
5244343,0
1303904,1
9920003,0
7235717,1
6908927,1
6642569,0
7599439,1
3521116,0
2415101,1
6584920,0
10251456,0
2171593,0
8332764,0
2484536,0
9883952,0
6468742,0
9181609,0
9437090,0
7331534,0
6447500,0
10275421,0
8665478,1
7571659,1
6406726,0
9814952,0
8306248,0
8873943,1
341481,0
8086002,0
5813897,0
4446937,0
9468378,1
6095967,1
8754534,1
350851,0
4393449,1
3267478,0
7129253,1
8162490,0
3678561,0
3584900,0
8679355,0
5379652,0
8884866,0
9476042,1
9694328,1
6215921,1
8128866,1
2831260,1
7016905,0
9627695,0
8674363,0
2262649,0
6173094,1
8576596,1
5832490,1
9970132,1
6229597,1
5292577,0
1548542,1
6168447,0
5233728,0
6050160,0
8370700,1
8622185,0
7307474,1
6447994,1
6769131,1
3294859,1
3355915,1
7531676,1
3403886,0
8657795,0
10191942,0
10147222,0
10073117,1
1940100,1
8895334,0
2645930,1
7557124,0
9677606,0
3343027,0
8873260,0
8382044,1
5232038,0
9413714,0
8394036,1
4383325,0
9241671,0
6723852,0
8738228,1
2355158,0
7358952,1
3380748,1
122966,1
10237048,1
8047238,0
9970717,1
7053689,1
6444233,1
4612457,0
6060934,0
10017056,0
5927002,0
9178958,0
158842,0
4702629,1
1572,1
1991591,0
6182162,1
7341519,1
10128132,1
8320098,1
9583839,1
4692617,1
6116206,1
4711125,0
9139245,1
2959697,0
1211924,0
7508774,1
10117815,0
7888275,0
10132980,1
4754649,1
404530,1
5181152,0
8943130,0
623080,1
8849740,1
8673776,1
6590322,0
9627890,0
9898595,0
2956292,1
5299045,1
9820853,1
8898982,1
9502065,0
5903556,1
7157295,1
4625350,0
6439967,1
7253038,1
8561854,0
9293771,1
10158056,0
8610089,1
1330650,0
4334567,0
9516536,1
5662941,0
1679072,0
8165571,1
5383226,0
4830118,1
7944877,1
9436985,1
9011712,1
9878006,1
9238746,1
7740908,1
6278425,1
7871429,0
8278464,0
5803810,1
709617,1
1919247,1
3111480,0
9568956,1
7511304,1
10095091,1
9952949,0
3870967,1
8170984,0
10157090,0
10116401,0
7069853,0
7886530,0
9784821,1
2122518,0
9598537,1
1932088,1
7878856,0
8359844,1
9433642,0
5683423,1
7921540,1
6563451,1
7688665,1
5917391,1
4487407,0
7951978,0
9491514,1
9901168,0
4201709,1
9384385,1
5393013,0
8918375,0
9394350,0
9258044,0
1616004,1
8720376,1
249000,0
1516363,0
8494247,0
606203,1
3284228,1
4756107,1
1089233,0
7861574,1
8334380,1
2505062,0
6748846,1
85739,0
7328031,1
9673881,0
3000953,0
7765400,1
8711463,1
2559747,0
4391154,0
9862843,0
2222743,1
106443,0
3569639,0
5199503,0
8136246,1
2754395,0
9216483,0
4801217,1
4258038,0
9681522,1
9980993,1
8977103,1
2025240,0
984865,1
4913747,1
8737561,0
7283486,1
4933993,1
3775314,0
10012691,1
3600625,1
9670682,1
10063302,1
1072643,0
5833904,1
3895771,0
3676605,1
6918082,0
307122,1
6982177,1
9666615,1
9841565,1
8567633,1
5566382,0
10021164,0
9307320,1
8242399,1
1362479,0
7776634,0
213594,1
9819626,1
8152703,0
4811461,0
6398170,0
9818771,0
8631400,1
9832134,0
8892182,1
9735331,1
7693921,1
5882578,0
6069190,0
9612007,0
2062043,1
1345242,1
9222156,0
7467756,0
9081688,1
1513200,0
9580659,1
9550903,0
6838920,0
9199420,1
10141674,1
10024177,1
3437209,0
6299960,1
7439394,0
5119872,0
4522215,0
5688532,1
7792947,1
9930623,0
8840230,1
6004185,1
10151031,0
9818780,0
8747993,1
7331088,0
10166705,1
9293103,0
9196783,0
5435852,0
5046202,0
2131695,1
6598632,0
9803650,0
689449,1
5303209,1
7780925,1
470131,1
5783231,0
10246602,0
9934641,1
7006932,1
7997429,1
8142417,0
6127988,0
5886635,0
1476726,0
10159631,0
9196920,0
8729887,0
8155339,1
7793200,1
4655336,1
2929675,1
9395905,0
885392,0
9134336,0
6062192,1
7086267,1
6832326,0
7857879,0
4887633,0
8749997,1
3900447,0
7142103,0
9907477,0
8030622,0
6205175,1
386040,0
8176006,0
7157453,0
7954180,1
3881973,0
9448076,0
5068698,1
10010652,1
9590541,1
10193072,0
1358061,0
5038638,0
6932653,0
9993696,1
8025121,1
5314436,0
9020989,1
7696855,0
773755,1
6986202,1
9998796,0
5852895,0
8402371,1
8821109,0
9846520,1
4524253,1
460120,1
9573013,1
9467073,0
9272390,1
4414589,1
8908511,1
7973063,1
5487918,1
4897567,0
10275295,0
4217190,1
8022324,1
9984868,1
8046108,1
3495124,1
6645735,0
2706255,0
9537214,1
8727779,1
3876381,0
8401396,1
9647933,1
9418568,1
5784221,0
8567999,0
9303605,1
8783595,1
8134603,0
6160585,1
1171875,0
9068176,1
8417741,0
3277194,0
8508622,1
8203628,0
30234,0
6292280,0
9758406,1
3762095,0
5033224,0
7370051,1
7144450,1
6467520,0
6953580,1
9244865,0
654429,1
9331370,1
8614249,1
9959749,1
2002819,0
9256062,0
3091554,1
7321841,1
7317195,0
8837070,1
5991786,1
10020971,1
8187568,1
6597980,0
4165291,0
6136719,0
8343646,1
9463379,1
9714379,0
9747276,0
684103,1
235090,1
9663466,0
7873901,0
8638863,1
3729347,1
6963477,0
5856018,0
6986324,0
6649352,1
6830697,0
398944,0
4829597,1
10009293,1
6978653,0
10004110,0
8160762,1
6490591,0
10125610,1
9986836,1
9149195,0
8244166,0
8645151,0
8634099,0
9662013,1
435290,0
6220089,1
59831,1
9958830,0
6157924,0
5429924,0
8725462,0
10003846,0
9074969,1
7021742,0
10248140,1
842185,0
10005491,0
7091692,0
8901363,1
10077924,0
9964616,0
8588917,1
5159785,0
1119907,1
10113545,1
10265316,0
5847137,0
6209409,0
8607126,0
2822967,1
831859,1
7206082,0
1175682,1
1744703,0
3498185,1
10228445,0
7903009,1
1594332,1
6002430,1
2427746,0
7972839,1
9796453,1
10233334,0
9848169,0
6272653,0
8159794,0
5766777,0
2341668,0
9956059,0
5324633,0
8875871,0
9498882,0
2992125,0
9436552,0
349383,1
10194738,1
9475597,1
474841,1
9893746,1
9567056,0
5642572,1
10173565,0
2076443,1
9292460,0
9185743,0
1601907,0
9302326,0
10195924,1
5955877,1
4541051,1
6580991,1
7795915,0
7163259,1
8993217,0
8906592,1
9075256,0
5709112,0
530420,0
14152,1
8676570,1
8899076,1
7571395,1
720862,1
6625210,1
9098026,1
2084173,0
6296742,1
7682440,1
8216553,0
2827061,1
8366248,0
10257894,0
8219343,0
6072870,0
9088003,1
7162170,0
8104921,0
8357702,0
5998105,0
9798939,1
9250793,0
5800306,1
4361383,0
5571041,0
9894765,0
10104674,0
1225503,0
5837655,0
4217410,1
3229302,1
9485292,1
10150879,1
7744412,0
9206599,0
1666681,1
4465857,0
8462832,0
5675131,1
6933382,0
3919715,1
1422721,1
9211788,1
9931873,0
9972743,0
7488039,1
9766962,1
5360619,0
955190,1
6127935,0
6381445,1
3368019,0
3910082,0
9123571,1
5645122,1
6091217,1
2619740,1
7110424,0
8648368,0
2511257,0
8818740,1
7344905,0
10276665,1
9917622,0
279596,0
7537136,0
4469803,1
9719821,0
1300410,1
4072993,1
7504323,0
7801778,1
9908930,0
8636374,1
112799,1
9992362,1
10156860,1
965357,1
8405596,1
5981063,0
9772003,0
3516427,0
9903447,0
9921797,0
9332609,0
5048028,0
2649153,1
10275191,1
8383866,1
7008053,0
23935,0
6863702,0
8408173,1
8975361,0
6003381,1
10193116,1
3064112,0
4231670,1
173047,1
7479686,0
5970908,0
4604938,1
9170250,0
3658913,0
7993520,1
6314623,0
8464603,0
8353387,0
6998762,0
8746278,1
5769424,0
9489081,1
8949398,1
9633069,0
7949157,0
5014128,1
9998304,0
10058467,1
2562679,0
4056721,1
7433065,1
8025078,0
3383573,1
9650871,1
6058658,1
4480413,1
9239690,1
5026278,1
9175375,1
8952803,0
8585049,0
5254587,1
4107808,0
6862602,1
5220473,0
4893352,1
2386214,1
9872774,0
7871567,0
1550408,1
10096541,0
7901161,1
8585374,1
9759137,1
2712752,0
2663691,1
2201200,0
10214060,0
6958179,1
10159013,1
10135809,1
433223,1
5133318,0
1364374,0
8708431,0
8919193,1
768813,1
8972899,0
2414208,0
6757967,0
5831795,1
64201,0
7996473,1
3292717,0
1609236,1
3295577,1
9947365,0
9547166,1
5427082,0
7855617,1
8657949,0
10104958,1
5568520,0
6862393,1
4384988,1
10229858,1
8633249,0
9276874,1
10156409,0
9382361,1
8081304,1
3821699,1
631432,1
9954720,0
5639439,0
4921821,0
9851001,1
960271,0
814616,0
10098792,1
9136325,1
4561003,0
7786663,0
6182002,0
6050623,0
8656170,1
9823958,1
3893896,0
4692133,1
9988205,1
9742647,1
5423045,1
5227968,0
10210482,0
5197230,1
6100740,1
8742997,0
7550546,0
10262138,0
9400506,1
8369077,0
8111660,0
7421781,0
7809269,1
1136429,1
6653522,0
9607999,0
3589661,0
9205607,0
9063815,0
10047424,1
5945805,0
8812345,0
8068871,0
7885602,1
3991960,1
6216962,1
1218875,0
7557500,0
7083354,1
9118480,0
8621503,1
9680839,0
4194707,0
3460893,1
10275179,0
6821494,0
8434261,0
8798341,0
2035019,1
1761055,0
9759039,0
9759712,1
8766592,0
6705859,1
10084635,1
5234182,1
5978234,0
9583774,1
8792996,1
5785641,1
10270016,1
8213220,1
6285073,0
4889099,1
6172004,0
8146931,0
5722157,0
9676475,0
8632946,0
10079671,1
6593324,0
2750173,1
10224273,0
8962731,0
9565967,0
5637837,0
7441432,0
7275370,0
9330338,1
2878918,0
2241992,0
2348506,1
6032990,0
114018,1
807735,1
8200508,0
7293295,1
3475142,0
5866551,1
8009978,1
9135737,0
168252,0
2188536,0
9443612,0
7445092,1
10184977,1
6568295,0
3039693,1
1591484,1
9466967,0
688143,1
4261748,0
3925991,1
5166714,0
7510862,1
5438659,1
8520222,1
9220318,0
2087509,0
9039659,0
9668372,1
9727158,0
7871958,1
2574987,0
8671612,0
4950727,0
9858105,0
2410941,1
648067,1
5959219,0
9392065,0
9065182,1
781746,0
10038962,1
7654434,0
623989,0
9977320,1
6300301,1
311006,0
8842552,0
9772110,0
383119,1
376362,0
8811463,0
7971925,0
5503983,0
8598763,1
5462806,1
7861946,0
3857820,0
9635872,1
2944434,0
9056991,0
9271107,1
8206179,0
1604275,1
8520122,0
9616932,1
9684460,0
10056765,1
5462724,0
5169187,1
2622371,1
9399896,1
9801922,1
9351666,1
1770668,0
5709661,0
884444,1
5211222,0
10115828,0
9915240,1
9778292,1
9457466,0
10001714,1
8849479,1
5833445,1
7230708,0
8818086,0
4714210,0
8165955,1
3398942,0
7228411,1
7386591,0
8627688,1
8145225,1
5683707,0
875754,1
9659547,1
10120910,1
9943554,0
6915694,0
8378484,1
3367160,0
870168,1
9614878,0
5302289,0
5257553,0
4669609,1
9872724,1
7295706,1
7696162,0
7899107,0
1760224,0
4053380,1
4709277,0
3659951,1
6188195,1
8608674,1
4974579,1
297136,1
5881331,1
7663457,0
5944493,0
9866402,0
8080467,0
3337927,1
3477855,0
9966783,1
9287323,0
10145559,0
3019377,0
7663065,1
7801791,0
2598329,0
7645647,1
3430687,0
2376182,0
5545158,1
9520415,1
9184607,1
3794922,0
9073463,1
10145533,1
8025611,1
8840342,1
9616674,0
6723206,0
5942405,1
9410492,1
8060667,1
7258415,1
8939609,1
8546605,1
3357307,0
8163334,1
7470781,0
3804112,0
10127043,1
9620641,1
9442589,1
9294772,1
9056187,1
10206314,1
2352874,1
6299876,0
8078557,0
8472180,0
10097496,1
109545,1
9291343,0
3448098,0
3752617,1
9684117,1
4863550,1
5124124,0
9749786,0
7605000,0
3430615,0
901013,0
4640650,0
9601631,0
6442697,1
4617121,0
6197121,1
6636285,1
5899590,0
291530,0
8304772,1
9258004,0
6077108,0
8689634,1
9878014,1
6224076,0
9985465,1
480134,0
7342512,0
5193627,1
9517390,0
2721319,1
8676107,0
7062358,0
3819934,1
10078738,0
5143472,1
2370482,1
7884878,0
9249257,0
7537166,1
3118119,1
7540889,0
4597406,0
8849632,0
1432064,1
1981305,0
8855433,0
10164841,1
8756954,0
7464355,1
4087705,0
8978670,1
8673051,1
10027968,1
9109132,0
9457699,1
4392586,0
8940354,0
9361974,1
8903881,1
6169581,1
3199013,1
1187530,0
8590624,0
2305854,0
4987371,0
9319822,0
8010856,0
4369946,1
560438,1
7166584,1
6459139,0
721042,1
8628041,1
2326558,1
7874152,0
7284688,0
10230440,0
8561123,0
58595,0
4873327,0
2702128,0
5709322,0
3822061,0
4872543,0
1398579,0
9177485,1
10246537,1
4946003,0
39470,1
10103063,0
7708476,1
6116567,1
4941495,1
2673718,1
9472149,1
1267171,0
9646906,0
3893146,1
8665375,0
2550457,0
9837650,1
7928871,0
1493574,1
7504588,1
9362847,1
4085435,0
3019835,1
9284894,0
6171378,1
3067351,1
2883559,0
2760045,1
550892,0
8939284,0
7941987,0
10001848,1
9578765,1
8242255,1
1755825,0
9812046,1
8647144,0
2187125,0
4356251,1
4133652,1
8211381,1
6053395,0
8686112,1
9817520,1
5589588,1
9587401,1
8441544,0
8197783,0
9681224,0
5965331,0
9468609,1
936991,0
9134973,1
1920990,0
7936974,1
5499837,1
9859326,1
175870,0
5238233,1
10183353,1
2923488,1
9117808,1
4261616,1
7712859,0
7719344,0
9330123,0
5475794,0
6536717,0
10115839,0
9625624,0
4188809,1
821058,1
9880655,1
9478044,0
1619445,1
8519232,0
7140833,0
6445369,0
6391245,0
8039154,1
8653647,1
6121587,1
5502696,0
6243669,1
10118090,0
8895563,0
7257400,0
10241807,0
7600998,0
110197,1
9911630,0
2265548,0
10202501,1
8436637,1
4124029,1
5214236,0
7477165,1
7211205,1
5394918,1
9936696,0
3279764,1
5891085,1
8658551,0
8079752,1
9249909,0
9114964,1
9654326,1
9639822,1
8825325,1
7374277,1
9147308,0
9721249,1
6617136,0
8908641,1
1850420,1
10100570,1
2060021,1
4815051,1
7646363,0
388398,1
6899322,1
8644335,1
3269656,0
4851104,0
3254691,1
8087269,1
7583932,0
7552677,0
8959639,0
1347002,0
9872715,1
7804069,1
9514759,1
7991745,0
772951,0
8819125,0
3573620,1
9846327,0
7908159,1
4983105,1
7731180,1
6068331,0
7131728,1
9176827,0
8752277,1
295841,1
4629596,0
6763462,1
5197759,1
6282036,1
7043801,0
9837492,1
2052545,1
7430790,1
6725233,1
8758075,0
3442275,1
6076090,1
6308220,0
70800,0
9517787,1
6865469,0
7717207,0
9592261,1
122530,1
9428970,1
7781179,0
6631723,0
5662800,0
9562907,0
8057545,1
4028683,1
7939760,0
4446519,0
3401757,1
8404549,0
1251514,1
8759623,0
3589964,0
7523368,1
5863446,0
4231860,1
9828121,1
10008718,0
7435111,1
93049,1
4516413,0
7700455,0
336712,1
2295057,0
8462241,0
7360490,1
1690816,0
7707774,0
8150874,0
8318969,0
9907793,0
7900656,0
9128633,0
2383227,0
9832865,1
8647571,0
7453815,0
8813985,1
6535400,0
4310054,1
8172663,1
9055327,0
7779652,1
8646021,1
9142573,0
9786034,1
9671035,1
8905731,1
10267186,1
9912296,1
3689127,1
10174264,0
3358474,0
9426585,1
2671605,1
7809276,0
10262736,1
8818034,0
9771662,0
8276332,0
8884391,1
10211230,1
8895793,0
4942593,0
7749547,0
9379380,0
2598437,0
1019,0
7543670,1
5751618,0
4826819,1
8322244,1
7019615,0
1753134,1
8668813,0
6077597,0
5389652,1
7502148,1
7845571,0
7879822,0
4181447,1
9678541,0
2293384,1
10232204,0
10134310,0
5974415,1
8926502,0
9459750,1
2105794,1
468437,0
2601761,1
3734557,0
8722150,1
437625,0
1058459,0
7927675,1
9298530,0
10096356,0
7675518,1
10208712,1
1789377,0
7418683,0
593647,1
7346104,1
7545422,1
6818557,0
2505358,0
9494889,1
3962203,0
1432042,1
5554379,1
680941,0
9212812,1
5287989,1
5267003,0
8949749,0
6098429,1
9646426,0
9690169,1
2528956,0
154139,1
9381698,0
1182665,1
10066410,1
10200624,0
9030313,0
9653186,1
7359541,1
5242450,1
8917598,1
5429992,1
5428623,1
8990673,0
7555769,1
9946129,1
5292572,0
3296415,1
9831554,1
2572890,1
7005628,1
1343973,1
4772992,1
4143594,1
4232876,0
7346019,0
7566605,0
3827324,0
898655,0
10224161,0
9853499,0
279818,0
6556702,1
2256970,0
9701655,1
3392615,0
408036,1
7424364,1
6517264,0
5885619,0
9255841,1
8918455,0
9915278,1
1535764,1
8198309,0
6760464,1
6774189,1
7619392,0
8638689,1
5699445,0
9720840,0
7132792,1
1242106,1
9953854,0
4995749,1
2692375,0
10259946,0
6702145,0
7029544,1
6758591,1
2194903,0
172527,1
3045788,0
6518139,0
7684529,0
9911195,0
8175147,1
9713006,0
87455,0
503007,0
7794961,0
129288,1
229885,0
1358461,0
10016551,0
6057309,1
1638365,0
6778448,0
9257970,0
6277173,1
507896,1
9761235,1
8731534,1
6815090,0
7781442,0
8841461,0
3162192,0
9814339,0
10013268,0
3887409,0
1605469,1
7494930,0
9622218,0
1895516,0
9798486,1
9681418,1
8163319,0
1446599,0
3896098,0
4105035,0
9139715,0
8023422,1
10005595,0
6083330,1
2405401,1
6443489,1
8037741,1
6075765,0
9457654,0
6077243,0
1391790,1
8821261,0
9806732,1
9674210,1
1472984,0
8514505,0
5920328,0
7063106,0
5102634,1
1274486,1
9825587,1
7634980,0
8769535,1
9649343,1
7990898,1
8019706,1
9363819,1
3440087,1
10245127,0
8635791,0
8874991,1
5048371,0
2345905,1
441718,0
7722921,0
7963544,1
9295458,1
10157903,1
9230171,0
8645745,0
2921652,0
7678556,0
10186282,1
10056515,0
8555821,0
5972935,0
4610815,0
6128682,1
3584530,1
10264979,0
8937395,1
10162942,1
717045,0
2310153,0
2206833,1
9274507,1
10181007,1
10241093,0
6991614,0
10223447,1
9854508,0
3141911,0
4037525,0
2451180,1
9108004,1
9766294,1
7302111,0
9205482,0
6665071,1
3563882,0
1976172,0
9472390,0
817635,0
3216987,0
9467797,1
7682699,0
9201465,1
7685933,1
1301338,0
4530256,0
8770424,1
8541025,0
8198840,0
7279352,1
4901232,1
7920955,0
7525452,1
8922938,1
6850276,1
9057379,1
8624983,0
7890236,0
5732381,0
7499076,0
8186249,0
8784911,1
5842594,0
9426042,1
7855266,1
9277295,0
4485686,1
9861997,0
6073249,1
7928526,0
608526,0
5098139,0
74155,0
7210132,0
2483994,0
6926318,0
8015964,0
2966566,0
7491250,0
8710989,1
6053872,1
9305164,0
5788398,0
9019138,1
8763419,1
8622045,0
8112476,1
2009817,0
7131148,1
4952697,1
10275889,0
9609745,1
3727864,1
9394973,1
3832427,1
10248338,1
2173117,1
5611754,0
9666530,1
4644724,0
4737351,1
6766430,0
8888224,0
7344025,1
6511816,0
5372130,0
7124339,0
10075675,0
10096240,0
7078235,0
4136787,1
8172115,0
7458176,1
2464572,1
713744,0
8624345,0
8078346,0
10134076,0
9847492,1
10067423,0
9548059,0
6550097,0
281489,0
1387067,0
6183172,0
8200116,0
10207839,0
8420249,0
7336437,1
9185446,0
9341562,0
8487298,0
6117350,1
6180439,1
4352555,0
8622756,0
6865210,1
56238,0
7556839,0
8136310,0
9239607,0
9888961,1
5774006,0
6518745,0
10109469,0
9999584,1
6630223,0
5856398,0
4790437,1
7654100,1
9704465,0
8515073,1
9842222,1
8459608,1
2259759,1
3174259,1
9522199,0
8867901,0
8939688,0
1162329,0
2396167,1
6471534,1
2745273,1
9668071,1
2853177,0
6091328,0
675198,1
3781379,0
5593146,0
10251006,0
6103513,1
7901541,0
206808,0
7817962,0
4706924,0
8655072,0
2051946,1
9981104,0
4242787,0
10246334,0
9628971,0
7614232,0
8615789,0
8455656,0
8191296,1
3483809,1
2543989,1
3513515,0
2395085,0
5796483,1
9074134,0
9867237,0
9613948,1
9256974,0
1918807,0
9103819,1
8333700,1
4883408,0
7305927,0
3863369,1
7439374,1
2374427,0
4445313,1
1043669,0
8315288,1
8744467,0
6021988,0
8561021,0
9603167,0
464086,1
9314758,0
9467979,1
9267278,0
9152884,1
7317116,1
2857255,1
10214732,1
2242484,0
4941192,1
9966205,1
7866139,1
8895067,0
9441591,0
4338692,1
7946913,0
8210010,0
6035285,1
5232571,0
10023927,0
10103784,1
8612880,1
5380044,0
6249084,0
8190697,0
9503058,0
9188584,1
4900996,0
8761897,1
1579131,1
8923731,1
6036110,0
508183,0
5852561,1
9985275,1
7857623,1
5832643,1
10042475,1
9732084,0
9710662,1
9778633,0
8699628,1
4321028,1
8990885,0
3292548,1
9130685,1
2490191,1
7248122,0
9226727,0
9961667,1
2746342,0
4902791,1
2919032,1
3544045,1
10113805,1
7545038,1
7272767,1
4082636,0
10110521,1
9792570,0
10042271,0
6137434,1
4252589,0
7171459,0
4819268,1
8285830,0
5883510,0
8716686,0
9505882,0
5883270,1
4611104,0
5650142,0
6802795,1
9322473,0
103307,1
1217789,0
9930546,1
5152209,0
9981722,1
4331876,0
7794543,0
5067448,0
6338812,1
7520643,1
867709,0
5296007,0
4305300,1
6435557,0
10261977,0
8336155,0
8557714,0
10240298,1
5947697,1
10220044,1
8859119,1
3679872,0
9444880,1
8773639,1
9888366,1
2746104,1
9446712,1
9134328,1
9708720,1
7134068,0
5420350,0
6203253,1
6405097,0
8331224,0
8931794,1
2600061,0
3301098,0
1003267,0
8632913,1
9671721,0
3524714,0
7227216,0
9985818,0
8426978,1
9836528,0
6583588,1
7328319,1
183009,1
9375230,0
7759263,1
1401352,1
4349626,0
8117451,0
5393223,1
9821440,0
8712717,1
4191019,0
7969513,0
7158177,1
9326862,0
10159303,1
5899044,0
9699746,0
8391869,1
2809648,1
10222296,0
8755597,0
5404850,0
9302140,1
6992757,0
5726583,0
1664900,1
2111571,1
9653356,1
9137853,1
6814659,0
2245183,0
1765973,0
10032829,1
1731672,0
4952247,1
3366154,0
6465926,0
6887017,1
8596883,1
2490704,1
462276,0
2522934,1
7618956,0
8662758,0
8575798,0
9871747,1
81738,1
6862436,0
7509960,0
10201897,0
5635207,0
7891024,0
8590144,0
2306060,0
6021189,1
6383337,0
2254183,1
5501298,1
6116919,0
9563957,1
9338406,0
7963863,1
7902421,1
458995,0
2710785,0
6448586,0
6317450,1
8773264,0
9145054,1
10238734,1
7695968,0
8976495,0
7524294,1
7589252,1
8164295,0
6529768,0
2644024,0
9902923,0
7328305,1
3719500,1
367730,0
4214768,0
2352703,0
5875157,0
10069022,1
7713610,0
8729178,0
6403655,1
1311,1
9714988,0
7989505,0
2597727,0
6747958,1
6689234,1
7543294,0
6156699,1
406913,1
10002297,1
4641731,1
5159455,1
6620594,1
9441844,1
1790984,0
7183508,0
9803758,1
1207262,0
6087978,1
4701398,0
9220015,0
6092021,0
5197130,0
9370654,1
6656240,0
9895140,0
6993947,1
9392162,0
3229034,0
2546807,0
1363557,1
3086123,1
982653,1
6511622,0
2403874,1
234725,0
8781917,0
7126983,1
10113950,1
9712354,0
4312375,0
345576,1
8177225,1
8831112,0
6034060,0
8094350,1
8305677,0
438133,1
3413035,1
9477977,1
8294181,1
3923828,1
974,1
10244175,0
5317849,0
48106,1
9784680,0
10201763,0
9118960,0
5941559,1
1626314,1
8384537,0
7515989,0
2886430,0
362925,1
9144683,1
8039357,0
7449322,1
9057618,0
1561687,0
2400720,1
149583,0
4622656,0
3764346,0
8748640,1
991065,1
9790980,1
9304706,1
2779482,1
9303599,1
4262779,1
10246841,1
8751356,1
4240881,1
9688918,1
9940324,0
4906468,1
8445202,1
9051172,1
9817152,0
7095758,1
4881369,0
9708415,1
9053695,0
4429938,1
9650252,0
8968808,0
6451404,0
4512300,0
152057,1
1689405,0
9479410,1
4580086,1
8814660,1
3022888,1
9771898,0
362828,0
2203676,0
8818528,1
6401885,0
9603675,0
2613278,1
9716580,0
7629172,0
2815065,0
5842189,1
9466692,0
3088116,0
4218726,0
10124725,0
8202067,0
8071455,1
8973165,0
5826577,0
7922941,0
9797242,1
8192684,0
9506059,1
9381333,1
757530,0
5502336,1
8513756,1
6385432,0
8185651,1
5684886,1
6899031,1
4680740,1
5287821,0
9249281,1
9207708,1
104701,0
8673190,0
7480678,1
3603464,0
10201680,1
8072864,1
9904229,1
7224568,1
7131345,0
10105048,0
10004268,0
9785535,0
9405267,1
9827502,1
6122951,1
10150645,0
2222460,0
8565851,0
8984606,1
6909262,1
9692473,1
8641128,0
8018252,1
7662004,1
9850524,1
5505665,0
7264029,0
2156529,1
6406284,0
9463862,1
7282331,1
9983340,1
8555930,1
8790297,1
6942585,0
9721161,1
8650529,0
8936834,1
8974232,1
3473761,0
6165393,0
9741458,0
7498397,1
8571149,0
1564902,0
6189496,1
6153919,0
1702451,0
9635143,0
6079963,1
6808789,0
2927025,1
9813855,1
3201266,1
5252010,1
2216975,0
9609675,0
9420735,0
5939969,1
9438802,0
9485880,1
8642630,1
10123694,0
770070,1
7546369,1
3311479,0
5412518,0
5456951,1
7481596,0
7284607,0
9236802,0
9024353,0
9961926,1
9658342,1
10101901,0
1016580,0
9502306,1
5773244,0
9400531,0
7533679,0
7436722,0
7963299,0
6206935,0
344767,1
4213300,0
7524135,0
7433344,0
8530319,0
9176872,0
9119383,0
4299870,1
5804332,0
10043363,1
9873798,0
9918395,1
6479449,0
7313937,1
9743520,1
6828554,1
447768,1
1907582,0
312715,0
203610,1
9896162,0
9257122,0
4709574,1
9339751,0
6292033,0
9798545,1
4793069,0
324455,0
9138200,0
8014866,0
9503427,0
8745992,1
6591755,1
9127888,0
2011719,1
8810369,1
8552865,1
9621637,1
9393660,0
9978475,1
9157486,1
8926489,0
5658434,0
7474443,0
16025,0
3237394,1
3949727,1
9786392,0
9269653,0
3276669,1
4446324,0
5807210,0
6201600,1
5956723,0
9987389,0
9925306,0
84749,0
7958286,0
3572591,1
7118308,0
10274366,0
7673551,1
9494361,1
6830909,0
4099826,1
9736776,1
9384716,0
6561122,0
8543349,1
4038930,0
6684790,0
4237884,1
2012595,0
9985796,0
3613769,0
9607706,0
9088344,1
8404179,0
6253551,0
7268480,1
8317138,1
1407594,0
8059627,0
8107519,1
6604324,0
10145627,1
9990850,0
8098721,0
10100082,1
8662437,1
7745226,1
9575340,0
7512455,0
10255477,0
9119917,1
7495295,1
8048219,1
8619318,1
7919183,0
6483037,1
7681828,1
7112474,0
4070680,1
8616647,0
5996484,1
6211467,1
8833206,1
8268751,0
10177354,0
4268313,0
8861933,0
890776,0
523199,0
6436325,1
5842214,0
4009568,0
2986173,1
3145141,0
9204868,0
10113433,0
5130789,1
5778084,0
6149340,1
9867931,1
9286572,0
9263469,0
1001247,0
8720155,0
1562459,0
9884645,1
4041732,0
7733219,0
6863951,1
6689081,0
9408919,0
8171052,0
9253087,1
5465501,0
3863765,1
6404157,1
6683883,0
6090340,1
9645623,1
9460121,0
10208486,0
3905891,0
9674020,0
5715667,1
9788785,1
7396094,1
9397392,0
3268927,0
5693679,1
9638969,1
3072371,1
9048149,1
7501186,0
7914990,0
7016131,0
3872900,0
7273353,1
6415752,0
8214696,1
1185846,1
2603732,0
7430097,1
1158599,0
10263363,0
7475394,0
5172706,1
3892158,0
9827817,0
6857027,1
4321717,0
1371162,1
8001852,1
9761033,0
7552980,1
10246428,1
3001002,1
1326622,0
3914108,0
10010629,1
7557721,1
9987248,1
3837948,0
9857158,1
5643641,0
9689888,0
6223794,0
325073,0
9832921,1
2854657,0
10018781,0
5123782,0
9869527,0
9689040,1
3030907,0
8100900,1
8443036,1
10133795,0
8712285,1
8644810,1
2060109,1
6644909,1
9153929,1
9763631,0
8620710,0
3004909,0
4463646,0
7847555,1
7326670,0
6387666,1
3315257,1
6176926,0
6350668,1
10130221,1
8506146,1
5397862,0
9293767,0
3638778,1
10139814,1
9428990,1
6485485,0
8920670,0
9831216,1
1709107,0
8737471,1
7885807,1
8275748,1
9092824,1
6165106,1
8922991,0
6927778,0
5485128,0
8187064,1
6165849,0
2418746,1
2601112,0
3625825,1
2661638,1
6547936,1
5835117,0
7667502,0
8937257,1
9692859,0
8606975,0
4540511,1
434747,1
7837232,1
4374891,1
9900429,1
6906324,1
9738740,1
9458963,1
8775618,1
9855090,0
7629871,0
8956572,0
5815850,1
6104667,0
8109034,0
4142212,0
10160835,0
7225134,1
9832154,1
6422709,0
1735634,1
10276418,1
5154543,1
3929752,0
2203247,1
7132789,1
6770476,0
5380741,0
9050629,1
9461686,0
55662,1
4495629,1
5688974,1
8564495,1
113705,0
9098866,1
5798607,0
8815320,1
2941403,1
9696572,1
9849213,0
5537256,0
2652820,1
10013314,0
10084558,1
9722962,1
2635610,1
5435679,0
10139668,1
8045063,1
8926165,1
3918374,0
3490792,1
7214644,1
2205975,0
6256968,1
9816453,0
6651965,1
319879,1
5983819,0
8585469,0
8766486,1
9613458,1
5155850,1
10055346,0
7068775,1
6805929,1
851925,0
8695805,1
9817167,0
9000278,0
893637,1
9802244,0
6174248,0
10109749,0
9616103,1
2919765,1
8519895,0
266339,0
6831413,0
6148661,0
8969590,0
5249238,0
3258703,1
5925245,0
10215687,0
9682908,1
8712252,0
611415,1
25110,1
1542881,1
9505910,0
7373470,1
4257022,1
6416955,1
7797681,1
5344853,1
7278194,0
6573923,0
6356822,1
4975554,0
9026312,1
7934059,0
3196645,1
608682,0
9249889,1
3878616,0
8772397,1
8610161,0
5909126,1
6827915,1
9549181,0
1192281,1
7239620,1
6491380,0
9747299,1
9218847,1
9307953,0
9813639,0
8567648,0
2207985,1
266225,0
10096566,0
9379051,0
3808862,1
8946260,1
3842892,0
2988657,0
6837737,1
9316277,1
6294747,1
2819955,1
8610765,0
2370501,0
10014429,0
6726804,1
8740136,1
5880769,0
9845363,1
7487919,1
3104449,1
9412786,0
10264391,1
1848403,1
7867768,0
10217935,1
5032217,0
6591015,1
8744875,0
8731530,1
3903751,1
7386629,0
5393164,0
8059742,0
9826814,0
8756254,1
52546,0
9270402,1
4142234,0
7746643,1
10057223,0
6998882,1
5585253,1
9812859,0
9999714,1
5557388,0
6686673,1
8523273,1
5277621,1
9089485,0
10215805,1
3551276,1
807386,1
10109304,1
7877441,1
7632720,0
10056069,0
9141412,0
8786704,1
3306821,1
1451520,1
9380838,1
7283512,0
6170427,1
7396143,0
7550389,0
5409382,1
9343100,1
9458583,1
8630579,0
1427891,0
9950256,0
2457854,1
8051001,0
2797816,1
5194006,1
9320729,0
7078236,1
8529805,0
1238884,0
10105345,0
8720497,1
6386670,0
10005454,1
9980680,0
8447555,0
895977,1
7942542,0
8573476,1
6493438,0
10099593,0
2595666,1
6819952,0
1182303,0
7869824,1
10197032,0
6903937,1
7496525,1
9629337,1
9741304,1
5065984,1
6348455,0
9949159,0
2002732,1
3889549,0
7432309,0
1289564,1
8587405,1
542733,0
3884639,1
8052011,1
6383831,1
5963998,0
9503384,1
8011869,0
2597370,1
8349315,0
9274498,1
3136773,0
2931535,1
8394997,0
7429798,0
6452810,0
6516173,1
8836635,1
3639625,0
1438607,0
3522847,1
10003944,1
10140687,0
9878661,1
2209581,0
5067813,0
9391681,0
2909743,0
9856699,1
10270658,0
28647,1
92109,1
5027024,1
9837744,1
9769723,1
9849286,1
7988124,0
8110330,1
5817404,1
9618956,1
4470043,1
9280081,1
7305561,1
9987058,1
7748147,1
5184500,1
8097341,0
8537820,0
9650379,0
7509161,0
1864795,1
8660697,0
173771,0
7985602,1
2476119,0
9234690,0
9488323,1
631993,0
3031046,1
4356984,0
3005556,0
2191984,1
2773316,1
4991658,1
9751571,1
8142220,0
9142470,0
4905718,0
9402595,1
6468436,1
10098768,0
8922054,0
6825191,0
7784166,0
7922007,1
2296969,1
9191635,0
897580,0
6485198,1
6144938,1
2609315,0
6201069,1
8636218,1
7520379,1
7279763,1
10273693,0
4245227,1
7909853,1
9143827,0
8165907,0
7782480,0
9150581,0
6637222,1
9762136,0
7784477,1
9839406,0
8436660,0
8449229,1
3070155,0
9712991,1
7479679,1
5753848,0
5735664,0
8329520,0
10237618,0
6836576,0
5057032,0
7512224,0
7131671,1
7708921,1
2663119,1
6760442,0
4519644,1
9863751,1
8497015,0
9414609,1
9894542,0
1182196,1
9397591,0
7527956,0
9892244,0
9615735,1
100943,1
9811240,1
9005355,0
9512466,0
6620661,0
3905650,1
750108,1
1366782,1
3089000,1
5318925,0
9088321,1
8714930,1
8794510,1
8243780,0
6140272,0
9907800,1
9933701,1
4000622,1
9704837,1
10017202,0
4140790,1
9292543,1
1212993,0
4139505,0
1961798,0
9232033,0
4808324,1
5054480,1
5457396,0
4955024,0
6178930,0
8261055,0
5974721,0
7220056,0
6031219,0
10024750,1
7979451,1
7928817,1
276519,1
9327196,0
9389978,0
10187698,1
1923740,0
7989979,1
9458644,1
2570159,1
7359362,1
5856990,0
1810332,1
4228273,0
8008882,0
4555609,1
9289593,1
8752595,1
5462519,0
9235803,0
7258834,0
1718210,0
419789,1
1962654,1
72831,0
5796577,0
9137383,1
3108749,0
2573048,0
8838895,0
5146807,1
1621615,0
7133798,0
9960828,1
9028463,1
3347282,0
9438021,1
9568312,1
9587223,0
9466984,1
8337223,0
5181446,0
3239152,0
1626573,0
1456953,1
7322827,0
6195803,0
6779473,0
8597139,0
8938724,1
4038610,1
10025512,1
9486153,1
9308243,1
6452558,1
4430774,1
9499976,0
8872838,1
61709,0
9960011,0
7941679,0
9300543,0
7172381,0
4105730,1
7068516,1
6198185,0
9670358,0
5687312,0
6575833,1
9572741,1
8441525,0
9791681,1
8264637,1
2952747,1
823735,1
8585556,0
7137101,1
4948890,1
9532653,0
3785739,0
5025240,1
82544,0
8478453,1
8919138,1
3752425,0
9220835,1
6618183,1
6277062,1
5668219,0
4672673,1
8332109,1
8856929,1
6527683,0
7367613,1
3562473,1
9848192,1
2092959,0
5342439,0
9923644,1
1236330,1
8590908,0
9572647,1
5759111,0
1144744,0
9790695,1
8645081,0
6095062,0
4055490,1
406950,1
3276264,1
6149193,1
3036388,1
9908746,1
1688250,0
9832571,0
5055445,0
502076,0
4283842,1
8635621,0
4355570,1
6736432,1
4595238,1
5366432,0
702868,0
6549759,0
683957,1
7565351,0
9868649,0
7936941,1
9086010,0
2033510,0
8632451,0
10063299,1
9152584,0
8930252,0
4642651,1
6691356,1
1768239,1
10124637,0
9451342,0
8455912,0
3848961,1
9212704,1
10076652,1
1990209,0
10222681,0
4007085,0
6283122,1
920929,1
6449412,1
5789190,1
1370058,0
9804570,1
9449039,1
5347503,1
2858088,0
8696693,0
9523268,1
8497214,0
9445570,0
9856736,0
9416156,1
4661748,1
110373,0
2950159,0
5946857,0
10030891,0
3644982,1
10226193,0
8252288,1
8476706,1
7999420,0
3457518,0
3450033,0
1975405,1
6417266,0
3646370,0
5504924,1
6981770,0
6887675,0
7506917,0
6402111,0
7424810,0
9819979,0
9906278,1
2288547,0
7470083,0
8657231,0
9144371,0
58823,0
9293805,1
8614391,0
4229566,0
4649134,0
796112,0
4405061,1
9569938,0
8919190,0
6667809,1
9831173,1
6999344,0
3537647,0
1211082,1
7450503,1
4686287,0
8111530,0
10270334,0
5977433,0
10221680,1
4316118,0
8454717,0
3409962,0
4583235,1
4795307,0
7799320,1
7569076,1
2934238,1
9649931,0
7191044,1
5698153,0
8056968,0
5909670,1
7445414,1
9881793,0
5766603,1
6578366,1
3402364,0
9449889,0
9875021,1
2797456,0
4919150,0
6000002,1
9062477,0
4224434,1
9335945,1
5690784,1
8763880,1
202695,0
4970386,1
1086425,1
7119445,1
7186427,0
2731379,1
1542496,0
8113327,0
5979896,1
3221750,1
9021141,0
9725887,1
8704040,0
9603725,0
4197003,1
9590313,1
3042213,0
3825835,0
4098499,1
712693,1
3726488,1
6161874,0
7319622,1
4872491,0
8464604,1
6980744,0
8476842,0
2331910,0
5960855,1
3052058,1
7471903,0
8846834,0
4978401,0
349142,0
3990414,0
7748739,0
464694,1
5889110,1
9207585,0
1425058,0
7299733,1
7104019,1
1984069,1
5369417,1
1245088,0
9885025,1
4201669,0
3768680,1
5140419,1
2930658,0
4894100,1
10274144,1
6687357,1
8613246,0
2954814,0
6416722,0
9798946,1
4416590,0
6699057,1
825062,1
917714,1
9450946,1
22702,1
7314244,0
5049535,1
754397,0
8070797,1
9584778,0
2232983,0
1203823,0
8038973,1
6649792,0
6340075,1
2231361,0
10138564,1
7539273,0
3818695,0
437003,0
6442964,1
9640445,0
4263454,1
6331885,1
6378414,1
9335616,1
6899497,1
9975537,0
9509145,0
8195420,1
4305736,0
3449220,1
1887331,0
10139099,1
7259892,1
722270,0
3889764,1
3600593,0
10217021,0
10107683,1
2864146,0
9608000,1
8422997,1
5787645,1
6887504,0
5305476,0
3787484,0
9805031,1
9621436,1
8740543,1
7031538,1
5286817,1
6510286,1
9769712,0
5844740,1
8642597,1
5704805,0
3095777,0
3810160,1
9004024,1
9644318,0
8982869,1
10140285,0
8370160,1
1251247,0
9794159,0
9655517,0
2316880,0
8841039,0
3579783,0
6855576,1
6227296,0
8486851,1
10220647,1
6925453,1
5517556,0
4376220,0
9834002,0
6812985,0
6045013,1
9389513,1
9590410,0
7946601,1
3797464,0
3017132,0
225917,0
9714376,1
7145923,1
9455794,1
8971864,1
5688341,0
9003011,0
8396474,0
7654619,0
6123460,0
1265340,0
3050984,0
8902565,0
4375539,1
5482456,0
8685317,1
9469538,0
8641366,1
6431130,0
7672677,0
8215530,1
4946687,0
8913222,1
9798036,1
9617906,1
3735500,1
2470973,1
6452856,0
7102115,0
8344649,0
2141942,1
8838490,1
9685101,1
7433479,1
9062547,0
9300073,0
8525344,0
6575396,0
3995766,0
53052,0
6901755,0
2141347,0
9091587,0
10011152,0
9465738,1
10136547,0
9541966,0
7901986,0
8569463,1
6258486,1
8547421,0
8016948,0
9539348,0
5603437,1
10257667,1
3943698,1
10269443,0
4322449,0
1427898,0
4760526,0
8999106,0
4883754,0
3292927,0
6642367,0
5835666,0
8619645,0
6837530,0
9880640,1
9967855,0
10012105,1
8497702,1
60831,0
7347237,1
8127138,0
8568144,1
5476717,1
4907713,1
6171062,0
2343774,0
2615403,0
7214745,1
9658672,1
9777530,0
5092583,1
134035,0
7919966,1
9424860,0
5704293,0
5313091,0
8519702,1
9958702,0
10178795,1
5257313,0
6433302,1
4470842,0
9581772,1
6252252,0
9951993,1
2150069,0
6402894,0
7560528,1
3888241,1
1718051,1
7648051,0
9300528,0
289756,0
8781402,1
7065262,1
3038059,0
9758412,1
6194560,0
9731072,1
4554448,1
6932351,0
8640776,1
3952331,1
9364334,0
7276814,1
9990761,0
6241933,0
9829745,1
1970300,1
7030667,0
9597427,0
9331114,0
8856860,1
8504155,0
6175586,0
161779,1
7320525,1
10228811,0
8499996,1
9306294,0
7208827,1
6034406,0
4779344,1
6821178,1
8937131,1
8385047,1
9982954,0
9266622,1
8513829,0
9703802,0
1201090,0
10269221,0
7907699,1
9170479,0
5573239,0
10037591,0
6632586,1
3664102,1
10151153,1
10003561,1
9918579,1
450293,1
8152102,1
4916937,0
3338426,1
6007398,1
4329860,1
9436326,1
8465035,1
270585,1
1568101,1
9251049,1
10277004,1
8292145,1
3653690,0
9131643,1
9172354,1
8786027,1
8024102,1
1618708,0
236420,0
9767145,0
7192024,0
7033120,0
9702291,0
5353124,0
5325844,1
7890726,1
10088251,1
8025671,0
4456350,1
2554911,1
7446872,0
6295854,1
3239928,1
5526621,0
9145971,1
6035600,0
8364530,0
8897109,1
8646470,1
4877450,0
5129476,0
6373556,0
965693,1
4222090,1
7176166,1
2484828,1
6731796,1
5346895,0
3764703,1
6631327,1
10181010,0
1228351,1
9647506,0
9651537,0
8727540,0
7105657,1
10248770,1
8025480,0
878960,0
9421061,0
4492743,1
7519782,0
9454903,1
1316688,1
9738303,1
9792621,0
748039,0
8627903,1
10094059,0
5109543,0
1888490,1
9535765,0
9680300,0
5159767,0
5328270,1
6812873,1
10068933,1
3346135,1
9341194,0
6645519,0
7854782,1
10149373,1
8804737,1
6027984,0
7537769,1
8092016,0
8935658,0
8818452,1
6706553,0
7406888,0
8834735,1
1134299,1
9810119,0
7804382,0
5560246,0
7832957,0
1952926,0
8412749,1
9994960,0
9224685,0
9674367,0
9967684,1
9877854,0
9907912,0
10235222,0
5291521,1
7988151,0
9529770,1
4662140,1
6144936,0
6749260,0
10152039,0
1357122,0
8622433,0
5472817,0
8542892,0
8134685,1
8056645,1
997388,0
640096,0
4851786,1
8511905,1
2756046,0
6120595,1
8599063,0
9701375,0
516030,1
9473894,1
9215777,0
8978204,0
10110217,0
3511912,0
2680467,1
9306670,0
5843627,1
4320694,1
9722653,0
798509,0
6060775,0
8960941,0
8710198,0
9788691,1
8652654,1
10164547,0
8845506,1
8548848,0
10180720,1
9926657,1
9021093,1
5146157,1
10186331,0
10188545,1
9071550,0
4157672,1
5976758,1
9484264,1
5799401,0
8618855,0
8062323,0
10113967,0
627691,1
10277360,1
7294840,0
4536417,0
265966,0
3228371,1
8849583,1
5474188,1
3803482,0
321835,1
4937941,0
9829447,0
9138402,0
7324606,0
7355228,1
3289638,0
10084460,0
8899557,0
9735133,0
10232943,0
9418181,1
2310157,0
7801526,0
9354909,0
7797779,1
5902558,0
8668079,1
8788774,1
6393559,1
913164,0
1604914,0
885892,0
138,1
8620237,1
677178,1
8673266,0
3726140,1
3108687,0
4960528,0
147651,1
5177182,1
9940306,1
10119503,0
10149723,0
1923822,0
8834692,1
1386404,0
6374153,1
8259803,1
5544285,0
2523960,1
10154951,1
8152514,1
224873,1
9408889,1
7270292,0
9491386,1
8121280,1
5864884,0
8770359,0
8117906,1
8434637,0
8685598,1
2555639,1
9487477,1
645656,0
7813956,0
5648157,0
9390005,0
6867487,0
7284794,0
7069916,0
1747675,0
6950777,1
5143672,1
5906307,1
10134950,1
10248434,1
6892684,1
8682585,0
7441024,1
3141086,0
9152594,1
4753563,0
7117417,0
7721864,0
9060249,0
8499163,1
2098733,1
10241839,1
9857699,1
6090788,0
6403111,1
9939345,0
8378408,0
10072078,0
7118834,0
7418429,1
983288,1
5294945,0
4335464,1
10204557,0
6665902,1
7511336,0
394133,1
2446485,0
10126779,0
974775,0
10169678,0
3909,1
8915811,0
9986271,1
8246879,1
6983597,0
9181823,0
6656938,1
9326243,1
7965383,0
4567581,0
6325157,1
8345688,0
8061410,0
6832377,0
8653901,1
5106242,1
9616396,1
2032675,1
6822944,0
10144091,1
10261287,1
6150650,0
9327649,0
5393964,1
7926092,1
9815355,0
3448831,1
6390100,0
9992510,0
4174815,0
7786385,0
7844753,1
6337691,0
3141478,0
9994038,0
7295746,0
6297174,0
7912431,1
8165404,1
10209866,0
7555293,1
7458984,1
636686,0
8097468,1
9095689,1
9430185,1
989213,0
4875993,0
3839978,1
10200976,0
10057085,0
8898349,0
3864913,1
3926691,1
8104044,0
9956500,1
8209358,0
6175405,1
8654820,1
4129858,0
9664340,0
10111495,1
1596938,1
2680538,1
8714233,0
5574901,1
8041551,0
8192429,1
2785539,0
6107623,0
4032434,0
6984372,0
7964369,1
4637747,1
5885350,0
6059354,1
9308681,1
9868087,1
10017121,0
8774483,1
61432,0
2521142,0
6158982,1
8320969,1
905923,1
6826691,0
6077711,1
39986,0
9669992,0
9700519,1
9079661,0
9215138,1
2880222,0
8155982,0
8200655,1
264048,0
2349600,1
6157738,1
9305468,0
8334069,0
7994135,0
905045,1
10171165,1
3259547,1
3814005,0
4906632,0
5686348,1
696817,0
8433016,1
8449365,0
9181652,1
9795049,1
9582896,0
876587,1
10022975,1
546741,1
9986121,0
9247591,1
9778937,0
9839305,1
5789185,1
4315969,1
8866310,0
8420545,0
5893563,0
9758381,0
9600149,1
5762541,1
7958007,1
5677345,1
8949385,0
7516251,1
5136617,0
9413961,1
4824963,0
8614506,0
10164885,1
5385162,0
9186234,0
2173294,0
8847427,0
8904782,1
8666299,1
7346515,1
5697586,1
8500425,1
8046315,1
9875066,0
9089591,0
8049481,0
10276132,1
5511662,1
10240468,0
9391043,1
9352389,1
7886696,1
9219249,0
8808349,1
7422447,1
10207201,0
5453632,0
9410721,1
9995292,1
2074910,0
8134334,1
819224,1
8591799,1
6444208,0
9913941,0
9277748,0
3758528,1
8366434,0
6118472,1
7756008,0
9719175,1
10011456,1
6169992,0
9701085,1
9283833,0
2600511,0
4947810,0
9486080,1
5834133,1
10104036,0
10249740,0
5749344,1
3735639,0
10212974,0
10218910,0
9033541,1
8850918,0
8557104,1
7263634,0
6812544,0
10207452,1
162030,0
7009547,1
7854558,1
5799820,1
7120834,1
9863504,1
9972286,0
8173188,0
10168822,0
9681217,0
5680788,1
9129818,0
5682470,0
4165024,1
3538095,0
171466,0
8572260,1
6335584,1
1544287,1
9105350,0
4851130,0
6802371,0
2321302,1
340199,0
10024102,1
1427869,1
9839358,1
4156676,1
2855433,0
9908771,1
7910112,1
4467281,1
9406132,0
7923633,0
5301536,1
1871326,0
9609296,1
7658390,1
2900928,0
5054216,1
3918064,0
6481051,0
9681607,0
7464280,0
10090588,1
138128,1
6829938,1
1805332,0
4416748,0
2337362,0
5920288,1
8475331,0
8213348,1
4119261,1
6352416,0
5745982,1
5886905,1
8089297,1
9984116,1
775659,1
7064532,0
9329568,0
4181771,1
9782995,0
6236437,0
3217405,1
5505213,1
7852755,0
10255977,1
8214689,1
3107684,0
10063243,1
9758012,1
5587102,0
8359674,1
9323044,1
4922840,0
8862905,1
4456453,1
4289064,0
10271740,0
8577365,0
1576575,0
5835129,1
9978570,1
8714269,0
7242935,1
3094525,0
4266403,1
7116501,1
9933387,1
9824847,1
9118202,0
6993270,1
7358848,1
1268855,0
1260246,0
4824799,1
8481830,1
5228109,1
9736067,1
9222369,1
9666874,0
6786739,0
9581892,0
8037815,0
1171880,1
7697115,0
7058858,0
8894534,1
89113,0
7289656,0
9054945,1
8220693,1
8906369,1
239405,0
5962807,0
2143198,0
6926705,1
9993947,1
9768811,0
1290758,0
4892216,1
1133588,1
886988,0
8575547,0
1671128,1
8621788,0
4266978,0
753094,0
9862575,0
4587284,0
8199120,1
5777525,1
9314877,1
1487628,0
4635083,1
4566170,0
9451430,1
2709724,1
9833377,1
9327445,1
2845913,1
8546781,0
4885831,1
10144548,1
9787313,0
7197002,1
9506202,1
4935869,0
9395584,0
7246599,0
6164700,1
9396354,0
9366675,0
267621,0
7492593,1
9901548,0
10012140,0
9817695,1
9898470,0
5415675,1
6282025,1
8613774,1
6655312,1
10273673,1
1462386,0
10079544,1
9893762,1
466535,1
8756007,1
7463799,1
8029144,1
14050,0
9224874,1
2092339,0
5345953,1
7855125,0
1972869,1
7026527,0
1983418,0
8478698,1
8551953,0
2100,0
8134724,1
5868131,0
5042432,1
3192648,0
5892237,1
174285,1
9704370,0
2036686,0
6781438,0
7860429,1
8010355,1
8802352,0
6140480,0
7107472,1
454876,0
9666166,0
9500133,1
9918122,1
6638491,0
9367370,0
3617608,0
8161112,1
299987,1
7940010,0
10069100,0
649854,1
6671717,0
7443752,1
8867648,1
6344595,1
7983475,0
851262,0
8747985,0
7464580,1
8937089,0
10013803,0
1140094,1
5730355,1
8748027,0
341403,0
4264687,0
290240,1
1358466,0
8099752,1
9323926,1
6724216,0
9653206,1
6281759,0
9331510,0
4646781,0
9455547,1
9762540,0
5739320,1
10121518,1
8381652,0
8536174,1
10212063,0
10265204,0
9904410,0
8770580,1
8829067,0
5249006,0
7550652,0
6289817,1
9916184,1
7436184,1
7875934,0
534079,0
6115252,0
5899129,1
7545545,1
5742468,1
9237383,0
8602932,0
6765369,0
6091732,0
7140547,1
1270891,0
4308810,1
4855075,0
6059167,1
8993573,1
8244345,1
10178652,0
7323739,0
7396782,0
6776323,1
6632641,0
5310614,1
4933461,1
3558519,1
5943464,0
7997448,0
9463311,1
8627760,1
1223918,1
9216016,1
10252702,1
4638692,0
7037706,1
9916314,1
1311453,0
5821574,0
10210862,1
7291916,1
5491911,0
4431697,1
8951429,0
7142231,1
7458527,0
7314580,0
10145283,1
2281401,0
4356285,0
8046413,1
5824184,0
9022713,0
7463823,0
7950500,1
9750234,1
9812404,0
10004951,1
5688998,1
7004933,0
2849815,0
10063485,0
5962426,1
3208399,1
5054384,1
8519109,1
5929215,0
7893669,0
7065840,0
9539274,1
6341520,1
8456921,1
8482,0
2588036,0
7464400,0
9106834,0
7558661,0
7376321,1
10145936,0
633344,1
4624333,0
8827734,0
4545275,1
7081357,0
4442571,0
8922708,1
3330902,0
9727774,1
8557734,1
5074136,0
4256902,0
3472453,0
9613732,1
9209478,0
9441601,0
9635646,1
2579963,1
7678085,0
9139778,1
7894824,1
78333,1
9923224,1
7712265,1
8026059,1
7366767,1
4216953,1
7293721,1
9700969,1
10138383,0
2972094,1
10034166,0
7075339,1
9725054,0
4764016,1
8515062,1
6833453,1
2213036,1
9326276,1
9753506,0
4878737,0
9241203,0
9299331,1
1780073,1
6082072,1
5986724,0
8208732,1
5800234,0
3843142,1
5958086,0
9667536,1
9752540,1
9354402,0
1193432,1
5247241,0
7104170,0
5370081,0
8550782,0
8978139,0
5809066,1
3289013,0
2498124,1
8069103,1
8966177,1
9238487,1
8718361,0
2539660,1
6647354,1
4727128,1
4642099,1
6043319,1
8774506,1
8461171,1
8207251,1
10151917,0
5560046,0
477684,0
6081036,0
10043809,1
4739723,0
6137515,0
9931121,0
9414867,0
3724301,0
8711867,1
132033,1
4354220,0
9478828,1
6117976,1
8585809,0
8598468,0
9248276,1
8498878,0
4766472,0
181234,0
9222054,0
7852419,1
40524,0
9533790,1
6084913,1
988256,1
7564852,1
7199115,1
6065916,0
2956822,0
8115655,0
3460088,1
5297770,1
2063719,1
8155279,1
8816070,1
8768206,1
10094550,1
1601747,0
9199405,1
4964655,1
9969813,1
117760,0
6296150,1
9753229,0
7517339,0
6540646,0
9290150,0
2183360,1
3086770,0
6035604,0
7212904,1
7010539,0
9296949,1
7694322,1
9543996,1
23980,0
838676,0
1781387,0
2043755,0
4420177,0
3650628,0
10275130,0
6408159,1
8977439,0
9118711,1
8759252,0
2620768,0
8555333,1
10260878,1
5884738,0
10001856,1
8165462,1
9451673,0
5860235,1
9747258,0
9518331,1
9151648,0
6933566,1
2634846,0
8463013,0
10238536,0
8841665,0
8676246,0
2109684,1
3563826,0
7573398,0
9045027,0
10036248,0
7964653,1
7562138,1
501990,1
3824600,0
5371351,0
9552960,1
4843775,0
9909376,1
9135420,0
10194402,1
3439085,0
9369552,0
6653827,0
5571491,0
8645844,1
2523003,0
5955078,0
8628579,1
8891389,1
195517,1
7697484,1
5070764,0
6651962,0
7792558,1
7803152,0
7234855,0
7951475,0
520366,0
10002846,0
9429178,0
3578883,1
285930,0
10098844,1
8172214,0
6458124,1
6638317,1
7329022,1
1142245,0
8175687,1
1761944,0
6979456,0
9231169,0
2901903,0
8022811,1
7090112,1
6536490,0
5477416,0
9490345,0
6400321,1
5195772,1
8552799,0
8702774,1
6821343,0
6856831,0
5672080,1
5690598,0
8058600,1
8503081,0
9518177,1
7960896,0
4937210,0
9593420,0
5564995,0
6479535,0
2745972,0
9798776,1
7939700,0
657929,0
7143058,0
379395,0
6272674,1
3430716,1
3184859,0
10259239,1
7511944,1
10272550,1
8132598,0
3411730,1
8437974,0
10169975,0
9712535,0
8683470,1
8428250,0
7188159,1
2040801,0
6261179,1
4318479,0
5262259,0
4933902,0
9840742,0
6419770,0
9505496,0
9601289,1
9456445,1
4857304,0
7527634,0
8044718,1
4266916,0
7906574,1
6657311,0
8081003,0
6800604,0
3387324,1
8476569,1
3594123,0
1709089,0
4517325,0
1791862,0
1773363,0
8606242,0
10165635,0
8099706,0
5220963,0
6096619,0
5095182,1
9487739,1
9042702,0
1413460,0
9681763,1
9230935,1
9542486,0
1971634,0
9572450,0
388498,0
7873389,0
2779806,0
10105351,0
6418121,0
7406839,1
6567728,0
8744693,0
2568746,0
1830406,0
7482108,1
8940931,1
6158267,1
6469049,0
10196895,0
8660131,0
6750581,1
4381927,1
6162717,0
7238750,1
8427571,1
3820712,1
10246565,1
8189065,0
8560744,1
7009111,0
5911651,1
7193637,0
9225614,1
9211768,1
7060870,1
6017491,0
9044729,0
6125999,0
4875363,1
1056953,1
6969112,0
10154166,0
6900742,1
3038607,1
5521208,1
2432665,1
9895742,1
8978044,0
8626089,0
8612451,1
9873606,1
7156791,1
7312367,0
8145548,1
1960045,0
2062443,1
1328777,1
6904582,0
8021703,0
8221632,0
10275986,0
853408,0
8544691,1
8839512,1
2516617,1
9225168,1
8471067,0
9997777,1
8533143,1
8379723,0
10275786,1
4506395,0
4325254,0
6359836,1
8762299,1
9338617,0
9242721,1
10274688,0
9438147,1
6228833,0
10015246,0
7678304,0
404135,0
7440928,0
2505493,0
6277438,0
2161173,1
9632957,1
6120489,0
5968109,0
8673186,0
358503,0
9809045,1
10265766,1
9990666,0
9310997,0
9057128,1
9461793,1
8636854,1
2326556,0
98897,0
941344,0
39092,0
9728269,1
5672283,1
4828350,1
9279437,0
8650664,0
3234279,0
6826730,0
1391112,1
9901663,1
2948646,0
5992354,1
8727199,1
253509,0
3645030,1
510485,1
6410435,1
10007427,1
9964747,1
1159945,1
8559493,1
4006435,0
9846325,0
8688108,0
522869,0
10077396,0
9008254,0
9271358,0
10022138,1
3228614,0
1743517,0
8828574,0
6162196,1
7391571,1
10246836,0
9836401,1
8119920,0
8115429,1
8230958,0
5372066,0
9612573,1
6063801,1
9588767,0
5814855,1
6677518,0
8716778,0
8388792,0
9963047,1
6234354,1
9708672,1
5886730,0
4407374,0
5059623,0
9457074,1
9913021,1
6567719,1
5840666,1
6966209,1
2011599,0
43421,1
6258319,1
9300504,1
9394663,0
33644,0
8723475,0
9582348,0
1493567,1
9401987,1
1734126,1
5909896,1
8107501,1
10013641,0
4744779,1
3082116,1
1975164,0
9749487,1
5458508,1
4809624,0
6389761,1
9395100,0
2021147,1
4187940,0
4032949,1
6637697,1
8262410,0
9788904,1
7700423,1
8704782,0
3449576,0
9934894,0
4046580,1
9340297,1
9419919,1
3813571,0
1166648,0
7878622,0
9335450,1
9234905,0
7336002,1
5667113,0
8033172,0
4031813,1
5691249,0
3638986,1
9748363,0
6987985,1
3340663,1
7631963,1
7181055,1
2582710,1
9899522,1
7843075,1
8122175,0
6857748,0
4658519,0
4009165,0
9214803,0
5978540,1
6859911,0
3968726,1
9886648,1
10247438,1
4900546,0
5905616,1
2756634,0
2749268,1
1929889,0
9295555,1
8219254,0
7632535,1
9776074,0
4333759,0
7861329,0
8666314,0
8851754,0
8189953,0
10018929,1
9320751,0
9852413,0
1249743,1
6812924,0
9588866,1
7503110,1
3895628,1
5054638,0
2001228,0
8590302,1
6355835,1
4889525,0
9823483,0
7803701,1
10208063,0
9789944,0
8749302,1
7338873,0
7876208,0
8061256,0
6082353,0
7982260,0
5386877,1
5812932,1
5815615,1
2816025,1
4623638,1
10276717,1
4485183,0
9688630,1
10114738,1
9183082,0
7122262,0
4028043,0
4626089,0
2027211,0
4975627,0
8505631,1
8210142,1
8142505,0
2733168,1
7307678,1
4222761,0
9301220,1
6716430,0
8379699,1
8811215,0
6285720,0
5285582,1
9791895,1
8537152,0
4941008,0
9919472,1
8877069,1
8580242,1
8082861,1
2172256,0
9188813,0
9331489,1
120785,1
7082885,0
9518431,0
8258380,0
3165453,1
4837717,1
9381160,0
9468539,0
3002213,1
4197574,1
5947839,0
9931002,1
10155289,0
9453323,1
8500561,0
51319,0
8607112,0
9611521,1
9826755,1
9744155,1
5174825,1
8466885,0
10220927,1
4671810,1
8567382,1
8899980,1
6297225,1
783592,0
4516977,1
5988577,0
10240769,0
7353539,0
756938,1
9175525,1
7523,1
6360787,0
825323,0
5911134,0
5474876,0
5070436,0
8361567,0
4824934,0
7250540,1
163857,1
9647046,0
9407016,0
8045922,0
9795525,0
7959471,1
8476655,0
10126453,0
8099506,1
8610235,0
9941444,0
3540399,0
2868158,1
1898853,0
7893648,1
7917092,1
9101868,0
2042752,0
7513139,1
74455,0
10118218,1
9263794,0
5956247,1
3506173,1
7096894,1
246279,1
7026170,0
939514,1
8376348,0
6608316,1
9316026,1
9246233,0
10129508,1
6984923,0
10038546,1
5511385,0
1215947,0
3230184,0
7134968,0
5900428,0
7546732,0
6264235,1
8557211,1
10193725,0
8533400,0
10205143,0
2143541,1
399624,1
9895294,1
3155011,0
5082422,1
7360134,1
6295324,1
8729060,1
8183900,0
7481667,0
3926641,1
5498287,0
7517560,0
4557982,0
5451584,1
281825,0
6069244,0
3840841,0
7208910,1
6842545,0
7321923,1
8035646,0
4533311,1
10200195,0
8760769,1
4254148,1
9731106,0
9017428,1
8047967,1
6677257,1
8166000,1
6712238,1
10042073,1
5675140,1
10122763,1
8134373,0
2944367,1
327331,1
9272324,1
10127416,1
9811537,1
2605176,1
6175717,1
9400809,0
9553491,0
5463576,0
7292937,1
10272961,1
5083054,1
6021531,0
9263524,0
9181486,0
9087917,0
8057895,0
6653140,1
8546191,1
9423975,0
8129579,1
5440552,0
3893893,0
9816354,1
10277069,0
120795,1
380842,1
2682021,1
6667926,1
9818351,1
9924230,0
9525061,0
9971338,1
8137052,1
8839301,1
9789797,1
2870379,1
8589681,1
9067485,0
6749266,0
5796164,1
6403283,1
8148194,1
10007563,0
1941471,0
5717841,1
2520413,0
7833983,1
2761583,0
1579547,1
5243675,0
3040327,1
10218960,1
9343225,0
4326058,1
5737596,1
8335617,0
4600062,1
7310522,0
7038606,0
6448962,0
9399464,1
7092764,1
9818167,1
1549289,0
9093361,1
9098311,1
7709695,0
6971217,0
8661691,0
5109463,1
9559161,1
8848387,0
4985293,0
9463796,0
7567350,0
10061870,1
8214929,0
4260261,0
1918045,1
6835826,1
7034602,1
5262487,1
8707177,1
558688,0
870805,0
9216848,0
3077526,1
3532805,1
8097808,0
10048919,0
3826754,1
6235012,0
9964594,1
9824638,1
3937492,0
7056248,0
8635412,0
7225537,1
9275146,0
8705227,1
9676970,1
688128,0
4431795,1
4525490,1
23647,0
7522659,0
5108288,0
9711649,1
3611143,1
8700498,1
4445153,1
6028544,1
8951204,0
8715220,1
9788991,1
7986267,1
2370351,1
7465694,1
5311357,1
8652134,0
6714568,0
7037895,0
9153478,0
10225317,1
3071567,0
8726456,0
10089911,0
10184637,0
2420710,1
8317666,1
5678571,0
419430,1
7800966,1
5550672,0
2746091,1
9318518,0
9137623,0
10005335,0
8872323,1
9117187,1
8514830,0
7476099,1
10173901,0
6996839,1
3606414,0
10144152,0
5682357,0
9736070,0
785449,1
8553459,0
9494887,1
2029118,1
8724820,0
2218298,1
8610015,1
10220250,1
7432637,0
7696701,1
173398,1
5483892,0
9372390,1
10237524,0
8473703,1
9052257,0
9978310,1
5557773,1
6677704,1
9252612,0
6017414,0
65412,1
323887,0
1650026,1
8896203,0
9409526,1
9552330,1
7709691,0
7396875,1
9945055,1
2939019,0
8733209,0
17330,1
5423962,1
8743951,1
6896091,1
9102706,1
10122044,1
4389086,1
9636809,0
1232330,0
150581,0
8464750,0
2579594,1
10070520,0
10185931,1
7583495,0
8135112,0
7531646,0
9187643,1
8901625,0
8872514,1
7420524,1
9066833,0
8146384,0
5247360,1
9340414,0
5397418,1
1941174,0
8767067,1
9467085,1
9325977,1
6920830,1
9834478,1
4520873,1
6068059,1
7557983,0
4188221,0
5887832,0
10175427,0
684402,0
9587364,1
1274944,1
8689328,0
8614158,0
1775362,0
8734911,0
7010594,0
4889037,0
6392125,0
9305633,0
3224966,0
5386092,1
6641804,0
8607781,1
7368935,1
8166064,0
10186263,0
10135036,1
521401,1
5802950,0
8958947,0
9817344,1
5784228,0
10017229,1
6927198,0
6100946,1
3069457,0
2482753,1
1731606,1
5193883,1
10105457,1
2420332,1
2135336,1
10228946,1
2121381,0
7328380,1
4282257,0
8737262,0
6122561,1
8369748,0
3976753,0
7716277,0
308175,1
10151519,0
2967776,1
9122933,1
8610524,0
6412078,0
9926817,1
7565052,0
8673033,0
9320321,1
8478252,0
1395000,0
8686830,0
319182,1
6110328,1
339150,0
9229233,0
4659693,1
6519606,0
1925925,1
3388336,1
5406602,0
7233280,0
6922667,1
5129470,0
6595552,0
8422134,0
144083,0
10022778,1
6119846,0
8893427,1
8013848,1
3736012,1
592569,0
6608304,0
7874361,1
8692658,0
6966681,1
5002425,0
7318748,0
7282718,0
8382271,0
10242280,0
6292547,1
7285203,0
8211398,0
5085065,1
5807930,0
9370344,1
9139608,0
10156639,0
8730939,1
9340334,1
7408505,1
8588856,1
8774950,0
8008216,0
9444319,1
2865259,0
7757044,1
4346187,1
5983244,1
6293605,1
6178696,0
8864851,1
1313608,0
9847436,1
5448750,1
9805271,0
3845945,0
7990059,0
7495917,1
8114030,1
10158639,1
8435503,0
7346752,1
3845892,0
9501482,1
2659024,1
5574876,0
8831288,1
9463776,1
7947363,0
5869376,0
10219535,1
9978855,1
9795059,1
5042383,0
7000219,0
7923626,1
9347488,1
7288877,1
5429631,0
4459001,0
4787292,0
2897301,1
4264770,0
9638849,0
7650051,0
6467048,1
3491420,0
3911243,0
8009874,0
6283169,1
9461561,0
9642630,0
4555803,1
9978197,1
3150747,1
5699845,0
5403401,1
8927202,0
9266060,0
9473656,1
5996527,1
2117475,1
9079340,1
9294913,0
7759696,0
6809462,1
7085528,1
9486383,0
3666136,0
8038945,0
7843511,1
9382470,0
1998203,0
8587500,0
2273576,0
8945356,1
1430578,0
3731598,1
7898672,1
2541892,0
7689455,1
8467133,0
2554666,0
5923029,1
8983089,0
9619109,1
8590341,1
8012476,0
2198625,0
5055412,0
10205257,0
6053333,0
10106530,0
9801784,0
1463006,1
5464099,0
3913929,0
9288413,0
6983665,0
1500390,0
4313084,0
10099628,1
7191774,1
3635339,0
385059,1
8379424,0
7882873,1
9216964,0
9660661,0
5079962,0
9408490,1
8397945,0
2271912,1
7464653,0
9095194,1
1503683,0
3461208,1
10107270,1
9422843,0
7994428,0
4984884,0
8211776,0
10197415,1
8131215,1
9259824,0
12605,0
7504048,0
5793,0
7541735,1
4930683,0
6390425,0
9752102,0
4462298,1
3668261,1
5840540,0
9643239,1
1354165,0
6009589,0
5537,0
571771,0
10121593,0
9366398,0
9238153,0
9983314,0
9805930,1
9416215,1
1099555,0
8815562,1
8029172,1
8530952,0
1791971,1
1303914,0
10182451,1
9273548,1
122388,1
808424,0
9824937,0
3340665,0
9963196,1
10063931,0
8563123,1
9916572,0
7579721,1
9660332,0
2348946,0
5128703,1
6614519,0
3613883,1
4594569,1
5166796,1
5806127,1
9845879,0
1468475,1
2558132,0
324446,0
6312191,1
4720680,0
9762190,1
1946473,1
5430895,0
967929,0
9697842,1
4765735,0
7526921,1
6700882,1
3260608,0
8789486,1
1832453,1
7692030,0
10185969,1
6327989,0
3371199,1
5216620,0
8095617,0
9980123,0
70980,1
5867823,0
9342400,0
5461750,1
7686137,1
7329326,0
8918806,1
7572313,0
5733698,1
2345610,1
6067486,0
7310802,0
7656957,0
7413202,0
7324532,1
6353546,0
2992979,1
7527479,1
2337580,0
7771919,1
7981121,1
5976975,0
3274271,0
6478548,1
2067265,1
2566793,1
9305237,1
9412257,0
8570513,1
8217948,0
8666155,1
2212742,1
3270117,1
7039110,1
9382303,1
8382099,1
6438233,1
115598,0
6821780,0
5685119,1
6568282,1
6105520,1
9335116,1
7400987,1
8786632,0
5186620,1
2170595,1
8824148,0
4483170,0
2645043,0
6856840,1
530477,0
8613940,0
8799875,0
7259607,1
4746430,0
2079235,1
9853908,1
8469455,1
8880530,1
6577045,0
6417228,0
8209321,0
10221946,1
6124203,0
7000656,0
8008192,1
2382392,0
1986873,1
8301170,0
7729698,1
6032146,1
8715252,1
7411164,0
9495018,1
7527396,0
9865367,1
7398041,0
137700,0
4741697,1
3615162,1
164908,1
1361364,0
9024217,0
6826477,1
7700298,1
4654904,1
5883284,0
9468545,1
331091,0
824655,1
322328,0
8571812,0
9903801,0
9835510,0
7363491,1
10219161,1
10110833,0
9566785,1
9725924,1
9747133,0
9406753,0
460605,1
10079030,1
8033590,0
9337190,0
7712064,1
9626744,0
7474430,1
6328015,0
10099326,0
5766977,1
2192935,1
5663142,0
8879603,0
6600279,1
8476150,1
6033922,1
2290088,0
8517382,0
3620088,1
6912404,1
4034035,1
2336575,0
8609623,1
9674535,0
9314752,0
6737606,0
9320335,1
6404962,1
8545813,1
468216,0
2438365,1
4730052,0
9102950,0
5880967,1
3974634,1
9197155,0
6094347,0
8825740,0
6248272,1
6090748,0
9846605,1
7346600,0
4593986,1
7101194,1
9467730,1
8177820,0
10041336,0
8759753,0
7656364,1
4673887,0
8597549,1
10151996,0
2212007,0
9165016,1
8748742,0
9081514,1
6406050,1
6742470,0
9177750,0
4852854,1
1526571,1
10258229,1
10260093,0
9334957,1
7059668,1
7440715,0
3880365,1
5244938,0
1030126,1
9638121,0
7090460,1
8914540,0
7763392,0
5371549,1
7726694,0
810443,0
2417028,1
644911,1
5209411,1
5644680,1
5455616,0
10070718,1
10047345,0
8836616,0
5773347,0
10247060,0
45464,0
6997578,0
4818202,1
9870355,0
8678475,1
3732603,0
1596323,1
9282563,0
1714930,1
8681742,0
7972139,1
5768561,0
8694298,0
306234,0
7252188,0
8825650,0
9347141,0
9018437,1
10125075,1
1148763,1
3661896,1
4051827,0
9707218,1
6709812,1
6226728,0
6208667,1
10102693,1
10108612,0
5226331,0
858775,0
9288667,1
9987384,1
223,0
10025487,1
9658447,0
8675756,1
8912534,0
5722870,0
9654138,0
4253561,0
8082862,1
6846390,0
8954049,1
5787218,0
6563835,0
4744398,0
9034497,0
5164230,0
9236239,1
8395831,0
10174071,1
9831950,1
10048360,0
154594,1
4907045,0
9951639,1
6671286,0
8838407,1
2299735,0
3612067,0
6256319,0
6468159,0
168021,0
6904245,1
10126356,0
8779296,1
7676543,1
10216960,1
8862231,0
8683953,1
854763,1
8674313,0
9823555,1
8700036,0
7901569,0
9296790,1
2605495,0
31105,1
6526102,0
8021449,0
7224902,1
6521606,1
4203960,1
3807506,0
10183360,1
5968656,1
5864113,0
7404875,1
9834312,0
201356,1
7560509,1
6652300,1
3793074,1
3892762,1
7344495,0
8888620,0
6740581,0
9480498,1
9363574,1
8085359,1
5199609,0
5613522,0
9142253,1
8640020,1
10257227,1
3239070,0
8981518,0
7684759,0
3141726,1
9290460,1
5109569,0
1811458,1
312708,1
5943833,1
122122,0
7895329,1
9127103,1
8211557,0
1145348,0
9597611,1
6787270,1
10183530,1
9580820,1
8327046,1
7713967,1
9782972,1
9847814,0
1984661,1
7339744,0
8560531,1
9662834,1
5372598,0
9996393,0
8302216,1
9308280,1
9122588,1
7297350,1
517101,0
3314758,1
9475875,0
2060555,0
9291332,0
10261641,1
10083116,1
7991636,0
8098375,0
52686,1
4057929,1
9746664,1
35980,1
10110913,1
9210907,1
6032189,0
9370533,1
4053111,1
94138,1
8829173,1
7593854,1
6966338,0
2194230,1
9144878,0
8495792,0
9501703,1
754161,1
6634205,1
5462231,1
4382299,0
10003795,0
7928957,0
1198848,0
1295917,1
9295364,0
7118984,0
10207505,0
6695504,0
9832442,0
9301748,1
9342205,1
9661884,1
7676951,1
4854208,1
4147564,0
2294901,1
2460676,0
9956141,1
88466,1
4971783,0
7161487,1
2547458,1
3069791,1
8944031,1
8139639,1
7196112,1
5351931,1
9281669,1
9242238,0
6623193,1
8888834,1
5153233,0
1037387,1
1696706,1
9919123,1
8985049,0
5293920,0
8696902,1
9511290,0
7340504,0
1381195,1
6331922,1
9230546,1
5166803,1
9266022,1
9448737,0
5457657,1
9937388,1
6176913,0
9601005,1
450066,1
1495879,1
7481755,0
1084727,0
8888466,1
7458938,0
9952527,0
8971556,1
7917689,0
4412640,1
5611668,1
246825,1
9310527,0
7227577,1
8379468,1
8027830,0
8546855,1
8677981,1
8446891,1
9042566,0
6160737,0
8171827,1
6177846,1
1110565,1
9961225,1
8782094,0
10103386,1
6928933,1
7668035,0
3869366,1
9135715,1
9771713,0
4234267,0
5190053,1
3683244,0
8163635,0
10159056,0
837803,1
827885,0
4240814,1
9306323,0
6822799,0
8709756,1
7118360,1
9528978,1
6247309,1
7621823,1
9206007,0
9772542,1
2918430,1
8821668,0
9381407,1
9926749,0
1248508,1
9785415,0
9447234,1
10075396,1
7789396,0
7533935,0
9856182,1
2279149,0
9679180,1
1936855,1
9785090,1
8701643,0
1790365,1
9538161,0
1602203,1
10147565,1
9265278,1
395656,1
6185510,1
7649397,0
5575568,1
8622696,0
1120007,1
8760733,1
1898613,1
8026556,1
5820326,1
7288784,1
4910764,0
7444818,0
5964098,1
5444013,1
5810867,1
9389301,0
8569973,0
10220061,0
7907572,1
10108506,0
4762191,0
9210175,1
9985619,1
9075694,0
2036554,1
8515560,1
5809122,1
9569661,1
10036894,1
6341429,1
5932132,0
4474295,0
8655964,1
10127544,0
9917447,1
8149044,1
7905343,0
9505476,0
5417938,1
67504,1
3919253,1
6648608,0
8977576,0
4259582,1
55738,1
9527752,1
3424836,1
10077135,0
8469745,0
10210189,0
1070907,0
10253351,0
8653624,1
1785061,0
1053787,0
7364828,1
8420013,1
4296280,1
6396899,1
8017257,0
10256160,0
5907794,1
9661309,1
8192597,1
7573907,0
2589479,0
5105412,0
3137949,0
3959748,1
10275758,0
9705887,1
9127549,0
9060859,0
8754772,1
533924,0
9999011,0
7635013,1
8168041,0
4537864,0
9309260,0
3606863,0
9220781,1
8022425,0
9663088,0
8909916,1
9695323,1
1948302,0
3145647,0
6367348,1
6730659,0
7625695,1
5079622,1
2763070,1
8643959,1
4179640,1
5232955,0
4451939,1
9985799,0
2015487,1
7669332,1
3032533,1
6311301,0
5704700,0
6570156,1
7450767,0
7771942,0
8566522,1
8733037,1
1859399,1
9470303,0
9914826,1
9428918,1
8998971,0
6713764,0
8622974,1
2897535,0
10184927,1
9467674,0
9079581,0
9149194,1
7320639,1
9786211,1
6861904,1
8971309,0
3267372,1
590637,1
212717,0
7484653,0
8799475,0
6700321,0
10215614,1
6254797,0
7459190,0
3400772,0
586485,0
10148865,1
9412983,0
6017529,0
9217982,1
1895892,0
5711866,0
7116458,0
5425209,0
7534501,1
269083,1
9859654,0
9905388,0
7465672,0
6397015,1
3425825,1
7746379,0
5384855,1
10043976,1
9926017,1
9633010,0
9704305,1
8043589,1
1631774,0
4021079,0
5223971,0
9134649,1
9667988,1
6128034,0
10148844,0
8830702,0
9397949,1
9155930,0
10190044,1
9366882,1
6110214,1
271710,1
9572966,0
6620484,1
4674129,0
9791796,1
2622411,0
7785250,1
10267380,1
3586614,0
2616347,0
1775214,1
9227726,0
7445928,1
1422539,1
10080540,1
1626898,0
6018340,0
6312071,1
8644121,0
7226242,0
9128642,0
9722461,1
9397759,1
9825149,0
8054446,0
4310220,1
4295426,1
9817455,1
5816013,0
7781623,1
2360171,0
7050518,1
9538983,0
9713897,0
8645404,0
8705592,1
8020470,0
8745399,0
9975478,0
6052380,0
9039682,0
456558,1
10267916,1
6032688,1
3565926,1
9832393,1
7504523,0
6997152,1
1362467,0
5271184,1
469973,0
7119058,1
3582846,0
3853513,0
7353768,0
9591958,1
132911,0
10072805,1
10109145,0
1768656,1
309876,1
9280731,0
6469168,0
8610996,1
4591579,1
1709799,0
9327653,1
1681609,1
9327539,1
4917838,1
6395289,1
8058599,1
6863370,0
3329625,1
6984179,0
3457053,0
4382533,0
7726860,1
4594026,0
9909259,0
7437144,1
9728872,1
4565563,1
6189813,0
8941842,0
9776016,0
7054919,1
2867607,0
3682769,0
8081160,1
9142028,0
9603414,0
8605360,1
9915373,0
10180745,1
9977583,1
3056478,0
8590601,1
9967917,1
9625052,0
5713932,0
8910042,1
9624713,0
7749798,0
6022732,0
8922894,0
8849708,0
8109192,0
9105372,0
5830497,0
6469481,1
8765728,1
8988105,0
9287304,1
5367617,1
8655616,1
7205222,1
7841977,1
9829209,1
2203234,1
31333,1
8043178,1
5922949,1
6600023,1
4310829,1
3261995,0
6561296,1
10243223,1
6766308,1
7799839,0
10200473,1
2450924,0
6171744,1
9405518,0
3018666,0
2197787,1
8529452,1
1257801,1
7974040,1
8565715,1
4908507,0
7435772,1
4365959,1
9540454,0
3123735,0
4990602,1
3517530,0
6643731,0
9313542,1
316796,1
6958756,1
5783308,0
2554079,1
9841130,0
9904399,0
10254556,1
9886598,1
10228662,1
1607020,0
7508212,1
8459943,0
9520952,0
10118951,1
4151142,1
4508562,1
4019755,1
9637041,1
3206844,0
4697596,0
9099814,0
4531050,0
10122678,0
10124275,0
7211749,0
9922573,1
9303852,0
8611728,0
6594661,0
4426020,1
4038568,1
2509306,0
9456618,0
8731295,1
335036,1
9455877,0
3873139,1
5167679,0
9532232,1
5437100,0
10103184,1
721908,0
9808335,1
7824017,1
9736811,0
8385675,0
3054907,1
8211021,1
534087,1
1022114,1
3596869,0
6128853,0
3665033,0
5735310,0
9269095,0
5899826,0
8803124,1
9823618,1
6032121,0
10208664,1
9785553,1
1198525,0
4493445,1
10001952,1
10153671,1
3283576,0
4650100,1
4802598,1
5398829,0
3103789,0
9467299,1
9531250,0
5810021,1
2745736,1
7928867,0
7376935,0
848450,1
10222163,0
9685643,1
7110429,1
10036752,0
5810994,0
1591582,1
5509602,1
6603932,0
10125962,1
7499850,0
6511433,0
8032837,0
5329559,1
8693349,0
1521443,1
4449429,1
1693602,1
2727733,1
9088900,0
1741343,1
9389122,0
2659362,0
3634898,1
7360656,1
7229409,1
2852292,1
9412296,0
8752591,0
8893504,0
3267241,0
9108210,1
8108093,1
490445,1
5987817,1
9464575,0
837200,0
7980566,0
10231502,0
350144,1
7058960,1
9495066,0
7250836,0
108358,0
8715144,0
7921584,0
97216,0
8919392,1
9444058,1
3413091,0
10025438,1
9141815,0
3862492,0
2573152,1
2454552,1
9992603,0
8369152,0
8844523,0
9690171,0
10074218,0
8793301,0
4006658,0
8059309,1
7306177,0
1936138,1
3780672,0
1369479,0
4478994,0
5339822,1
10181080,1
8890655,1
470440,0
3204963,1
10236309,1
8877136,0
6376082,1
7903166,1
9286398,0
7008379,1
8478402,1
2711456,0
9968530,1
4343505,0
6969925,1
6073682,0
9330121,1
7749723,0
9181846,1
9406497,1
407036,1
8498335,0
6719961,0
5133567,1
8189328,1
4008366,0
6410558,0
7447267,1
8520868,0
7342251,1
4347490,0
10242942,0
9252938,1
3264478,0
9498947,0
8097621,1
7186534,1
9353030,0
7970409,0
9369432,1
3543672,1
9756787,0
5998582,1
6193726,1
4414794,1
7504269,1
8920734,1
10158832,1
5544310,1
3165487,1
9801106,1
10108093,1
7344055,0
245755,1
8169199,1
9098723,1
3957016,1
5901559,1
2594681,0
9817208,1
10186134,0
71299,1
8165289,0
8535729,1
6570221,0
9293915,0
7012000,0
9319566,0
1160496,1
2093741,1
8192064,0
8814695,0
6243484,0
3630304,1
9005838,1
6854722,0
3785931,0
10273015,1
2747159,1
6225477,1
9615313,1
9288966,1
345652,0
9827558,0
9314494,1
4428917,0
5001591,0
7716459,0
9385029,0
8694357,1
7873413,0
8053549,0
9774458,1
5145492,1
8385492,1
4417793,0
10116599,1
7050613,0
5299357,0
6360324,1
9868603,1
8845095,1
9473299,1
1061284,1
3624039,0
544755,1
4471689,0
10221321,1
926751,0
9830589,0
56827,1
5283618,0
3000283,1
8823377,1
9036773,1
4559420,1
3203122,1
9411121,0
4830337,1
9127481,1
1185561,0
10004034,1
6881709,1
9412521,1
108852,0
7192148,0
7074637,1
3429036,1
1413694,0
5785169,1
8672344,0
10069071,1
4428488,1
7140682,0
8766474,1
2985323,0
1289093,1
6931930,0
8466225,0
38637,1
10135660,0
5335962,1
9568399,1
9931178,0
8347039,1
1566348,0
7123105,0
8464884,0
9503325,0
7503621,1
484544,0
4543098,0
9577681,1
8358550,0
6816022,0
5593536,1
2361255,1
7502816,0
8013578,0
8980792,0
7838958,1
9578361,1
5788930,1
8500109,1
3584325,0
1612685,1
6764767,0
549853,0
9839584,1
7863205,1
10183053,0
9440514,1
7475576,0
10163882,0
3118733,0
3359843,0
8109900,0
9464817,1
9150693,0
3644959,0
9836049,0
10157826,0
5079098,0
7043732,1
4221560,1
8394001,1
8008984,1
9282886,0
4002259,0
7339062,1
6666438,0
8910207,0
9821563,1
9255821,1
8011231,1
7360529,0
10186590,1
10203606,0
6777888,0
4464862,1
9683154,1
8911412,0
10182691,1
5713804,1
9045019,0
7705988,1
3441765,1
33650,0
8383352,0
3395835,1
6620219,1
9237570,0
8191009,0
4394424,1
8904271,1
9242432,1
9292310,1
7541124,1
5827788,0
10113054,1
5477750,0
5993134,0
8975874,1
9986042,0
8365404,0
7626293,0
115356,1
54511,1
9131361,1
6133184,1
4423538,1
10249689,1
5788548,1
3486805,1
3547439,0
6011544,0
6077172,0
9786961,1
9399619,1
7426635,1
9850123,1
9607226,0
7083779,0
7304307,1
4241923,1
8819170,0
7499955,1
8660766,1
10111187,1
5978133,0
2192067,0
7859721,0
9993515,0
7094280,1
10057170,0
9302322,1
6164698,0
5149548,0
4926467,0
5703255,0
9365194,1
7517995,1
9435514,1
1529892,0
8444726,1
4825691,0
2185096,1
9990763,0
8559261,1
8919502,0
8293885,1
9646527,1
724523,1
5720024,1
8606843,0
3402806,1
2395400,0
7066451,0
8049770,1
2073695,0
183049,0
6107330,0
7040898,0
9547810,0
6693066,1
8387718,1
10218266,1
10066224,0
10258940,1
9826435,1
9952425,1
6833662,0
1544645,0
3482636,1
10220270,1
8750783,0
9748211,1
4802933,0
8706934,0
7762326,1
10016233,0
3645857,1
8800773,1
5892295,0
449921,1
9108565,0
2014626,0
9333921,1
9663139,0
6875651,1
9317919,1
6885190,1
9855376,1
2817156,0
7282110,0
7957588,0
9431694,1
6347052,1
7567698,1
9985493,0
10154097,1
7265545,1
9923176,1
9352915,1
1288069,1
3367537,1
3971777,0
7922930,0
9839989,1
9348760,0
8366107,1
680256,1
7442085,0
8811317,0
5157705,0
6395748,1
306567,1
7142216,1
7323786,1
6251835,1
3762940,0
6206278,0
9979557,1
8619966,0
4911788,1
4629744,0
10107738,0
7731530,0
7921807,0
10267706,0
5446393,1
9770008,1
10217880,1
3857894,0
531510,0
8403709,0
4058894,0
5331696,0
8721008,1
2408366,1
8200065,1
6983461,1
9083270,0
7792395,0
9250211,0
7463837,0
9260938,0
9366195,1
3523633,0
8552618,1
8150792,1
6415152,1
8633968,1
3264481,1
10040624,1
9963178,1
5551399,1
5956210,0
101208,1
8011779,0
8546532,0
6747111,0
7778203,0
2790513,0
5737532,1
319089,1
10063482,0
7831092,1
6041588,1
5524594,1
1146212,0
9097373,1
8857,1
4976415,0
10127264,0
5436091,1
9251791,0
9463309,1
7433970,0
7777717,1
8220105,1
9157518,0
7699798,0
7869029,0
8365785,0
8548163,0
7340692,1
9558750,0
1957013,0
2207969,0
6677590,1
10035443,0
1401664,1
3276949,1
7615064,1
8051906,1
3616157,1
4495810,0
3547625,0
7843910,0
9655896,0
1414326,0
9565657,1
4555005,1
7312292,0
3005542,0
7540732,0
7546754,0
6966467,1
3817457,0
7900949,0
7908813,1
10275471,0
7772995,0
8560841,0
6852075,1
5704307,0
8671012,1
9089612,0
4160674,1
5073928,1
389329,1
8552909,1
7953216,0
9420318,1
8778558,1
2062662,0
9936569,0
9397387,0
9914150,0
6010717,0
77959,1
4940966,0
8611756,0
9246650,0
2164751,1
8825070,0
3379807,1
3576434,1
1608388,0
5538536,1
9249415,1
9689409,1
1298139,1
754298,0
5291561,0
9335544,1
7063273,0
335578,0
7208118,1
6250231,0
3431370,0
8960066,1
9844168,0
9285762,0
9666017,0
9548257,0
7503911,0
4013761,1
5194750,0
3463911,1
9697676,0
525738,0
2692985,1
408702,1
10133169,0
7165196,0
10229730,0
8518292,0
3614350,1
100144,1
268178,0
1070920,0
7914992,1
8463337,0
5336485,1
3153689,1
10182606,0
10140718,0
8295047,1
3936629,0
9120080,1
9681934,0
4280235,0
819301,1
5039537,1
4415075,0
8813099,1
4576067,0
5103747,0
1942643,1
3737602,0
7276953,1
8208950,1
7299808,1
6441653,1
8587787,1
10231853,0
579025,0
6085971,0
5370965,0
7448785,1
9142890,1
10035288,0
10141912,1
9823691,1
7092218,1
8618767,0
7694050,1
3348007,0
6186324,1
5103452,1
5199618,1
9293593,0
9146986,1
9803679,0
1398602,0
4790261,0
8729275,0
7863261,1
9247163,0
9944049,1
9227253,0
3199060,0
6440034,1
1765743,1
10008321,0
4519320,1
8489025,1
7588525,0
8007300,0
8185676,0
237237,0
9678037,1
9072719,1
9253526,0
251294,0
9087285,0
456007,0
8570819,0
3405816,0
5744768,0
8051339,0
8380326,0
9350862,1
7422836,0
8918543,0
7008090,1
9223537,0
9554058,0
9908990,1
8060162,1
6856556,1
6426580,1
1630565,1
6121646,0
8844472,0
9405126,1
8569506,0
9821433,1
7335473,0
7292634,1
5403916,1
6501770,1
8587207,1
7297955,0
10202354,1
1821583,1
7263992,1
6684001,0
8754978,1
4167495,1
2233590,0
521424,1
2435143,1
10235691,1
7261007,1
3691929,0
8765752,1
10220019,0
9882310,0
9159210,1
9689918,1
9475113,0
9808931,1
4351045,0
7161763,0
7393553,0
9941231,1
9915673,1
6156516,0
6062742,0
9140136,0
6768648,0
7915239,1
6392834,1
865131,0
7068975,1
3854217,1
135709,0
7666163,1
8178111,0
8531074,0
9244011,0
857162,1
2387347,0
9995575,1
8872106,1
5820897,1
6996206,0
5733177,0
9259025,1
3430939,1
5127969,1
8779330,0
6282955,0
4447985,0
10123646,0
8050952,0
8335645,1
8117462,1
6277598,1
8888099,0
7104807,0
5950969,0
4413847,0
2419069,1
5794255,0
9697327,1
2008969,1
9889719,0
4892580,0
9996181,1
9775862,1
9994801,1
8108841,1
8381372,1
9316468,1
10186248,0
9856773,0
5279783,1
7961365,1
9836896,1
5817660,1
202994,1
6052795,1
10057220,0
8818671,0
3931405,1
8031140,0
9763127,0
9382439,1
6180429,0
9462131,1
304413,1
9771735,1
6463244,0
9212136,0
1517634,1
4446319,0
9270090,1
1415914,1
9853144,0
8172305,0
2688739,0
8477147,1
8038918,1
9499210,1
6246127,0
9476983,0
7060390,1
7734672,0
7637671,1
9844942,1
8199095,1
9030620,1
10070906,1
9649109,1
2061194,1
7274716,1
7640967,0
9260624,0
8793415,0
9373302,0
9237751,1
4394979,0
7505364,1
9724229,0
4979915,1
5751335,1
10090123,0
5340764,0
5788254,1
6548732,0
9423279,1
9480519,1
2531654,0
9591369,0
8566007,1
6224831,0
4513889,1
2799445,1
6293072,0
1620992,1
3629789,0
10107750,0
6155634,1
8838124,0
6136457,0
8812558,0
10269862,1
4262550,1
10209456,0
8138756,0
8449443,0
9694144,1
3570971,0
4815437,1
493679,1
2469000,1
9780936,1
3748642,0
6529907,1
9408210,1
9606080,1
9539912,1
3752091,0
10115121,1
9803827,1
5617815,1
9566397,0
1421489,1
8660790,0
10111990,1
7503159,0
5616306,0
8133899,0
9862328,1
7074123,0
6896345,0
7222933,1
7113470,0
7449051,1
1770845,1
9283075,0
9432892,0
5060282,0
6029200,1
10249367,1
6391188,1
8259748,1
9728747,1
8840643,0
2808820,0
9306907,0
9750700,1
6790058,1
126785,1
9771746,1
1675111,1
5816378,0
1111097,1
1184355,0
8700829,1
7513238,0
6649252,1
8055187,1
10035068,1
5871500,0
9617090,1
7928852,0
9760617,1
9803981,1
6992671,1
9020316,1
8381360,0
8480058,0
5884132,0
1039726,1
5473992,1
8655394,1
3735285,0
4066229,0
8010657,1
5980084,1
534085,0
6809143,1
3460251,1
9614571,0
1717508,1
4187098,0
8620578,1
8152826,0
10222024,1
9647509,1
9139752,0
6489259,1
435354,0
9203313,1
4416073,1
8895404,0
10075444,1
9898818,1
3016250,0
10214829,1
3726946,1
10253041,0
7064104,1
6249085,0
3391367,1
8790565,1
10249377,1
193642,1
7875532,0
7363036,0
5552685,0
6947733,0
7993913,1
7123500,0
1413431,0
8196596,0
7028934,1
8788684,0
9285117,1
9832545,1
9300689,0
8315500,0
6802939,0
5652320,1
7916719,1
8132043,0
7282365,0
9054554,0
7730525,0
8612473,1
9276756,1
7636132,1
3573029,0
7416678,1
7441135,1
7008179,1
8482367,0
9593861,1
6060459,0
9701866,1
5979426,0
7885175,0
2844670,0
4110082,0
6132796,0
6389466,1
8031794,0
2925299,1
6304867,0
2023119,1
10194602,0
6152334,1
5211163,1
7993266,0
9900089,1
6111245,0
9498488,1
5009236,1
10269256,1
8536316,1
7852761,0
5260282,1
8545705,1
9912618,1
5042630,0
5986730,0
9233016,1
8724883,0
6239662,0
8814853,1
7529966,0
9772862,1
8707711,0
7610867,0
2681472,1
7798629,1
10273924,1
3328492,1
7422062,0
7384596,1
5804625,1
9801316,0
4164759,1
126042,0
10071977,1
9368339,1
3191040,1
9110969,0
6904381,1
4763860,0
9351950,1
9845788,1
8810211,1
9832183,1
9838235,0
5612311,1
7446190,1
1303696,0
5543549,0
7027204,1
8733276,1
9441765,1
9715643,1
10016691,0
8642139,1
7455123,0
8014926,1
10237711,0
9027299,0
10135324,0
10216728,1
1434907,1
9327766,1
10118386,1
8954411,0
3247451,1
6616294,1
9792979,0
5524640,0
8815551,0
9679079,1
6630481,1
6832960,1
10132761,1
4249298,1
10226285,1
4470949,1
8981816,0
5334624,0
8672923,0
10101065,0
8618354,0
9948813,1
7857427,1
9666753,1
3975098,0
713247,0
9865589,1
5314536,1
7672703,1
3951443,1
6963798,1
9573920,0
5983290,0
5809977,1
1414984,0
8698210,0
9905428,1
10247772,0
3945370,0
8775427,0
10164140,0
32007,0
8661038,0
6818472,1
9729088,1
4603233,1
10109164,0
7280235,1
5062268,0
8198773,0
7463864,0
2926183,0
9903832,1
3355873,0
7959639,0
10219997,1
3443399,0
8182581,1
3547027,1
8748758,1
4712081,0
9731244,1
9801985,1
3315508,1
7492850,0
10072208,0
3819178,0
9870079,1
3855265,0
7347390,1
9054100,0
1769922,0
9796079,1
2782479,1
9821970,1
618718,0
113581,0
4079815,1
8244008,0
5823598,1
5978175,0
9206572,1
10207681,1
8559192,0
9767580,1
9034580,0
2239050,0
9846426,0
3612247,1
1288966,1
9556474,1
5287235,0
9767907,0
1362229,0
5102304,0
9059317,1
8305201,0
688114,0
9076249,1
2036296,1
10036236,1
3558353,1
8480202,0
2975312,1
2232590,1
10246004,0
6698849,0
6572225,1
9809116,1
9760151,0
6662290,1
7073820,1
4651508,1
4594094,1
9715262,1
6671310,1
9452222,1
6205663,1
10178056,1
10227156,1
1148898,0
5158304,1
8462463,1
9441802,1
6706750,1
7704099,1
2032140,1
8940151,1
6780591,0
7699472,1
9584089,1
7798656,1
9520171,0
9086675,1
361804,0
2240354,0
10022892,1
2439382,0
7082838,1
4794770,0
10123429,1
48343,0
6882423,0
6037934,1
8838685,1
9647882,0
8280458,1
8396159,0
10047640,0
7997388,1
5971567,1
8734111,1
8213342,0
7893733,1
499582,1
8619477,1
9791089,1
8485390,0
9563311,1
8622504,0
8195484,1
9338403,1
1367092,1
7773813,0
2510805,1
8504851,1
4093629,0
78215,1
9910725,1
9670283,1
10266096,1
5415582,1
7749143,1
9858508,0
9399996,0
9488283,0
4849659,0
7436942,0
7545624,0
6136975,0
5757657,1
8115668,0
4531662,0
9933943,1
5796035,1
3091417,0
9695871,1
10159380,0
8354155,1
9870356,0
4996289,1
8327238,1
7709696,0
5860724,0
2743103,1
7733175,0
5190364,1
4860390,1
9648567,1
301205,1
7757126,0
9262897,0
9456432,0
6761107,0
3799325,0
5095286,0
3430470,0
8659288,1
2835998,0
8990247,1
2743560,0
5680162,1
10037224,1
6872584,1
9305058,0
9755489,0
9869705,0
8805970,0
4201251,0
5698423,0
10201474,1
1783959,0
9572095,1
7310080,1
9857970,1
5774505,1
5905908,1
3271266,0
5717631,0
8381495,0
6854460,1
8309978,0
5236436,1
1590576,0
6920850,0
5715742,0
9867372,0
9249444,1
10005757,0
35965,1
10269007,0
1535013,1
7776053,1
7888710,1
3542260,1
7224881,1
7064127,0
8508038,1
4053902,1
10080976,1
8806857,0
9418828,0
7523270,0
1828663,0
5823511,1
9391101,1
7273899,1
9040569,0
8786157,0
6784827,0
4432704,1
3985610,1
8272095,0
5401091,1
5752760,1
8583129,0
4009470,0
5850875,0
3675582,0
10150341,0
10276890,0
9386113,1
7069861,0
6120989,0
9882514,0
71300,0
4267662,0
8341682,1
5075862,0
7508515,1
9976888,0
17053,1
9420238,0
8582842,1
9899806,0
8089048,1
1871959,0
1095456,0
155181,0
4818459,0
655832,1
3274851,1
7218105,1
1365031,0
3062115,1
7957277,0
9266125,1
10005039,1
6275626,1
9553306,1
4974648,1
9042320,1
8725310,1
3899846,1
5646706,0
9944820,1
6663561,0
6090407,1
3606132,0
5043024,1
1135457,0
8279610,0
9850355,1
7490211,0
9757284,1
4731501,1
5827475,0
9762485,1
8095527,0
5892189,0
4677199,1
4025550,1
8455967,0
332449,0
4597164,0
6321219,1
10247675,1
9920907,0
7487027,1
6836450,1
9754553,0
9060470,0
7225545,0
6914460,1
7709418,0
5986931,1
9887329,0
2136443,0
6966331,0
8705240,1
9794041,1
8996642,1
5433294,0
8055607,1
6631281,1
6158700,0
9370586,1
4725922,0
8895993,1
5183519,1
6342114,1
9385450,0
8655921,1
8357816,1
2731265,0
6680643,0
7287595,0
6418975,0
7892832,1
9283859,0
5686250,1
377720,1
4323256,1
4224092,1
8435032,0
8737465,1
6452581,0
3397762,1
9244776,0
4096723,1
2277202,0
9770147,0
8880821,1
7527248,1
5762727,0
978844,0
10178522,0
33029,1
7240344,0
9780555,0
8755674,0
7049737,1
10182392,1
2507397,0
5699956,0
8571276,0
1089447,0
10118533,0
8644158,0
9744048,1
9749001,0
9305404,0
7578735,0
6467209,1
6842522,1
2661624,0
8690978,0
8409922,0
7107833,1
6375330,1
8767203,0
9988758,1
8170148,1
3178774,1
9587929,1
10250412,1
7355422,0
7928559,0
5013211,0
10160407,0
8209648,1
9464288,1
7007958,0
8540279,1
8545561,0
6449692,0
8825140,0
4042812,0
8379730,1
9393744,1
7800945,1
9922625,0
10172321,0
8663358,1
9069963,0
9331349,1
4288972,0
8035914,1
9351369,0
4107322,1
1016453,1
10188312,0
9122807,1
10243433,1
212714,0
9616511,0
6765950,0
4774833,0
5344123,1
10082454,0
7412772,0
4801287,1
5127702,0
4433121,0
5288436,0
7042282,0
3610626,1
2865044,0
7247066,0
9457807,1
8140118,0
5712155,1
9667298,0
156290,0
10243410,1
8209820,0
9965689,1
9021487,0
9678305,0
6628712,0
8370576,1
7338444,1
8811091,1
9570193,1
6528241,0
6634811,1
1431287,1
8636907,0
8025459,1
3898123,1
9751984,0
8548510,1
2088807,1
3584110,1
7859739,1
8571936,1
10238444,1
9461604,1
9209541,0
8326294,0
9847830,0
7011340,1
4364700,1
7008024,0
9904062,1
3937716,1
3207205,0
4316504,1
7465641,1
6034703,1
9523167,0
8975399,0
9679990,0
7059568,0
9548802,0
10046230,0
10074236,0
8853958,1
6718824,0
10151610,0
1981435,1
4054582,0
8167958,1
10023068,0
8769592,1
7209457,1
6041337,1
9731413,0
9978817,1
3250547,0
8895362,0
9267812,1
7777382,0
4814096,0
2702900,1
9977185,1
6771076,1
4031112,1
3077104,1
9235940,1
584065,0
72017,0
8119731,1
10136505,1
7332779,1
4329109,0
10046022,1
8547327,1
8889024,1
5996508,1
3064010,1
3756067,1
6684264,1
9866358,1
8520032,1
8435522,0
5981083,1
3233753,1
8607680,0
9131012,1
503077,0
10274412,1
10126522,0
8651603,1
7690604,1
4315328,1
5787081,1
6520380,0
9431309,1
4002411,0
7548624,1
9396822,1
228341,0
6980219,0
8837655,1
8195736,0
1604788,0
860440,0
7255279,1
6181499,0
5999038,1
8034196,1
8082864,0
6131343,0
9050590,1
5727253,1
2655896,1
7579984,0
1413768,1
9769518,1
382103,1
10077835,0
4854375,0
5760896,0
22199,1
2196616,0
8406031,1
7566887,0
10090169,0
9157130,0
4359221,0
8584436,1
9117933,0
7629960,0
6380617,1
9748828,1
1999737,1
9736099,0
8588827,1
4740507,0
6852087,1
8048506,0
573622,0
9931339,0
10228768,1
3033127,0
3799798,0
6910782,0
7330247,0
7511593,0
6121178,0
4401435,0
2216102,0
8939000,0
8734121,1
1089518,1
4201136,1
8527473,1
9980606,0
352815,1
6074739,1
6827137,1
8476389,0
9147840,0
8370009,1
9383532,0
3627209,1
7618606,0
9799029,0
4616585,1
6651898,1
9600375,0
2694891,0
9322332,0
10109463,1
7975937,0
8896982,0
4516047,0
9160820,1
5884844,1
9560028,0
6443777,0
9986865,1
7832007,1
6112041,1
7495308,1
899331,0
3462248,1
8569719,1
8772596,0
8662085,1
6149345,0
7118121,0
10260829,0
1908328,0
879685,1
4627524,0
7233960,0
8671349,0
8787522,0
1070274,0
6276601,1
8184702,0
1509115,1
10021669,1
9927737,1
7101212,1
6615617,1
931933,1
5791236,0
9274004,0
9176589,0
9823070,0
8560982,1
9318104,1
9475161,1
9983820,1
1579654,1
3031966,1
7558789,0
7517597,0
6213543,1
7001816,1
6919761,0
8810437,1
2639035,0
10227523,0
10132223,0
10032045,1
6958187,0
9110760,0
8605915,0
10149145,0
8172237,0
8472083,1
6378223,1
7676082,0
8679014,0
10024632,1
9900794,0
273013,1
5483057,0
229072,1
2242044,1
8017845,1
7409254,1
7517234,0
6856521,1
6025947,0
10160648,1
5170275,0
6555115,1
2755558,0
9807191,1
5737800,0
8557755,1
2467875,0
9773185,1
5474442,1
8596479,0
9424845,1
2266330,0
5199446,0
10247968,1
9939989,1
9245503,1
7930139,0
6525001,0
7125778,1
2906814,0
7233247,1
8170332,0
561145,0
7531191,1
5670590,1
8940015,0
6694505,0
4432365,1
7282914,1
286723,1
10101523,1
7995953,0
9890342,1
9536436,0
6514619,1
2526792,0
5492077,0
8000384,0
9220069,1
9245946,0
6347631,0
5363837,0
9732118,0
7731463,0
3403857,0
6355029,0
9505912,0
7743774,1
9832870,0
8179874,0
6973810,0
8751190,1
10135635,0
8736192,1
3625805,0
9295387,0
8860745,1
8754512,0
8362642,0
2848548,1
9444909,1
6554116,0
10062039,1
6826287,0
5383321,0
7074469,0
4215967,0
9518199,1
5291131,0
3895005,0
6189546,0
3665295,1
535837,1
6639330,0
8121785,0
1480400,1
4860531,1
9991028,0
6797181,1
6669495,0
7772400,1
8871411,1
9692796,0
7881251,0
5576445,0
8300779,1
9312958,1
6087820,0
8716307,1
9087305,0
8356206,1
8040439,0
8854880,0
9293271,1
8291800,0
6802522,0
9318327,1
10005399,0
9417452,0
5380177,0
10222299,0
328830,1
6538879,0
6835873,1
10213397,0
8205464,1
169134,1
3499873,0
2507889,0
407086,1
1484250,1
9304038,1
7091491,0
5788536,1
3896213,1
8822147,0
9624862,1
9041420,1
9856488,1
5512038,1
9476395,0
10248991,1
7786643,0
10041435,1
3405480,1
7311549,1
9093462,0
8407346,0
8187400,0
8022698,1
3101130,0
5153420,1
7588375,1
9303845,1
9827222,0
3381426,0
3051393,1
5378322,0
6000042,1
9454937,0
3571217,0
10119916,1
5483413,0
10135179,1
2708365,0
10181714,1
8515162,0
10071880,1
6437136,1
319270,1
6257790,0
5348548,1
9922253,0
5728192,1
6907370,0
3276281,0
8651414,1
7746408,0
5074949,1
9657623,0
6135857,1
2501836,0
7488920,0
10049930,0
6001342,1
8165385,1
9197508,1
9329701,0
6682386,1
6237449,1
816775,1
8583493,1
8323467,0
9667134,1
8163754,0
7017715,1
1143600,1
10163727,0
10238649,0
3217276,0
580009,1
10251899,0
4878743,1
6793615,0
7726678,0
493410,0
5441845,0
8734052,0
7943772,0
10015070,0
9775882,1
10254952,1
8221639,1
626809,0
9306008,1
9736862,1
8108101,0
9329126,0
6858650,0
8638031,1
4013646,0
8898640,1
797550,0
8638077,1
8521404,1
7131945,0
2420485,0
444253,1
1673785,0
8842070,0
1573678,1
5446323,1
6427674,1
10242952,0
7091321,1
2453412,0
9991800,1
7405798,0
6266474,1
5992986,1
2714777,0
7210698,0
8188289,1
2507694,0
3945400,1
8110232,1
7851060,1
5736665,0
7323696,1
8404402,1
9104727,0
7934623,0
9824842,1
2258519,1
9451147,0
5760581,1
6007672,1
9099204,1
9469405,1
3368261,0
9490616,1
8045119,0
6070847,1
9460308,1
5805789,1
9256524,1
276886,1
10207520,1
6198137,1
3034645,0
3105712,1
7986205,0
6477401,0
4539703,0
7048460,1
8033065,0
3935528,0
10141237,0
910013,1
5403352,1
3405478,1
8067670,0
9690628,1
9335121,1
9708789,0
6170647,0
9223092,1
10221414,0
7215482,1
6925113,1
8665013,0
2915742,0
8436537,0
8607162,0
10216860,0
4806655,0
6236401,1
9042928,0
9033076,1
2708372,0
5211164,0
8785277,0
6580266,0
9321022,0
4614283,0
9848985,1
9621284,1
9795625,1
9668080,0
2899868,1
7787066,1
4919859,0
7333165,1
6126356,1
4462308,0
2576497,1
9340656,0
9875748,0
6240580,0
4761304,0
3539276,0
10152772,1
9845047,1
10046078,1
3658960,1
9153681,1
8634882,1
10024170,0
8651828,0
3619243,0
7622902,1
5398786,0
9950436,1
2047934,1
8705365,1
9188967,1
9745125,0
6551060,1
8351696,0
9397988,0
9816415,0
7571757,0
1464750,0
3567639,1
9528470,0
80924,0
7087753,1
4447309,1
9743603,1
8190933,0
2286681,1
7808873,1
7306760,0
9155617,1
1547632,1
9903755,1
5871101,1
7540515,0
5457594,0
3782857,0
6153579,1
1362759,1
5078852,0
9843222,1
7869515,1
7059992,1
8179516,0
7850865,0
9150413,1
6544082,1
8983327,0
6623215,1
4345687,0
9846250,1
7037077,1
4228846,1
9062536,0
5097632,1
6668638,0
10215299,1
6592572,0
2945121,1
5440807,1
9515271,1
9629187,1
9306516,0
7899145,1
4379110,1
8841580,0
345490,1
1713908,1
7021667,1
7475362,1
8401532,0
5964963,1
6000194,0
4993779,0
10130069,0
9676841,1
7270199,0
3503455,0
9886320,1
7984945,1
6087320,0
2522038,0
2315294,1
1640870,0
5494599,0
7671348,1
3383774,0
6393319,0
595924,1
9398363,0
9527604,1
9750972,0
10003652,0
9833395,1
8221497,1
1956974,0
5911533,1
1239706,0
1894742,0
5780087,1
9094237,0
5014407,1
8015654,1
8006102,1
3931787,1
8173895,0
8799663,1
1586924,0
3794915,0
9277194,1
9329607,0
8079099,1
4777508,1
8037814,0
6828007,1
3292012,0
8068545,0
10190533,1
4223536,1
9213308,0
9584588,1
9569881,1
5386368,1
10141412,0
3734843,1
8319790,0
9863514,0
2387445,0
1160783,1
5846235,0
5610405,0
4877352,0
2626201,0
7076156,0
9981659,0
9414161,1
4612038,0
8021048,0
6837138,0
5074224,0
10169096,0
8917427,1
9716314,0
6996161,0
4736140,0
9986457,0
5316046,1
5895446,1
10276770,1
9576247,1
10018603,1
3008786,1
4993341,0
5259719,0
2547872,0
7852479,0
9892340,0
3969738,0
10169892,1
9927225,1
9949106,0
6652446,1
9946096,0
2063717,1
7264399,0
7246356,1
5821124,1
9512996,0
3800388,1
8699211,0
3068595,1
10241016,0
7503888,0
3331346,1
5171882,0
9569992,0
137119,1
8357466,1
269996,0
5482486,0
8493389,1
8810332,0
10206325,1
3843095,1
8645703,0
9913069,0
1183864,1
7565380,0
10233435,0
5297137,0
5802741,1
7542891,0
8918824,0
8900203,1
7270554,0
7331721,1
8692894,0
8489609,0
3630902,0
3342860,0
7443650,0
9381066,1
3389400,0
5737012,0
119638,1
9902094,0
6612374,1
5350982,0
7459130,0
8735449,0
771612,0
8659872,1
6393696,0
3712003,0
5478765,1
7302229,1
9878179,0
4161858,0
4071181,0
9071280,0
8190384,0
9288189,0
8023842,1
10057415,0
9888892,0
6284310,1
6555559,0
5434910,1
5757229,0
2327163,0
9054070,0
8382908,0
9819532,1
9815040,1
9209297,1
10170479,1
9986134,0
10208379,1
1747009,0
6188552,0
9411358,0
9830544,1
9443674,0
5387553,1
9828650,0
3671230,0
4413396,0
5809421,0
9203805,1
9705300,0
7006317,1
8561975,1
9125571,0
5865250,0
3977451,0
9370264,0
8913189,1
6063870,1
8878237,1
9170491,1
8320193,0
8521701,0
9238674,1
3012937,1
4830292,0
7211541,0
5380666,0
7785809,0
10071012,0
9879013,1
9952768,1
7894938,1
10273864,1
5354062,1
9941118,1
9929925,0
9760002,0
8742700,1
820206,1
4807591,1
8719679,1
8336322,1
9849658,1
10135407,1
587411,1
9969795,1
1571196,0
7398198,1
9017303,1
5554865,0
4846603,0
25465,1
8764413,1
1498219,0
10166831,1
3307417,1
10147719,1
8551932,0
7803341,1
8702472,0
7292234,1
3199415,0
6723130,0
7764479,0
7323365,0
5471489,1
10271464,1
1461619,0
2492554,1
6348475,0
9828557,1
7448484,1
6128900,0
6134097,1
9400719,0
10265035,1
3901274,1
6826729,0
7716879,1
9154864,0
8897321,0
8273253,1
4977116,1
9739675,1
4845415,0
9140942,0
7255671,0
6157241,0
9709466,0
5812482,1
279387,0
7616240,1
10103563,0
10035895,1
5482552,1
8523833,0
9240220,0
9355705,1
9254424,1
7533879,0
6816697,1
7492734,0
7539730,0
7649269,1
5566966,1
4111721,1
9634609,1
3876599,0
6757892,1
9604023,1
60239,1
10004639,1
785941,0
2380389,1
253556,0
9810802,0
5523071,0
1078348,1
1644330,0
7203252,0
4883561,0
9508891,1
3260936,0
5971539,1
8851403,1
7041870,0
3395972,0
4028446,1
6340674,1
8216517,0
8656400,0
8354094,1
1923466,1
7767601,1
8195164,1
5968672,1
510200,0
179431,1
4423437,1
9469857,0
8573452,1
905855,1
9312871,0
9544324,1
7395676,1
8750520,1
4062119,0
9950195,0
1649077,0
9367828,1
7866909,1
5094622,0
7432483,0
2860760,0
6501360,1
7063697,0
1124476,0
9754410,1
7431001,1
8965828,0
8792529,1
6904884,1
6288980,0
500792,0
9757434,0
8698461,1
4779940,0
6856501,1
9078565,1
2172666,0
10169956,1
5421405,0
9740924,1
5518513,0
3697853,0
9131328,0
8712305,0
5449603,1
2977693,1
8617351,1
4399822,0
3996171,1
10025542,1
8356692,0
2839010,0
9668557,1
159670,1
6660217,1
9761923,1
9005696,0
10270138,1
4365153,1
9105591,0
1696237,1
9459130,1
7522370,0
10034568,1
9279792,1
1526365,0
8976683,0
7488568,1
8932760,0
9904976,0
5717851,0
9092082,1
5282168,0
9822384,0
9955658,1
3648527,0
10103689,0
9115297,1
9467670,1
110039,1
8549701,0
9861041,1
7821083,1
6702277,0
3604409,0
3410708,1
6771957,0
9576269,1
5882876,1
9981891,0
9475132,0
6307087,0
4607874,0
4826551,1
9614935,1
8815114,0
9175009,0
7522639,1
9109773,1
505023,0
6008471,0
8307295,1
9499613,1
8675642,0
2791443,0
8395383,1
8791391,0
9294546,0
9970190,0
10243277,1
5862917,0
9977431,0
10264652,1
65486,0
5549246,0
414677,1
6574628,0
9403112,1
8424753,0
8055171,1
1595377,0
5280531,1
7349812,0
9755360,1
6289110,1
6566611,1
5708918,0
793147,1
3608984,1
4046316,1
9631609,1
3764100,1
2116443,1
7015376,1
8789964,0
6618719,1
7014509,0
9836439,1
9183461,1
110044,0
3576444,0
9398920,0
4596404,0
9404896,1
1429840,0
6783112,0
9829871,0
7067245,1
4927633,1
1075755,1
9949706,1
6431761,0
3428715,0
6295809,0
7285831,0
3770045,1
7005041,0
3958295,0
5881899,1
7048699,1
9022660,0
9250361,0
9882704,1
7204145,0
79471,1
7072493,1
738218,0
8925796,1
6031553,0
7171844,1
9404457,1
7104728,0
9674225,0
9150439,1
9730386,0
7601782,1
6151089,1
7358974,1
9789392,1
8157843,1
9179868,1
10254870,1
569466,0
10175662,1
4567008,0
4413217,1
1703346,0
9034443,1
6180350,0
2633178,1
9817795,0
9661294,0
10266588,1
7177661,0
2145543,1
8910112,0
7526635,0
3506879,1
4408048,0
2824432,1
4481480,1
8637462,0
5231490,0
9820775,1
4131332,0
6407176,0
6150463,0
9295165,0
9593066,0
9678175,0
8710706,1
7328634,0
9539915,0
87898,0
9138862,0
10109196,0
4271769,1
3264202,1
9947097,0
8372872,1
7470568,0
9668585,1
10202497,1
8770716,1
8198461,0
4384303,1
5787249,1
6578256,0
9683394,1
10182588,0
28133,1
9321351,1
6346088,0
2744798,1
9566796,0
9481280,1
9733163,0
10041439,1
9736813,1
8058117,1
7491318,1
4215867,1
8410640,0
9448874,0
7281167,0
4485971,0
4790711,1
6171939,0
6326863,0
9887929,1
6782770,0
10180459,1
9898505,0
784622,0
6889787,0
7328010,0
8606312,0
9588626,1
8355243,0
7331244,0
5445999,1
2892704,1
4530460,1
9853602,1
10060532,1
8517354,0
1786002,1
9617873,0
8529730,0
7459503,1
5889492,0
6174849,0
7708124,0
10013879,1
9803020,0
10240292,0
8082139,0
6789967,0
4237313,0
10073417,1
4792486,0
10145996,0
6538197,1
9327127,0
9609231,1
10275446,0
6400503,0
6505570,1
5115660,0
7756911,1
10167226,0
6809593,1
1871374,0
9488175,0
9902347,1
6821787,1
4444883,0
6351287,1
5284709,1
6403499,0
6643293,0
4619732,0
9839804,1
6153148,0
6693957,0
5967793,0
9136856,0
5256556,1
1410555,0
10271449,0
10277848,1
5775864,0
8206574,1
527397,0
5362130,1
2982931,1
10244163,0
182102,1
10230459,0
6996652,1
8651459,0
8683049,0
8046178,0
7082686,0
7565676,1
10001575,0
9167486,1
4525014,1
6526927,1
8947899,1
8821335,1
8310275,0
7576982,1
5494241,1
4187322,0
5471624,1
8570019,1
2036005,0
8580534,1
2558888,1
7554015,1
10063121,0
1034750,0
8357402,0
1155329,1
5936657,0
2290268,0
8457109,0
7525440,0
10064079,1
5351492,0
2385706,0
4928231,0
7916473,1
10067893,0
7307052,1
7729722,1
5209547,0
3197011,0
834319,0
9888587,1
1384574,1
8680110,1
3670079,0
9689945,1
3489768,0
4695391,1
8936122,1
163702,1
9602395,1
5900523,1
8385679,0
6197146,1
1512035,1
9882961,0
7982303,0
8873221,0
7546669,0
8112915,1
7469472,0
366662,1
9788499,1
9964186,1
6273324,1
8236604,0
7472203,0
1981576,1
623186,0
8755833,0
9653657,0
6191327,1
3107987,1
3980526,0
6111579,1
7834429,1
7563238,1
8514396,0
9801137,1
9245467,0
7887,1
9791142,1
620833,0
994699,1
6449708,1
7722078,0
255986,1
2284605,0
10251811,0
9428938,1
4235284,0
7858773,0
3028356,1
7728025,1
9922451,0
8024188,1
9408611,0
2398332,0
2195781,0
2709015,1
816534,1
5827386,0
9221678,0
9142379,1
959400,1
3894747,0
8102489,0
6689854,1
5423815,1
7974358,0
6797297,0
8911407,0
7856313,0
8780763,1
3557116,1
2030615,1
6411527,0
3936060,0
7266365,1
6265214,0
8871827,1
7905028,1
9474268,1
7357873,1
9586176,1
9570836,0
6301536,0
5915917,0
9494918,1
8189835,0
7553486,1
1975644,0
4234289,1
8852176,1
4602296,0
6264752,0
6196202,0
8427633,0
8342199,1
9318177,0
987173,0
9502207,1
7191448,1
7546312,1
10117278,1
9322045,0
9774457,1
4260424,0
8772903,0
5213038,1
10183572,1
9786427,0
4874705,1
5450487,1
6572847,0
5277723,0
9162273,1
10265178,1
10072867,0
7497120,0
6200364,0
288767,0
9536763,0
9848403,1
5320342,1
5811209,0
7529837,0
8555795,0
3424612,1
5415550,1
6563571,1
3623425,1
8917338,1
9133843,0
9254686,1
7533414,1
279646,0
3952108,1
1309604,0
9501928,0
9102565,1
7170866,0
10155808,1
9364460,0
9138090,0
9896174,0
8567891,0
3517549,1
5401054,1
9767890,1
8873797,1
3990135,1
9917045,0
5996134,1
4944863,1
3872391,1
6185851,0
8901672,1
6718728,1
8789042,1
10262554,0
8979203,0
8364515,0
8514326,0
8966782,0
9798804,1
8056990,1
8200201,1
9270938,1
8817246,1
856766,0
5493991,1
3805847,1
10246419,0
3920893,0
5902322,1
8052020,0
6197344,1
5705621,0
7467683,1
5769375,1
4588402,1
7907330,0
6287454,0
525711,0
8938519,1
6860468,1
8878626,0
4427904,0
7902247,0
9791207,1
9577817,0
9916924,1
8678401,1
8804974,0
6720723,0
9295052,0
709486,0
9293436,0
1072087,0
7903794,0
6122953,0
7620114,1
4940386,1
875323,1
7981980,0
4521123,1
7678982,0
8114613,1
8038372,0
8377465,0
9183690,1
7387103,0
8007108,1
4888115,1
8560800,0
9272768,1
3555967,1
5774872,1
1953301,0
8046587,0
8526224,1
8669438,1
2454637,0
9990715,0
791511,0
9208543,1
9104263,1
1773276,1
9967844,0
5406942,0
3092576,0
9152062,0
9895454,1
9239819,1
119475,0
5444962,1
7525571,1
8725411,1
27890,0
7294381,0
5639849,1
5420758,1
9968192,1
9747098,0
9582852,0
8057278,0
2083980,1
9919438,0
4800629,0
7471700,0
5422634,0
7799510,0
7792611,1
9652642,0
4496064,0
10141551,1
8345161,1
4814831,1
3695636,0
5057093,0
7220005,1
9811950,1
9987411,0
3370422,1
9418417,0
7277566,0
8053751,0
6178976,0
6373086,0
9375126,1
6077668,1
5952331,0
3536966,1
9336738,0
6825823,1
2377367,1
8712853,0
6088251,1
8507551,0
3897156,0
5113507,0
7928609,0
10028123,0
5821128,0
6142120,0
5056747,1
7331240,0
5850405,0
1290759,0
8113259,1
270277,1
1647164,0
9519325,0
4875543,1
7962221,0
7417104,0
9130237,1
9229366,0
5717483,1
5916148,1
5386019,1
8295660,1
9840304,0
3201492,1
8556856,0
10169839,1
6961773,1
9855756,1
9895982,0
1930432,1
7320026,0
8482411,0
56191,0
648119,0
7779964,1
9701076,0
5877429,0
4106598,0
8478975,0
7775701,1
5946754,0
392286,0
8385203,1
10102410,1
10077468,0
8733503,0
10061505,0
1099520,0
7919177,1
8558985,1
8148163,1
9613262,1
6867787,1
6862464,0
7449459,0
4785172,1
7385649,0
8804420,0
7729788,0
260394,0
9894634,0
7862268,0
7014143,0
135610,1
287155,0
8877935,1
5306278,0
4515838,1
8132369,0
3023066,1
10257055,0
8809498,1
3767962,0
3023681,0
6257540,1
2405389,0
9285716,1
9855934,1
8774838,0
245233,0
9957075,1
9314732,0
5530071,0
10065537,1
7267656,1
3426171,1
3322345,0
1266079,1
6168176,0
907647,1
1158537,1
6961559,0
10134209,0
10065455,1
5886291,1
9462639,1
8336332,0
9892313,1
6936418,0
8568829,1
6310680,1
39525,0
7240481,1
2271361,1
8316806,1
7557483,1
8244983,0
7079194,0
8208321,0
8490244,0
5074657,0
5968993,0
9168441,0
8845885,1
9945794,0
8109419,0
9803108,1
7551044,0
4510637,0
6072096,0
3808107,0
3216473,0
7840695,1
8998630,1
554593,1
5372740,1
10152666,1
9258145,0
9947033,0
6724765,0
9462141,0
8369067,0
4785287,0
8978257,1
3101542,1
7541574,1
9711782,1
8522475,1
5459858,1
9855337,1
6639955,1
9519270,1
8370018,1
1860831,0
8193689,0
1516654,1
8110945,0
7741880,0
9238246,1
9549109,0
5233290,0
9645306,0
983695,0
5332485,1
8171080,1
9133387,0
6795540,0
8696274,1
9090494,1
8104061,1
266549,1
6075773,1
6708228,0
8887559,1
9448055,1
982273,1
8728373,1
4668312,0
4047474,1
8566142,1
7069876,1
6031988,1
6732411,1
3415146,0
10261174,0
1232910,1
9186706,0
2108447,0
7221990,1
1906363,0
3895711,1
7800762,0
3195351,0
9701552,1
8851361,1
3331677,1
8632326,0
7412396,1
8849857,1
10250406,1
6650597,1
816244,0
8888469,0
9854359,1
9795448,0
3819751,0
9684368,1
9729227,0
5169999,0
2202429,0
9252161,1
4518747,1
5348337,0
8510631,0
7903625,1
8915797,0
10086080,0
9194489,1
9680868,1
9403037,1
10237835,0
7455739,0
3653447,0
735755,0
7322321,0
7788658,1
8877333,1
10102272,1
9047694,0
9814610,0
8789040,0
7303978,0
5306244,0
9332701,1
7944124,1
8016153,0
9820011,1
9295215,1
10001101,0
6337764,1
8685313,0
7720215,0
7779977,1
309644,0
4647065,0
9566754,0
7902881,0
8022870,0
3199777,1
4703462,1
9305801,1
8847070,1
4111592,0
74680,0
5383841,0
3445723,1
8041767,0
9272960,1
968880,0
243574,1
9677551,1
10161440,0
8752702,1
6483486,0
10257287,1
1400933,1
9841027,0
6876846,1
1031694,0
8207662,1
10017281,0
7475510,1
1879075,0
5899378,1
9884925,0
7039995,1
8006660,0
7902255,1
7549762,1
9448482,0
1271449,1
8156797,1
8900165,0
10185249,0
3595381,1
6363019,0
5513143,1
8976311,1
8836091,0
8417305,1
2988304,0
8627787,1
3447245,1
1906012,1
8032176,0
5897276,1
4352839,1
6755425,1
1432179,0
7922251,1
9457768,0
9240655,1
2054002,1
9603865,1
3154037,1
4287970,0
1773119,0
3106052,0
6932724,1
5774440,1
10205018,0
6469907,0
9931461,1
9443565,0
1364744,0
2423496,1
5702242,1
8779514,1
8557366,1
9420506,0
9864159,1
5948400,1
7270966,0
9314659,1
9562573,1
2071960,1
9939711,1
4151123,1
8239084,0
7981825,1
9443815,1
6947953,0
6897903,0
7065721,1
1444068,0
10074929,0
9238000,1
1592773,1
8777355,1
1268028,1
6823427,0
6302883,0
5562598,1
288847,1
7552187,1
7049125,0
5706702,0
9907377,1
4494404,1
2601309,0
8683382,1
9785310,0
9948966,0
10277503,0
9912727,1
5465828,0
9326018,0
9459763,1
8719593,0
9999892,0
5584678,0
5072791,0
6006231,1
105109,1
7320347,0
6383033,1
4525331,1
7097079,0
5833070,1
743078,0
4906238,1
7433764,0
4869529,0
8316588,0
3819544,1
8626883,0
7280677,0
6968971,0
5132987,1
1899876,1
9890572,1
8545556,1
10153138,1
10186244,1
7184442,1
1467322,1
10076940,1
8873621,0
8523195,0
7396173,1
4957855,1
8255568,0
10243037,0
5626187,0
9642965,0
5218147,1
7786154,1
738362,0
9953946,0
6689411,0
9459433,1
8811332,0
8386384,1
5693339,0
9874776,1
7218911,1
9815487,1
5666081,1
5852496,0
10018497,0
9250950,0
4917074,0
9418293,0
7787509,0
5195481,1
9549125,0
9851771,0
824927,1
7132002,1
3434321,0
10076482,1
9289267,0
5187453,0
7170664,0
3890193,1
9482036,0
5449680,1
3988005,0
8290680,1
1551958,1
10156784,1
10173748,0
1967709,0
8620141,0
9785015,1
9293292,1
10262109,0
6341592,1
8559387,0
9855587,0
9463246,0
943140,0
7334097,0
8833272,1
9855786,1
577638,0
2390241,1
9839638,0
8083282,0
3325795,1
7451726,1
6347635,1
8770675,0
9682769,1
9366409,0
7923176,0
8576336,1
9478178,0
3421412,1
5322516,1
6289647,0
10199490,1
8336164,1
9534247,1
279594,0
9846258,1
9218017,1
8657422,1
10007834,1
7542606,0
5688340,0
9985066,0
9575996,1
1896534,1
1620757,1
8954979,1
9305918,0
8269775,1
9779743,0
252850,0
8558886,0
7693132,0
9686581,1
9661388,1
9854574,1
8003741,1
5503848,1
633468,1
655146,1
6057652,0
1210262,0
3038945,0
3965199,1
3225185,1
4901478,0
3390620,1
2181744,0
9542352,0
8606212,0
7251987,1
3832978,1
5276233,1
7551499,0
9905062,0
4378296,0
9913226,1
10241420,1
8339160,0
7858697,1
8604982,1
7836437,1
6341493,1
7996146,0
9996837,1
10100435,1
4742774,1
6837679,0
7501865,1
6029444,1
8814947,1
10265145,1
880490,0
7240134,1
8496217,1
8790555,0
1410724,0
6402049,1
9389285,1
1236128,0
9018110,0
4821037,1
10273167,0
8817435,1
10062421,1
9472215,1
475886,1
4935470,1
1105872,0
7348773,0
9179128,1
7460373,0
9661657,1
7653187,0
2938,0
8565604,0
7341980,1
5918545,0
4511600,0
9587863,0
8021845,0
8713615,0
7980413,0
3425419,0
10089587,1
5336429,1
9570205,1
9999351,1
8903657,1
10239642,0
4709922,0
8818623,0
4524141,0
9909961,1
3133272,1
5841695,0
5730396,1
2463229,0
10075281,0
9259327,1
8682426,1
8602644,1
6898533,0
2318731,1
3741531,0
10227817,0
7769144,0
7251058,1
6839134,1
7445714,1
198528,0
8386182,1
1913695,1
9244270,1
3000762,0
8152555,0
8369923,1
5011029,1
9805172,1
10255928,0
10258418,0
7517009,0
8650989,0
9953326,1
8323977,1
756259,0
9765735,0
4498198,1
9469407,1
154104,0
3275342,0
5473646,0
9734213,1
9931676,1
8187500,1
5917937,0
5215445,0
7466524,0
682516,1
5625404,1
7681502,0
8184096,0
6275805,1
1237586,0
9662337,0
8192878,1
1948816,0
6035678,1
10149214,1
3363907,0
2305356,0
6284081,0
6560397,0
5484289,1
8578688,0
6313722,0
8230642,1
8327637,1
3556003,0
9236043,0
9321613,0
1824803,0
5027857,1
3222831,0
9031758,0
2203482,0
7199788,0
7874880,1
383120,0
175167,0
8165426,0
9304429,0
7227282,0
2746079,1
10045950,1
9015914,0
6648420,1
9017605,0
750781,1
8195312,0
6844151,0
7841955,1
7035728,0
8409029,1
9685349,1
7180159,1
5141344,1
8484201,1
10210105,1
744893,1
3645257,0
2478270,0
8023227,1
6799073,1
8818662,1
9586512,0
8959312,1
9503136,0
5889013,0
8909583,0
6630510,1
5751090,1
9660849,1
8961724,1
5678773,0
3015271,1
5553382,1
10043004,0
5354997,0
5494699,0
2337670,0
8757075,1
7728401,0
6236919,1
7817536,0
6601444,0
8680142,0
2536318,0
9915353,0
8912715,1
2575356,0
6757599,1
867422,1
8706423,0
8928937,0
8113008,0
7276355,0
39909,0
7947267,1
8198723,0
3430201,1
9565865,1
9346617,0
9171101,0
6178399,0
1619034,1
5401624,0
5446981,0
8772531,0
7783151,0
3783363,0
10129248,0
9330867,0
8680919,0
276227,0
8158988,1
10178237,1
7736098,0
5232679,0
2282764,0
3185291,0
8479443,0
8936725,1
8474561,0
9440529,0
6744176,0
4432204,0
8392825,1
456976,1
7118809,1
8810377,1
9773137,1
696926,1
6914919,1
5408497,1
9681153,1
8064311,1
4544145,0
6594487,0
7432003,0
8644887,1
2464320,1
135755,1
10196204,0
8585844,0
7832954,0
2661953,0
9216504,0
4798205,0
9599797,0
1106970,0
6717621,0
2146523,1
9800350,1
10089142,0
9631925,1
8609094,0
8530862,0
4541297,1
9779565,1
8850772,0
9299756,1
826108,0
4576276,0
5682862,1
10124741,0
8932839,0
8476870,1
7138971,1
2030699,0
10169325,0
3491190,0
4445486,0
8638158,0
8330295,0
8178686,0
8077582,0
5092478,0
2128776,0
7953496,0
10238688,0
7315006,0
3411044,1
9340756,0
10013621,0
9960117,0
9979249,1
8624323,0
9460710,1
4499972,0
10003809,0
9816539,0
6465092,1
10225990,0
9401884,1
1245566,0
7521792,0
8173237,1
1432002,0
5895180,0
1569658,1
9092858,1
8776466,0
9863540,1
7965909,1
1114978,0
3489738,1
5408672,1
9503435,0
7760190,1
8964975,1
398097,1
8644519,1
7135999,0
5282027,0
6350912,1
7495789,0
7515011,0
7517051,0
5169175,0
3691817,0
9867349,1
2036566,0
8769988,0
5443114,1
8969865,0
7295000,0
7685307,1
2178442,0
6102098,0
9952521,1
7083642,0
9663509,1
8117388,1
9758431,0
6151795,1
6363013,0
8035634,0
9975398,0
1130863,0
9825860,0
8622201,0
9286001,1
9689733,0
10251007,1
8872129,1
4220151,0
6845433,0
9133218,1
5852699,1
8407723,1
8416114,0
9990752,1
8404725,1
9022197,0
1332348,1
10086407,0
8164463,0
2922490,0
9844293,0
8903224,0
10034593,1
1369595,1
9629004,0
6647312,1
9897054,1
8121988,0
8889888,0
101040,0
7708500,0
6811076,0
8215825,0
6143177,0
7091135,1
9753573,0
8688576,0
8594900,1
6103134,0
8482365,0
9145737,1
4448503,0
9331319,0
8818932,0
8778763,0
3544662,0
9402859,1
5890649,0
878298,1
6102086,1
3206579,1
9813577,1
7884585,1
3569646,1
7626696,0
6690547,1
9139551,1
9801336,1
9264468,0
3945622,1
9166464,1
4753032,0
9140072,0
8842420,1
5749178,0
9407703,0
5714103,0
3338618,1
6468066,0
4698676,1
8581407,1
7522589,0
9985819,0
3763217,0
7036501,0
9956052,0
4685699,1
10098332,1
9913933,1
10261600,1
9675099,1
6357026,1
9837329,1
7939638,1
9845736,0
8843050,1
9108704,1
7126069,1
9212462,1
5872419,1
9811492,0
7960732,1
2741245,1
5293766,0
8648371,0
7078684,1
4111181,1
10024882,1
10067529,1
5838419,0
4617222,0
9370854,1
9884432,1
6299275,0
8889023,1
9946521,1
1232981,1
9402367,0
5250432,0
7436264,1
9439574,1
8681212,0
10122495,0
8455907,1
3090324,0
4278898,0
5736530,0
7726562,1
5323193,0
8020274,0
9996832,1
6732253,1
9419218,0
7611627,1
8766814,1
8352325,0
7834724,1
8483859,0
1271544,0
9514691,1
9914867,1
6074825,1
7673082,0
5753543,1
7468013,0
9964518,1
4936123,0
5334514,0
8895264,0
9568563,1
7186276,0
2348526,1
5228742,1
7740086,1
4941540,1
9459446,1
3897885,0
9973820,0
7177157,1
6678778,0
1181819,0
5915047,1
6360757,0
9998165,1
8753647,1
10154073,0
2847108,0
7121328,0
10030865,0
4572541,0
8637227,1
429336,0
3238061,0
3222117,1
319227,0
9837543,0
8164517,1
6156144,1
3663289,0
8097901,1
329387,0
8620641,1
9811006,1
8751084,1
6631792,1
7288926,1
7908119,1
5820237,0
8790044,0
5001641,1
9281468,1
3225046,1
9678775,1
2237307,1
1561071,0
572926,1
9181621,0
8136238,1
9458103,0
6812123,0
9415004,0
3448666,0
9448389,1
9267597,1
7971731,1
10270311,0
8716825,1
9363093,0
10273696,1
79531,0
9888246,1
9226481,1
5102885,0
9798834,0
10137870,0
9706974,1
5583250,0
9556126,0
4212189,0
9940966,0
1386179,1
7005314,0
7740614,1
9808506,1
7574464,0
8612981,1
5487607,1
8937514,1
8169650,1
9469508,1
7748076,1
3446915,0
4763644,0
1526716,0
8778112,0
6771285,1
5701374,1
8038061,0
8034266,1
7845353,1
9841819,1
6296675,0
8444945,1
9225520,1
9963789,1
1443724,1
1053886,0
4432342,0
6405648,0
3204645,1
9521155,0
13015,0
5851770,0
8675963,0
5023147,1
3145383,1
5244226,0
2735319,0
2001226,0
9479965,0
10050748,0
10000286,1
9689956,0
9755344,1
4282770,0
10239350,1
9235948,0
10129757,0
4737001,0
2163974,1
3538679,1
5913193,1
768970,1
8871848,1
9168336,0
9949292,1
9057560,1
5477234,0
8860397,0
8196921,1
9870656,0
2595481,1
6919836,1
8498249,0
6036387,0
7934317,0
9246594,1
6558877,0
9989020,1
514058,0
6839620,0
799536,0
8635918,1
9480649,0
2494981,1
10218936,0
2383171,0
9053876,0
8926109,1
9012398,0
6821008,0
4913783,1
9010379,1
6602055,0
7553240,0
5464634,1
9247319,1
6908937,0
9940078,0
5572066,1
7305603,0
6051243,0
7686191,0
3904171,0
9841588,0
5653189,1
3379406,0
8759521,0
8653366,0
8049712,0
1328881,1
9420325,1
636782,1
8598908,0
9064741,1
521434,1
4300397,0
6162162,0
6642564,0
9481377,0
4358112,0
10093181,0
8872669,0
7301863,1
8318437,1
6566192,1
6549353,0
4407918,1
8619302,1
128058,0
8002135,0
9249995,1
10102166,1
2910524,1
4663454,1
9973665,1
8526508,1
8841481,0
418255,1
8385940,0
7269942,1
6298897,1
9657351,0
8798010,0
1353942,0
9883658,0
7131273,0
2228441,1
10019607,1
10070394,1
477904,1
38285,0
7266425,0
7685514,0
3441209,1
6442978,0
7394041,0
9793248,0
2370842,1
9424323,0
6173347,1
10063693,0
5240006,0
4303163,0
8209314,1
7759846,0
8171543,0
8553161,1
979767,0
8716356,0
9853447,0
1340074,0
75488,1
3493805,0
9402014,0
7516186,0
101142,0
6550903,0
287639,1
9821301,0
9954942,0
7519951,0
9548699,0
1670591,1
9687961,1
2044907,0
6015848,1
10133917,0
5523216,0
5974533,1
5997902,0
2841972,0
5415547,1
5909960,1
6844735,0
9863714,0
6834305,1
9636866,0
9589327,0
8638192,0
4201098,1
8769144,0
9435516,0
3631849,1
9779113,1
8132622,0
3297706,0
772189,0
9913834,0
8634912,1
6027446,1
9947386,0
5506690,1
9020891,1
10266659,0
5551985,1
7910455,0
4643853,0
9904539,0
9435981,1
9203345,1
9967763,0
7219794,1
3405488,1
4482264,1
5924040,1
5767948,1
8695941,1
9079522,1
7550334,1
2420495,0
8941613,1
1535851,0
7051375,1
3363331,0
8514358,0
8049792,0
10273623,0
8719465,1
6695904,0
1369641,0
131593,1
563251,0
6020106,1
10062839,0
6381967,0
10208552,1
6417494,0
7736501,0
1500114,0
3918722,0
2808928,1
10022509,0
9280948,0
5468038,1
8189779,1
7438805,0
10056386,1
2109134,1
3946088,0
5824254,0
1003899,0
4819305,0
3008616,1
9126784,0
2234747,0
7630177,1
6485801,1
8164987,1
5673379,0
5040997,0
8584660,0
5250750,1
9733799,1
6021992,0
8649547,1
8533629,1
7848196,1
7180368,1
6691538,0
4429632,0
4725110,0
8919673,1
10253171,0
529821,0
5861792,0
3062689,1
7928789,0
6153144,0
9598353,0
9964073,1
9929008,1
8771705,0
3805931,1
9469401,0
9599794,1
6354984,0
4090542,1
6765494,1
9723003,0
9646780,0
7124736,0
7745515,1
283352,0
9673164,1
9762222,0
10028431,0
9493444,1
8561801,0
7805950,0
9310490,1
4740689,1
9209325,1
8070914,0
9231696,0
2883823,1
3738629,0
7121926,0
2557487,1
926320,1
1973084,0
9800095,1
9876878,0
3633377,0
9576981,1
1179900,1
5399336,0
9516217,1
6559006,1
3090602,0
6114088,0
9208470,1
8622212,1
9633968,0
3442402,0
7001965,1
8645316,0
7948994,1
3742620,0
7956215,1
8370100,1
8961375,0
8097973,1
10101960,1
8365206,1
8920222,1
7578628,1
4370370,0
9590532,1
5561486,1
4462080,1
4712705,1
9872103,1
4507590,1
9484143,0
1328957,0
5744005,1
5089357,1
7810079,0
1368071,0
2080583,0
4903398,0
9007768,0
10109755,0
4532787,0
8491876,0
10129111,1
7233117,1
7631443,1
1533,1
4645282,1
7790882,0
5377855,0
9644319,0
10212198,1
8549896,1
10074416,0
9089506,1
10001158,1
8683197,1
1581407,0
4729662,0
39949,0
9409806,1
9080443,1
8366043,1
1829442,0
5402216,0
1967496,0
2096366,1
1883049,0
4869111,1
9351948,0
5394286,0
9430872,1
6144151,1
6386672,1
8864368,0
7978127,0
4687978,0
1298765,0
9253038,1
8979817,0
9230513,0
9900890,0
8744352,0
7692295,0
7466514,0
5303940,0
9500357,0
7319154,0
4827781,0
9843612,0
9246400,0
9964060,0
2003923,1
2978876,1
9153007,1
9913736,1
3227630,1
6522581,1
6177688,0
4414566,0
9660133,0
9563950,0
796684,1
9175633,1
2918872,0
6729196,0
9249563,1
5707388,0
5397951,1
2587493,0
1207277,1
8404062,1
1078882,0
6211939,0
8536111,1
1262655,0
3381186,0
185925,1
3769592,1
169782,1
6216321,1
8589256,0
299837,1
9913161,1
10089793,0
6479489,1
9374013,1
1372343,1
7313400,1
1454630,0
4598747,0
9936458,1
9558649,0
1723984,0
10246832,0
6999810,0
6764970,1
5757034,1
9197289,0
9471466,1
7540546,0
8965544,0
4437981,0
6483852,0
10225324,1
1310718,1
8923521,0
9291701,1
7863224,1
9139034,0
8339231,1
4507777,0
7181059,1
6723451,0
7273280,1
8390399,1
2986495,0
9809730,1
8253070,1
6231843,0
6958283,0
8648454,0
3373230,0
7363713,1
1689597,0
7106115,1
1779341,1
9315318,1
3252092,1
6266256,0
5526760,1
10059160,1
2651152,1
7843365,0
8478561,1
1367460,1
1062705,1
9703815,1
9902160,0
8681610,1
8395404,0
9178844,0
5953711,1
1111256,0
2558104,0
8789259,1
6774847,0
7960930,0
6228536,0
6093470,0
4684902,1
3000958,0
4860544,0
9524858,1
8142075,0
3528781,1
8660729,1
9543593,1
8775929,0
9757097,1
1664862,0
4445181,1
4320264,0
8636309,0
9338329,1
4090100,0
8831262,1
9434364,0
8567668,0
3551628,0
8821247,0
9217340,0
1160987,0
9837388,0
1240009,1
6524817,1
10029232,1
7489980,0
10097181,0
4261000,1
6115716,1
1754110,1
7224983,0
5456886,0
3946488,0
7097754,1
9189715,0
413154,0
7631948,0
9444401,1
8972737,1
9552053,0
9139119,0
8943634,1
3972799,0
9782094,1
9172917,1
9399885,0
10258681,1
6462263,0
91886,0
10205072,1
8149706,0
10096184,1
1658374,1
6479219,1
6853745,0
2087008,1
8619973,1
10070102,0
9423739,0
5733875,1
1828940,0
10035711,0
3434673,0
8511488,1
6246374,1
6297593,1
929035,1
9610884,1
8512150,1
5399235,1
9625361,1
4354109,0
5051790,0
7247669,0
10056037,0
8666304,1
6175734,0
7295593,1
10212311,0
7397017,1
10134649,1
8739961,1
7704311,0
3062424,1
9575918,1
1352703,0
2459949,0
8759531,0
5776198,0
3112922,1
7916174,0
10261797,1
6695133,0
7997424,1
9088338,0
8693853,0
8068269,0
5015046,0
1221118,1
7494138,0
9122128,1
8921083,1
9602144,0
8312700,1
8723264,0
8613871,1
3658260,1
8156511,0
8547137,1
9894976,0
9726146,0
5334703,0
5273604,1
8726118,0
8627692,0
8809798,0
10267614,1
10112939,1
8555820,0
244367,1
9503984,1
6466830,1
8987021,0
8933221,0
1867325,0
8976405,1
9099397,1
8994071,1
6575840,1
5371404,1
8842419,0
8521338,0
5940371,1
9853372,1
9331619,1
3201777,0
9655293,1
6806937,1
9472404,1
10019460,0
4972708,0
277015,0
439083,1
2308634,1
9060000,1
9024204,1
4125740,1
4346802,1
9356056,0
9967193,1
9466483,0
8697785,1
7832697,0
2610905,1
10220553,1
9543970,1
8698956,1
9539666,1
986241,0
7310985,1
7528137,0
10123837,1
9567841,0
8477639,0
9208372,1
9445794,1
4827206,1
4191771,1
4363784,0
10158020,0
9045670,0
8074228,0
2123053,0
6029109,1
4946040,0
9978061,0
7338896,0
1109904,0
6777741,1
6074612,1
10261076,0
9944186,1
9495272,1
9217140,0
10003750,0
9850936,1
5983816,0
2146042,0
9497607,1
9890406,0
8976290,0
3946729,1
9138284,0
7514004,0
4412577,0
3851630,1
9972850,0
7485704,1
5279372,1
6085886,1
6862598,0
7716081,0
5545388,1
2066783,0
8370189,0
3177088,1
8464292,0
8522307,1
8097310,0
5860456,0
10224245,1
9380138,0
4437772,1
9457461,1
3302070,1
9708953,0
9262853,1
6640061,0
8628132,0
4199807,1
2059467,0
9155185,0
797496,0
9312841,0
10036507,0
8902073,1
9959863,1
10247541,0
2016213,0
4977023,0
5553303,0
3032048,0
4035263,0
4569366,1
8310003,0
9665499,1
7003523,1
5360390,1
5704390,0
9280526,1
9317598,1
4583595,1
8928575,1
9303674,1
5863948,1
4950150,0
8011799,1
6714868,0
2448110,1
7272374,1
1061852,0
4292064,0
5698464,0
9723805,0
5372453,0
7117840,0
5812998,0
5393837,1
7247608,1
8690001,1
4026031,0
9510958,0
10215354,0
9727869,1
8186858,0
9524510,0
8458727,1
9295959,0
3920169,1
9196455,1
8008673,1
8652653,1
10182346,1
3018270,0
9671276,0
5956357,1
5686145,1
6285995,1
9865265,1
9921601,1
9212993,0
9553146,1
1753884,1
7358413,1
7216556,0
1176039,0
3240833,1
10150429,0
8953599,1
10275754,1
8928925,1
9482222,0
10212663,0
10222147,0
6890113,0
9375027,0
7362922,1
9779935,0
10237671,0
8171949,1
1453785,0
8623230,1
3399977,0
8604733,0
6150066,1
9131623,1
6663529,0
8244869,1
9151026,1
9286392,0
7233251,1
8823887,1
7510982,0
10013211,0
10080126,1
9769595,1
9422158,1
4866797,0
6156059,0
5655534,1
9677801,0
8658868,0
7134286,1
8864280,1
3553823,0
2466249,0
9659476,1
1272598,0
7322851,0
10155885,1
8261108,1
10076630,1
9979408,1
10254830,0
3338643,0
9026513,1
6835896,0
2455568,1
8596517,1
10124102,1
5939332,0
9722660,0
8487930,0
3763096,1
2996448,1
1506509,0
9218337,1
5421494,1
7756449,0
10002715,1
2853124,1
6405584,0
7116895,1
9437968,0
7197571,0
7325990,0
7861553,1
5451782,1
5582682,0
4057235,0
8920277,1
10056689,0
4419963,1
4308975,0
7791885,1
10247808,0
1913414,0
4784636,1
2554380,1
2483889,0
1623157,0
10188132,1
7330352,1
7922034,0
4329491,1
4618377,1
9342776,1
9683910,0
8335165,0
2523808,0
159827,1
7683569,0
5386356,1
8490878,0
4615459,0
7633587,1
5785364,0
8939576,0
7714661,1
3865596,1
9606934,1
2130182,1
7183925,0
8381991,1
7822774,0
6884534,0
2280004,1
9150564,0
6365094,1
8675761,1
7461515,0
7687016,0
7123622,1
9693962,1
4193364,0
9829888,0
1967825,0
9698250,1
8465420,1
2708404,0
9619699,0
4041549,0
8969569,1
7720816,0
5387406,1
5793485,1
552222,1
5668468,1
3919837,0
8532235,1
6864691,0
6737614,0
10077338,1
2886124,1
8495550,0
5861508,0
9838626,1
5512403,0
8993317,1
9931980,1
3920537,1
8559254,0
7064116,0
3552229,1
4557401,1
8446686,1
9901884,0
500754,0
7506610,1
1388576,1
2539388,0
7024785,1
8664916,1
3600204,0
9316873,1
4178652,0
7993738,1
9734254,1
1579524,1
36749,0
810471,0
8737359,1
5241427,0
8050916,0
8152210,1
9681007,1
5304492,0
2755673,1
9904340,1
4305229,1
5082183,1
8609898,1
9122523,0
8779009,1
3174397,1
8781858,1
5159835,1
4927060,1
9962632,1
9608535,1
7222529,0
5599889,0
9301785,0
5315937,0
8801207,0
9536922,0
646822,1
9058071,1
9033090,0
10005500,0
9958680,1
4176454,1
9461598,0
10185100,0
2499775,1
6402895,1
9874211,1
10083462,0
7116394,1
10007089,1
8680286,0
8854524,0
7626102,1
3358242,0
8629039,0
5377437,0
6285799,1
913616,0
2960234,0
7443112,1
5272696,0
9245380,1
9252603,1
1055286,1
8503580,1
261200,0
3228518,0
10106030,0
7818220,0
6100953,1
7561436,1
3824708,1
3009247,0
10100630,0
4939016,1
5889068,0
9224137,1
8405241,1
6460923,0
3912494,1
5235772,1
9160405,0
6117402,0
1919455,0
6371394,1
767730,0
9399603,1
9744408,0
3776544,0
9846874,1
1069735,0
10157143,1
1298776,1
9835601,0
10123840,1
4332012,0
7290997,1
9615333,0
9111510,0
9933028,1
8801903,0
6542325,1
8663726,1
5434171,0
3025549,0
6020563,0
8838014,1
8473010,0
5544499,1
252485,0
586915,1
7511017,1
3071109,1
7064362,1
10148911,1
6667856,1
9685445,0
5398476,0
7200470,1
7156046,1
9068428,1
6051544,1
10123464,0
8678176,0
4901836,0
1266361,0
3426295,0
4675292,1
6141523,0
5432632,0
4554517,0
7706965,0
9707376,1
499261,0
4326881,1
9771960,1
3839645,0
6158731,0
9109513,1
821341,0
1890982,0
9857815,0
82810,0
5064848,1
2004591,1
8668297,1
7541757,1
7062659,1
791887,0
239248,0
3090511,1
7699892,1
2721077,1
5939265,1
4357018,1
10056824,1
10005188,1
3066811,1
9883703,1
3028749,0
9611647,0
10249788,0
9737262,0
3482417,1
9559291,0
4926349,1
7638274,0
9502453,1
8545158,1
4873238,0
9684793,1
348496,0
9479948,0
2826353,0
1643558,0
1153996,0
9244998,0
6074191,0
10069591,1
7233949,0
8749982,1
9714965,1
7190551,0
1404264,1
7395365,1
10235672,1
8724232,1
5295944,1
3404188,0
9985283,1
1755731,1
7038086,1
9072116,1
6570562,0
8412372,1
5229769,0
5762079,0
6255785,1
7625107,1
8576111,0
6947739,1
2087452,0
4541368,1
8745789,0
8772927,0
8517012,1
8663749,0
6085795,1
7837453,0
3226991,0
9150602,0
7084676,1
7861883,1
3362189,0
9236370,1
8981673,1
5160483,1
2605081,1
8906594,1
2681981,0
6376386,1
9839664,0
6892136,0
465686,1
4535664,0
10049047,1
9688429,1
9994209,0
9529879,1
4378722,0
113790,0
7780157,1
10105306,0
6908058,0
5816009,0
5629108,1
6758300,1
9445406,0
9663332,1
5502997,0
6120514,1
5612575,0
643257,1
25673,1
6017320,0
9223448,0
4164875,0
3334624,1
7799401,1
4543629,1
7214631,0
9470918,0
7656491,0
9856645,1
350927,0
10277528,1
7040243,1
4351699,0
9849563,0
7708393,0
9793407,0
9664914,1
3564960,1
9227785,1
8496720,0
9152363,0
572769,1
9252260,1
10140444,0
8533956,1
5458130,1
9450124,0
9929451,1
1607612,0
8748717,0
8168222,1
6846895,1
8602611,1
7161965,1
5331081,1
306866,1
7006417,0
5724695,1
6434381,0
1526954,1
6118793,1
5157615,0
8563797,1
2902674,1
4256178,0
6277074,0
8868068,0
6942706,0
6976790,1
10051514,1
8840422,0
7139087,1
3465024,0
7406594,1
8418988,1
8587652,1
4499765,0
785663,1
9056566,0
7996856,1
8971256,1
1027971,1
2577041,0
3358344,1
2978443,0
8828182,1
10107758,0
9966134,1
4938111,1
9559705,1
4431186,0
9790097,0
8894111,0
8334430,0
7513950,1
9469500,1
1525743,1
8832068,1
5948480,1
5415830,1
6434835,1
9115376,1
8153927,0
7626770,1
2714005,1
7232186,0
3000717,1
5856673,0
9276452,0
2055327,1
338066,1
9044361,0
6798113,0
7926865,1
5397773,1
7521815,0
4592982,0
2003568,1
4495809,0
9296764,1
6284918,0
9313482,1
7772828,1
7562199,1
10144564,1
8859084,0
9833127,0
7397123,1
6126054,0
9911025,0
6364200,1
4808513,1
873732,0
9958891,0
107692,1
9739881,1
10257984,0
2987155,0
7987293,0
8749452,0
9449980,1
7528463,1
3417179,0
4106498,0
7142233,1
7580528,1
3331107,0
6111304,1
7547655,0
9230814,0
6433364,1
4730499,1
9330116,0
9661947,0
675616,1
9325815,0
9995034,1
9589071,0
8837557,0
7800994,1
6450855,0
4524219,1
6571987,0
7387047,0
1988202,1
3441490,0
3233797,1
8807638,1
4952720,1
7082354,1
8458832,0
10151937,1
8062086,0
4525121,1
8218049,1
6229366,0
720962,1
9432254,0
294342,0
1460377,0
6119002,0
9332340,1
10067789,1
3358236,1
4117237,0
1996057,0
8960985,1
422044,0
8721685,1
9071310,1
8471082,0
7175223,1
5733261,1
9773075,1
4303338,1
9611562,0
8287183,0
2056246,0
9755232,0
3446488,1
9567473,1
5421355,1
1545790,0
7300878,0
9953065,1
3432324,1
459128,1
5013876,1
6162457,0
7493505,0
6830956,0
1966752,1
7477265,0
5556504,1
8618572,0
8364290,0
2565274,0
4872894,0
8397436,0
1514880,1
1120003,0
8484221,0
6478189,0
2120711,1
2036514,1
3456907,1
9847597,1
5955307,0
9700583,0
8902493,1
9749421,1
7976395,0
9810116,0
6284082,0
4268344,1
10268780,0
9417353,1
9392733,0
4316550,1
7432102,0
7719490,0
7776415,1
7443306,1
7560686,0
7171370,1
2603999,0
495784,1
10223530,0
9369329,1
10138337,1
9664666,0
410595,1
5821107,0
8115601,1
5391209,1
5419792,1
5574850,0
10167202,1
7416170,1
4708342,1
8575179,0
7932254,0
7545544,1
9910198,1
9456546,1
1028103,1
9627462,1
10202269,0
8939508,0
8087452,0
10005476,1
9262062,0
2860334,0
1372123,0
5463210,0
10228659,1
8877042,0
2068804,1
6595950,0
1675603,1
3081088,1
9977353,0
889226,0
9992942,1
4381496,0
9666952,1
9997099,1
1650472,0
5897139,1
5974825,0
8023083,0
2009075,0
7470375,0
8510434,1
300936,1
4437265,1
8960012,1
7104441,1
2296069,0
7935113,0
9200587,0
5914844,1
6670611,0
9213326,0
8747114,1
1714903,1
5971921,0
1748990,0
2409816,0
6147686,0
8704391,1
8652617,0
8986449,0
2906838,1
58866,1
9484668,1
2332534,0
5721547,0
6221083,1
9638417,1
10086723,1
8626748,1
6127501,0
8717750,1
9611089,0
1630601,1
9121,0
10191671,1
5857428,0
8419944,0
9803664,1
5994956,1
9098289,1
2649505,0
9118061,1
9242551,1
8307672,0
6812716,0
9913454,1
1179924,0
10215371,0
3972100,0
10139628,1
6909343,0
9142442,0
6747973,0
9193442,1
10072648,1
9713499,0
8003101,1
8170712,1
8552766,1
7844533,0
1473821,1
9834326,0
5869786,0
10272654,1
4967352,1
4524476,1
289140,0
6878367,0
10067859,0
3103699,0
3546988,1
9794567,1
3263304,0
9660824,0
9698288,0
8152956,1
532751,0
3867260,1
9250411,1
8085557,1
8598576,1
7800981,1
6030158,1
9959361,0
6154133,1
9572742,1
8771012,1
3759842,0
10139708,0
55299,0
968602,0
4509648,0
9566689,0
8640015,1
3128125,0
4258064,0
9645061,0
7773048,1
1507658,1
3825003,0
7701855,0
9666256,0
7501713,1
6066567,0
9177312,0
9847412,1
9947477,1
2039821,1
1877600,0
9267087,0
8554511,0
5297435,0
5708338,1
5139873,1
8013240,0
3916450,0
8662775,0
4764564,1
9686355,1
8365884,0
8512321,1
4717313,1
9759687,0
9337997,0
9743830,1
8559194,0
6194094,0
133598,0
10180255,0
25105,1
4084778,0
163082,1
9517476,1
237554,1
7478698,1
2684579,1
8681954,1
5956914,1
2458373,0
1043453,0
9707959,1
9325005,1
424679,1
8252146,0
10267117,1
10176628,1
1123058,1
5843235,1
7354880,1
4230925,1
7674862,0
6998904,1
9754688,0
10227313,1
10272816,0
8979438,1
8735131,1
5056411,0
2093621,0
10108230,1
3553764,0
8168661,0
7758340,1
4858436,0
8749079,0
8537885,0
7943912,0
9326686,1
2903074,1
8848294,0
9482231,0
6765999,1
7232605,0
7845242,1
6094051,0
2044308,0
9981650,1
8555490,0
1058327,1
9711294,0
8961383,1
2835404,0
510095,0
199589,0
5445405,0
7645176,1
6997066,1
2361424,0
7431705,0
3883849,0
9752583,0
8361071,1
10045107,0
9150312,1
4200214,0
10079336,0
6474643,1
7535402,1
7052477,0
292829,1
9949805,0
8677451,1
6384922,0
6054491,0
7243992,1
3293916,0
3867937,1
7437685,0
7271355,1
9055374,1
9906383,1
8422554,1
9333137,0
2283972,1
9456952,1
8781443,0
3343646,1
4222990,1
3141320,1
9722677,0
9098188,0
8520584,0
8626415,0
3609756,0
7410242,0
7100472,1
8077934,1
7226782,1
4038257,0
8881485,0
7409481,0
9207435,0
7533595,0
6235131,0
6569040,0
5514845,0
2908887,0
8025019,1
9321438,1
3849065,1
7235500,1
8202306,0
8852503,1
8432940,1
614991,1
5422346,0
7543674,0
8826152,0
92790,0
8740587,0
10110960,0
8152422,0
9613676,0
4481565,0
5809842,0
6165298,1
3209745,0
8918139,1
9090519,1
5757396,1
3547639,1
9205014,1
7255143,0
9420401,0
8478606,1
10270006,1
10213884,1
2552253,1
2425120,1
10021276,0
9645484,0
8867671,0
2955452,0
5238461,1
8349213,1
8107114,0
2377740,0
2623965,1
9539992,0
6055633,0
1570358,1
9886979,0
8609757,0
6036847,0
2905528,1
9868343,0
8753317,0
9085170,1
10250637,1
5283741,1
4806565,0
7090620,1
10205676,1
9927098,0
6008952,0
7311499,0
5339750,0
7995014,1
9993521,0
151670,0
4104923,1
4159170,0
9297134,0
7278202,0
3674831,0
6137910,1
4802761,0
6117542,0
6269393,0
2637918,1
2132861,1
6279478,0
7435366,0
9690575,0
3226314,0
9684848,0
8210571,1
10184421,1
10079286,1
573880,1
3044269,1
7406649,0
132967,0
9311435,1
3456052,0
5786109,1
8491937,0
7284909,1
5688861,1
9495408,0
3792369,0
8060548,1
1210186,0
7865095,0
9461614,1
9833024,0
7338204,0
6148445,1
4018125,1
6580455,1
4922384,1
8720326,1
2048587,1
8977393,1
9430707,0
7967803,1
1132950,0
4635513,1
675371,0
5266717,1
3993146,0
1382544,0
10047769,1
8578828,1
10067234,0
9987348,1
2911934,0
7953148,0
5446331,0
8054536,0
9709016,1
6458475,1
7096982,1
8434983,0
5349669,0
8011895,0
3592115,0
8449124,0
3035554,1
9636999,0
8511613,1
4808073,0
10235085,1
5492737,0
9087989,0
8890877,1
5394459,1
10114096,1
7967785,1
9420078,1
4947911,1
9048738,0
3721264,1
8188734,0
78526,1
2806776,1
4990358,1
5372243,1
4755663,0
8398288,0
4262481,0
5296693,1
9753839,0
3262337,1
155088,1
4463077,1
384190,1
4959860,0
9877516,1
9771857,1
9968405,0
8188891,0
306169,0
7193563,1
7333743,1
3426495,1
9031886,1
9970263,1
10062042,0
3064566,0
9225353,0
4946752,0
1789073,1
8083639,0
1365001,0
7552942,0
7255341,0
3551877,0
7631804,1
9639170,1
8370084,1
4370942,1
521060,0
5487542,0
8433473,1
10207338,0
10059016,1
3691200,1
4154465,1
8654408,0
8722093,0
1432156,1
7802095,1
5514013,1
3843573,0
10101108,1
9292713,1
9554290,0
7290208,1
9197229,0
7304169,0
7129777,1
8605859,1
9759263,1
5901973,1
748163,1
9865695,0
8844211,1
9475196,0
8396717,1
4339996,1
6357000,1
9299121,1
1344058,0
8366022,0
9308339,0
5327554,0
9604072,1
1630083,1
10264205,0
9221880,1
1511740,0
7773039,1
9113328,1
3652037,1
10108800,0
8646209,0
5292803,0
7429907,1
9311645,1
296133,0
7374600,1
9479875,0
10270625,1
8726723,1
10138459,0
1543112,0
3766382,1
6597719,1
8155545,0
4888199,0
9758989,1
180113,0
10236531,1
3586266,1
2064271,0
3224173,0
8707690,1
9353946,0
10275431,0
1542402,1
3512292,1
7445206,0
7458856,0
9382612,0
8064715,1
10251032,1
2574702,0
620832,0
8218835,1
9590988,1
8579380,0
1907229,0
8936695,0
10013913,0
9939864,1
7078218,0
3675321,1
8848080,1
7576776,0
8211098,1
1443599,1
8498502,1
8126122,0
10001760,1
8996269,1
6874219,0
407686,0
7904180,1
9734503,1
2593052,1
8005618,0
5796764,1
10008568,0
9477645,1
9546209,1
2603406,1
9705844,1
4069188,1
6536813,1
9208375,1
7543057,1
6247472,1
6147603,0
1895945,1
7033914,0
7517630,1
65692,1
9662403,0
3970345,1
1626942,1
8155916,0
8168013,1
8478689,1
2096102,1
9726376,0
8430148,0
10268914,0
9129772,1
9660129,1
4874048,0
3201514,0
10240273,0
6822363,0
5892086,1
140798,1
9292164,1
8005851,1
4777334,0
4973650,1
4607509,0
7057573,0
8015148,1
8062874,0
9982478,1
9029492,1
219205,1
4384415,1
7102592,0
8384511,1
7241228,0
8243857,0
8118417,1
7216004,0
7186924,1
7291294,1
9936585,0
5493272,0
8774410,1
7911189,1
10026446,0
10128950,1
7423378,0
7323788,1
5379846,0
8155657,1
7599521,1
6978037,0
7908424,1
8200497,1
9522414,1
7116922,1
5479979,0
5961187,0
5685746,1
9235904,0
2173081,0
856667,1
3396885,1
5262468,1
4652122,1
9491280,0
7319225,1
8008252,1
10150968,1
9900882,1
7483919,1
9087918,1
10056818,0
5405893,1
10006002,1
6625991,1
9302579,1
2213930,0
5779934,1
6935282,0
4486157,1
7133959,0
5851536,1
5519402,1
7847197,1
9106260,0
8776809,1
9857931,0
8696683,0
8612859,1
7263417,0
10035023,1
1747749,1
8187647,1
4644474,1
8974884,1
9184990,1
2159873,0
8004635,0
8649372,0
7849498,1
4701791,1
9806286,1
9722990,1
9689940,1
7030166,0
6382286,0
9849615,1
8681029,0
10068686,1
9956848,0
1974712,1
5152923,0
9514005,0
8625849,0
2992389,0
9508901,1
2030426,1
10221400,1
9763750,1
4856289,1
10221162,1
8861060,1
9831266,0
7439743,0
9822556,0
778989,0
7720942,1
8990095,0
9926645,1
9165684,1
9688784,1
10006429,1
5237608,0
8703758,0
2974830,0
7463376,0
6261587,0
9030675,1
6143968,1
8931035,0
6176362,0
7625483,1
4003218,0
6735884,0
2791238,0
7066018,0
5813933,0
3441414,0
8622250,0
2616265,0
10253574,1
9944907,0
6484830,1
9694698,1
4008671,1
9790211,1
9642887,0
8497855,1
1941445,0
4821354,0
9920130,0
8243931,0
5166735,0
623792,1
8348813,0
3094556,0
9537177,0
8606130,1
7870277,1
9771260,0
2907413,0
10277235,0
9968958,0
5741790,0
4411207,1
10119844,0
3526263,1
924600,0
5062911,0
7719708,0
10020637,1
2080016,0
10274525,0
5841530,1
3918084,1
9262530,1
8599447,0
4658362,0
10257850,0
9975053,0
2653843,1
7522380,1
10018338,0
1372519,1
2697682,0
7564481,1
9498298,1
8954936,1
9543652,0
8997338,1
7955025,0
9038492,1
7029260,0
6286684,0
7780156,0
6951434,1
9788134,0
4111524,1
9192823,0
9852933,1
5748212,0
9944626,0
5401727,1
5441933,0
6549830,0
6403489,0
10185311,1
9833529,0
534158,1
8197995,0
4664337,0
5871714,1
9905953,0
8898725,1
7418993,1
155333,0
9376209,0
9770978,1
646165,1
9116752,0
8130308,1
6762936,1
4425885,1
9124621,0
4658340,0
9122617,0
130568,1
7485548,1
776690,1
8530040,1
10199068,1
8142623,0
8749173,0
150372,0
1224398,1
3333358,1
1525071,0
10045676,1
5786264,1
5133591,1
7632901,1
2058510,1
7108911,1
9330412,1
8815026,0
4350180,1
1566128,1
3588023,1
9846290,0
658831,0
9720548,1
8974038,0
9972982,0
5585412,0
10085623,1
5539030,0
6008101,0
469275,1
7720844,0
9615803,0
707154,1
9759205,1
5125486,0
8388888,1
8138448,0
2024714,1
9144647,1
3292748,1
7003820,0
8112855,1
8029011,1
7586225,1
8424978,1
9172303,1
9061454,0
1359325,0
2833192,0
8479834,1
5761796,0
8388307,0
8069092,0
3190854,1
121704,0
3551551,1
6340356,1
6593873,0
1166410,1
4596427,1
6299715,1
2003444,1
2086550,0
6816871,0
4100006,1
6757226,1
1110848,0
9761232,1
7916570,0
884150,1
10252054,0
1291496,0
9642575,1
2967856,1
9389919,1
9381984,1
798720,0
4571242,0
9075336,0
8507388,0
9588511,0
4579486,0
9645374,1
10223931,1
7512520,0
5950524,0
10045233,1
3848098,0
8055379,0
9964500,1
9969699,0
9048775,1
2487561,1
3127240,1
7500062,1
9332859,0
9155440,1
7926042,1
344141,1
9555108,1
10078189,0
8200400,1
2172988,0
4583936,1
8560993,1
9112209,0
9819839,0
5733683,0
7992837,0
9553736,1
8840387,1
3411980,0
9759630,1
2487175,0
10155419,1
6825239,0
7299824,0
9474587,0
9841568,0
10179652,1
1579371,0
8138578,0
2937929,1
6337028,1
892244,1
3140518,1
9878282,0
678027,1
6129261,0
9426186,0
1768815,1
8545297,0
3432489,0
3870500,0
8463105,1
8373272,0
2210200,0
6681644,1
6569506,0
8903813,1
5444816,0
9898521,0
6203232,1
10201418,1
209043,1
7552148,1
7633464,0
8640855,1
8738972,1
8922441,1
3628501,0
5473734,0
7885217,1
4207633,0
9790415,0
10270504,1
9606407,1
3462835,0
5245359,0
6321210,0
9915378,0
9039472,1
9831091,1
7460774,0
10210962,0
3806198,1
8358806,0
8674354,0
4403707,0
3439356,1
9317683,1
8818270,0
1418652,0
7209539,1
589414,0
2619060,1
7695605,0
4339074,1
7877263,0
9506526,0
8345325,1
8201731,1
5556170,0
8581416,1
5402096,1
277275,1
5668749,1
5856518,0
8351308,0
10029838,1
10270065,0
8174391,0
5571216,0
7041216,0
9702771,0
10271443,1
10089236,1
1597518,1
8849909,1
6227574,1
2494595,1
9484975,0
9313828,1
8498532,0
6347620,1
1522849,1
8755193,1
9225742,0
10202276,1
567212,1
8217592,0
1273051,0
8202591,0
8643733,0
9729152,1
9474597,1
9369335,1
3884892,0
7523882,0
5661852,0
5148297,1
8401423,0
3362720,0
9217167,0
1423310,1
8729064,1
6731185,1
3611546,1
10088325,1
6655054,0
9400632,0
9175838,0
4480487,0
6672904,1
150908,0
5516387,1
8833078,1
7488017,1
5934561,0
628727,0
8820784,0
5354451,0
3812118,1
9832556,1
8123716,0
7765197,0
8670667,1
3604746,0
5897850,1
10118575,1
8400907,1
5951222,1
10117185,0
5797252,1
8712123,0
6745518,0
10243920,1
6774663,1
6751509,1
9205915,1
1571643,1
9427091,0
5902761,1
7276702,0
8816184,1
6319177,1
10229130,0
8566914,1
9059264,1
9837578,1
8161779,1
9764990,0
4192520,0
9664583,1
3866600,0
8967881,0
9817840,0
6986492,1
5379125,1
6639075,0
5112747,0
8190041,1
1317495,1
9234970,0
6805945,0
9388654,1
206048,0
8989611,0
5672305,1
9829473,1
6211820,0
8405825,1
3646125,0
8743167,0
8677781,0
9963087,1
2615055,1
9999088,1
8394021,1
3798402,0
9345083,0
10046682,0
9792524,1
10060035,0
2309184,0
3655645,1
9837628,1
2004500,1
4146044,1
10003930,1
4284231,1
55964,0
8423157,0
501464,1
7544119,0
9146369,0
4405966,1
2463453,0
4203454,1
2031427,1
1719571,0
8816156,0
10255760,1
4203384,0
4982481,1
2604524,1
9563589,1
4572259,0
6517437,0
6180245,0
7483282,1
1208488,0
8220715,1
10228822,0
6383978,0
7337458,1
9040966,1
917164,0
9921591,0
9493023,0
7933527,0
4261061,1
2344264,1
10262540,1
10100236,0
10071958,1
8884509,0
6718041,0
9990151,1
8850368,0
4816911,0
9932865,0
8386654,1
8829477,1
9104629,1
8871844,0
5560492,0
10194947,0
10169997,1
9384127,1
6079667,1
5524642,1
9271381,0
2583785,0
9683178,1
1979478,0
6579626,0
10101300,0
8840308,0
9620340,0
8010850,0
5369983,1
5655490,1
8436090,1
7576948,1
5838265,0
5551127,1
7324132,1
9229741,1
9821269,0
7251159,0
8634076,0
9493988,1
4980024,1
2070685,0
3159885,1
8186692,1
7577137,0
8510649,1
91720,1
8960231,1
6077451,0
7482106,1
9857595,1
10178124,0
7691094,1
6421747,0
2790574,1
6375182,0
3933228,0
2317142,1
3700544,0
9736166,1
9961168,1
580173,1
3483674,0
9704173,0
7672780,1
4031528,1
9914948,0
722457,0
599370,0
8652968,0
4431335,1
3317416,1
9920295,1
126495,1
8055528,1
6775600,1
7519834,1
3990323,1
7471408,1
4362487,0
9141207,0
8606203,0
6155578,0
10185671,1
9781379,0
4202894,0
455420,1
1724532,0
8622443,1
120624,0
5699237,0
436317,1
6078103,1
9405467,0
9594930,1
7397921,0
3297521,1
5718986,0
9738492,0
7412514,1
667894,1
8538505,0
9613143,1
10066795,1
231022,0
2298912,1
900949,0
6008996,1
9534865,1
10102749,1
9587674,1
5962720,1
4972490,0
6987873,0
5557531,0
9074907,1
7896797,1
7628817,1
8878953,1
6254661,0
8831697,0
9856985,0
6084137,0
9571784,1
8933607,0
6108948,1
8528604,0
8114786,1
9847534,1
620455,0
7740990,0
7457504,1
4672528,0
9318094,0
8186118,0
8202801,0
4506542,0
9719359,1
7458202,0
9735165,0
1540386,0
8681595,1
7355545,0
7545995,0
8851480,0
4889921,1
9074061,1
4160704,0
10261179,0
4466213,1
9451087,1
1319427,0
1990124,0
9786492,1
5382193,0
4779864,1
8646203,1
5502898,1
3675905,1
10029658,0
9959106,0
9817287,1
10049441,1
9387436,0
5884009,1
3956579,0
8392301,1
4761507,0
7009732,0
8768090,1
7338674,1
5246259,0
1168076,0
2971657,0
6319115,0
8829413,1
5306196,0
5777098,0
5170476,1
9770149,1
1910351,0
6068197,0
536448,0
5667075,1
10207032,0
9823190,0
8482059,0
8751556,0
9599710,0
9809859,1
8109432,0
8024068,0
9224160,1
10229516,0
9848753,1
8023058,1
9964667,1
8926896,0
4798947,1
9650346,1
6046325,0
9393055,0
7563375,0
10159618,0
6616369,1
3785542,0
9682347,0
218700,0
3803302,0
9464969,0
5992875,1
8742937,0
9087753,0
9614615,0
2238247,0
9766006,0
8055844,0
4144270,1
8821633,1
6115135,1
2908355,0
8671593,1
9138067,1
1465867,0
5739157,0
8715223,0
9988659,1
6211462,0
8363071,1
6061423,1
8821491,0
8876670,1
6163798,0
3953319,0
2354176,0
9624023,1
8355332,0
7404128,1
9391777,0
6813818,1
10246959,1
10251717,1
9455488,0
5471233,0
8214448,1
6877266,0
9753163,0
5177323,0
8758130,0
68706,0
7949104,1
7280681,1
8477169,1
3323124,0
7927051,1
740694,0
9109973,1
6349914,0
9959975,1
7120636,1
939957,0
4278779,1
3048911,0
2785024,0
10098258,0
5397637,0
9494992,1
3494596,1
3460177,0
7118850,1
9404145,0
7857657,1
7511478,1
971290,1
9435706,1
2779017,0
8472446,1
8180372,1
7301276,0
5234944,1
9810611,1
9736922,0
9498037,1
8601947,0
9219140,0
3354264,1
9345650,1
3529343,0
9299474,1
10239023,1
9812675,1
5898785,0
9950447,0
9464846,0
9307030,1
7392922,1
9123135,0
9323506,1
3584112,0
7264625,0
8722780,1
10213981,1
5155352,1
8809093,0
9287829,1
3611303,1
9806278,0
9459367,1
1874585,0
6763836,1
10101519,0
8527396,1
8621908,1
7626622,0
2927264,0
4774291,1
10275728,0
9432486,1
5773904,0
8918864,1
10178851,1
8415713,1
8063200,1
4505244,1
9140749,0
7970549,0
1848601,0
8182117,0
916088,1
1005783,1
8476683,0
3897210,1
9093866,0
5574990,0
7028984,0
2547108,0
7971654,1
4988161,1
6880652,0
9522207,0
9181293,1
8014790,0
8977288,0
8018994,1
8682359,0
5773903,0
7093271,1
6754703,0
3108857,0
1117894,0
9898973,0
9563931,0
9684227,1
3457908,0
8465520,1
9913392,1
9462640,1
565777,0
7357228,0
5725771,1
6931059,0
8768055,1
9588763,0
9302385,0
9456413,1
5873582,0
6491437,1
8942864,1
6748386,1
450622,1
9741813,0
9641429,1
273009,0
2970970,0
9575644,1
29103,1
9967723,0
2643777,0
3144664,0
9811775,0
9293345,1
4828862,0
7424929,1
3045043,0
6222904,1
8208553,1
6670863,0
1548685,1
5423479,0
10078767,0
7410982,0
10033339,1
7674788,0
9989963,1
8137551,1
5873354,1
6760577,0
8026674,0
8192622,1
6256419,1
9396147,0
5832531,1
10086755,0
9314955,0
7968619,0
2810017,0
10033941,1
8055156,0
8027248,1
5736494,0
8442801,1
4872863,1
19041,1
6009438,0
9265808,0
6197541,0
9728332,0
5419001,1
5258550,0
8024867,1
7294757,1
9336907,1
8928950,1
7523930,0
6252020,1
7695601,0
7526396,1
9392664,1
10071097,0
8396574,0
7797568,0
9650546,1
9226479,0
14423,1
65713,1
9214819,0
5186503,1
5966231,0
10034950,0
9354717,1
135734,1
9111885,0
9625638,0
8973335,0
7312915,0
191343,0
6540580,0
9467220,1
5696385,1
5956992,1
2538686,0
1350424,0
9937204,1
9230384,1
5675749,0
4791207,0
8056594,0
6430321,0
3913244,0
9238256,0
8540766,0
8475507,1
1610168,0
881226,1
8799964,0
9586014,1
10003023,1
9564594,0
9891738,0
9300545,0
3377845,0
7801741,0
5723306,0
9795689,0
9856262,0
8094814,0
3525768,0
7399208,0
8890254,1
2104011,0
5455057,0
8665941,1
7399368,0
6231339,0
5787767,0
9537036,1
4097345,1
10274321,0
9614805,1
5993803,1
9825355,1
295504,0
2859452,0
9514322,0
819148,1
647570,1
9082997,0
9878117,1
4797810,1
9228230,1
6728601,1
5140095,1
8588845,1
9821866,0
9268222,0
3895485,1
469193,0
8352635,1
9651383,1
9827520,0
5888435,1
7521807,1
4268151,1
7107841,0
9580819,1
979866,0
529705,0
5710094,0
9252450,1
8835611,1
6173588,1
10154943,0
4452027,0
4088324,1
8826006,1
6194011,1
8495571,1
3345727,1
5048301,1
10029063,1
5242099,1
9825981,0
7892256,0
2693874,1
7847624,1
8654090,1
4893215,0
6141876,0
8050651,1
8307904,0
6229736,1
3259523,0
8526754,0
8644033,1
8006573,0
9303587,1
4842823,1
1440667,0
6394494,0
3430467,0
6126135,1
7095831,1
2218743,1
7222725,0
3703563,1
9891939,0
6695488,0
1055477,0
8795129,0
9726617,1
9722498,0
2468329,1
3112000,1
5986550,0
8122109,0
9490368,0
6231810,0
8001070,1
1971119,1
9117499,1
5761894,0
6492463,1
7051450,0
259587,1
8063916,1
9218784,0
7646089,1
4942287,0
70280,0
5967298,0
6861902,1
10156371,0
5902056,1
4021495,1
8424850,0
9317538,0
8388103,1
6409440,0
1224851,1
9140844,1
6455190,1
7243085,0
7345921,1
2683054,0
9225375,1
8753587,1
7905930,0
9227809,1
10138763,1
482757,0
9383307,1
8167306,0
5046751,1
6666030,0
9293646,1
10197209,1
8784387,1
6694261,1
9956410,1
5942881,0
3315481,1
9872460,0
7140712,0
8487385,0
7961074,0
4917971,0
9157004,1
7478944,0
8634127,1
7321239,0
8064679,1
5781720,0
8780269,1
137184,0
7755800,0
9673189,0
7693683,0
10247420,1
8855755,0
9474574,1
6154043,0
4924011,0
4907964,1
6737134,0
5980339,1
10008592,1
7182002,0
2366930,1
1468022,1
9522005,1
9445193,0
9849208,1
7077844,0
5210611,0
9850001,0
7226503,1
6079159,0
8116676,0
2654180,0
8109097,1
8610966,0
9958437,1
8935888,0
10247912,1
10251249,1
3421907,1
9626205,1
10201464,0
8727577,1
277612,1
6514529,0
2722169,0
10190440,0
1780952,0
2231236,0
7111731,0
8621639,0
4499946,1
577852,1
9296289,1
8151941,0
3103974,0
3616874,1
9223570,1
8788932,1
5067741,1
3789506,1
9325068,1
6737381,0
8589324,1
9904460,0
9422738,0
9953525,0
9340140,1
7255351,1
1722614,0
8113731,0
7504990,1
9567462,0
7838403,0
6194947,0
9106144,0
1595642,1
6973564,1
8862191,0
9683609,0
3750323,1
7726005,0
9618287,0
3504506,0
7037279,0
8837375,1
10145598,1
9130094,0
5625163,0
2786092,1
2288864,1
8622586,1
7712194,1
9734576,0
6414195,1
5293987,1
2173624,1
9865411,1
9953287,1
3031388,1
6479735,0
9645907,0
4478822,0
6585031,0
7633569,1
4790306,1
534642,1
9262008,0
5852061,0
7486934,0
9185184,1
10021240,1
2354394,1
5355485,0
9856018,0
758008,1
7939157,0
7318923,0
10076508,1
8639713,0
8451910,1
8266256,0
10215721,0
6977128,1
9325306,1
9508749,1
7542844,1
9234571,0
1290139,0
5008822,0
6474209,0
9207977,0
9986858,0
10250645,1
9333370,1
806555,0
1387850,1
5610057,0
7871982,1
9265734,0
6932147,0
10249426,0
7221523,0
8585744,1
7730178,0
4311172,1
3906453,1
1257240,1
2392145,1
6298618,1
10108084,1
2895484,0
912438,0
5300559,1
5098162,0
3932721,1
9875882,0
492354,1
10263142,1
4069093,1
2589462,0
9292675,0
1405114,1
6717385,1
8361342,0
6960907,0
7304953,0
1020846,1
8010257,1
5780961,0
2307890,1
3576257,0
6940224,1
6068932,1
8635996,0
9131489,0
4484307,0
7142164,0
530454,1
6824416,0
10156665,1
6894785,1
9307870,1
8830044,0
2406,0
7870815,1
4206607,1
8519721,1
8817800,0
9148965,0
6299487,0
8711544,0
7698952,0
9287752,0
8415198,1
4524832,1
8308988,0
9478276,1
7730150,0
4038244,1
7964883,1
8638475,0
5503963,1
7734795,0
10156564,1
9419217,1
9288346,1
9340618,1
9335680,0
10211495,0
266414,1
4119062,1
10160599,1
9054165,1
8087920,0
4646480,0
2941536,1
5723351,0
10200470,0
10108987,1
9438443,0
262084,0
2589824,1
9106087,1
1800,0
6126797,1
3879359,0
8172132,1
2586340,0
8929337,0
7194771,0
8987367,0
6718623,0
8393944,0
8796472,1
10003407,1
8513236,0
6075313,0
12715,1
9068697,0
1062815,1
3059928,1
8068253,1
5294063,1
2138097,0
6133471,1
10106003,0
8868808,1
3362648,1
7059675,1
9817440,1
7805062,1
1268508,1
7499474,1
6921027,0
8908851,1
10222247,1
455825,1
5406587,1
10078053,1
9986253,0
3604295,1
5166526,1
8530399,0
9779492,0
8898942,0
9450944,0
5770818,1
5835750,0
9806668,1
916605,0
9894061,1
8652577,1
7677417,1
7878317,1
8646922,0
9397795,0
9603946,1
6692122,1
4598610,1
9206676,0
8722055,1
9756259,0
4258,0
1446534,0
95159,1
9645381,1
1574830,1
9811692,0
9016800,1
525341,0
9795763,0
6327098,1
5171440,0
8087721,1
8870231,1
9234698,0
7872158,0
467507,0
9221784,1
3394318,0
4282292,1
9443585,0
7476177,0
9416090,0
1280699,1
10168148,1
5407955,0
3254299,1
5402726,1
9995935,1
256405,1
7544215,0
4086848,0
3404416,0
6645043,0
2106063,1
8930164,1
9748436,0
1929578,0
589822,1
6765925,0
237221,1
8941057,1
8040053,0
5671929,1
7090172,0
4279587,0
10052501,0
956942,1
6277582,1
2994453,1
9320728,1
7674578,1
8369459,0
10204199,1
193381,0
5624012,0
758753,0
8366026,1
9658055,0
7366496,1
2553537,0
7306084,0
7110813,1
8842870,1
9420530,0
1480817,1
8300785,1
6822943,0
2040749,0
9287349,1
885559,1
9449882,0
9803530,0
9220146,0
8774762,0
9963581,0
5760521,1
6303255,0
1074898,0
9307836,0
8591957,1
3888345,1
6414547,0
79850,1
5067150,0
2924747,0
3604822,0
3226119,1
87192,1
8172007,0
9149089,1
8379336,1
5967309,0
10271511,1
9572664,1
9969882,0
5735900,0
4869736,1
2077736,1
9423630,1
9931822,0
9877449,1
4551966,0
3042054,0
10179820,1
1295374,0
9588525,0
5156936,1
9922492,0
8243800,0
8036630,0
7609068,0
9027332,1
8605114,0
7524374,0
3406126,1
9590208,1
7897539,1
2630493,0
9514678,1
9644916,0
3803263,1
6682200,0
5949139,1
148541,0
262213,1
10139620,0
3911539,0
872470,1
4609552,0
5809493,0
5038303,1
8864649,1
4033150,0
2576806,0
5234855,1
4248872,0
1956284,0
7965852,1
5410952,0
3964056,1
4198717,1
5721990,0
4873583,1
250460,1
9715439,1
1184819,1
2719011,1
3498473,0
1025241,1
8515015,0
6191750,0
614466,1
10007102,0
5777768,0
6572035,1
520917,0
5483803,1
6823065,0
9949794,0
5744480,0
5816975,0
7474026,1
8185766,1
6774670,0
1479270,0
7507498,0
6231061,1
3181547,0
10180241,0
8374849,1
10196186,1
7571238,0
561661,0
9713580,0
5292690,1
9882942,1
10082282,1
7928578,0
10262050,1
1259297,1
10121564,1
8128749,0
799696,0
8849844,0
7945992,1
9974151,0
7696175,1
7716450,1
4277731,0
95078,1
10136223,1
1772927,0
7899504,1
9754945,1
6360621,0
9454127,0
898264,1
8648187,1
9888144,0
7172537,0
10058774,1
9271333,0
8218706,1
8867980,0
10175353,0
7944946,0
5640264,1
7025029,0
3942781,1
6317988,0
9688085,0
9978960,0
5860163,1
8689170,0
5434170,0
6418102,1
10017837,0
7299992,0
9867196,0
7385317,1
7555029,0
9776471,1
10235681,1
6094500,0
9086627,1
7552506,0
6933426,0
9612257,1
8146940,1
4505875,0
348877,0
9638632,1
8990941,0
4046605,1
9895901,1
476119,1
8580588,0
10011944,1
8601223,1
5443871,0
9885751,1
7951278,0
8566435,0
9839243,1
9845396,0
2521008,0
7332412,1
9610272,0
3623689,1
58083,1
8075061,1
2194763,1
8205540,0
2409160,0
2002702,0
8650208,0
3565217,1
4538441,1
6366660,1
9986123,0
10125942,1
3369394,0
5829309,0
8275837,0
9151911,1
10136342,1
10247275,1
6502490,1
7894969,0
9493640,1
765229,0
6531863,1
3484080,0
9709943,1
1351816,0
239395,0
2377689,0
8929124,0
7837434,0
3607279,1
5816468,0
1476982,1
163692,0
9583539,1
7459369,1
9128546,0
3923420,1
2720504,0
3206763,1
156188,0
8902314,1
8146553,0
6907218,0
9297111,1
9718460,0
10104230,0
9236929,0
9558957,0
5546914,0
5226505,1
9440061,0
8164401,0
8728791,0
8326996,1
6126809,0
3005243,1
9888846,1
8804511,1
9344164,1
6300204,0
9831175,0
6750733,0
8684585,0
8896840,1
1916162,1
3485659,0
789102,0
9239220,1
10264160,0
9628852,0
9694468,1
4039308,0
4879047,0
3125073,0
8016032,0
7443957,1
9986138,1
8159066,1
9768458,0
7321020,1
2350,0
7712997,1
6694062,0
6717501,0
1365742,1
2043835,0
9342917,1
1145713,0
5729010,0
9168730,0
5157183,1
7517091,0
10274338,0
9456717,0
5024051,0
1579590,1
7244180,0
7101882,1
9940027,1
6291619,1
3808066,1
10235725,0
6297339,1
9911441,0
9144235,1
9335962,0
9716062,0
9394731,0
739077,1
6671387,0
8193730,0
8136217,1
6107928,1
7470376,0
5800091,1
5152658,0
6405982,0
7714533,1
9971418,1
10201195,0
10229297,1
7522460,0
9567005,1
943336,0
1470545,0
9340040,0
9095362,0
7578724,0
2922693,1
9505596,1
3974853,1
9330753,1
9792134,0
9262333,1
3274354,1
8914268,1
7474766,0
3710827,1
4549033,0
5114114,0
7780636,0
4582750,0
10221874,0
4612234,1
5820135,0
3397688,1
7797274,1
4925601,0
6116828,0
2653131,1
6176211,1
10002926,0
7138836,1
6317541,0
4325943,1
1033328,0
9952422,1
7181385,1
3879636,0
1059666,1
9098577,1
8205545,0
3860296,0
9166580,0
801695,1
8375961,1
7959279,0
1955328,0
6256360,1
7564057,1
9306987,1
10248574,1
5268690,1
8898445,0
9909614,0
6819592,1
6208424,0
4395238,1
9546695,0
4988079,0
3780521,0
8689927,0
6770297,0
7998135,1
10011405,0
9163230,0
8910163,0
4918264,0
9384785,1
9979139,1
9377669,0
7191719,0
5243789,1
2502813,1
10136005,0
9094055,1
8391514,0
3607280,0
6482800,1
8390646,0
10011572,0
5384980,1
7073590,1
9108054,1
8634086,1
5327642,1
8540526,1
9893626,1
6676994,0
8571410,1
6978927,0
4590979,0
9516866,0
4222450,1
5676426,0
8658555,0
750172,1
2913121,1
9839999,0
8424415,1
9914171,0
7301428,0
10251940,1
2410691,0
5745614,0
646008,1
9678600,1
8603301,1
2982954,0
7552188,0
8047702,0
8297574,1
7237210,1
8215805,0
6170219,0
10003307,0
10102172,1
9390847,1
5899825,0
8569796,1
10218215,1
5089790,0
7120509,1
8634012,0
6476839,1
8556662,0
5725784,1
7023318,0
9921561,1
8722516,0
8514818,0
1520547,0
4642545,1
4901911,1
10254815,1
7474131,1
5485751,0
10178726,1
8846057,0
10203622,0
9963392,0
8576849,1
8548242,1
10230961,1
9985969,0
8842828,0
4536239,0
3448604,0
9271106,1
9815464,0
718823,1
5270907,1
9838550,1
5088346,1
9403141,0
8311674,1
9754640,1
566149,0
9899831,0
9596036,1
10111893,0
9302171,1
7611808,1
6715402,1
9962699,1
7439460,1
8806642,1
9193787,1
9773383,0
10211762,1
4655750,0
9281829,0
8729789,1
5408906,1
7284730,1
8111909,1
6615814,0
9995483,0
9796472,0
5810791,1
51650,1
5759440,0
4813135,1
9625262,0
7495616,1
8088921,1
5143675,1
9502946,0
9781374,0
6907774,0
9614347,1
1238521,1
8587106,1
3929307,0
9769510,0
2958251,1
3978509,1
307631,1
9876860,1
3993110,0
10104944,0
8460611,0
4509961,0
8556846,0
8316677,1
5259730,0
8992034,1
8526331,1
2062504,0
9283342,0
10086733,1
7572399,1
8450431,1
10202079,0
8555884,0
1900910,1
6115228,1
4861102,0
9139052,0
8658046,0
8062507,0
10143440,0
8646941,0
9210382,0
8516119,1
10192536,1
9615096,1
6996830,0
10056048,1
5650630,1
1486264,0
7479769,1
10226885,1
6968993,0
5661380,1
4934425,0
143042,0
308988,0
6588504,0
4558137,0
9442160,1
9835747,1
5070273,1
4217807,1
4501993,1
164116,0
9845406,1
9103195,0
6674427,1
8022071,0
2681498,0
10170295,1
8564321,0
5710450,0
3856946,0
7168364,0
6421076,1
8673598,0
9616936,1
9325983,1
8692918,0
5321806,0
3423980,0
8039052,1
1292880,1
8363469,1
4395919,1
8449696,0
5776286,0
8682491,0
5174854,1
6482695,1
8972956,0
9076642,1
7941647,1
8046591,0
6898926,0
8381635,1
1742575,0
6900622,0
7811622,1
10270352,0
10168728,0
9325079,0
8649746,1
8493247,1
4437501,1
43897,0
3037097,0
9176914,1
3220963,1
8000217,0
5974907,0
7785655,0
7472329,1
6196005,0
8055669,1
2088367,1
10038480,0
6996994,1
2834640,1
9113081,0
9730683,1
9108407,1
4883261,1
9551603,0
4837018,1
7007040,1
9323853,1
2964941,0
7169490,1
9479132,0
9322469,1
5113653,1
3478686,0
3326697,1
6644767,0
6687697,1
7668289,1
7755985,0
4255335,0
2798091,0
6702073,0
2739301,1
6610116,1
10110925,1
907322,1
10132574,0
2359271,1
8155092,0
6596764,1
10144136,0
2714932,1
9698053,1
9693414,1
9836318,0
5992959,1
7079934,1
8210591,1
1378322,0
9444706,1
10260338,0
1902893,1
9207316,0
6884582,0
8709427,1
2166748,1
7078063,1
9981272,0
3495951,1
7758486,0
9631850,1
8896748,0
8918741,0
342862,1
10017396,1
5846360,0
4430713,1
5756531,1
4757760,1
6192301,1
7526784,1
10011758,0
1639809,1
7363130,0
7203099,0
6328888,1
5422657,0
4033843,1
7966349,0
4810705,0
7953557,1
1148871,1
10160494,1
8739515,1
2226535,1
10119002,0
1811604,1
9367782,1
9779701,1
9472262,1
10274812,0
8210965,0
9013296,1
10049258,1
9823359,0
9645191,0
9205102,1
5938601,0
9811669,0
9802510,0
5136038,1
9892093,1
4515315,1
9783034,0
9967100,0
7444386,1
8686700,0
8414838,0
8081444,1
9621925,1
667893,0
784063,0
6819641,1
1109294,1
8170033,1
9526951,1
10186266,0
3753772,0
7430848,0
7458854,0
5321001,0
9165885,0
2794907,1
8832485,0
8565129,1
9833367,1
4178563,1
8317691,1
9765756,1
3294384,1
10186237,1
9983185,1
523883,1
6417611,1
8496994,1
6097944,1
4314029,0
5144139,1
1699436,1
7085638,1
6050113,1
6154148,0
8841168,0
10030243,1
5098254,1
6825185,1
4002040,0
5342541,1
4747017,0
8320819,1
10201805,1
6696329,1
6147365,1
9834109,1
7065879,1
5465058,1
7208120,0
8546248,0
7718614,1
2957065,0
740319,1
10272162,1
8845940,1
9826077,1
5789867,0
8820295,1
6284021,0
4908913,0
6631612,0
6434968,0
10154887,1
6746443,0
9895406,1
9261047,1
5035958,0
9354212,0
6732877,0
8736247,1
6289009,0
5007545,0
9423052,0
10217642,1
2597175,0
9323668,1
9728027,1
1933303,0
5332123,1
4395276,0
6123454,1
9923629,1
5292030,0
8917942,0
7097677,0
2571956,1
8814983,1
10244593,0
10151889,1
1349510,0
7466971,0
5008896,0
9699017,0
9793700,1
10276392,0
2801905,0
1781720,0
10044343,1
5436272,1
5108430,0
8774550,0
5686357,0
4276976,0
7742575,0
6427355,0
6719774,1
5713844,0
8496248,1
10264178,0
9839226,1
56364,1
10172381,0
7041993,0
1603031,0
1997011,1
1497604,1
150731,0
9563016,1
1753985,0
9567095,1
9214148,0
7421694,1
8509095,1
4902323,1
8902855,1
9885375,0
132378,1
9110369,1
8864597,0
7881775,1
2414855,1
1170314,1
9994312,1
7780583,0
8825212,0
5911142,1
9368996,0
7711918,0
4161935,0
1235814,0
2528992,1
9652664,1
2556960,0
533728,0
5203113,0
7968781,0
9944634,0
1348510,1
10007255,0
6025300,0
9808055,0
8232262,1
9971964,0
7805087,1
3871033,0
5227604,0
8189901,0
10258107,0
9215282,1
312516,0
6118692,1
8780133,1
8509059,0
9897067,1
6860593,0
9525065,0
9364475,1
7026999,0
6088364,0
7188360,0
8153176,0
8566579,0
8121845,0
9915339,0
9809369,1
8401632,0
10215296,1
842868,0
6869958,1
3838660,0
5686272,1
5760055,1
3253046,0
6347237,1
9976479,0
3441731,0
2080450,1
5854112,0
9905293,0
7309369,0
2586180,0
8128255,0
5916494,1
363131,1
8779013,0
9239062,0
3617855,0
9887613,0
9799135,0
5721134,1
4419395,1
6239010,1
8030361,0
6236928,1
9383035,1
7208409,1
459942,1
243627,1
6765450,0
55077,0
2076531,1
9554348,1
5720571,1
4443588,1
6597835,1
5981673,1
3401639,0
8588543,1
10277041,1
3890588,1
2376369,1
4844836,0
6808532,1
5541944,0
8020934,1
9225215,1
8891144,1
9582630,0
9515505,1
4922288,0
8718188,0
3776779,0
3924188,0
10245869,0
9923325,1
5374743,0
8203558,1
2848913,1
7522971,0
2131165,1
6097812,1
5544372,0
6984390,0
2589554,0
6155552,0
8214430,1
8712453,1
1195208,1
9236838,1
8418128,0
7487670,0
8311226,0
707758,1
223389,1
8071211,1
3914504,1
1413504,1
8730532,0
3782067,0
9760759,1
9856294,1
1936163,0
9904684,1
6129765,0
10024374,0
1503944,0
34738,1
4273459,1
3647955,0
1432991,1
936761,1
8618761,1
7208753,0
8425937,0
9003988,1
10200890,1
8817594,1
4786860,0
9218037,0
3444604,0
133267,0
9871859,1
9865674,1
8669171,1
10276001,0
8666216,0
9142456,1
3019388,1
7190300,0
6152682,0
9516302,0
6834055,0
9823213,1
7795127,0
10058068,1
7655274,1
3291264,1
2238910,0
8876041,0
5869534,0
2856093,1
8587960,1
8844005,0
5127010,1
9931355,0
6434372,1
7797193,1
10060007,1
4021164,1
6675137,1
7910238,0
8218819,1
9127550,0
9244416,0
9958365,0
9854097,1
10232231,1
9756111,0
8606245,0
9625322,1
10042012,0
10240495,0
9399968,0
6073647,0
7448366,0
1872614,0
4692917,0
1354452,1
3320814,1
5657848,1
10277537,0
3128918,0
9825825,1
9249846,0
10107975,1
6882045,1
10031727,1
9809676,0
5349739,0
9607309,0
7782158,1
5162344,1
5914402,0
6667360,0
9460708,0
23547,0
4978324,1
9519884,0
4068339,0
10053530,1
6101482,1
8916694,1
2667992,1
154429,0
10226524,1
7122888,0
8834228,1
8481852,0
9378830,0
6858383,1
90986,1
335700,0
9901906,1
8618536,1
7550168,1
7257417,0
6363454,0
10140701,0
276912,0
8352214,0
7296760,0
4025574,0
10262844,0
4526918,1
6386042,1
143966,0
5793509,1
9029365,0
8133776,1
722464,0
7458070,1
5087883,1
4023418,0
9414888,1
1370098,0
8704738,1
3290245,0
10107407,0
5232102,1
9957549,1
10234748,1
5105037,1
9900275,1
10076924,1
9270623,1
8471064,0
9381769,0
4718479,0
9215583,1
8601815,1
3903914,1
3854029,0
9443256,1
520438,0
8008392,0
4330592,1
10135054,0
9308057,1
9847679,1
8183014,0
190911,0
9305370,1
7681915,1
9827207,1
10016430,1
6171119,1
8859781,0
9825837,1
6883084,0
8514417,1
7535733,1
8789781,1
5781957,0
7786670,1
9715472,1
2011841,0
8636887,1
9855471,1
10037935,1
9272214,1
9257429,1
4916310,0
2951661,0
3442478,1
9704288,1
7108248,0
7212209,1
10121727,1
6178416,0
1090618,0
9579629,1
7875832,1
8749720,0
1338977,1
115824,1
8636954,1
7065833,1
1871316,0
7884894,0
5986657,1
10242300,1
10055329,1
8358449,0
8642176,1
8653952,1
3538,1
8478823,1
7756355,1
5461663,0
5668309,0
6667792,0
8976294,0
6335204,1
1111235,0
1551617,0
9035408,0
9322289,0
2628875,0
6428300,1
8520728,0
6620322,0
7187461,0
6359766,1
5802225,1
6862014,0
5337821,1
2343421,1
5402053,1
9328753,0
5038750,1
7113122,1
8675875,0
9661681,1
643211,1
8205493,1
9307949,0
6299380,0
10177897,1
9252641,0
10226237,0
8681045,0
9961618,0
8617113,0
7421266,0
1701480,0
8722537,1
9848236,1
7488405,1
2125224,1
10230346,0
1405909,0
2484580,0
5010635,1
7406565,1
9790308,1
8111873,1
6142829,1
3080760,0
8553511,0
9229743,1
4926591,0
3665179,0
8904090,0
6572854,0
3735950,0
7658027,1
7943168,0
6227052,0
7142486,1
8999098,0
6053906,1
937680,1
8418558,0
8848914,0
7030706,1
3862331,1
4623460,0
4124651,1
9569460,0
7165778,1
9022738,1
3375214,0
9958622,0
1645423,1
9629638,0
7048094,0
8087489,1
9981536,1
8022247,0
8828335,1
4860572,1
9691452,1
8135490,1
7805117,1
8917423,1
6732668,1
1607129,1
5635134,1
7653810,0
3493271,1
9955775,0
8974802,0
7815161,1
9876953,0
4903427,0
7625879,0
8159083,0
8902326,0
7649285,0
5299305,0
5623488,0
8352007,1
9577536,1
9533886,1
7742661,1
9592385,1
5953428,0
9095708,1
3516691,1
5664039,1
6431694,0
2878109,1
6288419,0
9199440,0
7790634,1
7561892,1
7539810,0
9777628,1
7908402,1
6712164,1
5462907,0
7344533,1
8671643,0
42762,0
8911763,0
6194877,1
8737548,1
1749571,0
9903035,0
7135463,1
10245481,0
10141494,1
276680,0
8084283,0
10213123,0
9587580,1
8892854,1
7399594,1
2928845,0
8622972,0
2339189,1
5324946,1
3095132,1
8613929,1
108413,0
7143066,1
5945630,0
9096541,0
3154647,1
8886351,0
9831226,0
7910554,1
4401053,1
361185,1
9092826,1
10152257,1
660702,0
5163204,0
7507806,1
6569823,0
4587910,0
8097214,1
7122633,0
8904480,1
9988261,0
9987432,1
6998903,1
9368712,0
2722726,1
2038269,0
9629508,1
9987607,0
1651819,0
10273817,1
266755,0
8407988,1
1475194,0
1991011,0
5872877,0
2163240,0
3433958,0
2631178,1
9313176,0
5159373,0
9903522,0
8269223,1
9952794,1
3136655,1
6486732,0
6045610,0
8311992,0
9710475,0
8978081,0
7159171,1
303141,1
2521867,1
4948615,1
1568684,1
8025808,1
9398109,1
9590978,1
8317455,0
7245690,1
7900400,0
3997147,1
4400539,0
5454273,0
1404622,0
7521435,0
2926766,1
7931835,0
9500228,0
3859156,1
9073072,0
10161450,0
10094636,0
7911376,1
6288160,0
9530428,0
8928962,0
1960110,0
5974488,0
10227480,1
9403108,0
9224667,0
4284480,0
9704153,0
6033252,1
6035175,0
7656832,1
8076643,1
6120285,1
5671697,1
9692385,0
8817602,1
2039295,0
6577770,0
6741953,1
9608714,1
9791804,0
9423265,0
4126501,1
3937177,0
523903,0
10258356,1
9013966,0
5323743,0
9965835,0
5900727,1
7579449,1
10215253,0
4498223,0
4194719,1
3832808,1
5873098,0
9218592,1
6835459,0
1410507,0
9643251,0
8341222,1
10177710,1
3911318,0
5130462,0
9755820,0
7800533,1
9200588,0
4994635,1
7086429,0
9372427,0
8626514,0
9745571,0
4597776,1
8712730,1
2010993,1
8940200,0
7843779,1
3081259,0
9464716,0
9970659,1
10069565,0
10126136,1
9178110,0
9661668,0
9875511,1
2992346,1
8726507,1
9146956,0
4491397,1
10180367,1
4042030,0
8586650,0
1389397,0
10196581,0
5769731,1
6969416,1
8032396,0
6062272,0
7418541,0
5930789,1
9379032,1
9896702,1
8481291,1
5854065,0
8686955,0
5133740,1
1419994,1
9435428,1
8093383,0
10225074,0
6976899,1
5976779,0
1446898,1
5927900,0
7260103,1
8190745,1
6691710,0
9198666,1
10027158,0
6437671,0
9648818,0
4687697,0
7025322,0
6139015,1
960294,0
1280758,1
9603691,0
9949128,0
8382696,1
8225461,0
7800684,1
8519180,1
1952042,0
254140,1
2015219,1
9885444,0
9972888,0
4802467,0
3425900,1
8477727,0
8793251,0
8937727,0
9120404,1
5781048,0
5449368,1
2692510,0
7644423,0
4617537,0
9231847,1
7463606,1
7324973,1
7963377,0
499008,0
7618628,1
8073815,0
7965970,1
7594769,0
9850924,0
8709771,1
9850373,0
9071994,1
7473038,0
8888349,1
8174555,1
15919,1
8932939,1
5923402,0
500845,0
7618612,0
2427662,1
8949816,1
9979475,0
569337,0
9077165,0
9777330,1
2644645,1
9321795,0
8915022,1
10058117,1
9690189,0
9456580,0
4869029,0
9835321,0
6723849,0
9387628,0
6921848,0
5495643,0
64290,1
9461678,1
7570090,1
8167130,0
3548120,1
4823593,1
3621004,0
5366577,1
9681855,1
6127817,0
5467078,1
3454636,1
8545097,1
4276971,0
8808154,1
5450016,1
6958748,0
3444387,1
8433824,0
5599340,0
8183691,0
7629817,1
9992659,1
7533524,0
379044,0
8135907,0
4792820,0
8298844,1
8888593,0
6098097,0
10231073,1
10254691,1
1084836,0
10199228,1
8746083,0
9036635,0
9679801,0
6495005,1
9766125,0
9432490,0
7849879,0
5407729,0
6604034,1
5638534,1
5552180,1
7437217,1
1276678,0
8892354,0
5811287,1
8631652,0
10240381,0
7119316,0
2550838,0
9641326,0
7977115,1
8092486,0
3920163,0
8037163,0
6063742,0
9141742,0
9590748,1
649020,0
5895348,1
103672,1
9786937,1
50383,0
7011535,1
9964936,0
3606847,0
9579691,1
1919721,1
693596,0
4840337,0
4763664,0
3593827,0
1106731,1
9397540,0
7178542,1
3570809,0
8121171,0
3040786,1
7654385,0
9973943,0
4058616,0
1737058,0
7796599,1
4267706,1
2557499,1
6069712,1
2076360,1
9132327,1
5953266,0
9782594,0
520946,0
10120650,1
2318969,1
5071339,0
3480841,0
8558413,0
7307327,1
10136702,0
7406476,0
7689995,0
230900,1
2055611,0
5880219,0
3316550,0
7221659,1
2816961,0
3553969,1
1983177,0
9893926,0
10022488,1
6436855,1
9656571,0
10138988,1
415694,0
5481070,0
4152783,0
5042757,1
2116863,1
1820133,1
1640188,1
5992327,0
5724504,0
5537068,0
9335337,0
6701404,0
8137321,1
396294,1
7287945,1
10271639,1
9732670,0
3289550,0
8079438,0
9926564,1
7160186,0
8072601,0
10161757,1
8352112,1
2910068,1
8596621,1
3016967,1
41551,1
5378532,1
7332416,1
6094349,0
3082251,1
9533746,0
9298596,0
2685325,1
4412643,1
4485497,0
4588943,1
235601,1
6572699,1
8187943,1
231469,1
9652370,1
9437555,1
9068366,0
4809373,0
9848489,1
9206721,1
6779650,0
8361949,1
8188713,1
6813541,0
3942443,1
9210870,1
9970020,1
10124301,1
4304830,0
8344085,1
3245694,0
1111864,0
8177957,0
535354,1
8851720,0
4827540,0
6850695,0
6475300,1
6560002,1
9289846,1
7743491,1
7949074,0
8843933,1
3443881,0
6694357,1
9240535,0
10167475,0
9749438,0
5114663,0
8915082,0
9583979,0
9787351,1
7667982,0
8100704,0
6384952,0
5494320,1
9270298,1
1407269,1
9441017,0
6470172,0
3215070,0
7137316,0
8153532,0
9597359,0
9065614,0
4890278,0
9526604,0
2562081,0
8518442,0
1422510,0
7462505,0
5585932,0
10132419,0
9643358,0
9719,0
1638107,0
8730958,1
9437051,1
7935739,1
6831536,1
8070465,1
2188639,0
7468451,0
1182959,0
7765541,1
7788279,1
9586389,1
7780248,0
7801092,1
9689442,1
4781912,0
6887039,0
3069020,1
9073777,1
9691624,0
8699044,0
7057745,1
8173176,1
5101816,1
2585752,0
7172724,1
5217584,0
9693053,0
7589051,0
8417486,0
4347525,0
8670065,1
7563352,1
8419929,0
8645135,1
8755047,1
6512777,1
9990901,0
10103883,0
9437735,1
7997658,0
9743085,0
5488313,0
2499545,1
9716355,0
9132357,0
8501010,1
8581920,0
8552906,1
8386392,0
4212218,1
9803985,1
4660060,1
806900,0
8919490,0
2040604,0
3229161,1
9619487,1
8899838,0
4777429,0
648886,0
9354697,0
1402499,0
9322986,0
7308377,0
7674365,0
404119,0
4935134,1
5051963,0
471081,1
9946667,1
2529650,1
830403,0
9756688,0
9420581,0
8569876,1
6861784,0
9462547,1
8514333,0
8587070,0
9411421,1
8590314,1
9834797,1
2811245,1
4742828,1
8694889,0
7718908,1
7677397,0
8733107,0
9323736,1
7940562,0
7939653,1
6247233,0
4853025,0
858720,1
7579335,1
4977148,1
9786719,1
8834181,1
5682240,0
9951449,0
8052607,0
6405462,1
5199846,1
8716378,1
1355472,1
8731332,1
3027181,0
10112195,1
6034230,1
3147780,1
9779596,1
8752670,0
6166607,1
8060901,1
8898897,0
9678664,0
9683685,1
8205754,0
3024138,1
8102061,1
5853790,0
3073715,1
9621036,1
8019786,0
8636135,1
42607,1
10111795,0
7874164,1
251519,1
8527447,1
10243016,1
8582636,0
8821123,0
9271116,0
2318169,1
186656,1
9269077,1
2037636,1
8309241,1
8369078,0
3787470,0
7526889,1
10019392,0
5366862,1
236971,0
7250854,0
7651720,1
10190997,1
7080611,1
8623897,0
2133371,0
10210139,1
1444201,0
8114050,1
7831651,0
3219384,0
605002,0
9935604,0
9725301,1
6474570,1
6301484,0
9087846,0
8742573,1
7114907,0
5804981,0
7274556,0
4534883,0
6161065,1
8974693,0
5965520,0
2684084,0
4715661,1
7418534,0
9138794,1
8430585,1
5151951,1
6220020,1
7102049,1
6609531,1
919093,0
9555063,1
1446452,0
8907792,1
6163450,1
10103419,0
8815146,0
1072222,0
9374816,0
8948854,1
8802265,1
7856604,1
7201403,0
10124386,0
6908703,1
5533057,0
6807024,1
9153222,0
9818689,1
5388644,1
9704260,1
1605030,0
5098947,0
645383,1
5336298,1
8605918,1
1907060,1
10106421,0
4777943,0
8786423,1
9795318,1
4262865,1
9806036,1
9674672,1
3815445,0
9427191,1
7494387,0
3700251,0
454056,0
7547412,0
7174560,1
2988270,0
9458768,0
10230239,1
9408041,1
6157569,1
5807218,0
7329736,0
7219865,1
5256901,1
2138332,1
4524539,1
7800048,1
9123911,0
5459602,1
6027001,0
5069324,1
9501130,1
9760902,1
5796180,1
9156168,1
499243,0
8550433,1
8723595,1
8560241,0
10255024,0
2985644,1
2935771,1
8511792,1
5791835,1
5177165,0
7472683,1
7227915,0
3238317,1
10260325,0
5462306,0
8947644,0
2304737,0
9875436,0
9251634,0
3256647,1
8879388,1
1486640,0
6392185,0
5943241,1
7695632,1
9845348,1
9741740,1
5774191,1
10270508,0
1907266,0
9301842,1
701286,1
1951719,0
5281375,1
3887045,1
10115171,1
9503075,1
9631515,1
8999556,0
8951182,1
3084758,0
6339977,0
7657029,0
6430462,1
7240382,1
10093275,1
3548582,1
9950945,0
4886694,0
8393724,0
8361184,0
9484827,1
7473228,1
9468423,0
6794805,0
9467222,0
4645764,1
10200233,1
4229713,1
267525,0
9780510,0
7454801,0
3700262,0
5874844,1
9744296,1
10063878,0
6369154,1
10231392,1
7383317,0
7740469,0
4350871,0
3072361,1
9283337,0
8795001,0
6021194,1
9775166,0
3847410,0
3480871,0
9136101,1
9591046,0
6800078,0
9834792,0
10078152,0
9442241,1
8906868,0
9202792,0
9849397,1
7885819,0
7890878,1
3922613,0
5743526,0
8180877,1
7441929,0
7343885,0
857608,1
1895498,1
4570354,0
8626919,0
9186205,1
9415030,1
8669102,0
9750114,0
527451,0
4468234,0
6304315,1
6606100,0
5981875,0
1723805,0
9820085,1
10275091,0
8060992,1
9684784,1
8869143,1
1732827,0
6416034,1
8830365,1
8480253,1
10221957,1
8895464,1
8725509,0
2467316,1
9608900,0
7471649,1
9607894,0
10272458,0
10261711,0
7919690,0
8919798,0
10152663,0
6156688,1
1201911,1
9172518,0
8164221,0
3314911,1
5607046,0
8329836,1
7778275,0
6438114,0
6252862,1
6604543,0
6743735,0
7718857,0
7568225,1
3446509,1
8791126,0
8682334,1
8693591,1
7054869,1
6896743,0
7398940,0
4507980,0
4537863,1
8203569,0
9819731,0
8590074,0
7243633,0
2655568,0
1144442,1
9427486,1
3162680,1
8521487,0
6032947,1
9417165,0
7577976,0
2569486,0
1540773,0
9142092,0
9732714,0
8606764,1
73719,0
5377493,1
9768485,1
2920381,0
7874298,0
8379683,0
2171502,0
1042493,1
9456842,0
9081864,1
5787380,1
9898739,1
2270234,1
3504565,1
8809180,1
6679264,1
5461672,1
10188396,1
1494123,1
7291250,1
7892340,1
526847,0
5024409,0
7250505,1
8744484,0
2369890,1
8066437,0
2631693,1
10097855,1
10253287,1
4803536,0
8396150,0
8097308,0
10174976,1
8189786,0
1149716,1
9876162,1
8632892,0
8819833,1
10032304,1
6035946,1
9701838,1
1918394,0
7625776,1
10074037,1
9268060,1
9702762,0
9529013,1
5657638,1
1167862,1
9600019,0
2887812,1
7960223,1
7857637,1
4067852,0
7433323,0
9301505,1
8939804,1
143665,1
10144150,1
3918931,0
2573540,0
9423497,1
2296766,0
2513182,0
10233066,1
8512486,1
4039782,1
5273867,1
9910391,1
8880742,1
5719194,0
9083859,1
5822899,1
10051129,0
8753646,0
3358610,1
8001344,1
9113168,0
9384822,0
4494890,1
6393365,1
8400065,1
5856162,1
988839,0
7278949,1
4104294,1
10111506,1
9028028,1
10191385,1
9510094,1
8699529,1
9548716,0
9909055,1
3913729,1
9978547,1
2141361,1
6558799,1
8431098,1
9280559,1
9277070,0
9732992,1
6876968,0
7290731,0
3795167,0
7580296,0
10182084,1
7476401,0
9372574,0
8548411,0
8929118,1
10273493,1
7301907,0
6343492,1
5994167,1
9630140,0
7737043,0
5498552,0
7927434,1
2055677,0
163643,0
7520337,1
8516705,1
5949564,0
8728423,0
3183655,1
9813492,1
4746600,0
6932172,0
9421580,1
8761442,0
9895617,1
9936129,1
9903621,1
1410340,1
9428845,1
8367829,1
7155894,1
3854230,1
5894883,0
3338290,0
2578628,0
9211986,1
7986682,0
3498189,1
6390677,0
8899758,0
4525389,1
9785789,1
8199345,0
8370906,1
9387,1
9703488,0
6469711,0
6778164,1
9613810,1
1244861,1
4188831,1
3830926,1
9563883,1
5149852,1
228326,0
8849233,1
7624917,1
8617063,1
10125444,1
2877057,0
9638786,1
9012788,1
7281803,1
272730,0
9607019,0
3853146,0
3442823,1
8519483,0
1544661,0
8743042,0
9466097,1
5792488,0
8716598,0
5316525,1
1237008,0
9137958,1
3823154,0
43450,0
9491102,1
1901705,0
6644737,1
93096,0
9474798,0
4824011,1
3071689,1
8778436,0
7009208,0
1791031,1
8879454,1
161785,0
7496156,0
10222788,1
10238136,1
9925878,1
9119700,0
8724768,1
3527249,1
2766976,1
9325460,1
6246577,0
9152139,0
7510368,1
9245053,1
1911275,1
9655897,0
10174766,1
2751500,0
9877453,1
8641802,0
9981739,1
9728680,0
9900338,1
9212051,0
9786761,1
471628,0
8622801,0
7533000,0
9573146,1
814019,0
7771104,1
8607130,0
7832046,0
5073129,0
7857157,0
5533386,0
9462621,1
4635119,0
9831059,1
5656805,1
9754095,1
6581962,0
860903,0
9588618,1
8281321,0
4552027,0
7445967,1
3283038,1
9822097,1
5300649,1
10036762,1
2468372,1
6245418,1
5028576,0
10021207,1
9286290,1
7695563,0
4793564,1
3854341,0
8253850,1
3717969,1
9576085,1
8907421,1
4571848,1
8825211,0
6763302,0
5867763,1
5807582,0
5294704,0
4808504,1
3308928,0
9587685,1
4332863,1
9466654,1
6640635,0
6256056,0
9816498,0
7502885,0
7716646,0
5383356,0
1616975,1
9409941,0
9006226,1
9321470,0
6526593,1
9783452,0
8383997,0
8531583,0
9233795,1
8361813,1
1018706,0
3119546,0
6046859,1
276908,0
2939116,0
1872342,0
7656328,1
6313433,0
1583672,1
7657406,0
8582897,0
1917891,0
4636722,1
3684071,0
6238401,0
9825222,0
1190615,0
10265945,1
5067881,1
9439225,0
5486154,0
10227413,0
7917053,0
2145210,1
8179104,1
3973553,0
6677095,0
72858,0
4499091,0
566250,0
10227310,1
9982473,0
8110827,0
786376,0
6022561,1
9149585,1
9983575,0
9684839,1
9913582,1
9520748,1
9985706,0
10169612,1
10007837,0
10079574,1
9270959,0
7126211,0
9449477,0
9645644,1
5489806,0
8630675,1
6435300,1
6931971,0
9430509,1
3097452,1
7469965,0
8852436,0
1646738,1
9537006,1
3780152,0
9100615,1
5007031,1
9804922,1
10247257,1
9104860,1
7425600,1
6449765,0
7321462,1
3793015,0
9891708,0
3979236,0
7657975,1
5478944,0
9531580,1
8903979,0
6979814,0
9250965,1
4138643,0
8737605,1
8722190,0
10183348,1
8620897,0
8014182,0
5989765,0
7059518,1
3957109,0
6685958,1
2246816,0
6386329,0
9861500,1
3493572,1
8454873,1
1540974,1
7716734,0
7948814,0
6808464,1
6440207,0
8070553,1
1343621,1
7101089,1
1898605,0
10047710,1
7537263,0
3296591,0
8023930,0
8185798,1
6079000,1
4112194,0
8585681,0
9543421,1
9248075,0
7985376,1
5472653,1
8031768,0
3066729,1
7625097,0
8279206,0
9371398,1
1695848,0
8094365,0
9023774,0
4529846,0
9262769,0
8634057,0
3652436,1
6286959,1
10247661,1
3874748,0
4331173,0
5666782,0
6143812,1
7886395,0
477682,0
7090369,0
1369551,0
9685093,1
6713219,0
6081792,1
8932947,1
5355160,1
9202648,0
9270677,1
9826363,1
9161479,1
7196461,1
2465237,0
9613022,1
6060326,0
10276903,1
5151178,0
7077521,1
6252170,0
7091358,1
8726981,1
5181131,0
9203227,1
8407304,1
8712690,1
7987630,0
6703309,1
9429713,0
5830211,0
10215129,0
9925315,1
7354016,0
3024731,0
8673090,0
4874698,0
432911,1
529694,0
6558376,0
7916972,0
8821145,1
1074512,0
9770239,0
6630918,1
6556246,1
6910667,1
9794836,0
9317965,0
6888204,0
10156693,0
2247477,1
6651711,1
3195201,0
4115550,1
4268099,0
4426067,0
5873560,1
7273347,0
6899064,0
971348,0
4406291,1
2086488,0
5289426,1
4542467,0
6831812,0
8610807,1
8897013,1
6075839,1
8003933,1
6027918,1
6633309,1
5180277,0
9567196,0
9252003,0
6164367,0
5250405,1
5445612,0
7159377,0
9773092,1
5722084,0
7555859,1
10113855,1
4114134,1
8858685,0
2507528,0
8935740,0
9833707,0
7315897,1
6839024,0
9132500,1
6943722,0
3627167,0
9994699,1
9442342,0
3854165,0
10255548,0
2904819,0
10037422,1
5682993,0
2056963,0
7226084,1
9304260,1
8514399,0
9069444,1
7886844,1
3424724,0
6056813,0
3596245,0
275177,0
7468576,0
6415874,0
7378575,0
2700330,1
1535841,0
3984051,0
7765528,0
7122080,0
2410091,0
851019,0
6361614,0
9330337,1
1538105,0
9686709,1
6784961,0
2233902,1
2487379,1
9918921,1
6074268,0
7327420,0
4825233,1
10130626,0
10070761,0
9480028,0
9424663,1
9667976,1
9082882,1
4049210,0
4455338,0
8394107,1
663854,1
9778567,1
10206034,0
1306594,0
6426582,1
9136825,1
4586627,1
8759501,1
3122216,1
9580849,1
9716977,0
1761274,1
5551873,0
9484856,1
4543719,0
4177145,1
9625307,1
8367798,1
9205139,0
7067033,0
8515718,1
9131788,1
8032420,1
1574328,0
6030307,1
5807913,0
78753,0
9968900,0
3495962,1
4519082,0
6573811,1
9083066,1
380984,0
9436773,1
191898,1
8140967,1
9283111,0
1789004,0
7537805,1
8907766,1
8005612,1
7770770,1
3602814,1
5987200,1
9245904,1
3923101,1
7498442,1
4055362,0
8816199,1
9252288,1
9673985,0
7599517,1
6824363,1
8775282,0
5561133,1
8707235,1
7989360,1
1231670,1
4581541,1
7491583,1
7340556,1
6908486,0
2241126,1
1564792,1
5701303,0
5786157,0
8495504,1
9198742,1
3167682,0
5882301,0
8150473,0
9553154,0
9095683,1
4095856,0
10057988,1
2166691,0
10100239,1
8651186,0
6373800,1
714337,1
8016805,1
3877202,1
9869306,0
6630523,1
1946770,0
9491935,0
9588912,1
6505215,0
3907165,1
8660698,0
6931211,1
7202278,0
6049399,1
8777479,0
5936336,0
9998321,0
7864094,1
9311948,1
620893,1
10085465,1
4882856,1
8457065,1
7513219,1
2480193,1
4992047,0
4440915,0
956622,1
9975582,0
4350399,0
8151423,0
8345034,1
9879452,0
1170,0
5721370,0
8346640,0
8392940,1
9389017,1
8438950,0
7235697,1
4834371,0
10185126,0
8384861,0
7419365,0
7211007,1
7770939,0
545550,1
8782196,1
6048138,0
10224369,0
4197662,1
3123604,0
9722446,0
9474841,0
3360233,1
2761229,0
5711325,0
10070171,1
5318011,1
8665332,1
8617979,0
7420217,1
3843753,0
5938769,1
9216482,1
382706,0
2162490,1
9726867,0
9837853,0
8382669,1
6369064,1
8830756,1
968643,1
2837154,0
3503344,1
6465890,1
93701,0
8818867,1
7532745,1
9905080,0
9228156,1
8056111,1
7271455,0
4638294,0
4382815,0
9293315,0
1643440,1
4822367,0
8209016,0
1965314,0
5460491,1
5450971,0
9558818,1
5384929,1
6190805,1
10183337,0
8839921,1
7887698,0
10153314,0
9940386,1
8789489,1
2485699,1
6064779,0
5523360,0
649949,1
4455812,1
7307715,1
7734567,1
5924443,0
9208748,1
3294312,0
9637477,1
710902,0
9752847,1
7247756,1
7041376,1
5225264,0
7722572,1
10226649,0
4499022,1
3449471,1
6259988,0
8702297,1
7920277,1
9660569,1
8062485,1
8017368,1
9568047,1
9428703,0
7544819,0
9080509,1
8409065,1
2510625,0
7563378,0
4419256,0
7293061,1
10055260,0
7217246,1
10070716,0
8746595,0
1147416,0
10003601,1
2523194,0
3823509,1
5285459,1
9914597,0
10262322,0
8581273,0
10006916,0
8732745,0
4836626,1
3556624,0
7991230,0
4204945,1
5711370,0
3601113,1
1855657,1
4065669,1
285879,1
9206324,1
10019765,1
7613594,1
7309008,1
10248001,1
5867372,1
3681642,0
10155701,1
8551771,1
4151612,1
1352565,0
5307868,1
9688232,0
5236986,1
9457549,0
5325466,0
7371985,1
6581990,1
3713325,0
85380,1
6109301,0
8968889,1
7727405,1
4957264,1
5468489,1
9784213,1
502408,0
8679427,1
7134446,1
9848432,0
9899427,1
9907059,0
10046107,1
2260298,1
8606752,1
8257585,1
8547026,0
10025713,0
1308190,1
1865278,1
8725669,0
8010317,0
8021712,1
10262713,0
9356610,1
7656749,0
8182053,0
4606879,0
10203291,1
1091846,1
9415907,1
7902309,0
4751787,1
8966303,0
8892395,1
8186350,1
4568578,1
7484356,1
6290549,1
9368381,1
1690108,1
1279795,0
6203145,1
7054893,0
8383070,0
6206094,1
9478285,1
9741145,1
5059702,0
5771151,1
7511344,1
7091608,1
898166,1
9992367,0
9820097,1
8585380,0
8512096,0
4830378,0
6487745,1
4000551,0
7841725,0
8431036,0
4999750,1
9444277,1
10008885,1
5412428,0
7791243,1
10241375,1
700396,0
2597777,0
9342626,1
7137861,1
8778660,0
2108086,0
1748457,1
7037079,0
7059676,0
5246655,0
8461094,0
7956194,1
7238371,0
9973090,1
2814465,0
1507600,0
8623112,0
5428449,1
9536876,0
302310,0
8142633,0
9403985,1
10148465,1
3990634,1
8250326,0
304077,1
10064485,1
9292940,0
6751303,0
3061150,1
9837764,1
8207550,1
2101748,0
2521003,0
10104373,0
8569310,1
10024967,1
3261331,1
8836046,1
7412129,1
8673367,0
9881718,1
2489464,1
6927362,1
525883,0
6257872,1
8780571,0
7061120,1
7298886,1
7794273,1
8503811,1
5447332,0
3199633,1
7792752,1
6095986,0
9244642,1
8441666,1
8917037,0
8158391,1
1084964,1
7920210,1
2087601,0
7351608,0
9566508,0
4563842,1
8637410,1
3440566,0
7907080,1
5581188,0
8768838,0
9159305,0
7017115,1
10023328,0
510947,0
10148538,1
7224606,0
8903301,0
7310668,0
6563268,0
5451514,0
7440759,1
8310529,0
7275201,1
6046760,0
8025684,0
8369295,1
10184768,1
9932330,0
3775688,0
7473852,1
2662920,0
6964128,0
9462555,1
5448848,1
6388726,0
5821412,0
4628804,0
9582254,0
7680409,0
4661816,0
8349124,0
9746387,0
4651593,0
6693500,0
5580284,0
6640235,0
7013235,1
2692963,1
37677,0
9184281,1
9539585,1
7567947,1
5436495,0
9422249,1
6103354,0
8201093,1
9050559,0
5901367,1
5148311,1
5189169,0
9023966,1
1048690,1
1913407,0
7484569,1
10073717,1
10113314,1
9426793,1
8817896,0
2093722,0
3919746,1
1332934,1
6724218,1
8001298,1
7999599,1
9495051,0
8784831,1
7377164,0
7179376,0
6861777,1
9296604,0
6370920,0
3608706,0
9129718,1
6123727,1
3678330,0
8465312,1
8457793,0
9015493,0
5510339,0
8760446,0
10114279,0
8295802,1
5223793,1
10167733,1
10068158,1
7062835,0
7114692,0
4618877,1
6313937,1
10275311,1
839118,0
5670300,1
8913761,0
7705169,0
10170473,1
3463482,1
3605175,0
10264740,0
6404025,0
10154779,1
9273972,0
9740016,0
6036311,1
9241015,0
6397379,0
8533278,1
3935380,1
8794022,0
196289,1
5425935,0
8742231,0
3421279,1
9835509,0
3036464,0
5285434,1
6430971,0
8386328,0
8074495,0
10218657,1
8893774,0
10078798,1
6372081,1
10242503,0
8825761,0
1897187,0
2300773,1
10072493,0
9111053,0
9098290,0
2699247,1
9261430,1
5352645,1
8406523,1
6814046,1
9312544,1
5559547,0
6055502,1
9910616,1
6302851,0
5861776,0
9411998,0
3775417,0
5121936,1
8974094,0
8860923,1
8926750,0
8368953,1
9907928,0
3230608,0
9707235,1
8641423,1
9219448,1
7725259,0
8568564,1
1145592,0
10053750,1
7425748,1
9998991,0
4037793,1
9566175,1
5095060,0
5215051,0
10064137,0
9899218,0
4955474,1
5107181,1
4670660,1
726339,1
1081463,1
3905518,1
7973786,0
9619697,0
2424246,0
7802816,1
8204052,0
4773522,0
7305842,0
4956245,0
4371572,1
626545,1
9311879,0
6770103,0
6155841,0
9215757,1
3399719,0
1204878,0
8147428,1
5414586,0
5939062,0
4134831,0
6387697,0
8817093,1
10104253,0
3095884,0
9468917,1
5317532,0
136422,1
7772765,1
9898756,1
9212246,0
9865778,1
7651533,0
9703225,1
9877423,0
9443536,0
1333134,1
783186,1
5942486,1
6237414,1
7560251,1
9357272,0
6014145,0
461468,0
8600059,0
898167,1
4748490,1
7495339,1
988852,0
8673552,1
6428774,0
5966396,1
5388989,0
10245412,1
6842272,0
3153470,1
10236512,1
5550896,1
8104925,0
2851751,0
3170911,0
5822914,1
6728174,1
8772363,1
8918822,0
1082166,1
8537692,1
6123099,1
10130787,1
7141720,1
8319089,1
4877829,0
7733728,1
4493687,0
619105,1
7798945,0
8723006,1
484137,0
5422328,1
4179761,1
7128871,1
8904874,1
9133366,0
8934700,1
9782708,0
9766918,1
7920378,1
6801349,1
8198561,1
8533302,0
8679617,1
7995471,0
7439046,0
6226923,0
9885433,0
7423086,0
6908826,1
8519431,0
3069232,0
4922373,0
9514012,0
8255971,0
7602226,1
6718737,0
9045189,1
3177808,1
10128750,1
3398464,1
9601801,0
6661556,1
9603535,0
9832733,0
6437605,1
4457426,0
8772976,0
5226324,0
87067,0
2092525,0
4250016,1
7778526,1
3377468,1
9268385,1
10019579,0
6836224,0
9762411,0
8653379,1
2613448,1
5642854,0
3306142,0
847026,0
1548989,1
10034480,1
6774733,0
9852027,0
5024461,1
9539256,0
10221817,0
8809058,1
4447511,1
8024345,0
1753203,0
10216462,1
6794203,0
9222294,0
8019653,0
10007612,1
6132977,1
10064746,0
10256326,0
6226436,1
4744165,1
8060291,1
10125209,0
7140519,0
643171,0
9520932,1
7457805,1
8422720,0
6557834,0
1952108,1
9564914,0
9155694,0
2382657,0
1148779,0
5730454,0
8741214,1
2916471,0
8866774,1
5833787,0
8563531,1
5959561,1
6180216,0
5708214,0
8684995,0
6183736,0
7703644,0
7344057,0
5718802,1
9598297,0
6829915,0
9524385,1
9532906,0
9079639,0
10065024,0
6397130,1
8794440,1
9617322,0
4845370,1
1272013,0
3754289,1
9472426,1
10038695,1
7875272,1
9285776,1
7893888,1
1412402,0
6603987,1
8326441,0
10167095,1
6201275,1
3590656,0
7186095,0
7225882,1
7926319,0
4809533,0
6908665,0
9513547,0
126601,0
7841707,1
7764011,1
7710300,1
7161937,1
8673950,0
6987243,0
8148716,0
8420800,1
6142180,1
430101,1
1322585,1
10054728,0
5945480,0
7136325,1
103304,1
8176877,0
9941916,0
8334041,0
6409429,1
8580187,0
9217915,0
10206210,0
6569652,1
6648341,1
5644170,0
8725239,1
4057503,0
7876603,0
1184341,1
9789777,1
162367,1
9938105,0
5446899,1
7320054,1
6900781,0
9809498,0
10036987,1
3593940,1
4102481,1
10057010,1
6807804,1
5405572,0
10223555,0
1720880,0
4809057,0
6827636,1
6806371,0
9179304,1
9980978,1
9018245,1
4018038,1
3102413,1
8862854,0
1683146,1
5394415,0
10036460,1
9249304,0
7243656,0
2813116,0
9701465,1
5140333,1
260265,1
4900279,1
9830403,0
10188949,1
442283,1
5828470,0
5897989,1
5816193,0
10026452,0
6230668,0
9518282,1
54716,1
8814409,1
3851989,1
2717409,1
7004340,1
6714986,1
7524700,0
7176696,0
8965167,0
7977779,1
10055935,1
8394854,1
8734930,1
2086208,0
5887141,0
2812111,1
10209667,0
5898631,0
7440852,0
8218702,1
864702,0
9983936,0
8017556,0
9793463,0
10099745,1
8935415,0
8918146,1
6686221,0
9199996,0
5037319,1
6454902,1
502971,1
8781615,1
6430108,1
3580684,0
5745194,1
7470456,1
6352833,1
8938808,1
9823457,1
2954303,1
9695332,0
8821512,0
6346940,1
8625190,1
9155879,1
8134847,1
8886940,1
4599151,0
9820410,1
4911304,0
556905,0
4087267,0
4165905,1
2336022,0
7661416,1
9044441,0
8430645,1
9441936,1
1802630,1
7127980,0
1593032,0
6060610,0
9595379,0
8359762,1
9126929,0
9087114,0
8940009,0
5870979,0
1577280,0
4238178,1
7504403,1
9753726,1
9999150,1
4402276,1
7566523,0
9904095,0
269728,1
1181717,1
5019802,0
8963351,0
3082240,1
7721198,1
9066090,1
10138036,1
9400904,0
9299502,1
6057220,1
8866602,1
8484422,1
6120795,1
6129359,0
208558,1
2149640,1
9312197,0
9496575,1
6669129,1
8792951,1
5236176,1
8519904,0
5230405,0
8668185,0
10139525,0
8014590,0
8829815,1
3631625,1
9392760,0
8537335,0
4899583,1
1712364,0
3815678,0
5867270,1
8076959,1
9217812,0
6173214,0
8653652,1
3371475,1
9442283,0
6638031,0
1666795,0
7021058,1
1364171,1
5225458,0
10241064,0
4678374,0
7569642,0
9604887,1
6639743,1
7017066,0
4590664,1
29344,0
6931023,0
7521004,1
6747928,0
5641892,0
407749,0
9247660,1
2103428,1
4168182,0
9978347,1
3925437,0
9298098,0
6420101,0
8900202,1
1427617,1
1414023,1
8787343,1
9895048,0
9983248,0
7288316,1
8148139,0
7275538,0
9327346,1
9970791,0
9594630,1
1694710,0
3430599,0
3804645,0
9402200,1
3820763,0
7194256,1
9816408,0
9111408,1
2655506,1
10027202,0
8292657,0
9614036,1
9568836,0
1625948,1
10018730,0
5234206,0
4247431,0
5336556,1
6638628,1
649419,0
9987278,0
9301365,1
6991488,1
8188750,0
828458,1
7406874,1
5166272,1
6036118,1
10121478,0
9318191,0
10195683,0
2306716,1
8869529,1
8562224,1
6152035,0
1570177,1
10057176,1
163700,1
6376384,1
840284,1
9023997,1
9742788,1
5320639,1
8881931,0
8767148,0
5536347,1
497938,0
8660314,1
5682635,1
4239984,1
141950,1
1710673,1
7857361,1
5181869,0
6693279,0
39780,1
10250362,1
1363888,0
5612749,0
133255,0
166099,1
2637939,1
6781421,0
9861438,1
527305,1
10149244,1
9608883,0
10003622,1
9293152,1
3162193,1
9486630,1
8209279,1
6126784,0
10101057,1
9317886,1
8804129,0
9554214,0
9292539,0
8447569,1
9877619,0
8829735,0
8762256,0
5156183,0
1633677,1
8631876,1
7479360,1
5880574,1
6716118,0
3276801,0
1750610,1
7136857,0
9388545,1
9653553,0
9498960,0
7350686,1
9208362,0
4907296,1
508409,1
8110124,0
8641311,0
7969966,1
8006081,1
3577252,0
10259781,0
10155843,1
9293875,1
8103544,1
6114119,0
7684363,0
9578702,1
4494136,1
8846246,0
9456734,1
2573377,0
10054456,0
7344466,0
8580684,1
7247508,1
4712594,1
5137948,1
9267329,1
8117850,0
5404220,0
10001569,1
10193003,1
246889,1
4663596,1
5911394,0
10101981,1
6625875,0
5257561,1
4748088,1
8387244,0
2703528,1
9506307,1
7091720,0
4353408,0
2933211,1
5639045,0
9535873,0
9328800,1
9166705,1
5549220,1
8750774,1
8868812,0
5910722,1
9286358,0
6035856,0
9854949,1
2767661,1
8065206,0
8847678,1
9822823,0
9582750,1
9918232,1
4329384,1
9587285,1
333414,1
2344151,0
9915277,1
4062622,0
10069578,0
3095591,0
5139036,1
3333576,1
8970507,1
7273333,0
6621373,1
5302025,0
36309,1
6580649,0
7361237,0
5540090,1
3426433,1
3671842,0
1269448,0
8921440,0
8863469,1
10151952,0
6227704,1
294510,1
2571538,1
9971563,0
7110136,0
1120127,0
8018448,1
10275149,1
8194415,1
8087401,1
8442939,1
2069663,0
10263095,1
9854520,1
9126137,0
4462573,1
1389405,1
5243951,0
9473481,0
9397741,1
8722630,0
8314655,1
6519855,1
3123798,0
10045396,1
6264727,0
4786286,1
6803868,1
9089772,0
4750565,0
9015924,1
7491117,0
7322474,0
5180625,0
4833510,0
9870780,1
6319743,0
8680945,1
8030946,1
1364870,0
5379870,0
6811852,1
3691916,0
4550603,1
5856604,1
9076050,1
2705438,1
9417906,0
3524634,0
8377229,0
3978727,0
10270170,0
5942592,0
10209902,1
5977185,1
4330578,1
3394807,0
8133504,0
976255,0
8562456,1
8335534,0
9615372,0
6616509,0
3304131,1
10041891,1
1001499,1
9807271,1
7375716,0
7746375,1
8171604,0
1338819,0
9348355,0
1163157,0
9644130,1
8551910,0
6851419,0
7571280,1
716358,1
8415974,0
7132997,0
10270563,1
8171961,1
10223178,1
3338153,0
9150817,0
2516751,1
2073007,0
6092001,0
1576188,0
7630406,0
9662221,1
7481698,0
7560365,1
1183048,0
9853410,1
10261096,0
4655635,1
1739016,1
9501616,1
9738900,1
3358137,1
7478067,0
8032329,0
6680305,0
4492583,1
1385594,1
7274201,0
7935079,1
6989760,1
9332061,1
8213052,0
8571860,1
9079371,0
7044148,1
1552511,0
5470917,1
7890831,0
53771,1
7225656,1
5385281,0
9846649,0
8483293,0
9354535,1
9778928,1
7068716,0
9745757,1
10064337,1
6218667,1
9883044,1
8576485,1
8629122,1
7305270,1
10149046,0
8666176,1
8604660,1
10034681,0
8479311,0
2488900,1
5381171,1
5849252,0
10105007,1
9782883,1
2527492,0
6142942,1
5359106,1
9451145,1
7680252,1
3636354,0
5164791,0
8449321,1
7000344,1
8917065,0
5754323,1
6684393,1
986933,1
9683965,0
790221,1
7532854,1
8935270,0
7766800,0
5905353,1
9627419,1
7467299,0
10092548,1
10212606,1
7524660,1
8545661,1
8193763,0
6418347,0
7548270,0
692673,0
5877636,1
10220863,1
6471808,0
7907889,1
1687109,1
9379190,0
7342613,0
5601627,1
9474942,0
9484731,0
1745788,1
184538,1
3060175,1
9850533,1
3578239,1
1754657,0
7393802,0
8858172,1
10202257,1
7447684,1
9900238,0
4504329,1
8562215,1
1247090,0
8232259,1
7129213,0
8334781,1
5044510,0
7467847,0
3199982,0
6948024,0
1579802,1
2818654,0
8380696,1
212696,0
2969101,1
7737890,0
6266278,1
9484403,1
9988568,0
4545491,1
10267485,0
10151218,1
6889446,0
9774511,0
8772980,0
6957188,1
9593229,1
9166334,0
3978319,0
10198933,1
3813945,0
861105,0
10182311,0
7907888,1
6111841,0
9694172,1
3833586,0
4922192,1
9802446,1
3788749,0
9944388,1
4655319,0
4044270,1
10137495,1
61553,0
8983385,1
2166779,0
274468,1
9899356,1
9393746,0
8457974,1
846099,1
7623252,0
7082906,1
9289231,1
6714809,0
9904091,1
8172987,0
7843302,0
9377183,0
8463686,0
466730,0
7522348,0
10061239,0
9948888,1
2217396,1
4121586,0
9861206,0
9765082,0
8387103,1
8568063,0
9462175,1
7457992,0
6199504,1
9472206,0
8869636,1
10192920,1
1211131,0
131533,0
6957137,0
5140715,1
8279496,1
7559807,0
10191742,1
9461974,0
6498639,1
9768664,0
9441594,0
3861477,0
9135434,0
387653,1
9714904,1
5323928,1
6123611,1
6229574,0
9297238,0
5330161,0
8720643,0
9250678,0
7549905,1
10094590,0
3912319,1
8534732,0
9642380,0
5794524,0
7485340,1
4276107,0
7286721,0
7103316,1
8556090,1
9460631,1
4032201,0
7252400,1
7300264,0
5439952,0
8841121,0
7833659,1
6242356,1
1438414,1
4854141,1
9847989,1
3762239,0
8640073,0
8206523,0
7656439,0
7029756,1
5744263,0
1522726,1
8634749,1
6335977,0
5815424,0
6319437,1
9215571,0
9696175,1
9188287,1
3009792,1
8951695,1
7561850,1
4080043,0
9295038,0
9810126,1
9748780,1
8850170,1
4612741,0
8128567,0
1081074,0
8406554,1
5917411,1
8707921,0
9447916,1
9106598,0
9393251,1
1379141,0
4434131,0
6598357,0
1459009,1
10151076,1
8697983,1
8893916,0
111101,0
9978482,1
1542520,1
7034488,1
7781761,0
5285816,0
10182148,1
6679366,1
10187780,1
10121792,1
8114145,1
3311303,1
10258506,0
9621713,1
1635995,1
5796088,0
4219127,1
5856773,0
5584569,1
5660018,1
8215730,1
8469992,1
5233576,0
6276588,0
6416377,1
7231901,1
4896327,0
2600504,1
1532435,0
10277876,0
8490628,1
4447700,1
8332626,0
5248468,0
2524845,1
4860856,1
3403228,1
5161947,1
4975686,0
9856490,1
9252104,1
10227947,0
8719414,1
6859574,1
9164757,1
5951957,0
4936067,1
2707546,1
2513175,0
5882053,0
10017394,1
433830,1
9673737,0
360043,1
3269046,1
8701408,0
3986881,1
8536153,1
7345725,1
8528273,0
9831577,0
9459063,0
9838685,0
9763294,0
9994373,0
10082109,1
9801348,0
8952400,1
10010689,1
8570006,0
1261365,0
4764651,1
9172235,0
4346926,0
6711529,0
7437797,1
8700563,1
5202546,1
9145692,0
5189513,0
4874312,0
7731968,0
6861539,0
9721564,0
2903052,0
9094614,0
9248949,0
6813831,1
1703918,0
8818589,0
9607971,1
10169166,0
1528910,0
8661567,0
10097958,0
9931789,1
1438305,1
8747864,0
6242366,1
10076471,1
6537453,0
9818786,0
2801031,0
7686915,1
10269516,0
7546373,1
8649061,1
10019578,0
7444054,0
8963966,0
9629339,0
5233080,0
5517745,1
9851785,1
9605034,0
517592,1
650407,1
8142644,0
8676217,1
3507274,1
7159117,0
7944490,1
7518822,1
5951006,1
6484469,0
8120987,0
8769773,1
5572582,1
10213474,0
7782812,1
6182079,1
6610767,1
8478074,1
10271606,0
7003881,1
10045972,1
8272119,0
6577121,0
6225533,1
10137007,1
2656775,1
3224473,1
6700497,1
5851797,1
5960467,1
10120329,0
9200981,1
8554430,0
2593897,0
1958537,0
3539910,0
1600351,0
7759218,1
8707165,0
1637467,1
9781057,0
7533526,1
8943627,0
1872310,0
3436433,1
1788584,0
438625,1
5785310,1
734380,0
7987593,0
6180249,0
2002716,1
5394423,0
3609303,0
9570038,1
5772745,0
3948638,1
5587048,0
6469186,0
2218925,0
9830868,1
7316973,1
2645760,0
7918173,0
9508926,0
7025210,0
4010766,1
10076976,1
8606519,0
8921290,0
9425190,1
8453117,0
9010811,1
8198982,1
341465,1
3252829,0
8598603,0
10113973,0
9966020,1
8555016,1
4787196,0
9885787,0
9957634,0
8473054,0
2989520,0
9712087,1
10148576,1
9905999,1
4209099,1
7146100,1
8326310,0
6426698,1
10112165,1
8282823,1
7900713,0
7340533,0
3904777,1
7620848,0
4946720,0
1458991,1
4902693,0
9974302,1
5194339,1
1228374,0
9242244,1
8100650,0
8891359,0
9683700,1
9143838,0
3505039,1
8758367,1
5679340,1
5832479,0
9493041,0
5828243,0
4452266,1
9902419,0
4158238,0
6717347,1
8608798,1
9218431,0
7119729,1
1231947,1
6446686,1
4073362,1
9314801,0
9733452,0
5614287,0
8008441,0
9868995,1
3353529,0
401670,1
9152872,0
10127082,0
10057608,0
10122308,0
8908846,0
9017021,1
9580828,1
3407148,0
9463834,1
9407242,1
9784424,1
7765566,0
10173581,0
7353027,1
4762084,0
8010537,1
5961294,0
7192431,0
9296931,1
7556276,1
6997227,0
9682198,1
8173715,1
2366064,1
9598160,0
1828381,0
5998140,1
8594219,1
1651417,0
9629330,1
9142237,1
5363956,1
7090967,0
4094875,1
5153116,0
198609,1
3318930,0
6786839,1
7122935,1
7684927,1
7297132,1
8194572,0
9487706,0
7429482,1
9081748,1
8817013,1
5155616,0
8774447,0
8685719,0
9532731,1
8457874,1
5396161,1
3229808,1
10042730,1
7141019,1
5600657,1
4783034,0
9970962,0
8522014,0
9987892,1
2486773,0
9113965,1
2453808,0
10100894,1
9236030,0
5422662,0
7955553,0
4393864,0
4685358,1
4275818,0
9750554,0
5279595,0
9192361,1
10226904,0
9867219,1
52904,0
7297421,1
3251347,1
10203623,0
7230981,1
4774239,0
1477916,1
7520280,1
10141418,0
8859113,0
1493618,0
4051883,0
859961,1
3105973,0
9145048,1
4493795,0
6808543,0
7607247,1
8681351,1
9238047,1
7541071,1
6057859,0
4491204,0
4249817,0
8521024,1
6060641,0
10200671,0
86139,1
3803432,0
370441,0
7254272,1
6932744,1
8521754,1
9987546,0
9832868,0
226523,1
9410062,1
7985815,1
8005737,0
9884117,1
9064910,0
6644633,0
5302077,1
8473140,1
3978337,1
9830989,0
2726918,1
3316849,1
8506923,1
10065988,1
6300917,0
1015866,1
6227001,0
6193911,0
4851374,1
8727511,0
7038804,0
8566958,0
8617935,0
7432983,1
8057579,1
8624653,1
3045602,0
8426870,0
386047,1
3427149,1
4050403,0
7630304,0
7975465,1
4587579,1
7656827,1
3778839,1
9249432,1
552306,1
2384495,0
9751877,0
4294960,1
8310070,0
10032534,1
300692,0
7297084,1
5786366,0
9900682,0
8628634,1
8178602,0
8908158,1
9777618,0
10043746,0
9380454,0
6874396,0
9416504,1
8511430,1
3746363,0
6768622,0
10276376,0
3278431,0
5088166,0
9258086,1
3289363,1
8005634,0
6636532,0
2391804,1
163387,1
6317069,0
5796698,0
2564876,1
6609983,0
73851,0
8373962,0
7330828,0
8095204,1
9548771,0
7681060,0
116852,0
9933191,1
8477212,1
397742,0
6575311,1
8169191,1
10208776,0
8711552,1
6815924,0
3981466,0
5735798,0
9250886,0
7402439,1
5916546,0
8141126,0
6181081,1
5959329,1
8016064,0
5598276,0
3051600,0
9070902,1
10144185,1
1644403,0
6293473,0
142341,0
2516602,0
8548489,1
5843542,1
6736490,0
8902634,0
1320939,0
7477026,0
8680379,0
1375100,0
7330065,1
4871511,0
10011317,0
9735281,0
5939805,1
6432804,1
6971882,0
10034351,1
7447961,0
7450247,0
6807944,0
1605566,0
7795720,0
9142097,1
7071024,1
4046787,0
9881823,0
2925061,0
9971680,1
4652265,0
6265489,1
5064716,1
9149321,1
7719703,0
7321399,1
9864871,1
10236196,0
5836964,0
10088201,1
1905538,0
5936006,0
5573162,0
4171149,0
3914806,0
9970578,1
8721192,1
5800696,0
8939603,0
3729527,1
8509159,1
1063617,0
141747,0
8897198,1
7137522,0
7871214,0
9893361,0
8097162,1
2734670,0
7089354,1
6872474,1
6416586,1
9918113,0
8670946,0
149207,1
4976491,0
9768043,1
9477275,1
7515385,0
2309462,0
8941332,0
8195819,0
8117204,1
6836342,1
889759,0
6968685,0
10274271,0
9823630,1
10057655,0
9273364,0
2451384,0
4929184,1
10168663,0
9636032,1
2338354,1
10123454,0
6501765,0
9745552,1
9499745,1
9732541,0
5793049,0
2153745,1
7457927,0
8021796,1
9330956,1
9690344,1
9897737,1
9067177,1
9757708,1
10106423,0
7524940,1
2968998,1
2931655,0
580209,1
9913183,0
9920029,1
6311453,1
7059468,0
6879561,0
8016463,1
6281713,0
4733371,0
1485812,1
1421357,0
8926610,0
7860370,1
522853,1
2990212,1
791679,1
9327078,0
1830356,0
8521586,0
8712514,1
9705376,1
837725,0
4412850,0
9351492,0
8026850,1
7294443,0
4368465,0
8051305,1
9156796,1
7560627,1
8924304,0
8339537,0
9675230,1
9710692,1
7551311,1
5824908,1
1636346,0
9797143,0
4618412,1
6652031,1
7640950,1
5213654,0
10231408,1
8525988,1
7851971,0
6647938,1
9765303,0
8851379,1
8021735,1
7698202,0
3783269,1
178301,1
3491545,0
7079108,1
6742252,0
10000241,1
6114213,0
8595783,1
6739318,0
3797874,0
3578285,1
3184607,1
8969496,0
9791171,0
1141358,0
9840564,0
9939601,0
8893975,0
6920154,0
9424494,1
8741140,1
7785246,1
8850330,0
5888861,0
3789957,1
4314331,0
6984651,1
7408875,0
8170933,0
2530091,1
7507016,0
8602528,0
5735337,1
10112846,0
3155773,1
5783614,0
6185942,0
9807073,0
529718,0
6237386,1
4682968,0
1646591,0
3714312,1
8282266,0
3165545,0
9578706,0
3059726,0
4809348,1
698703,1
10148075,1
6714919,1
7025938,0
860187,1
5256787,0
8189885,1
7718052,0
8590981,1
7952213,1
8870153,1
9277368,1
1448295,1
8234090,0
9296821,1
8839637,1
5304164,1
4662000,0
4938697,0
9318342,1
9928427,1
650093,0
5100218,0
9978472,1
7931572,0
9055977,1
5974186,1
3588796,1
9863797,1
3134658,1
9565585,0
5327155,0
9214193,1
8127084,1
10196017,0
5990421,1
10046521,1
7273027,1
5690204,1
9835650,1
9904906,1
6607276,1
6879284,1
5744403,1
10054321,1
8873861,1
9184133,0
10218381,1
8858271,0
915961,0
9861536,1
7328167,0
8067987,0
10001525,1
8691903,0
7102146,0
1538245,1
9573042,1
9572637,0
4390947,0
10019290,1
6709672,0
9087505,1
10020093,1
3152095,0
9806517,1
10246359,0
6815255,0
2317853,1
1275490,1
7493058,0
9794106,0
7550789,0
2071563,0
7432529,0
5791971,1
8666840,1
9735054,0
4209516,1
8712572,1
9563563,1
8159910,0
522945,1
8947057,1
8947026,1
8330524,0
285943,1
6333097,0
236212,0
7137721,1
8622698,1
7129250,0
9233971,1
7487366,0
1204129,0
9854265,0
9953467,1
8355379,0
869103,0
8917108,1
6044231,1
8669219,1
6242142,1
8894221,1
6707282,1
6348136,0
3187419,0
8787777,0
8190481,1
8978001,0
4987534,0
3044997,0
4454285,0
6088101,1
5737029,0
9037604,0
5025710,0
775007,0
5615585,0
9397999,1
9841962,1
8646615,0
8606261,0
524720,0
2346267,1
8655318,1
8751016,0
3532492,0
8763340,1
8614980,1
7420914,1
8020731,1
9622364,1
2058580,1
6515824,1
9244889,0
10265750,1
8932925,0
8512701,1
8744082,1
10159860,0
10275812,1
8840427,0
10275274,1
7097842,1
8605137,0
8470894,0
3333288,0
9202599,0
4910530,0
9955742,1
5193629,0
10021903,0
6173341,0
7303995,1
10099831,1
1624888,0
4447362,1
8914312,0
10005203,1
9628651,0
4673116,0
4072096,0
8556500,0
7086660,0
8804346,1
7424202,1
5383797,0
6877405,0
8391966,1
3606612,0
5394588,1
8503267,1
8612548,0
2370032,1
3127195,0
7301885,1
8860429,1
5626371,1
6108905,1
5662848,0
2761221,0
6558520,1
837990,0
10048248,1
7347473,1
6693184,0
7941295,0
9846842,0
9231479,0
446305,1
10100460,1
10050167,1
9404550,1
8509919,0
5604846,1
6303399,1
8628662,0
6250241,0
9490565,0
9482613,1
2694281,0
8802416,0
4794898,0
2247986,0
196506,1
8226172,0
9849003,1
4898467,0
10256949,1
2923947,1
7922489,0
9485324,0
9829509,0
3277656,1
6966083,1
9812785,1
331031,1
7517960,1
8814114,0
481671,1
136593,0
4982085,1
1180447,0
8784439,1
8672355,1
8556644,1
9394746,1
1651112,0
10149766,1
1471042,0
4028801,0
7919935,0
6458768,1
4221690,1
9759743,1
9374703,1
8398586,1
6775398,0
3180161,0
4576249,0
4925627,1
9628496,0
2439000,0
4453596,1
9252836,0
7234798,1
9588908,0
9835563,1
8355664,0
9607479,1
8718436,1
6885622,1
8185696,0
6077617,0
5490694,0
6064575,0
9401296,0
7287035,1
4749280,1
8704060,1
6175809,0
2186292,0
7332182,0
7191582,1
6112126,1
9212160,0
5860309,0
8117078,0
9889114,1
9737228,0
7175725,0
9466309,1
9245932,1
10091093,1
9867049,1
3897992,1
4523757,1
2799278,0
7315606,0
213826,0
9500368,1
6217537,0
3007405,0
5981715,1
10079618,1
3956595,1
4798903,1
6158788,0
6584572,1
8716658,1
5940895,1
5155394,0
10009819,0
6676693,1
8104910,0
5278078,1
2276125,1
2939009,0
2106787,1
9122301,0
8827288,1
7506028,0
7898402,1
9282083,1
9819166,0
10230685,1
5946104,1
7476356,0
4906784,0
8490559,0
7462382,0
8198615,0
8126100,0
10197706,1
4554098,1
9334703,1
1620759,1
6226410,1
8185969,1
491764,1
126035,0
1647365,1
1257954,1
10275546,1
8817198,0
10179435,1
9505968,0
5302619,1
9995719,0
8154168,0
9012237,0
7882717,0
8381962,0
6403255,1
8129424,1
7624116,1
9237006,0
2603257,1
7786746,0
5437022,0
7959546,0
3040211,0
4072395,0
2476223,1
3739296,0
4814804,0
4575958,0
2667376,1
8420881,0
9923534,1
8490743,0
1198619,0
6231701,1
9706302,0
1374993,0
8616564,0
7281301,1
8533650,1
10101275,1
473272,1
1417725,1
148773,0
9409727,1
6541690,0
2593808,0
5701996,1
6764814,0
3779417,0
4047431,0
370527,0
3826740,0
9288426,1
6368619,1
8646393,0
1702555,1
9979359,1
9873648,1
8049765,0
3461590,0
8807020,0
4167760,1
6100702,0
8113697,0
3442791,1
10236003,1
5796128,0
3944694,0
8644857,1
9414912,1
2604936,0
1956819,1
9393605,1
8740182,1
4589207,0
8557767,0
6109099,0
939725,0
9690044,1
3785275,1
7305830,0
9768878,1
3072477,0
8810414,1
10070822,0
7304364,1
7679625,1
9291464,1
3337243,0
3743920,1
8865830,0
10266795,1
9319920,1
9551862,0
3058060,1
8761721,0
8441737,0
9356948,1
4419401,1
1576474,0
5138760,0
9831529,0
8937122,1
9212567,1
2132785,0
1061654,0
8635407,1
6407543,0
5495372,0
5337570,0
9803283,0
8517835,0
3118931,1
9538503,0
9594335,1
6760313,0
7106398,0
7867126,1
9774474,0
7481217,0
8356193,0
8535350,1
7113386,0
2880875,1
8743818,0
8808872,1
9830459,1
6387688,1
7074511,0
7829855,0
7281794,0
9470298,0
10147571,1
7879917,1
7558998,0
6816861,0
10022793,0
855197,0
5326981,1
9580643,0
7660452,1
9374501,0
5516875,0
8475194,0
7670074,1
9794196,0
8668255,0
8051277,0
9576091,1
10111260,1
3673811,0
9975490,0
8398295,1
4257874,0
4465871,1
8854742,1
7061693,1
6151276,1
6926324,0
7800197,1
5490933,1
4266140,0
4744243,1
8170272,0
1729702,0
8563902,0
7562502,1
7281861,1
9702192,0
162138,1
4219647,1
1617390,0
6209892,0
3768389,1
8722950,0
6194688,0
6605123,0
9040360,0
4045777,0
3175021,1
4520768,1
10206002,1
45466,0
8272635,0
6342763,1
8388153,0
10117041,1
87444,0
3891252,0
3889736,1
7280332,0
9654739,1
7472345,0
658263,0
10229919,0
8085442,1
9296649,1
9454441,0
5227479,1
6472460,1
9088046,1
10026682,0
10046091,0
654249,1
9307525,1
10077762,0
8710629,0
9148612,0
9497201,1
7383942,0
8851246,1
4221273,0
5305072,0
7028970,0
9480661,1
1536351,0
8887299,0
6989093,1
4898265,1
10141689,1
4594526,1
9985457,1
812651,1
334560,1
6956926,0
7283769,1
5815372,1
1146542,0
4538032,1
6212945,0
7275789,0
7876385,1
10139762,1
8063134,0
9270841,1
9611721,0
9931390,0
8761425,1
4889584,0
10106297,1
9735202,1
5914443,1
9602746,1
2985495,1
8930470,1
7703161,0
8678220,0
10071742,0
2770347,1
5629964,0
7990103,1
6418870,0
6309312,1
112288,1
3395996,0
9122232,0
4324207,0
6272204,0
9657962,1
446609,1
10169676,0
9133203,0
6095658,1
10235329,1
8336820,0
8316131,1
7542323,1
2596023,0
2958612,0
10076510,0
9672716,1
5663107,1
10023383,0
9145388,0
10004837,0
7481643,0
135361,0
4919055,1
2498047,0
9051863,0
1249465,0
7531068,0
9862346,1
5571835,0
6588527,0
2581765,1
8236223,0
9982433,0
5183055,1
9621736,0
9988466,1
6155916,1
7109566,0
5511252,1
8827163,0
9047281,0
5411710,0
2800040,1
7907323,1
4252052,0
8734900,1
9991034,0
6244991,0
9630373,1
7651461,1
4435217,0
6565771,0
7514101,1
7369696,0
4852595,0
10107147,1
7305055,0
10004899,1
8043636,1
9570368,0
5138814,1
10070379,1
6600497,1
7845150,0
5880399,0
8746566,1
10225442,0
6764751,1
1777457,0
4582942,0
6876988,0
6179612,0
9729814,0
4405584,1
9242653,1
8498514,0
5527293,0
9827425,1
7002564,0
6624487,0
3971229,1
9804881,0
2394259,0
9132519,0
8946580,0
7236496,1
9796822,1
5442994,0
5855783,1
5413571,1
9975870,0
5695575,1
5567607,1
9399224,1
8644773,1
870074,1
4216131,0
9013258,1
1905962,0
7502884,0
9952253,1
6486153,0
688848,1
2012532,0
5973261,0
2113159,1
8204398,1
9684074,0
9533034,1
7530240,1
1115407,1
30995,0
6969402,1
4503310,0
1965832,0
9365064,0
9436893,1
7901421,1
7743629,1
8084955,1
10103052,0
2379497,0
5584387,0
2218650,1
8920102,1
6172897,0
2012460,1
3440864,1
9910225,1
8700055,0
8819330,1
7773754,0
6538128,0
4727104,1
7884786,1
5525563,0
8787845,0
9206229,1
5697484,1
6363168,0
218742,1
4316699,1
3012216,1
118923,1
9853931,0
7597333,0
3646225,1
9960273,1
7942958,1
10270222,1
7780232,1
4128532,0
8589936,1
8928197,0
6683891,0
9696659,0
4602035,0
9582592,0
9643810,1
9292288,1
10078030,1
8964337,1
3463940,1
5149424,0
8711930,0
688102,0
9469711,0
9670128,0
6870110,1
9905015,1
6892566,0
9241868,0
7953530,0
8619158,1
9816011,1
4645516,0
9447144,0
9255418,1
9817961,1
1095324,1
6986029,1
10276309,0
9899047,0
3962325,0
9398498,0
8396028,1
8132836,1
8566636,0
10077682,1
2563642,0
4549524,1
492693,0
4739325,0
5345639,1
8828456,0
9698154,1
9081359,1
4419468,1
2086657,1
8385643,1
10218006,1
8637352,0
9906869,1
4035749,0
8392480,1
7317454,0
8543555,1
6658418,1
4309849,1
888944,1
9239261,0
5307910,0
5496282,1
6150294,0
9936416,0
9326408,1
9281667,0
9964066,1
7325884,1
2448086,1
9856723,1
6130190,1
6337295,0
7425250,1
3497621,0
3799776,0
9579539,0
3912563,0
6302014,1
8613253,0
9709142,1
3755414,1
9271418,0
10154784,0
9986004,1
8457284,0
9497416,0
6987495,1
9565390,0
8914886,0
8428465,1
10180542,0
8737939,0
9411937,1
9986427,0
7119285,0
10256988,1
5239411,1
1219268,1
8064638,0
2520901,1
8909315,0
8141026,0
8544850,1
9524834,1
4815434,1
337899,0
6554100,0
8079044,0
9954270,0
8174608,0
9751851,1
9931382,1
6691957,1
9061953,1
10117326,0
7800814,1
1829329,1
8171063,1
6113313,0
8739402,0
5348744,1
7917431,1
4523477,1
10091958,0
10258293,1
6406625,0
7709419,0
4595243,1
9789799,0
8403681,0
959202,1
7454333,1
9219935,0
1987005,0
3982591,0
5370986,0
3508604,0
9133569,1
10064759,0
4324529,1
5440518,1
9701288,1
8115346,1
9619257,1
9810878,1
8643971,0
4812655,0
4791688,1
9526181,1
6723572,0
7526936,0
6689404,1
2232254,0
9802316,1
9815370,1
6711939,0
9840971,1
6755290,1
7723046,1
9590336,1
4879638,0
9396183,0
5879295,0
5587923,1
8598992,0
8110308,0
9856784,1
9479043,1
9707055,0
463108,0
9210811,0
8307292,1
7446234,0
9131238,1
8170015,1
10175962,1
9240697,1
6761482,0
9928207,0
8184122,1
6552552,0
9262661,1
5570303,1
9909977,0
9246235,0
1321283,0
9237975,1
9674676,1
5869587,1
5427565,0
3974453,0
3896710,1
10020673,0
9576838,1
8931727,1
8776443,1
9291618,0
8322059,0
4344583,0
9237674,0
8731573,1
9876441,1
2681327,1
6376835,0
9855233,1
9129134,1
8316158,1
864596,1
2766914,0
9865340,0
5495543,0
8670078,1
3726391,0
1552083,1
9833665,0
1538121,0
3244200,1
1272621,0
9777978,1
8748352,0
10115206,0
4890276,0
9805239,1
8452483,1
3942868,0
7007332,0
185463,0
10105977,1
8131265,1
7007965,0
8928660,1
8551408,0
8396470,0
8287633,0
9234137,1
7689442,1
6620978,0
4213987,1
2533514,1
8550984,0
3532913,1
624818,1
4917281,0
8577029,1
6087823,0
9567592,1
5466645,1
1905808,1
7661990,1
10021021,1
8838286,0
7482824,0
2101773,0
3704692,0
4553683,0
10122997,1
50790,0
9987603,0
9686418,0
131249,0
9888789,0
8155079,1
9540102,1
2596090,1
8266084,0
10277678,1
2339041,1
8690501,1
8582950,1
6646234,1
10256459,0
9872253,1
8202495,1
6141314,0
4034406,1
9546874,1
7086245,0
10086125,0
6351329,1
7402066,1
6189739,0
5490060,1
10048970,0
3283228,1
7691367,1
3342224,1
6126004,1
348054,1
1716643,0
7222975,1
6410791,1
8097127,1
169746,1
826442,1
6884956,0
9718777,0
7987903,1
9661615,0
7330868,0
7452019,1
6622646,1
7254961,0
38119,0
9677972,1
5841777,1
9747161,1
10124219,1
8200820,0
9278718,0
10205108,1
4955111,0
10136156,0
5601245,0
9214376,0
4338804,1
7709107,1
3881220,1
9523517,1
7891592,1
4822944,1
5077551,1
5690376,0
9652005,0
7526416,0
9684761,0
10141086,1
9814988,1
4374993,0
8506056,0
5835657,0
8077377,0
7198796,1
156537,1
9988389,0
159699,0
9998186,0
8097453,1
9968864,1
10277743,1
5821148,1
782832,1
8622009,1
9769255,1
10152056,1
6132207,0
10005300,1
8162721,1
9517329,1
3510791,1
7833431,1
203139,1
1116200,1
3294308,1
6690867,1
2710708,0
9794185,0
7906074,1
10001096,0
8494376,1
4963702,1
4755786,0
8206148,0
9994432,1
3109217,1
10245995,0
3547231,0
9807888,1
1579517,1
9250780,0
9398785,0
2666049,1
10251356,0
4029914,0
2475671,0
395192,1
10277385,1
8579602,0
1457578,0
8219335,1
5360657,1
5436621,1
8418654,0
7911451,0
5306183,1
683789,1
9339276,1
5552042,0
6388087,1
87389,0
8392889,1
453132,1
8964128,1
6194549,1
7082736,1
10003820,0
8758426,1
9272396,0
7518977,0
8608088,0
7253737,0
10015220,0
7512201,0
4580905,1
10116354,0
7098930,0
8901539,1
7079125,0
9337522,0
958942,1
1420278,0
10023215,1
10011301,1
8888229,1
5462668,1
9297049,1
5691107,1
1982805,1
7621535,1
9617920,0
8652648,0
5117015,0
8171458,1
1362767,0
8885154,1
6406342,1
8509926,1
6663588,1
9388034,0
9523891,1
9533196,1
6976892,0
8108140,0
5310335,0
8119896,0
8071098,1
1644779,0
8504854,0
10007299,0
2002708,0
7940084,1
3941742,1
2711368,0
3850759,1
10178001,0
34931,0
7727994,1
5800286,0
8790989,0
4343417,0
9851318,0
2767558,0
6334279,1
5403222,1
4361951,1
4326644,1
4362288,1
5482297,1
6554036,1
9921802,1
9293749,1
1249599,1
7085855,1
2147947,0
6195741,0
9696301,1
5964991,0
6151555,0
10215307,0
10155571,0
8960997,0
8638963,1
8218164,0
8404154,1
6941071,1
102982,1
747930,1
10141684,1
120684,1
9389967,0
28884,0
7859310,0
9474231,1
9496153,1
4882295,1
3644302,1
8662375,1
411243,0
237468,0
4400910,0
6912746,1
7899695,0
570677,0
8656709,0
6279108,0
5949210,0
5478164,1
7095488,0
5700318,0
4295055,0
8370211,1
2845949,1
7615730,1
3633804,0
7049293,0
7090923,0
7942630,1
7282773,0
6940471,1
7247077,0
9789669,1
6568117,0
7524137,0
8286128,1
10019764,1
7899658,0
4434788,1
5779334,0
9559538,0
1339564,1
273085,1
3388414,1
6487280,1
10260086,0
8536446,0
9536781,0
5430423,0
8491177,0
5538393,0
5333487,0
8940783,1
2635952,0
7327622,1
5421133,0
2033035,1
7309054,1
8499726,1
4512134,0
9413977,1
10017778,1
7574368,1
9271831,1
9942711,0
1920440,1
3887198,1
7681131,1
7766771,0
3274007,1
9736377,0
4679396,0
9322487,1
2574078,0
4821863,1
9704194,1
6749564,0
8023616,0
3334662,0
10183383,0
4182800,1
1692508,1
10199773,1
8754051,0
10083784,0
7815293,1
10173337,1
9946266,1
8559569,1
6321511,1
9699093,0
6640951,0
5570756,1
6180037,1
6217426,0
6238803,0
7315190,0
7928858,0
9305843,1
9521446,1
5783414,1
3038006,0
8563192,0
9905093,1
3485427,1
9736125,0
2575637,1
3778656,0
4875432,1
1443749,1
7781574,1
5988137,0
9341528,0
7925686,1
6127652,0
7022896,0
9264637,1
8616100,1
6799583,1
6709842,0
7226888,0
7120878,0
6348363,1
5084840,1
10257258,1
5234775,0
3350461,0
8964745,1
9542607,1
7298996,1
1974636,0
5784682,0
7767796,1
906993,1
4057355,0
10098740,1
1246416,1
10269189,1
9413771,1
6723956,1
8333689,0
245516,0
4065675,0
9226427,0
8385534,0
3964515,1
10184261,0
10048517,0
3609710,0
10266334,0
10006852,0
3340167,0
8108860,0
9905521,0
8102892,1
9388289,0
4429799,1
9831230,0
1578700,0
10054151,1
9318509,1
7882922,0
7101997,1
10013208,0
8941513,1
8425297,1
9686009,1
8215671,1
2800602,0
551516,1
5709976,0
9341265,1
1167189,0
5630231,1
8378719,1
8537640,1
8955599,0
297339,0
724667,1
4597992,1
8920443,1
2919983,0
8356208,1
10272285,0
5078892,0
4827377,0
1317929,0
1668092,1
4165015,0
425474,1
5028225,0
10193923,1
4595251,1
468052,1
4421066,1
4811875,0
6088358,1
3193796,0
883116,0
7979992,0
6764212,0
9292783,0
567499,0
8368442,0
9553284,1
9127228,0
8861159,1
301236,1
9745653,1
10252395,0
10009517,0
7409441,1
7368716,1
5570623,0
2149302,0
4081270,1
9868538,0
8838607,1
9379352,0
6177231,1
5114222,0
9497430,1
9661351,1
5413457,0
117051,1
9292471,1
8725335,1
9714303,0
9674044,1
9760821,1
8180279,0
8018686,1
10070836,0
1420137,0
5321114,1
7504057,1
8521702,1
7871918,1
6814878,1
4391793,1
2460516,1
5280381,1
5153827,1
10178615,0
8674987,0
9214732,0
8981672,0
9132252,0
6493201,0
9793234,1
123716,1
10156987,0
9511319,0
9898781,0
6904536,1
6760971,1
4897646,1
3379505,1
6995394,0
259072,1
5537453,1
8045483,0
8218865,1
8741358,1
9118453,1
9442654,0
10136635,0
6203156,1
9849613,1
7437230,0
7890532,1
8839704,0
3620047,1
8363396,1
3138851,1
8165689,0
9434867,1
8716989,1
7773057,1
117814,1
8084859,1
10243935,0
2696853,0
5622357,1
3721230,0
45195,1
4495711,0
2207784,0
10038713,0
9270717,0
4276333,0
7325862,0
9969706,0
9947060,0
10257310,0
8518523,0
6301513,1
8442450,0
9751569,0
5587119,1
4521458,0
7321198,1
2953567,0
9401686,0
9152205,0
6562578,0
9573465,1
2233828,0
8142031,0
7196608,1
6723636,0
4437040,0
6098212,1
3301056,0
1351667,0
10185499,0
10056811,0
9249256,0
9453349,1
9406842,0
2868475,0
8584480,1
10230816,1
6757003,1
6819723,1
5698699,0
10053295,0
2072472,0
1692392,0
9344054,0
8516939,1
7140565,0
8480923,0
2098754,0
7978590,1
10151693,0
9275938,1
7548173,1
9574429,1
9251870,0
9634993,1
9682292,0
9106498,0
8020248,1
9587058,0
4924878,0
9772431,0
7619111,1
4331845,0
6888966,1
142725,1
3589793,0
10253113,0
7445581,1
9875819,1
9331810,1
673522,0
7867132,1
530637,0
7766751,0
3653801,1
4235818,0
10184274,1
8051840,1
6448318,0
538982,1
8976570,1
8039280,0
8134260,0
6718407,1
3119398,0
10131208,0
5698840,1
8710586,0
4852722,0
957152,1
3452205,0
1416867,1
9135985,0
9844697,0
2208230,0
4327899,1
6331977,0
9399017,0
7305326,0
8540738,0
6156362,0
10124019,1
9479764,1
9868121,1
7576173,0
1146874,1
9212892,0
8170303,0
9744273,1
1066061,1
6892283,0
6693256,1
5698017,0
8664512,0
8708669,1
8359171,1
9154957,1
8105214,0
7441623,1
10121660,0
9382313,1
2344792,0
7924094,1
2912053,1
4721942,1
8398842,0
9644973,1
3368108,1
8640397,0
9597076,0
3549161,1
1389813,0
7745483,0
7882116,1
1949610,1
10238717,1
9248043,0
8774595,1
9305373,0
2706062,0
6475996,1
1435230,1
530290,0
9250096,1
1043889,1
7276692,1
2795655,0
1741671,0
9617712,1
1414441,1
9144940,0
6298138,0
8058060,0
415274,1
4290130,1
10085341,1
8960452,1
9559555,0
5989006,0
5731125,0
7167848,1
9904379,0
9085120,0
602433,0
7645029,1
4655994,0
5281168,0
9691495,0
8511920,1
5424333,1
291282,0
9487747,1
9371312,0
7789040,1
9811166,0
6983520,0
825383,1
7613599,0
3366820,1
1028120,1
8620612,1
10220864,1
6091465,0
9206450,0
10074311,1
9906672,1
6342214,0
6929184,0
5401316,1
9747622,1
9728306,1
8372750,0
7292808,1
2552293,1
8743414,1
4371190,1
8364557,0
7399056,0
9973553,0
277046,0
4313006,0
9590176,0
8408223,1
1387658,0
8674112,0
10132022,1
7263962,0
3062031,1
8941072,1
318847,0
9465801,1
9905719,0
8037750,1
8937669,1
8900299,0
8074347,0
9561765,0
19399,0
64133,1
7465826,0
9245542,0
9974289,1
293134,0
3124248,1
3550709,1
10136159,1
2090250,0
3549726,0
6856933,0
9581255,1
3433388,1
2310642,1
6718662,0
8161853,1
9686089,1
1050872,0
4694460,1
4995292,1
9172093,0
6758795,0
9549060,1
10006372,1
2436267,0
8178952,0
401616,0
9597441,1
9594775,0
10127580,0
7277724,1
6276657,0
3149092,1
7004373,1
9834998,1
10058404,1
3020996,0
2077541,0
9304045,0
10203971,0
9892824,1
4268759,0
9678004,0
9836628,0
6164108,0
9748967,1
9460107,0
4518640,0
9747615,0
9341546,0
10027443,1
6488478,1
6579070,1
8949192,1
3996727,0
5310276,1
8770785,0
10235795,0
5544981,1
2510806,1
997165,1
9101254,1
6986992,1
3409025,1
5901879,0
9306958,0
9236823,1
10253432,0
9312519,1
8603050,1
9238574,1
9721709,0
8941186,0
9950559,0
8834716,1
9904617,0
2328814,0
10122830,1
5774802,0
7268545,0
9271126,0
181745,1
9821372,0
4684438,0
7100408,0
2465329,0
9697901,1
6682066,0
6877944,0
6133151,1
8570866,1
9964172,0
404945,0
9414548,0
9427815,1
9757220,0
9731840,1
8592385,1
8401523,0
10191874,0
10219916,1
1204131,1
3296090,0
5392134,1
1759942,0
8164405,1
9033764,0
2009868,0
8634365,0
7142218,0
2462457,0
3877097,1
9597334,1
8879779,1
9525009,0
5783694,0
10179112,0
9547200,0
10152989,1
2005474,0
8169547,0
5907724,0
3827030,0
4730313,1
9932748,1
3909861,0
6630806,0
4782047,1
9748737,0
10139006,1
366966,1
2181723,1
8875639,1
7415373,0
9211580,1
9706894,0
10167625,1
1929991,0
643577,1
9974424,1
8996698,0
3920899,1
8481627,0
9336497,0
8607114,1
10094001,1
9711354,1
6826537,1
3898399,1
10067373,1
5530316,0
8884864,0
9652431,1
6581699,0
2275624,1
4953292,0
8495245,1
10223297,1
8026405,0
7792203,1
1418857,1
9864274,1
1369445,0
10173434,1
9933355,0
5016573,0
422990,0
1558332,0
2885327,0
7595473,1
9776591,0
5832924,0
9556969,1
7031154,0
1581856,0
8095402,1
10276678,1
7974086,0
9402776,0
10216569,1
6215155,0
7274425,0
2699953,0
3906478,1
6035853,1
7108870,1
8631507,1
9850250,1
7000148,0
805874,0
9218246,1
1922416,0
5676872,0
8578204,0
8384503,0
5772226,0
9305787,0
4817390,1
8352969,0
8775379,0
7671668,1
9321853,0
7427000,0
9563600,1
9385341,0
9956289,1
10274290,0
8843643,1
6801641,1
10005052,1
9543043,1
7467986,1
9845106,0
9875775,1
9441634,0
9267766,1
8617194,1
9653684,0
9243431,1
9333858,0
220415,0
5530992,0
8202424,1
8624002,0
5187220,0
2477487,0
6326297,0
5740420,1
8871215,0
9131748,1
7860374,0
9332538,0
10275532,0
10102090,0
8582587,0
9321849,0
6917616,1
3996179,1
9832561,1
10243734,0
8484805,1
378228,0
8656282,0
7278444,1
9445162,1
7933164,0
8080016,0
2141335,0
10191700,1
7840784,1
2556772,1
7710255,1
9753915,1
8291685,0
5693670,1
317853,1
3900039,0
6799133,1
6736626,1
8354976,0
10000817,1
8947295,1
10134570,0
7157822,1
2808489,1
6842532,0
1984762,0
6488222,0
3493566,0
4777995,0
7714123,1
9808770,1
3056334,1
7939258,1
4585377,0
6402958,0
8639103,1
9661338,0
5531465,0
7545816,0
4029527,0
3461199,1
6195598,1
3572936,0
8975387,1
6194063,0
5480816,1
9517904,1
9905420,1
3243374,1
8859846,0
9608513,0
9852950,0
5473005,1
9439444,0
9471771,1
9038505,0
9629407,0
9104049,1
9815039,1
9708412,0
6629964,0
9715517,0
9598136,1
9666179,1
5562210,1
8184797,1
8491517,1
4489571,1
8936827,0
9386795,1
7921955,1
9131990,1
9837740,1
4524341,1
1925864,1
3406871,1
9606684,1
7630095,0
5189534,0
491392,1
8609725,1
8648195,1
3815935,0
5537710,0
4364468,0
5491308,0
8568078,1
4976168,1
7213592,0
9692604,1
6584411,0
8058164,0
8192722,0
530490,0
3772834,1
9988924,1
678437,0
2986714,1
6548252,1
7505414,1
4402439,0
5307918,0
1668181,1
9680484,0
2010293,1
9597518,1
5517725,1
10056881,1
8773557,1
4905457,0
7432851,1
8024333,0
8405433,1
10170604,1
9042019,0
9468379,0
7317545,1
9506146,0
6250025,0
8145391,0
7197453,0
4829457,0
9663403,1
6021229,0
9951618,1
9226182,1
10147852,1
8772120,1
9907182,1
10187346,0
3481333,1
9556451,1
6420114,1
5913522,1
8388139,0
9091125,0
6706569,1
7481636,0
8835358,0
8452451,0
9566606,0
5423353,1
1443238,0
9119714,1
8729042,1
7797826,0
8082130,0
6873175,1
10004830,0
10013959,0
6920729,1
7083103,1
8365755,0
9705810,1
648760,1
9772478,0
7504635,1
8428176,1
6072655,0
7572644,0
5686454,1
10066534,1
7849272,1
6503258,1
7905680,1
9370202,1
9082465,0
9603787,0
10032464,1
8470143,0
5819741,1
5426259,1
7998125,1
9378619,0
8401243,1
1529898,0
7062510,0
4408062,1
7015194,0
8936795,0
10192101,1
1037014,0
7821956,1
2037134,1
4932123,0
6741823,0
9796396,0
7654650,1
733054,0
9365606,1
7959929,1
9260738,1
148435,1
9755387,0
9830751,1
1523362,1
8188334,0
1810512,0
4601276,1
9273290,1
7978832,1
8080801,1
6926625,0
8852328,0
1606950,0
3549542,1
6743968,0
9846489,1
9756227,1
6776597,1
7053723,1
10251328,0
8342915,0
5751365,1
7412626,1
8165935,0
9556593,0
9980533,0
9327951,0
7600501,0
8876125,1
5404058,0
5647620,0
9830182,1
8473824,0
9819238,0
9318112,0
8716856,1
3402066,1
5572045,0
10016248,0
3236584,0
7459971,1
9105386,0
5250383,1
950513,1
1744682,1
2233832,0
10038451,0
6507167,1
7318676,0
102875,1
7095519,1
3073272,1
10150861,1
6166011,0
9709302,0
6140955,0
8386647,1
6469065,1
7421412,1
8043853,0
9971388,1
7953181,1
10013846,1
8701460,1
6882897,1
6828682,0
5714153,1
9730260,0
2773184,0
1293475,1
9642848,1
6663835,1
7673712,0
8806656,0
163698,0
3770316,0
8009093,0
9800002,0
4068852,0
3789686,0
9572859,1
5364316,0
2095622,1
1616904,1
7072542,1
4898082,0
9953458,1
6187095,1
9958407,0
9514608,1
8207198,0
4411052,1
1156089,1
1130281,0
7847573,1
6828947,0
7980533,0
6781862,0
9373764,1
5615023,1
9846321,1
71296,1
8910178,1
7412990,0
7913140,0
10142658,0
2919808,1
5529964,0
9859272,0
8623856,0
8636821,1
8387752,0
1158609,1
1705476,1
6450489,1
9663321,1
8527948,1
1597921,0
9498622,0
9959324,0
8936941,1
2920169,1
9230931,0
4632217,1
469449,0
8471486,1
10208663,0
9953912,1
10219657,1
7956327,1
10160196,1
8706769,1
2179180,1
42487,0
830992,1
8927326,1
9123955,0
9574810,1
8582244,0
5718086,1
3411599,0
1077998,1
8653777,1
8957065,1
9327091,1
4598624,0
7227036,0
10092957,0
5939999,1
6307817,0
7440492,0
9919160,0
9234339,0
8039190,1
9392599,1
8895255,0
8730058,0
1987473,1
10102906,0
8637817,1
366814,0
9635645,0
10122471,1
6986980,1
4277166,0
7552028,1
3278932,1
6295874,0
5126538,0
8582559,0
7122646,0
5304948,1
4879236,0
10212980,0
5624898,1
8123812,0
8717408,1
9788797,1
9135478,1
9736046,1
9926705,0
9883481,0
5282494,0
8705103,1
10003146,1
9831093,1
7047629,0
10238363,1
7181417,0
9238360,1
2833742,0
9988541,0
8718822,1
3180474,1
5857346,1
1823707,1
10246275,1
6091756,0
9206639,0
9841534,0
3560873,1
8601427,1
7181978,1
4825338,1
3555658,1
9854503,1
6297745,1
9306671,1
4403885,0
8940360,1
7171965,0
5954252,0
7676483,1
61711,1
10001610,0
8770459,1
7281601,0
7953559,0
8935310,0
7801799,1
10204880,1
10253106,1
8716317,0
9848930,1
1316727,0
8462686,1
5956884,1
7064933,0
10230833,1
5012380,1
6993942,1
8599972,1
9751730,1
9628647,0
8784345,0
2260521,0
7554447,0
9278733,0
10069545,0
6288226,1
7275042,1
4515060,0
1236665,1
10137112,1
9775812,1
6293351,0
5859173,0
7756931,1
9262553,0
8322167,0
8025487,1
7184540,0
9198856,1
5587910,1
6523310,0
8126952,1
8644431,0
2822633,1
7209225,1
2205261,0
2868763,0
9664809,0
287277,1
3618184,1
6751407,0
5749866,0
8520433,0
8904996,0
9268366,1
8791749,0
6396925,0
7767903,0
6739809,1
5179725,1
8770136,0
4038591,1
1999985,1
9773177,0
8802550,0
9621795,1
5650520,0
8447149,1
8757899,1
7309204,0
9307154,0
4169021,0
7848668,0
687485,0
1994053,0
8866970,1
9900039,0
574039,0
6987825,0
8192105,0
8811700,0
3440276,0
4672627,0
3891023,1
4160611,1
5931996,0
9426292,1
5446648,1
8925471,0
3020012,0
8092576,0
7908389,1
9621164,0
8724451,0
7446176,0
8676953,0
7038100,0
6733793,1
6374666,0
646907,1
9538023,0
7771330,0
6314141,1
3742598,0
7470233,0
5989880,1
6761918,1
8755767,0
10163485,1
5358063,1
9289165,1
5792425,1
7083494,1
6579683,0
8378377,0
6442725,1
3600872,0
6470604,0
8936309,1
8076649,1
9327622,0
3672894,0
8105446,0
7348190,1
4747051,0
4338677,1
6935193,0
5549707,0
1912891,0
8567374,1
8866618,0
573732,0
708908,0
603235,1
9908636,0
9677952,0
9950645,1
9704048,1
5397419,0
9337532,0
10054610,0
2742610,1
8065022,0
6923930,0
7494523,1
8633977,0
1873312,1
10277317,1
6635594,1
7401896,0
2050435,0
1875108,1
10195973,1
9724545,1
7794928,0
10082718,1
7980361,1
10243427,0
8175756,1
7425996,1
6802137,0
9036823,0
9441926,0
6594040,1
7515009,0
7931760,1
1569670,1
9581842,0
6158239,1
10275661,0
9481146,0
6317334,0
8633736,1
4555937,1
5363289,0
7436945,0
9857530,1
10117426,0
7052941,0
5742140,0
3809624,1
7928572,0
10123000,1
8517662,0
9536696,0
9850544,1
8870210,1
8061375,1
2553412,1
5050488,0
8640527,0
6051440,0
2755019,0
6596628,1
6724701,1
8449903,0
6063102,1
9120459,0
9869008,1
5523552,1
10189114,1
9626260,1
9762284,0
1603937,1
9300082,1
3564920,1
5557934,1
5456250,0
8827405,0
3549162,0
7727260,0
5773663,1
58420,0
10029510,0
10152628,1
9841869,0
8817321,1
7412052,1
7036582,0
6541814,0
10150799,1
7091483,1
9775947,0
6760048,1
6614041,0
8726471,0
8025213,0
6008228,0
6476793,0
5961784,1
775959,0
7850111,0
4186871,1
9521894,0
2001094,0
4883246,0
696469,1
4979643,0
8292446,1
5465045,0
9501790,1
9422746,1
9854660,1
331960,1
1371089,0
8743254,0
4512489,0
9589640,0
9576733,0
6365257,0
10134624,1
9882081,1
8043918,1
9527028,1
5796055,1
1089118,0
8898972,0
9405600,0
7235191,0
6489261,1
10196810,0
9084185,1
990324,0
6402501,0
2558038,0
1103867,1
9212966,1
7626976,1
7427131,0
4526650,1
8571789,0
9423173,1
7847620,1
4666868,0
6463446,0
5346435,0
7338542,0
8571870,1
6684185,1
9778924,1
7987659,0
10081097,0
5902837,0
7843575,0
7297501,0
6035675,1
3445736,0
8086487,1
10138073,1
2146582,1
3082685,1
156435,1
4414469,0
6712437,0
9745361,0
14203,1
8460175,1
3379624,1
2514463,1
8746387,0
5458370,1
10024437,0
4205242,1
4656503,0
10174880,1
7517655,1
4874880,0
4831961,0
592008,1
9624514,1
8993311,1
846077,1
6405335,1
9771307,0
10220950,1
8392430,0
5670689,1
5523512,0
5852391,1
9921604,1
10012366,1
10250358,1
3540071,0
4562049,1
5374061,1
8846188,1
8604673,0
9854460,1
2722236,0
7845981,0
76125,1
5799021,1
10044220,1
9766468,1
9862286,1
7090319,1
7886469,1
9307554,1
6588522,0
10140450,1
298990,0
8940738,1
6575761,1
2889879,1
7707868,1
7140065,0
5795537,1
174564,1
5592965,0
7850326,1
10244020,1
2322062,1
9762444,0
9652167,0
9306784,0
5801354,0
3881203,0
643551,1
7027966,0
9338806,1
9844949,1
4255956,0
8368495,1
9650131,0
9747333,0
8188626,0
4568462,0
6005696,1
10234731,0
5644726,1
311046,1
9512651,1
7079424,1
9191764,0
8773165,1
1656447,0
8523555,0
1402851,1
9355956,1
4582110,1
7877475,1
10097408,0
600855,1
9087369,0
8548193,1
1378253,0
6151783,0
3705355,0
9888728,1
7246828,0
3403527,1
9779081,1
10121905,0
9569513,1
8386412,1
9632130,1
5677897,0
3344987,1
6336020,1
8530915,1
9144830,0
3955531,0
10192419,1
10256750,0
7660562,0
4751410,0
7723584,0
9382742,0
1771920,0
5221150,1
9571991,1
2407883,0
2027130,0
9840436,0
926985,1
4654584,0
3785403,0
6787332,0
9610059,0
7782700,0
9335368,1
7906362,1
9335677,0
3856335,1
7658293,0
3684311,1
5200362,0
9967288,1
6108557,0
9443548,1
10070801,1
7122382,1
8990804,1
10019625,1
4037967,1
9309080,1
4367841,0
8146917,0
1170685,0
8844671,1
1974130,1
7915643,0
5554538,0
7327145,1
10112091,0
7002458,1
44959,0
9882012,0
8851513,1
7480588,1
9152449,1
10071652,1
8677960,0
6039991,0
9140860,1
8813612,0
9476140,0
6989372,0
9713630,0
2040869,0
7871012,0
2152492,1
7494690,1
8736804,1
2541141,0
9977087,1
5015041,0
8635244,1
7575907,0
9776303,1
9655357,0
8345870,1
9898691,1
5458214,1
8333988,0
3906326,0
9978827,0
9700225,0
3138972,0
8822461,1
4182292,0
7935665,1
9065880,1
1576110,1
8678949,1
2075853,0
9307860,0
10169393,0
9332885,0
6785689,0
1905958,0
3808512,1
8751409,1
7527743,1
9902523,1
8398379,0
5770807,1
6105083,1
2866726,0
10006467,1
4193741,1
9839181,1
9536332,1
4620777,0
4572554,0
9684493,0
9654245,1
2316861,0
5361364,1
9794867,1
6335697,0
10277691,1
4904376,0
9581340,0
7107332,0
9589583,1
8755416,0
6159585,0
267470,0
5958041,0
9216809,1
9911668,0
9717116,0
5517464,0
9243477,0
1364219,1
9992999,1
3885562,0
10105448,1
10260309,0
3806993,1
9742117,0
5058387,0
9837622,0
7124120,0
8209404,1
5472191,1
5824407,1
9302995,1
8135149,1
9241554,0
4982384,0
1849142,0
2310281,0
8023782,0
5824684,1
6673843,0
10067574,0
2923037,0
6377334,1
9855377,0
10207749,1
10248352,1
276984,1
8644318,0
9362317,1
6193326,0
9237757,0
9711299,0
10228050,0
2449576,0
7717588,1
1984942,0
2513821,0
8868562,0
9325893,1
682843,1
9177586,1
1368076,0
9563021,1
9262671,1
4741026,0
3063007,0
5080805,0
5071557,1
8605645,0
8554680,0
6488928,1
6768701,1
4465377,1
9969410,0
8623920,1
9889376,0
7351524,0
9340829,1
4127422,0
10252253,0
9681118,1
8533647,0
10015197,0
7646752,1
9567305,1
1481407,1
8220953,0
7481803,1
6073536,1
9849228,1
2032371,0
10033219,1
7623940,0
4645288,0
9488842,0
7137957,1
6729711,0
9111667,0
9984353,1
138130,0
6473453,1
9075886,1
5690160,0
9177184,0
9961078,0
9885613,1
2662619,0
9323990,1
5003505,0
10101766,0
10244103,1
8947544,1
2716558,1
9849542,0
2864218,0
1698164,0
9629147,1
5868644,0
2253788,0
8666270,0
8137852,1
7910888,0
308992,0
9764531,1
7468216,0
9751055,0
9789620,0
10235743,1
1717923,1
10275448,0
8021727,1
916272,1
8492411,1
8199370,0
7138480,0
9070311,0
4594335,0
7899141,1
5797209,0
7935225,0
6175008,0
1410493,0
3844546,1
1860951,0
2655761,0
162905,1
559641,0
4623845,1
9599685,1
1952535,1
8517813,1
10099578,0
9451452,1
5534154,1
1871597,0
24305,0
9191987,1
99783,1
5239520,0
7462656,1
4065945,0
7847369,0
9093996,1
9642259,0
9276485,1
9338219,0
9969403,1
7745656,0
9387405,1
3823098,0
9274308,1
76962,0
4524530,1
7910334,1
8709471,1
1524332,0
7909982,0
9189369,0
6713606,1
8629772,1
9919271,0
2174395,0
8194003,0
4503208,0
8306578,0
6861575,1
2537709,0
2555042,0
8432879,1
9973312,1
6154605,0
5906227,0
6677762,0
67253,0
9350215,0
2071227,1
8562330,1
8688034,0
10038632,1
9762639,0
562250,0
1016448,0
8469834,0
9155066,0
5178829,0
8624745,0
3451364,0
6568627,1
7061129,1
9769593,1
2017357,0
5963613,0
7685866,1
6576796,1
787059,0
5430662,0
7084625,0
1706659,1
8672159,1
7082650,0
69766,1
9336598,0
6093038,0
3640134,1
8116892,0
8982934,0
10031411,0
5366252,1
9681402,1
6171646,1
8545997,0
5989094,1
6715725,1
6282364,1
6875444,1
4406266,0
3604914,0
8851109,0
6632095,1
3009312,0
9954760,0
5124075,0
7249681,1
2114724,0
8063389,1
9790871,1
9574672,1
8932479,0
10070274,1
580603,1
9969759,0
9089340,0
7698091,0
7942414,1
7442891,0
10081223,1
5754020,1
6977892,0
9988729,1
9283055,0
3609571,1
9785585,0
4637439,0
6829101,0
4267002,1
9699076,1
8762628,0
823259,0
10155043,0
8058443,0
7872172,0
3132027,1
8387639,0
10277019,1
4243800,0
9853101,1
6852072,0
9016488,1
8172103,1
2797689,1
6085785,0
8821645,1
8816388,1
6385605,0
9317247,0
9921476,0
8841571,0
1875181,0
5686117,0
9242709,0
8716211,1
7458080,1
10116651,0
5908805,1
1674937,0
7935828,1
9310275,1
7960093,1
132124,1
2135015,0
9992470,0
9134345,1
570605,1
123589,1
4669620,0
5687928,1
9933420,1
871597,1
8089442,0
529643,1
5796056,1
8206620,0
8439955,0
7105354,0
8931458,0
4871701,0
7517907,0
9257198,0
7876326,1
10111861,0
10034169,0
9544000,1
68866,1
5785164,1
8719213,1
4215834,1
8220739,0
2233007,0
1266352,0
1682863,0
8710324,1
6882818,1
9993021,1
10070848,0
7350708,0
2574639,0
8895114,0
8758578,0
5776029,0
6066069,1
7338290,0
766447,1
7132486,0
9719310,1
4885625,0
6571731,0
5984322,0
5556073,0
4881528,1
9567937,1
7033813,0
4611361,0
6626032,0
10106801,0
3942825,1
8496952,0
5551672,0
5181252,0
1715591,0
11658,0
3387660,0
9925358,1
6459549,0
9023376,0
7064036,0
8610351,0
9875714,1
9250661,0
3809417,1
9107896,1
8657596,1
1364645,1
8538324,0
9823583,1
7560588,0
9476499,1
8929216,0
9222172,0
9338696,1
9325707,0
7410925,0
8844335,0
9541707,1
5058662,1
4149465,1
5485656,1
6093686,1
7944076,0
7464401,1
7832353,1
7960870,1
2685082,0
5496671,0
8221905,0
8638799,0
7146642,1
10277426,1
7017556,0
8870009,1
3249906,0
2739173,1
2732200,1
7709420,0
6746054,1
7382115,0
7279272,0
3014558,1
7485299,0
3375595,1
7663319,0
1526738,1
7345155,1
687888,1
6136967,1
5836880,1
8694347,1
4179913,0
6807844,0
6190892,0
8616786,1
8250392,1
8593287,1
8386333,0
9252218,1
3842372,1
4797639,1
1635218,0
9698268,0
10271922,1
10230252,1
10141088,1
1071099,1
6075614,1
4870751,1
8649083,1
7802489,0
737418,1
7527080,0
8603629,1
1039094,1
10221908,0
4266587,1
8560716,0
5555976,1
8373412,0
5585415,1
2698497,0
5121434,0
5200395,0
6327496,0
8944350,0
7339901,0
2002057,0
4493382,0
6177659,1
6391656,0
8112870,0
7869140,0
2863630,1
2876021,1
712254,1
9983631,0
9771540,1
5984644,1
10224126,1
1219536,1
1171077,1
8811593,1
8523451,1
9127672,0
6677609,0
7506909,0
7560028,0
6336096,0
8177022,0
10131306,0
9849712,0
9611525,0
9607814,1
9844072,0
8793990,1
5557583,1
6450481,1
5680013,0
536275,1
5778034,0
3398846,1
7769818,0
8035655,0
1512277,0
10010374,1
9212975,1
9473267,0
6691160,0
5725521,1
2580799,1
2930051,0
9973063,1
1143624,0
10260545,1
10128281,1
3189482,1
10148350,1
4008188,0
5059480,0
9751131,0
1732918,1
9586415,1
8517188,0
9912754,1
10171770,1
8869269,0
301145,0
9072307,1
7459292,0
150865,1
8939871,1
9331924,1
5741109,1
2524448,1
9839487,0
7947500,1
6362063,1
5318594,0
3587725,0
9273658,0
6749476,0
9895343,1
9056578,0
10103608,1
10115142,0
9726967,0
6358687,0
10181315,1
10164902,1
8496581,1
7216622,1
7720213,1
7964278,0
7381859,0
10237380,1
8397572,0
8575714,1
9739718,1
9597681,1
8173314,1
8324453,0
8628172,1
2172191,0
5871163,1
5672839,0
9519360,1
10268106,1
5318007,0
8207651,0
5182544,0
523496,1
8037885,0
4427275,0
8701955,1
9242386,0
9235184,0
7449045,0
7107569,0
9663187,0
1222189,0
2538950,0
4038585,0
1375333,1
9388807,1
8514785,0
9395793,0
7181460,0
8145088,0
7660709,0
6491290,1
9155063,1
8361114,0
7861362,1
3589184,0
3791425,1
7409009,0
9989270,0
7756289,0
8117230,1
3896567,1
9438047,1
7282275,1
4221289,0
3296169,0
6776624,0
8404389,0
7929216,1
8933255,0
9549836,1
9428116,1
9807014,1
1131497,1
8210403,0
9589405,1
6002837,1
5321966,0
4412153,0
6155936,1
2756143,1
10003888,0
3051351,0
8457189,1
4389255,1
6839423,0
7985481,0
8676391,1
6807353,1
3659692,0
9250264,0
8386186,1
5121648,1
9760163,0
6159929,1
9844385,0
5728852,1
6780491,1
2514560,0
4525843,1
7509842,1
8742670,1
9889301,0
7665949,0
10226361,1
6716709,1
7220521,0
10003073,1
9276718,0
83396,1
10136403,0
6112004,0
5378984,0
9645771,0
10193073,0
7530873,0
4443584,1
234268,1
5722024,0
7504321,1
6395664,1
8171223,1
5188870,0
8390557,0
3539085,0
1651116,0
6984098,0
8392141,1
10103830,1
760526,0
10039261,0
9985413,0
5179163,0
9441589,1
4437891,1
5421675,0
9961360,0
5422967,0
8940114,0
456150,0
9256042,1
7479827,0
4945210,1
10196023,1
7908875,1
8495913,0
6794510,1
10167903,0
10142390,0
6625877,1
9655828,0
7946555,0
23041,0
8857569,1
7304204,1
8631720,1
8224662,1
9249043,0
9254136,0
1111051,0
3552899,1
10213517,0
9332228,1
7504227,1
4906320,1
6417699,1
9991016,0
8470025,0
7542878,1
9100739,0
3384497,0
2479158,1
8295715,1
8853746,1
6287935,0
9863851,1
9664761,1
10019668,0
4174996,0
4049723,1
4427942,1
9930469,1
2036952,0
3749903,1
9261703,1
4448429,1
1370114,1
9275990,0
2646011,0
8654913,0
34904,0
9303429,1
6153773,0
9908098,1
10263373,0
2176645,1
61333,0
2488326,0
1148784,1
10251378,0
173504,1
8222076,0
6930192,0
9326528,1
2471130,0
1655090,1
9088070,1
8578662,0
5997670,1
8828367,1
7163676,0
9980360,1
4714867,0
4405482,0
7437689,1
10124582,1
4003172,1
2677168,0
7428759,1
10266078,1
9451461,1
7069253,0
8217884,0
9770247,1
7261181,1
8631174,0
2587742,1
6309941,0
10083528,0
8243821,0
9221255,0
9877761,0
4543580,0
586701,0
5064026,0
5724007,0
2931804,1
9564826,0
9025888,0
8409088,1
9844231,0
9621779,0
8825291,1
3055683,0
8099229,0
6461272,0
8096139,0
6003507,0
7320796,1
5811679,1
9423902,1
3246187,1
8151358,1
576338,0
8292700,0
7286764,0
8404642,0
9837377,1
8069625,0
8342057,1
10277248,1
8766460,1
367983,0
4527136,1
8147096,0
1431221,1
3160514,1
10261140,1
752656,1
9687255,0
3668235,0
4659357,0
1593001,0
9425031,0
126592,0
1612347,1
5716812,0
8814811,1
9229795,1
10253737,0
8411748,1
7137762,0
7311570,1
1413482,0
9003853,1
9606841,0
10155799,0
7559303,0
4546087,1
10210779,1
10070595,1
8959833,0
174585,0
8748577,0
91969,0
10189830,1
9549466,1
7342228,0
9684807,1
6206707,1
7740000,0
457793,0
10198386,1
4815684,0
8637351,0
10012110,0
7203394,1
8919976,0
10199635,0
20438,1
9838435,1
10248533,0
3776638,1
10236443,0
1980872,1
6569151,1
9382037,0
2040496,0
6894503,0
5225311,1
8673815,0
9352841,0
7740608,0
10247221,1
9093434,0
3238468,0
4961766,0
5283215,1
8117828,0
8074048,0
1222995,1
6122004,1
245392,0
3433410,1
8389877,1
5077271,0
10125950,0
177631,0
2475636,0
6255475,1
9327962,0
7436411,0
9640117,1
9165092,1
9952540,0
5158992,1
8651558,1
8862271,1
9083855,0
3411284,1
7264217,0
9475150,0
9892263,0
7165469,1
5398898,0
9490560,1
5890397,0
6643592,1
1604209,1
8521623,0
9844848,0
9953463,0
10110601,0
3558277,1
7566307,0
6430966,0
5377647,1
9212968,0
7768802,0
8050295,1
7129708,1
8134120,1
9230128,0
4092812,0
8170758,0
7243852,0
1878799,0
8397873,0
8290908,1
10114688,0
7917861,0
5587863,1
2823289,0
2594572,0
2669794,0
5580473,1
1061024,1
9340443,1
4345657,0
2459911,0
5913528,1
9531562,0
9419468,1
9767275,1
6416898,0
473670,1
9472290,1
9830121,0
8797666,1
9200409,0
5782490,1
2126521,0
6258715,1
16696,0
8071195,1
7909722,0
8440989,1
9096527,1
3352939,1
1965733,0
8541826,0
10168090,1
10202054,1
3409698,0
1132479,1
5906330,1
9800948,0
5407514,1
3881537,1
8934381,1
9468575,0
9418597,0
7930760,1
9356475,0
1048495,0
5707359,1
7793248,0
185105,1
7478122,0
5812630,1
6194759,0
5637301,1
9849807,0
9491666,0
8765662,1
9866345,0
10053309,1
8128485,1
3374983,1
7123653,1
7902568,1
7762180,0
9424759,1
7241364,0
9412066,1
5831338,1
9033933,1
2408845,1
9562155,1
4356878,0
4453652,0
3583204,0
8018150,0
3864613,1
2916606,1
2464550,0
6098699,1
6405851,0
10003443,1
150760,1
9082055,1
8303198,0
10026960,0
4680382,1
482600,1
7310043,1
8166086,0
5717746,0
4820844,0
6714784,1
6740012,1
8532139,1
8794674,0
7473109,1
7532421,0
6082958,0
7004484,1
6522839,0
3565859,1
8849705,0
2230160,1
5519094,1
8886023,1
6032405,0
6688664,0
646342,0
6067480,1
7860339,0
7030911,0
7847349,0
9754706,1
4514884,0
9201832,0
8590082,0
3159248,1
3678892,1
9022823,0
9834437,0
8094283,0
5060459,1
89778,1
8948150,0
8520625,1
5196564,0
9771546,0
9906435,0
5856325,1
8119976,0
296028,0
10006907,0
1423794,1
3576910,0
5891604,0
7849015,1
9054102,0
7702994,0
5686128,1
5509418,0
8656006,0
9655990,0
9844777,0
7927348,0
9900510,1
7568352,1
1666913,0
9843013,1
9485141,0
4253627,0
8485372,0
9842073,1
8520983,1
7262334,0
10038196,1
3438972,1
97698,0
10063670,0
10115187,1
9354176,0
7073392,1
10226234,1
9306239,0
7196390,1
6390399,1
6549317,0
8146379,0
8557143,1
9805234,1
10191997,0
10130569,0
4461175,0
9434435,0
9127780,1
7918993,0
10271962,1
10261470,1
8534949,0
967936,1
1110370,1
6049170,0
6909117,1
10017287,0
2532787,1
8244579,0
9249474,1
1554803,0
9462165,1
9223213,1
8679244,1
9022855,1
8645894,0
4866655,0
6915171,1
7581044,1
10165412,0
8106682,0
3223511,0
1087173,1
10197175,0
9950816,1
8126293,0
8595363,1
8342816,1
5916484,1
5745901,1
9553977,1
5411726,0
10022518,0
7847537,1
773168,1
3259388,1
62231,1
8469443,0
9051337,0
8334448,0
9627236,0
3206131,1
8101805,1
7287959,1
6303360,1
1894102,1
5323562,0
1484305,1
8460253,1
8620514,1
10252762,0
8911030,1
8356911,1
9370761,0
7330603,1
7348992,1
9982373,0
9459234,1
8852022,1
8326929,0
6808892,1
1359553,0
7918921,0
9854796,0
3235545,1
2114200,1
6293854,1
8709377,0
9917858,1
9988307,0
9650694,0
4007901,0
8035829,0
8412764,0
9237567,0
3364692,1
8115761,0
8810140,1
5527676,0
2975254,0
6110400,0
4208788,1
3396909,0
7222797,1
7032305,1
7355741,1
9499348,0
9452838,0
8208581,0
573860,0
9378128,0
5644783,1
8627847,1
8493515,1
1221791,0
1347801,1
9574838,0
4113237,0
2877862,1
559797,0
805149,0
5809129,0
2108674,0
5277849,1
6711559,0
3399463,1
7186421,1
6725623,1
9292627,0
5851914,1
9593215,1
9742189,0
1431621,0
8993219,1
3884641,0
10103425,0
644303,0
5146108,1
7082080,0
9421504,0
5608690,0
6216156,0
4355928,1
10038064,1
3285823,0
10000807,1
8443733,0
8056048,1
4901208,1
5847604,1
1822966,0
9958071,1
9197334,1
434033,0
7635023,0
7518826,1
2918869,0
9273273,1
9424529,1
4000890,1
3608133,0
10163899,0
2357543,1
3940625,0
9118678,1
3903120,0
7448165,1
8217465,1
3918203,0
9108855,1
9856026,1
8320155,0
2844580,1
7008517,0
3936714,0
8710127,0
10034352,0
7865270,1
7516284,1
4061714,1
1625296,1
3918935,0
8387531,1
9670325,1
9929553,1
2069578,1
132024,1
4877733,1
9287328,1
2262969,0
2484324,0
9996897,1
10270067,1
6133446,0
10057339,1
5267383,0
2395944,0
10232577,0
5194426,1
8017643,0
9290000,1
8216516,1
8336267,1
10241003,0
2353595,0
527341,0
890878,1
3048456,1
8085644,0
9501090,1
7690623,0
5059661,1
9895350,0
10079144,1
8164881,1
9113034,0
10162878,0
10010690,0
8740226,1
9477063,0
5430846,0
6920377,0
9951175,1
1192088,1
8585467,1
5736473,0
8967652,1
9464541,0
8553757,1
9714758,0
9353851,1
3862983,1
8460872,1
7021890,1
9997331,1
4440327,1
9157199,1
6632155,0
39671,0
1965528,1
9216396,0
7093111,0
8699188,0
8211892,0
9429703,1
7125257,0
6038262,0
7861149,0
9991315,1
9742121,1
7557175,0
5151863,1
9212528,1
10054719,1
7160220,0
9004621,1
3862379,1
4882454,1
6076451,1
8221820,0
6026502,0
7331344,0
6644121,1
9325540,1
10159591,1
5713908,1
8777390,1
4212831,0
9294978,1
7470386,0
1616139,1
9601973,0
1988132,0
8856765,1
4246285,1
8938785,0
10173253,1
8902994,1
1031678,1
7713141,0
6907426,1
6971593,1
9386540,1
3932683,1
8132713,1
4162584,1
10040998,0
5306585,0
8431389,0
9338172,1
1541421,0
10271508,0
8556870,1
673643,0
10179465,1
423930,0
9153177,0
6411379,0
8984476,1
9709183,0
7856810,0
7338439,0
10040533,1
4494539,1
8900297,0
7290133,1
8157283,1
6150454,1
7091213,1
9841351,1
9845927,1
2494715,1
1917396,1
9745524,1
9964415,1
9369492,0
5434384,0
7868423,0
2621119,1
10232205,1
8965872,0
7517598,0
5435489,0
6933538,0
10017855,1
5490693,0
6025646,1
8835794,1
297077,0
8777821,1
1286239,0
8074120,0
9881479,0
8168320,0
6165176,1
9222064,0
8712595,0
8572535,0
4580875,0
5686185,0
9523178,1
8621648,0
10181706,1
6589121,1
3209405,1
5999428,0
7478793,0
8691108,1
1506026,0
8644720,0
9297621,1
7470387,0
8814676,1
307908,0
5144226,0
316311,0
8135589,0
5390459,0
9456690,0
3715797,1
6119416,0
4530514,1
1364465,0
1576800,1
8201149,1
8320966,0
4617225,0
8584902,0
5955512,1
7953386,1
2522186,1
4628779,1
1626171,0
164526,0
10228018,1
9606198,1
9682668,0
8360619,1
6180543,0
9841551,0
9619717,1
8134001,0
10103338,1
6128568,0
8435978,1
9946886,0
6931997,1
8786127,0
9823602,0
9880254,0
8440744,0
4548669,0
10225895,0
6378732,0
6169880,0
10272983,1
2069179,1
8837213,0
8051900,1
9951997,1
4231580,0
9201944,0
44214,1
10072468,1
7537070,1
977686,0
4474228,0
2251990,0
8969470,1
3720065,1
8740838,0
9019331,0
9723277,1
4581325,1
8040910,0
9986046,0
9222870,0
4643081,0
7087581,0
5249102,1
9288285,1
2570263,1
8578186,0
8521936,0
9084588,0
371035,0
9105403,0
8706787,1
6714413,1
9449399,0
6422534,1
5986347,0
5977127,1
7963133,1
9289953,1
9283159,0
6901434,1
9291205,1
6884214,0
10001438,1
8189262,0
3309596,1
8739866,1
8154213,0
5424404,1
2491019,1
68509,1
9199046,1
3912822,1
5449394,1
1010103,0
8489539,0
6723226,0
8515456,1
2069472,0
5135696,1
9064934,1
9022350,1
9249704,1
9807404,0
8309562,0
2620394,1
842507,0
5962222,0
6545392,1
1992200,0
6056810,1
4124494,1
3577040,0
43809,1
9764135,1
10245896,0
7527616,1
6239785,0
9430943,1
8058845,1
593901,1
5182735,0
6145563,0
3557271,0
9549940,1
7315327,1
8960093,1
5306337,1
8610717,1
673642,1
8114691,0
3681647,1
3790045,0
5313425,0
3911947,0
8368937,1
7032324,0
6637761,1
2127145,1
1594085,0
4950320,1
8906024,1
9144211,0
8848665,0
2077702,1
8879800,0
7122531,1
8786190,0
9283258,0
2528987,0
8535859,1
9980671,0
10158816,1
6226868,0
9367213,0
8040165,0
9137239,0
9237295,0
4563105,0
10277306,1
3822634,1
3313320,1
1434536,0
8035620,0
9556504,0
4584565,0
8938860,1
9384213,0
8632857,1
2101921,1
8900205,1
527392,0
4037686,1
986516,1
9542059,1
7861381,0
4553856,0
293625,0
5424402,0
8909097,0
9212840,0
8868775,0
9393892,1
7008005,0
9740553,0
9017813,0
9999846,0
10162567,1
9523898,0
5452449,0
9375777,0
7579402,0
6015697,0
6326682,1
8150578,1
7685578,1
5365157,0
9340147,0
9497919,0
3599821,0
8130271,0
4665333,0
6045070,1
5252122,0
910368,0
5498299,1
565837,0
8757483,1
5957757,1
6836614,0
4690648,1
6401094,1
4882806,0
10198159,0
3924721,0
7899727,0
8636492,0
3205019,0
8143849,0
8906777,1
5583183,1
9281342,0
9935392,0
7455850,0
3658179,1
6560037,1
10180289,0
5853127,1
9660090,1
3980130,0
6731936,0
7870171,0
9495575,0
8736838,0
8993231,1
8323014,0
5214560,1
8012885,0
2472377,1
9626479,1
6509254,0
9357325,1
8508506,0
9373340,0
10125697,0
3105145,1
6080441,0
9555215,1
9772297,1
41093,0
3385804,0
8744016,1
2853745,1
3381281,0
6328445,1
5862097,0
3340117,1
3835523,0
1583220,1
10259739,0
9013581,1
8359717,1
8850745,1
4465562,1
9772504,0
4192446,0
10129467,0
9830631,0
6285172,1
7340822,1
5641071,0
5105194,0
3417109,0
9623233,1
10037677,0
9139605,1
5704395,1
8743591,0
4977989,0
934064,1
9980412,0
689429,0
10072238,1
3158599,1
532126,1
9972513,0
3891845,0
7054596,1
9291914,1
1367055,0
100165,0
8544627,1
8140416,1
7558653,1
4344978,1
8929852,1
9549206,1
8403414,0
5991342,0
7525600,1
9894844,1
6825041,0
8712427,1
5687694,1
7122489,0
5688585,1
2802648,0
9893842,1
5192,1
3921963,1
8171212,0
2760503,1
6469200,1
6291085,1
899200,1
9602953,1
8383468,0
9680229,0
10102210,0
6039252,0
5463729,0
3904117,0
5353717,0
9472838,0
9413475,1
6361,0
7710289,0
7804330,0
9589214,0
1417063,1
10021952,0
8403642,0
8758162,1
6073053,0
6689007,0
5041416,1
8637126,1
8177287,0
8161753,1
3508450,0
7269614,0
3038066,0
9935458,0
6489270,1
4760682,1
264213,0
4431826,0
9746897,0
9858704,1
5461464,0
6274143,1
9762072,1
7365527,1
6356075,1
10245297,1
9324034,0
7533743,1
9909830,1
5639870,0
8937674,1
10138726,1
10019855,1
8034768,0
4872086,0
129775,1
9418231,1
9075203,1
1879068,0
1599487,0
8288686,1
7922300,1
4418181,0
8060293,1
3209047,0
9993539,1
9906821,1
8740298,1
9197684,0
5859886,1
3519751,0
381381,1
731542,0
1146537,1
7431436,0
10122833,0
7768807,1
9665973,0
5067571,0
8454976,0
9418995,1
2084014,1
9437800,1
4220329,0
9709216,1
9665162,1
7505176,1
7470349,1
5487536,0
6420341,1
4533074,1
4975977,1
9884944,1
4831076,0
7899604,1
2428703,0
6131965,1
9316492,0
8669871,1
8632278,0
171546,0
10274491,0
8736200,1
8939049,1
902060,0
1149021,0
10090373,0
9686434,1
3820989,0
320264,0
5387255,1
9338254,0
8067548,0
5783839,1
905764,0
7787707,1
5975302,1
7509003,1
8424761,1
5525385,0
9811951,0
3361427,0
4919924,1
8361248,0
7488081,0
9991262,0
9384378,0
5359109,1
8049814,0
9932141,1
7603466,1
3790485,1
7704515,1
7551279,0
4875753,0
9911754,1
1512813,1
3679154,0
367051,0
9974305,1
8933629,1
1694266,0
5047199,1
3418638,1
9488176,0
9554667,0
9813644,0
8861172,1
9883606,1
511915,1
8924751,1
9723739,1
10025149,0
10186324,1
6212618,0
7941480,1
1047841,1
3846882,0
4655639,0
9617071,0
9986958,0
4015544,1
3379092,0
9856251,0
6857329,0
9994201,1
5690816,1
9846346,0
700421,1
9289555,0
5106319,1
5535899,0
3711664,0
4716364,1
2789460,1
2549142,0
6377570,0
4509804,0
8785565,1
9970218,1
8841160,0
8099223,1
6842076,0
8483046,0
192919,1
1585198,1
7777315,0
8839390,1
799754,1
9621631,1
7741505,0
9132604,0
9130603,0
9767027,1
5915157,0
10268113,1
8649690,0
7429885,1
7329356,0
9478468,0
10001119,1
6136350,0
8823884,1
8952090,1
9697491,0
9469367,0
9187473,1
7475889,0
1040887,1
3744988,0
9464737,0
10059866,1
4560605,0
10142478,0
2418947,0
1254212,0
7795765,1
4387427,1
10065785,0
6226406,0
8397865,0
30570,1
7517386,0
7572773,0
9477148,0
59599,1
9623952,0
5879690,1
6295584,0
5564885,1
7274457,1
9853730,1
7871804,0
9973811,1
9614788,0
9899857,0
9138201,1
4638895,0
9331926,0
3837428,0
10058126,1
9393291,1
8077037,0
1403428,0
7893901,0
8804205,1
3750130,1
407714,0
9945942,1
9177188,0
10024800,1
6347564,0
10014024,0
7554907,1
5641580,0
6244011,1
5532379,1
7690797,0
9845813,1
3853974,0
3201604,1
8679363,1
7864147,1
5318410,1
9616325,0
9479384,0
3314682,0
5984006,1
3367912,0
538521,0
9197173,1
6854625,0
9257326,1
1025761,0
8833843,0
5868246,1
4428664,1
5835498,0
9336462,1
6011220,1
8091956,0
2152773,0
9365595,1
8768114,0
1432451,0
2353620,0
1957083,1
10096472,0
8706010,0
10156992,1
9747573,1
7882493,0
7670203,0
5497834,0
8591974,1
7307221,1
8668526,1
6381861,0
10017200,0
7252920,0
7519755,1
3249991,0
6113553,1
10188175,1
10272171,1
6765308,1
716010,1
3102558,1
5699953,0
8895420,0
6406605,0
7749431,1
7862695,0
9038504,0
5411966,0
10218276,1
9751315,1
6892570,1
5099932,0
7504709,1
8769379,0
4664820,1
4383895,0
872887,1
658581,0
7502938,0
9813472,0
316224,1
8919006,1
5239274,0
9954264,1
9979950,1
5558779,0
8825224,0
6761955,1
6716799,0
9769969,0
9463338,1
9341465,1
8535879,1
6838892,1
5253195,1
9586820,0
8591981,1
3320376,0
7696744,1
3401526,1
7326986,1
9761988,0
1209958,1
7961050,0
2604168,1
3304029,0
9247328,1
3075798,0
455673,1
9931135,1
8380878,0
7363805,0
6626900,0
9109614,1
7285384,0
9334002,0
8834853,1
10194903,1
9435067,0
2690061,1
9549823,1
8740700,1
6071644,1
8591342,0
8210119,1
7518850,0
4427957,1
6588432,1
8979062,0
9740276,1
7714480,1
1259069,1
9442146,1
2368641,0
6673975,1
9430614,0
10079684,1
10123446,1
3243646,1
8709034,0
8701260,0
4498045,1
7203432,0
2565978,1
10250169,0
1145129,0
1366823,0
5251023,0
8291738,1
3655484,0
6964191,1
9252563,0
1669645,0
7654299,0
10213165,0
7800431,1
6779667,1
2756144,1
9741405,0
6077833,0
1445978,0
3609702,1
10108427,0
4949891,0
6176167,1
8502241,0
7876247,0
9339372,0
1135944,0
8804100,0
7052044,0
7131623,0
2447023,0
812184,0
8462566,1
4587964,0
5474376,1
7085980,1
8859889,0
3159944,1
7313561,1
9603963,0
9024387,1
8549291,1
10133599,1
6197662,0
1914929,1
9382339,0
9304946,0
3343454,0
7710095,0
5073649,1
7825705,1
2561379,1
7465955,0
523289,0
8514368,0
9340285,1
130001,1
8839077,1
9767752,1
5740242,1
10024564,0
9652068,1
9292507,0
8529318,0
7448978,0
9910702,0
6124256,1
4560136,0
1347669,1
1676471,1
4372021,1
9927788,0
7491668,0
9425219,0
8835582,1
1798314,1
9397848,1
6492651,0
10242398,1
1428060,1
10064933,1
6238710,1
9234871,0
9948594,1
10267649,1
8966502,1
3301110,1
4328226,1
4187272,0
10142326,0
9271144,0
8077003,1
9230661,1
9291969,0
6367646,1
9806506,1
10250063,0
4682582,0
8309747,0
4462932,1
440799,1
1889309,1
5261819,0
6561332,0
6836036,1
728832,1
2818662,0
1553247,1
5524997,1
9500354,1
9418636,1
3090884,1
30015,1
6786417,0
9499655,1
1175616,1
8350129,1
2701088,1
10086655,1
3018965,0
8043252,0
10232323,1
9339556,0
4981070,0
7896669,0
9813522,0
8302506,1
9965179,1
48433,1
6806734,1
9376431,0
4965331,1
9877186,0
2549611,1
7906952,0
6041688,1
8479779,1
9327421,0
6962626,0
6192513,1
9312199,0
4947514,0
10190765,1
10277478,1
9064542,1
3301551,0
1385504,0
9914447,1
9226498,1
8126869,0
2409995,0
4844303,1
7182456,0
5685,1
7528640,1
3597546,1
5882203,1
3027271,0
2645664,0
7246306,0
9793772,0
9339290,1
8974955,0
8982798,1
6805618,0
8440414,1
9119173,0
5908782,1
8186705,1
9665471,0
7325032,1
10066419,1
7552798,1
5325159,0
3635496,0
5069869,1
6418521,0
8036988,0
8358010,0
6047858,1
259511,1
9330892,0
10004592,1
9586359,0
9825704,0
6238536,0
6521874,0
5915199,0
2107050,0
3804993,1
3800002,0
8115427,1
2324933,0
7230670,1
8154347,0
5140678,1
6379418,0
8887606,1
2497834,0
9281054,0
10124368,0
3111108,1
8732471,1
6474234,0
10027837,0
9463851,0
5536092,0
8757132,1
9903434,1
3662845,0
8618257,1
3384880,0
9053911,0
4431859,0
5511420,1
7089108,1
7074296,1
4598882,1
6109170,0
7942664,0
10122472,1
9275929,0
9803553,1
3917982,1
5371235,0
6442660,0
9151057,0
8419302,1
6739254,1
6511678,1
5305342,0
8168723,0
9742329,0
7942613,1
4541334,0
8891209,1
7937012,0
4337747,0
8281198,1
10213195,0
8023950,0
9930989,0
3760948,0
7025325,0
10220683,1
10178293,1
9536920,0
38262,0
6009270,1
7782737,0
7911523,0
8869983,1
7113555,1
7794505,0
5277120,1
10077421,1
6843157,1
7228081,1
3579313,1
9299078,0
6291106,1
1962307,0
6832322,0
3654238,0
9243644,0
6206985,0
1360336,1
9794097,1
5256436,1
10079164,0
8677701,1
2087779,0
7648190,0
10113037,1
7838527,0
9795864,0
4694653,0
10268800,1
7343439,1
597041,1
8498458,1
7270828,1
2100349,0
9769321,0
3652750,0
7885008,1
2112981,1
8089791,1
10272159,1
7934338,1
9834561,0
5493893,1
6275259,0
9994664,0
802834,0
8034970,1
7828108,1
3735910,0
7264034,1
9156429,0
6211784,1
6682271,0
5221676,1
6836997,0
9860178,0
4490687,0
121928,1
5551761,0
183303,0
9914083,0
8194034,0
8920777,1
9973003,0
419983,1
9846299,0
8829126,1
9784062,1
10137395,1
3792524,0
4653709,0
9238121,1
8939048,0
9788753,1
9924839,1
803804,1
4495196,1
275797,1
5833777,1
10261402,0
4787294,0
9150765,1
2164034,0
6179591,0
9912669,1
10001295,0
1148884,0
7871189,0
7277177,0
4145169,0
8118858,0
7293287,1
9863696,1
8928530,1
5923695,1
5027645,1
7236524,1
9798635,0
8063911,0
7958989,0
2529960,1
10071189,1
9625190,1
1366995,1
7542593,0
4671919,1
7835796,0
9251565,1
3410670,0
9323907,1
10062645,1
8202714,1
8437982,0
7954593,1
4835492,1
4783010,0
9686869,1
7320068,0
4262875,1
9901494,1
6827627,0
1190434,0
5995777,0
7489996,1
8004631,0
8887283,0
9706716,1
7715999,1
3815541,0
5410813,1
10196071,1
6102074,1
323188,0
5667167,0
3987957,0
5582680,0
9736249,0
4945000,1
7847472,0
6637410,0
4852662,0
8897597,0
6445601,0
9480393,1
6656685,0
7546393,0
1589780,0
9727119,0
9098728,1
5667764,0
9589241,0
9603006,0
2914744,0
10054661,0
4201574,0
9978657,0
9227722,1
9837505,0
8081551,0
1952180,0
9629136,1
9258620,1
9070168,0
9844783,1
761084,1
8639381,1
10272091,1
5009805,1
3869508,1
7129959,1
9069539,1
8324043,0
9446066,1
9214440,1
8615308,1
9614913,1
260747,1
9377108,0
8037080,0
6784051,1
9641373,1
7379542,0
371796,0
2076852,1
1921192,0
5369137,1
1683219,0
6821692,0
3483363,1
7659377,0
4496516,0
9475519,0
275287,0
10195698,0
7092996,1
7661150,1
3720143,0
2853723,1
419216,1
6933906,0
7485094,0
1313070,1
9227102,1
1604851,1
10266241,0
523394,0
9471876,1
9582222,0
8186914,0
6774945,1
9636215,1
5593466,0
7666652,0
6033692,1
172721,0
7852286,1
9767200,0
9950740,1
6729263,0
4283848,0
6487265,1
8740818,1
9096603,1
7137258,1
2595464,1
105503,0
7682803,1
5343479,1
9030840,0
8204705,1
7503139,1
9963229,1
8019017,0
10156585,0
8210453,0
3762203,0
2105134,1
7264100,0
101656,0
4468164,0
2524738,0
8816006,0
4423227,0
9789489,1
6704042,1
8009683,0
2590789,0
8622382,1
6343245,1
10018265,0
5070788,1
3929960,1
9113117,1
8087597,1
5792069,1
3025656,1
9536767,0
6925331,1
5737329,0
8800793,1
5223670,1
5386653,1
5172213,1
10169233,0
9959602,1
10089097,1
2019725,1
3908125,1
9339444,1
8683341,0
5586841,0
6825648,0
1783120,0
2036620,0
6745104,0
212788,1
7451781,1
8549990,0
6022411,1
4589632,1
2533149,1
2938457,1
1666089,0
2487315,1
8177021,0
1369543,1
8117221,1
8598733,1
9420363,1
7554132,1
10083177,1
8469837,1
5494893,0
4881356,1
8444607,1
6023207,1
5907462,1
8661837,0
8680676,1
7350677,0
9569983,0
9155570,1
8807384,1
3493520,1
10254570,0
7531033,0
4824233,1
8818497,0
8656356,1
9956170,1
9182567,0
7346689,1
7216747,1
6131163,1
10123123,1
6753671,1
9321436,1
1888286,0
9164132,0
5221833,0
7986578,0
4827771,1
1730697,1
10112099,1
6140256,0
850237,0
1060682,0
8925241,0
6238069,1
8782465,1
4976311,1
9695551,1
3338030,0
7673528,0
8327789,0
9536259,0
6662623,1
2139236,1
10240752,1
10229320,0
2529973,1
10259694,1
7796403,1
9328841,0
9865524,1
9349878,0
5235826,0
5563513,1
10209280,1
8184625,1
9805560,1
2121599,0
9102770,0
2053379,1
10175754,1
5707564,1
7682873,0
10151925,1
5906225,0
1000443,0
4234769,0
1906778,0
1131322,0
7487973,1
9441881,1
10159467,0
3408956,0
8299322,0
6220260,0
9152963,1
2247877,1
4342446,0
10025789,0
8397720,1
3439937,0
8521147,0
7166289,0
8185932,0
9085638,0
6487087,0
9959397,0
10137550,0
5943663,0
7620218,0
7661777,0
8908837,0
5174418,1
9825080,0
7108885,1
9477639,1
9559420,0
9888160,0
6041133,1
4892115,1
9406527,1
9277375,1
8062960,1
6188578,1
4811567,0
10222278,0
6141846,1
10111067,1
10116395,0
10203949,1
6126402,1
9340517,0
9703464,0
7469625,0
9951297,1
5817848,0
5879852,0
8040306,1
8659713,1
9294974,1
8887911,0
8746492,1
3078443,1
8473443,0
4763795,1
383140,0
6242252,0
1405307,1
8617301,0
5470743,0
9399151,0
8030055,1
9833946,0
7968524,0
5468465,0
7928413,0
9480004,0
5901556,0
9312407,1
3395453,1
5174372,1
8686560,0
9334360,0
7774007,1
7867686,1
5213098,0
199981,1
4192863,1
9972772,0
8190263,1
8848855,0
9109655,0
9647077,0
7271449,1
10269052,1
5655510,1
9340006,0
5129111,1
6811282,1
4203355,1
121819,1
6916831,1
3982008,0
9690560,0
9719704,1
3047075,0
4495780,1
6774392,0
9744864,1
1557573,1
2997519,1
2068521,0
9724462,0
4809578,0
7100278,0
249907,1
4128040,0
9027621,0
6996319,1
2662540,0
8920723,0
6374811,1
6995129,1
8490387,0
4339111,0
9139279,1
8125119,1
9954353,1
7246225,0
1403291,1
5448364,0
7768652,1
10028324,0
8318201,1
3624247,1
6105502,0
4895219,0
9976920,1
10117094,0
10220912,0
5752139,1
8912972,1
7059446,0
8726782,0
9215951,0
6412104,1
8394776,0
8816232,1
7025805,1
6338033,1
7324304,0
3812003,0
7203103,0
9094587,0
9412231,0
7954354,1
5293169,0
9957914,0
9888495,0
9638630,1
2391027,1
8666580,1
284131,1
8136804,0
8694184,0
1158166,1
5059013,0
5147914,0
7869466,1
9258047,1
5391086,1
9755964,1
1665432,1
8982679,0
7845212,0
7296840,0
5744251,0
8162979,1
7032367,0
7620457,1
9019763,1
5511391,0
9312050,1
9877947,1
9705581,0
3434506,0
5802299,0
7177265,1
3593705,1
8638288,1
10114147,1
10016933,1
9302418,0
9446814,0
1180080,0
9273874,0
3047471,0
6817073,0
9062965,0
9524468,1
9223301,1
3739034,1
9957080,1
9760403,1
10057082,0
10161832,1
9611848,1
6706585,1
4376689,1
9832710,0
7772300,1
9558431,0
6810658,0
3109136,0
5300060,0
3841052,0
6723098,0
8320479,0
3764519,1
5865711,0
3210787,1
33390,1
4914338,0
8896969,0
8434051,0
1010391,1
502005,0
4480981,0
4492531,1
1585800,0
8077602,0
8021470,0
6904835,0
7137406,0
4727163,0
5510071,0
1142503,1
2957932,1
9179971,0
9765202,1
7475387,1
2836168,1
6288464,1
9917726,0
8473295,0
3616875,1
8691308,1
8925693,1
6736205,0
9573651,1
2068456,0
8852428,1
6386127,1
7777959,1
10062551,0
5877932,0
5133305,1
9962587,0
2006733,1
9244789,0
2116486,0
8090458,0
9133970,1
10135373,0
627621,0
7601142,1
10029416,1
6593574,1
6658439,1
9165956,1
8686488,1
2571438,0
3982877,0
7741310,1
9289308,1
2983887,0
3236394,1
9775015,0
2489489,0
43171,1
10222641,1
9264094,1
1416135,0
9891531,1
4784542,1
3870209,1
3740857,0
7504727,1
3218802,0
5088460,1
7165599,0
1387469,0
9961389,1
7304231,1
10216170,0
1741822,1
4543090,1
8926238,1
9301624,1
9459953,0
7690899,0
4567225,1
6134138,0
9944933,1
6909721,1
8970921,1
7495694,0
9566634,0
7769089,0
8836536,1
8279674,0
9686268,1
9083975,1
6199804,1
10217091,0
3284310,0
6029728,0
7335363,0
8791446,0
4321326,1
5232307,0
1565624,1
7272513,0
9772191,0
5449190,0
9097545,0
6181459,0
643094,0
6182754,0
6782768,0
2115820,1
9930439,0
6568167,0
7236742,1
8616949,1
5151430,1
5983893,0
8465416,0
9088089,1
9693003,1
6102356,1
9181364,1
8191447,0
9501621,1
8474875,1
230713,0
6907472,0
8580831,1
5314481,0
2958665,1
9913903,0
9431118,0
5727207,0
8127277,0
9434562,0
8424249,0
7547579,1
10067289,1
3600991,0
6032563,1
9464462,1
6617035,1
9445359,0
9847702,1
9877894,0
1734704,0
8891344,1
7328739,0
5347485,0
2901756,0
1724629,0
4303217,0
9653580,1
5587914,0
5753189,1
9659246,1
10129292,0
1214686,0
32801,1
7718990,0
1908681,0
3882788,0
7028611,0
3552694,0
6737854,1
7767400,0
9605435,0
7894934,1
8314493,0
9976201,1
9302103,1
8687838,1
10233736,1
1517113,0
10053599,1
4446483,0
7935812,1
5713216,1
5107236,1
9336371,0
9305578,0
4918514,0
9670378,1
2309395,1
1783647,0
534022,1
9984107,1
4415399,1
6333227,0
7635806,0
3169529,1
8634910,1
4190018,1
728117,1
6255839,1
9907299,1
1724306,0
2002880,0
9900779,1
8878428,1
10103741,0
8602654,1
10031623,1
2983857,0
7744921,0
6765044,1
9678213,1
6992042,1
6675404,0
7695416,1
6724486,0
10021987,0
7586980,0
8373211,1
5980467,0
6061340,1
2119342,0
10054068,1
7294350,1
7915475,0
8174443,1
8159286,1
2960535,1
9139970,1
4890164,1
8532618,0
1420983,1
10173947,0
7380183,1
362525,0
861159,1
8802238,1
5849240,0
10222235,1
7662242,1
9116952,0
9612567,0
9813743,0
8113016,1
10069023,0
4653584,0
8816697,1
9993108,1
6876191,0
8676145,1
2205240,0
3584204,1
6296679,0
1452513,1
6120825,1
3859424,0
7841424,1
5501660,1
3427458,0
1797212,1
6607230,1
8406991,1
4609949,0
1828136,1
5032686,1
10273014,1
8495001,0
7361198,1
9137745,0
9267704,0
1447396,1
6002197,1
8982127,1
7600088,0
9402419,1
4432362,1
4073105,0
9140776,1
8822540,1
1580865,1
9624315,1
9654840,0
3924752,0
6480653,1
3058966,0
8891865,1
2869139,1
1621470,0
7857451,1
1820623,0
9661329,0
3582562,0
8929557,0
6772951,0
9703542,1
9268884,0
8934378,1
7865980,1
9669651,1
9402791,1
8928224,0
5719530,0
4666215,0
1310471,1
8904330,0
106570,1
8332234,0
3401816,0
7993886,1
8504839,1
9720125,0
2771015,0
5551498,0
511628,1
4045166,1
9751448,1
7587373,0
9744506,1
7172791,0
7663865,0
8116837,1
7470439,0
10103579,1
9384063,0
10141387,0
9355634,0
609049,0
10195672,1
5314628,0
8585780,1
688332,0
10155099,0
8792599,1
9565560,0
8098297,1
6627691,0
254607,0
1173238,1
8342534,0
6888755,0
8633532,1
8627048,0
2643930,0
3579320,1
1604682,1
9051386,0
8345872,0
3415183,1
812508,0
8525624,1
6554103,0
8882439,0
10204526,0
8222021,0
4549213,0
9113947,1
8674896,1
8041164,1
311501,1
5233094,0
4733361,1
6880568,1
9120062,0
8684683,0
8597530,0
10028813,1
9251307,0
8060523,1
8134531,0
6254794,0
9233701,0
9665541,0
9843128,1
3378653,0
4728216,0
9961143,1
5866216,1
10051637,1
6751357,1
1276280,0
1319265,1
9872285,0
9497511,0
5150023,1
7260409,1
4707382,0
9855324,1
10071148,1
4439637,1
7322086,0
7552569,0
1095178,1
7596703,1
6227140,0
9845732,0
1461239,1
2511377,0
7515830,1
8904340,0
8513711,0
8183708,1
6823724,1
7567700,1
5348315,0
7481415,1
7799364,0
9329326,0
10097215,1
6833869,0
10201565,1
3160650,1
5511799,0
9523842,1
10047880,0
8929108,0
6753595,1
4539006,1
9793233,1
7407988,1
7224149,0
9997954,0
6581678,0
7118598,1
3151553,1
337949,1
7640250,0
8160890,1
8605634,1
6055689,1
8792029,1
9116312,1
5269631,1
8848683,1
989171,1
8818125,0
5423596,0
9834138,0
5493482,1
5251628,1
10223059,1
9436281,1
9319540,0
6440608,0
6354744,0
7722831,1
8533068,1
7474508,0
5147606,1
1661587,0
5717168,0
7454614,0
6070429,0
10204463,1
9015986,0
5947566,1
10222300,1
5862916,1
9755431,1
8365714,0
4835312,0
9402750,0
4558607,0
9773410,1
2577885,1
3848782,0
9704952,1
4851412,1
8792586,1
10231837,0
8810358,1
10044721,0
6261338,1
9168213,1
7612671,1
8300550,1
9437693,1
2483646,0
7039456,0
7071805,0
9426281,1
4970843,0
6498042,1
7308325,0
8086902,1
2301589,1
6375610,0
2557604,0
9197737,0
385152,1
4892584,0
2517389,1
7690285,0
10140623,0
8409962,0
9880179,0
7723557,0
517122,1
3738565,1
9493317,1
2057277,0
8650841,0
9599269,0
695403,1
9804573,0
4016364,0
4967303,1
899172,0
914174,1
5956704,0
9744148,1
9788647,1
7475352,1
1117797,1
8769580,1
9977599,0
3450260,0
7175806,0
5158612,1
5321736,0
10218189,0
967829,1
8381359,0
8118772,0
4909588,1
771753,1
8898177,0
10065755,1
4401162,0
7090247,0
9094406,0
6737408,1
458512,1
7933390,1
7987331,1
5781550,0
2998557,0
3232650,1
5031678,0
9017747,1
10082513,0
10272528,0
8560723,1
7262650,1
7855846,1
7682897,1
7299269,1
8670662,0
8102952,1
5149820,1
3145126,1
9237857,1
9881120,0
3382640,1
5849226,1
151016,0
8216277,1
6738759,0
8047138,1
3320469,1
2751617,0
5726834,0
8189949,0
8534159,1
9677163,1
2919325,1
9560778,0
7941446,1
64717,1
7360683,0
6636604,1
6723883,0
7327060,1
9818073,0
9848199,1
2205205,1
7079565,1
6711622,1
8297324,1
9119056,0
8104703,1
7829906,0
8581595,1
6183832,1
9296316,0
9046630,0
7037189,0
1722697,0
1741322,1
5727073,0
7219210,1
9637983,0
4728079,0
6483971,0
8047526,0
9176347,1
5386757,0
6408592,0
7232643,0
1293734,1
10246732,1
8815713,0
5386617,1
7930774,0
7318177,0
9898636,1
9068817,1
8198880,0
4075367,1
5443370,1
10250257,1
1992700,1
6837719,0
9799865,1
3743578,1
6630207,0
9594445,1
8180048,1
8641659,0
1246405,0
8606416,1
8639214,1
9408352,1
5201365,0
10170218,1
1661515,0
6350158,1
6078773,0
9658121,1
4501016,0
10233247,1
6751837,0
8513600,1
7461790,1
5804966,0
4121620,0
9134665,1
5895609,0
6636000,1
1653108,0
6483879,0
8916142,1
8715679,0
8550276,1
5889301,1
8863809,0
9939324,0
9936112,1
7390172,0
7801557,1
6750011,1
1147321,0
5292226,0
7119441,0
9657885,1
10268619,0
6906550,0
5954450,1
5698620,0
1968098,1
7298923,0
7121811,1
9930653,0
8515168,1
3646210,0
9398533,1
8801790,0
8917363,0
8568237,0
4806310,0
9561940,0
4976303,0
6835394,0
9552116,0
6669179,0
66106,0
9884804,1
6982007,0
125643,0
10039777,1
9832964,1
1786838,0
1455009,1
6181949,0
8499831,1
7563325,0
10275025,1
9832803,0
9670875,1
3930091,0
8195195,1
5662329,0
7736448,0
7598858,0
1216302,0
9079776,0
10040033,1
4813296,0
10271579,0
9958501,1
9851458,0
7529762,0
8726584,1
9803859,1
1954506,0
9443947,0
7801616,1
2086343,0
10079804,0
10232492,0
9013511,0
8006793,1
9066397,1
7116097,1
9558310,1
9717570,0
8051283,1
10001724,0
7772929,0
9814423,1
8614423,0
8583530,0
522438,0
8765387,1
9393322,0
9882506,1
321127,1
9844980,1
8858832,1
7863106,0
5525346,1
9339748,0
10211491,0
7175438,1
9246915,0
9288590,1
8071673,1
3619860,1
4118596,1
6715830,0
5475281,0
7439486,1
76131,0
8520934,0
9346884,0
1703910,0
5469592,1
7634084,1
3276488,0
6735189,0
6811368,1
15027,1
10197423,1
8154253,0
1837882,0
7473890,1
10006517,1
10004436,0
4868627,0
8515831,1
9129485,0
9265960,0
9314052,0
7361302,1
7801991,0
8219102,1
8894341,1
5158635,1
7575399,1
5993145,1
8916491,1
8562917,0
6766253,1
8791197,1
9430624,1
10159540,1
3228737,1
8628521,1
2926931,1
2637480,0
8753711,1
10073252,0
9168575,0
2277860,1
6192537,0
6761636,1
9980001,1
4641186,1
4681958,1
7851278,1
9139595,0
3719035,1
10017401,1
7946016,0
5780455,0
525009,0
9770148,1
8772254,1
3924825,0
9553778,1
9454717,0
8634760,1
2238845,0
7945977,1
6630631,0
1142072,0
9464483,0
3961615,1
3257298,0
7270349,0
3653418,0
9539822,1
2548476,1
9911748,1
5893154,0
9442626,0
10202653,1
4789021,1
9916488,0
8724362,1
9428505,0
9134256,1
10153960,0
8712735,0
9805017,1
2481483,1
5465496,0
8741414,1
9599821,1
4554702,0
5650329,1
4772727,0
9230076,0
7758462,1
9247104,1
10080315,0
7479750,0
7026048,1
8635989,0
9930410,1
4000332,0
6136005,0
10042576,1
8962204,1
10208259,0
3566675,1
8371371,1
9950932,0
5896977,0
7949179,0
9666526,0
3908669,0
10040539,0
5371516,0
8361032,0
3452641,1
8024262,1
139462,1
9582419,0
6315890,1
9809506,0
9277086,1
91349,1
6759802,0
5458841,1
3446365,0
6926773,0
5459500,0
4968887,0
10264679,0
1494421,1
9271262,1
10014473,0
8782323,0
1877678,0
9132140,1
4965675,0
7943744,1
9310114,1
9696026,1
6258795,0
8553864,0
10219852,0
9906801,1
9746597,1
2267150,1
5027650,1
3278345,1
230610,1
4787200,0
6459671,0
10087409,1
8647392,1
8319530,0
6812628,0
4446396,0
3489440,0
6915414,1
9121080,1
4409206,0
1469165,1
5744361,1
85784,0
6964241,0
9471298,1
8979669,1
2111769,0
7689761,0
7516248,1
8782925,1
10140874,0
6261088,0
5321464,1
3371764,1
6724279,1
1566646,1
10142550,0
5598675,0
5611146,1
5787164,1
8579505,1
9359483,0
10060533,1
8329191,1
6994610,1
890115,0
7820224,0
6347787,0
1797211,1
10016647,1
1203697,1
1769862,1
6078715,0
7310214,0
4167381,0
8163622,0
5143806,1
3729207,1
10177270,1
5783305,1
9095144,1
5278384,0
9252581,1
7916428,0
8605269,0
3746196,1
8126891,1
6333533,0
8670089,1
4927246,1
9172323,0
5392755,0
9395314,0
7279753,0
5815978,0
3036844,0
8963414,0
9991077,0
6747610,1
9300369,0
8603900,0
8615159,1
57866,0
7530665,0
10005371,1
10056339,0
7689813,0
7269325,0
8848832,1
8755223,1
8281449,1
7500529,0
9505774,0
2888430,0
9307531,1
3580449,1
7438029,1
9532564,0
3867536,0
4484349,1
9999803,0
6131209,1
4368446,0
10274033,0
6205704,0
8962766,1
7553210,1
5773156,1
9613520,1
9193294,0
1280466,1
9578832,0
9987416,1
2074603,0
9305434,1
4711789,1
982715,0
7674350,1
5564916,0
4507662,1
8095702,1
6247890,1
6880550,0
8049801,1
1541656,0
9839962,0
1437852,1
2752021,1
7798215,0
10221792,0
10077177,1
10036253,0
8555370,0
5902855,1
10247163,0
823241,1
5337840,0
9544001,0
8378628,0
8937281,1
10136640,1
7734898,0
3987993,1
178937,1
10237809,1
7632699,1
9409836,0
9694338,1
7986301,1
4056743,1
8611549,0
255774,0
7069647,0
6299658,0
8164419,1
9226440,1
35545,1
2294726,0
5465638,0
7910847,1
5659246,1
9040822,0
9108962,1
8171209,1
7400884,1
10083743,1
2693179,0
8634244,0
7519317,1
5984359,0
9751781,0
1108391,1
10132459,1
7615914,1
2180963,0
10148637,1
3998568,1
10174991,1
2041147,1
7746928,0
6483968,0
2390894,1
6926139,1
6386483,0
9898389,0
8725275,1
8860418,1
8780588,0
9243277,0
4681071,0
6298655,1
9756976,0
3768956,0
9054495,0
7742467,0
7092328,0
8059379,1
9776104,0
8867102,1
2146797,0
6718889,0
969735,1
6932989,0
2397537,1
5018279,1
4515432,0
355042,1
6090811,0
4437396,1
7452736,0
10272064,1
9820467,0
8505529,1
5180727,1
5438537,1
7449030,0
8127878,1
9287040,1
5869789,0
7346118,1
8676918,0
9243177,0
688061,0
1022170,0
4868662,0
9887467,1
8529330,1
10275250,0
2339739,1
2666372,0
6829391,0
9650548,1
8474858,1
9303103,0
7392446,1
9967773,1
9653259,1
4518672,0
8500559,1
5552669,0
8436348,1
5981617,1
9561952,0
6153737,0
9318323,1
8639287,1
6051309,0
9448784,0
463084,0
2744136,1
9893076,1
9515500,0
8158212,1
10260568,1
4467782,1
6377253,0
6989970,0
9789495,1
9230619,0
2039352,1
5369663,1
3090349,0
6576099,0
8666747,1
9704093,1
9757380,1
1244261,0
1908586,1
6555386,1
4806138,1
9155658,1
10226323,0
7091066,1
5003115,1
9330488,1
9530948,0
2495362,0
24951,0
6873286,0
9887765,1
9109875,1
5845983,0
5342122,0
9501583,1
9910649,0
2387000,1
9799561,0
2328511,0
2418030,0
7321358,0
8665012,0
9931203,1
65547,1
4204908,1
8711221,0
8567763,1
8055345,0
10200199,0
6666748,1
2788455,0
5919744,1
10053598,0
1190014,0
10010539,0
6113893,1
9320606,1
9650821,1
7559630,1
5759490,0
8171488,1
3345957,0
1114983,0
10144410,0
10209496,1
7194284,0
9828300,1
4348634,1
3227892,1
6077596,1
8581375,1
215549,1
8809768,0
7076330,1
6142122,0
3854839,1
8788676,1
10121128,1
395898,0
1139479,0
4640356,0
9643622,1
9036344,1
1095069,1
74614,1
9428123,0
8787165,0
10249310,1
5529215,1
9758490,1
7467267,0
7798618,0
9795171,1
6838423,0
6378507,1
9087855,0
2688740,0
9171129,1
57210,1
695276,1
8591644,0
3359518,1
9697226,1
10226060,1
3543087,0
9930975,1
1136574,1
7344568,1
4408018,1
8825686,0
8719098,0
9406264,0
8971723,0
2083763,1
9285527,0
4304112,1
9471956,0
452003,0
8327446,0
4566602,0
9542230,1
8398727,1
10022389,1
755339,0
1501030,1
8760720,1
7898492,1
9543522,1
4355124,0
5082027,0
9980847,1
1412396,0
3340979,0
7103869,1
9068307,1
5423412,0
8740270,0
9142361,0
9866135,0
6440692,1
9990565,0
4445445,1
2505011,0
9297268,1
596181,1
10255428,1
8207640,1
8513240,0
8739303,0
9419514,1
4906317,1
57300,0
2747224,1
6537995,1
6046310,1
4479312,1
8067115,0
9794179,1
9502407,0
8175492,1
5605229,0
9797929,0
8218722,1
8071841,0
4454185,0
1081418,1
10098713,1
10114480,1
4610097,0
6703593,1
2963267,0
9137878,0
9413876,1
8463145,1
9755414,1
2483283,1
6740419,1
419060,0
1538960,1
9147374,1
8964961,1
9297469,0
7476062,0
5316994,0
3844474,1
6874637,1
9629605,1
5555082,1
8514347,0
9644148,1
3036791,0
4825996,0
3937726,0
7947184,0
8796887,0
5460303,0
8990945,0
1465333,1
9337908,0
571456,1
8727839,1
7001083,1
6686115,1
9671383,1
47194,1
7924634,0
5979689,0
1722353,0
9856542,1
10168767,0
6321523,1
10207724,0
9048471,1
2984605,1
6354492,1
5330929,1
4872748,1
8023409,1
7423905,0
3645838,1
9461520,0
3933799,0
10248484,0
4716993,0
8307525,0
3912871,1
8625004,1
7953013,0
7409083,1
7850669,1
3632585,0
8035870,1
2701314,0
4257471,0
9395030,1
8169647,1
12831,1
9273352,0
8505862,0
6041559,0
3619613,0
8724210,0
10002273,0
9552511,1
9388377,0
9105766,0
9935901,1
9890355,0
1404493,1
9941439,0
4364623,1
10062414,1
6187484,0
7627425,1
692423,1
10245843,0
7115872,1
8615882,0
5501304,0
9226850,1
1167616,0
8030653,0
6433261,0
3028525,1
4886403,1
3221580,1
9373394,0
8817752,1
9972735,1
9431168,1
10127185,1
8157864,1
4229126,1
10084649,0
2747089,0
10208551,1
4388374,1
1500422,0
3028893,1
9572656,0
10066650,1
5306893,1
10154688,0
8624765,1
10207831,1
8557,1
6594436,1
9607872,1
7338167,0
9649866,0
8154073,0
10274197,1
6846467,1
3893583,1
2572672,0
10183364,1
4871241,1
5536057,0
5592790,0
9425880,0
8728583,1
10259595,1
5243693,1
8468984,1
4000258,0
328736,1
9681188,1
3065992,1
8585663,1
8552633,0
375999,0
6632608,1
5523130,0
4366451,0
9782061,0
10258087,0
6709135,0
7903035,1
10110095,1
3802367,0
907594,0
5802792,1
8378035,1
8676771,1
5358497,1
2412903,0
4908923,0
7970587,1
5072768,1
10126716,0
5893303,1
7175419,1
5266350,1
9439905,1
10002716,0
9718604,1
1630402,0
1586334,0
10250669,1
306989,0
582221,0
8027923,0
207452,0
9586792,1
10270697,1
8788925,0
9463067,1
1340248,0
9619186,1
1771856,1
5998334,0
2667472,0
6186303,1
2111034,1
6736238,0
6242673,1
7686647,0
7462105,0
9780619,1
79721,0
6979707,1
1677900,0
9874024,0
9462071,1
10081731,1
9892147,0
7929962,1
9894404,0
6727252,0
9218422,0
9295212,1
2289805,1
8496167,0
4280017,1
4116633,0
9681543,1
3910655,1
2320428,1
10102897,1
9667482,1
4030335,0
9137251,0
6202730,1
6294415,0
6058862,1
7730191,0
9484080,1
5155694,0
2494845,0
1327763,1
5412118,1
321635,0
5561647,0
4775910,0
10210444,0
9092999,0
4911311,0
10171298,0
10031984,0
9815854,1
7116508,1
7187039,1
1724525,0
2905265,0
9489925,0
9803649,1
9791760,0
566244,0
1895983,0
6506503,0
7693710,1
8189086,0
10007639,1
9144843,0
6848330,0
8486334,0
6902289,1
7029234,1
9866824,0
9627967,0
9338169,0
5264471,1
9160159,1
1453262,0
5036167,1
9269361,1
5481913,0
8103710,0
4535105,0
7408190,0
9628954,0
4684211,0
9702882,0
9264444,1
2157138,0
525749,1
8557754,0
323626,0
8134887,1
10132377,0
6819927,1
9572834,1
111270,1
4827146,0
5881793,0
818990,1
4940930,0
9329209,1
10182678,0
112440,0
8470657,0
2986442,1
6221939,0
8670961,1
10172590,1
10007721,1
9083130,0
8700998,0
2390398,0
4245915,0
3587288,1
372901,1
5717497,1
8198411,0
6138862,1
9855021,1
4414023,0
6267076,1
8012314,1
9218563,1
8848024,0
4045918,0
2425089,1
6302067,0
8834439,0
7233452,0
7138363,1
7908344,0
10006711,1
3063740,0
8236364,1
9865408,0
9810779,0
6805274,0
3290129,0
9822135,1
6806351,1
9794641,1
6729555,1
9812339,0
8793830,0
5618898,1
10164964,0
6384093,1
4716070,0
5833760,0
5297490,0
7905313,0
5275960,0
5258815,0
6874468,1
7979292,1
10101769,1
8099667,0
8886533,1
8804409,0
7234757,1
3116107,1
5133148,1
8691146,0
5829113,0
2525958,0
10080389,0
8290017,0
128881,1
6147543,0
9018791,1
5982840,0
7174235,0
8619213,0
6653679,0
10205640,0
4662256,1
2346950,0
3993216,0
10137383,0
3360811,1
10193152,1
3479760,1
463207,1
7320873,1
8720221,0
6531069,0
8570690,0
2920670,0
5258799,1
9894737,1
6248817,1
7565472,1
9388677,0
6588749,1
9733762,1
9871287,0
10125249,0
342618,0
5106249,1
9644352,0
8926728,1
8939873,1
5492938,0
9958327,0
9554297,1
7936428,0
3439773,0
7920109,0
3685762,1
10014342,1
8151232,0
10074414,1
7408864,0
8757261,1
7771489,0
6977925,0
9618852,1
4439970,1
8164006,0
830912,0
6209046,0
10005440,1
1389982,1
10070615,0
9775392,0
8114280,0
9973825,1
10105536,0
7931299,0
8026224,0
7743790,0
5257286,0
5888005,1
4527308,1
9738839,1
9405875,1
6052557,1
5779876,1
8974947,0
8382219,0
9962832,0
3517304,1
5080589,1
9845799,0
3068660,1
1929709,1
10051627,1
9607726,1
7445013,1
9296710,1
232468,1
6694529,1
4157070,0
322572,0
6237719,0
8377020,1
3032567,1
9845341,0
9796784,0
9277606,0
9268722,1
7501262,0
9928034,0
5683469,1
9500546,1
10257721,1
9976028,0
9395957,0
5055792,1
1472681,1
10144325,0
9992593,0
1427756,1
328074,0
3775714,1
1143517,1
5773621,0
8624964,0
9772690,1
7530066,0
9565020,0
5206958,1
4888516,1
4615591,1
1949617,0
2177277,0
9527138,1
7911052,0
74663,1
6195501,0
6228986,0
7439801,0
7805206,1
7926472,1
8206840,0
464075,1
9238452,1
3909671,0
9716597,0
7344371,0
2876874,1
10237814,1
6013473,1
6071229,0
7733388,0
7730538,0
9642598,0
9106464,0
5285889,1
4008637,0
1573254,1
2727888,0
8383828,0
9859616,1
8706830,1
3313901,0
5112180,0
9652847,1
5474193,1
9004248,0
5526084,0
6516699,1
7297838,1
4979845,1
5450882,1
9925968,1
10021047,1
5025420,0
6413847,0
4980008,1
9820071,1
4802740,0
10185241,0
1121237,1
9291569,1
8415938,0
3615191,1
5675792,0
9927574,1
9293123,0
5925832,1
3738692,0
3746731,1
2802772,1
1475877,0
1911918,0
1402413,0
10264478,0
2009921,0
3346401,1
8607039,1
8418137,0
3951057,1
8046254,0
10249907,1
4712973,0
8367352,1
2862773,1
8156472,1
9095170,0
614516,0
8648548,1
7654425,1
9459113,0
9440452,0
3336204,0
7444307,1
7351349,1
9032740,1
6828774,0
6650233,0
9608604,1
8918307,1
2907069,0
3612935,0
9248025,1
8093709,0
9997368,1
5365935,0
1215109,1
9857893,1
10078594,0
7831034,1
6993879,0
4791859,0
10273922,1
7285074,1
878156,0
7970357,0
8821704,1
4800227,0
5537408,1
1519041,0
6068510,1
9502765,1
8050895,1
4026417,1
488057,1
7433582,0
9523175,1
9814376,0
5902427,1
7467958,0
9311699,1
7803913,0
4220076,0
7365154,0
9046396,0
7571318,0
5843641,0
7845374,0
9470364,1
8499816,1
10015646,1
8422628,0
9674305,0
9203262,0
9812173,1
8881773,0
500766,0
8076110,1
7288099,0
5133156,0
2475536,1
9992760,0
6864695,1
9423723,0
5660798,1
7431678,1
3940922,1
8986720,0
5143071,0
2766434,0
7130919,1
9913532,0
1193342,0
10159397,1
6809755,1
10218420,0
8972150,1
8013812,0
10265457,0
8126638,0
6693666,1
7562650,1
7965166,1
8776862,0
8115052,1
7517116,0
7552779,1
8309947,0
3371416,1
542383,1
8802797,1
10246016,1
10265684,1
458551,0
4572594,1
1385452,1
1448653,0
4162993,0
3946273,0
8580392,1
7015006,1
7176099,0
9595744,0
3572378,0
7743246,1
8352446,0
3781514,0
9721613,1
7042287,0
2504486,0
8587341,1
721114,1
6013575,0
10191342,1
9738632,1
9266087,1
9850282,1
6060054,0
7442023,0
9002766,1
7643751,0
8550178,0
5437567,0
9863039,0
1817460,0
9885457,1
4619154,1
6075852,0
97406,0
9217829,1
2079042,0
9810902,1
7912111,1
8015521,1
330160,0
4333775,1
10255484,0
1103711,1
8911524,1
2353598,1
9084539,1
7710820,0
5887639,1
9296139,0
10207729,1
2298974,1
9340145,1
7632384,0
10001688,0
8829051,0
6400643,0
8091438,0
9735405,0
9840692,0
7116967,0
9993828,0
8819122,0
9540335,1
10208817,0
2992911,0
6860743,0
7922943,0
4344954,0
8890066,1
553233,1
7734496,0
8713584,0
3577733,1
8668172,0
10194929,0
8260942,0
4461847,1
10247753,0
6132162,1
8600728,1
7269704,0
8549504,0
242653,1
9826821,1
4810388,1
8106800,1
7340819,0
9976461,1
3576100,0
9823243,0
9209818,1
9789426,1
8383853,0
7034224,0
7459424,0
8420593,0
8392069,1
2287825,0
9677472,1
1751278,0
902655,0
8570729,0
8017357,1
8433938,1
2428072,0
8630256,1
9332004,1
9425907,0
121256,1
9246586,0
137393,1
8756245,1
7940157,1
7139715,1
3890822,0
3645293,0
8639642,1
10122515,1
10013135,1
2652855,1
3535638,1
8462010,0
266835,1
3318483,0
9093311,0
9668399,1
9458636,0
10132496,1
9612629,1
9813787,1
8749981,0
3929389,0
4544869,1
9668187,1
3843204,0
9565529,0
6126729,0
3803312,1
3326784,0
1963865,0
8629501,0
9729144,0
3409864,1
1136513,0
8666289,1
9221869,1
3808836,1
1491994,1
9183305,1
7720409,0
4279992,0
1483089,1
9267496,0
5124555,1
29886,0
10127063,1
9311967,1
9809825,0
9590773,1
9911358,0
9446662,1
4964067,0
7548708,1
5017550,0
7560581,1
4464607,1
6456227,0
2099918,0
10114828,1
3217717,1
4923016,1
9462305,1
1512731,1
5407618,0
10225774,1
9641452,0
10274342,0
8407822,0
8756720,1
8903743,0
7206638,0
7160188,0
3323961,0
4267548,1
9648937,0
8022066,0
4570740,0
8933172,0
5405620,0
3905848,1
8463524,0
6362731,0
3185,1
10107636,0
5615359,0
7822690,1
9797252,1
9665275,1
6630101,0
8952299,0
9835995,1
3581660,1
7439776,0
9855308,0
9241381,0
8848539,0
8730623,1
2793932,0
6576318,1
2891147,0
9285139,0
8093216,0
5838633,1
10005689,0
9915364,0
4614112,1
10176074,1
6826304,1
7868975,0
6762013,0
7659053,1
10082334,1
1651248,0
8572800,0
5383481,1
9313150,0
890960,1
1144304,0
7467685,1
5976352,0
8928050,1
10206050,1
7198563,1
9533224,0
8061087,0
4474220,0
9511362,1
4106522,1
5042537,0
10034589,0
10056124,0
1674207,1
8048572,0
7494308,0
2484895,1
5458253,1
8150900,1
6688774,1
6480766,0
5610641,1
8466632,1
8183870,1
2062483,1
8398998,0
103965,0
4288966,0
6396070,0
9208309,0
10217596,1
303241,1
3868722,1
8142007,1
8712068,0
9888338,0
2161975,0
5011113,0
10274258,0
10105290,0
8079355,0
7698166,1
4785457,1
9748674,0
10276916,1
5389397,0
8024499,0
127383,0
3757225,0
10138125,0
2516678,0
3946738,1
6935071,1
7495604,1
9588241,0
9764849,0
9505096,0
10216187,0
7789530,0
6924329,0
3855802,0
7114212,1
9079391,0
8198332,0
669938,1
10067096,0
9558794,0
8282874,1
157630,1
5662804,0
10257231,0
8014713,1
268205,0
1367782,0
8926312,0
7313865,1
6665202,0
5855411,1
5649206,1
3987731,0
10205696,0
9430848,0
7381509,0
10144400,1
10241639,1
8328144,0
8629339,0
7432786,0
2327386,1
1971548,0
5984200,0
5725311,0
6062581,0
8028459,1
7516713,1
10264373,0
8699981,0
6800949,0
412277,1
8420344,1
3440260,1
1711124,1
9219879,0
9958894,1
9248835,0
10219457,1
10029378,0
8371847,1
9598607,1
2199979,0
3457805,1
6637130,1
387828,0
965404,1
750400,1
10136870,1
7706713,1
8916654,0
1898745,1
6051575,0
137885,1
8888704,0
8636543,0
9572535,0
8627616,0
10122644,1
9457423,1
3125998,0
6621274,1
9921893,1
5179009,0
9981485,0
9216049,0
9845718,0
6807679,1
8418556,1
2127033,0
7689840,0
8499926,0
8218517,0
5794327,1
7799064,1
1454138,0
8735651,0
9511568,1
4681532,0
5670207,1
9753469,0
9985955,0
7475299,1
9078855,1
8822549,1
7865073,0
9278455,0
8979160,0
4383711,1
9140005,0
2277367,1
7537435,0
4507300,1
39444,1
8816567,1
6351877,0
9617080,0
9825789,1
6760326,0
9819931,0
7279005,1
9230887,0
10244671,1
9754230,1
8089129,0
1991609,1
9236394,0
4713921,0
8100293,0
8714833,1
4868186,0
4655265,0
5913499,0
10110373,1
9503276,0
6171599,0
8932041,1
6118198,1
1265337,0
4828733,0
9628909,0
1152475,0
10035307,1
5378309,0
7859988,1
5523415,1
9803806,1
1572033,1
10021930,1
7477120,0
5785579,0
7463405,1
5491034,0
7526832,1
8187573,0
8617922,0
4174590,1
8461721,0
4054091,0
7778218,1
8970104,0
2633785,1
528260,1
1224036,1
4158817,1
4719887,1
7681550,0
7255049,0
301679,0
9946649,1
5539182,0
9984359,0
6628596,0
1430570,1
3535369,0
7856422,1
9835503,0
9091769,1
5918712,1
9917353,1
670966,1
9247642,0
8643729,0
4741529,1
7688940,1
10223068,0
1392677,0
7571520,0
4480374,1
5149773,1
1981485,0
8913193,1
8577802,0
7060294,0
8046695,1
3625178,0
10249360,0
9654073,1
5095274,0
9817511,1
9436028,1
8364652,0
9541182,0
2962704,0
7816768,1
8682744,0
6565949,0
9067252,0
1070235,1
7217396,0
9854419,1
6515219,0
1940481,1
9852182,0
3263080,1
5836896,1
7306066,0
5208016,1
9875377,1
5586088,0
8208897,0
9853112,1
8824457,0
9959433,0
7736463,1
9709381,1
9739953,0
7282004,1
8674601,1
5451125,1
7573786,0
1937119,1
4269497,1
2314470,0
8386152,0
9995378,1
7078409,1
9027208,0
7452616,0
9275609,0
5402576,1
10023338,1
749433,0
9877878,1
9629131,0
2582750,1
9874118,0
916558,0
2000223,0
2418883,0
1964920,0
9884286,0
9720622,1
7004835,0
9961180,1
7278724,1
6689221,0
2055770,1
9833801,0
8531196,1
1376118,1
8411219,1
606913,1
8504589,1
1524084,1
9991280,1
1765051,1
4471766,1
1103840,1
12666,0
9561746,1
7696708,0
8523062,0
7364312,0
9952551,1
9807056,1
10080479,1
7919338,0
3353721,0
192847,0
1977560,1
2797842,0
8188262,0
4730057,0
8638652,1
9987252,0
9082848,1
3719676,0
9435159,1
9860326,1
10218690,0
6261044,0
9943621,0
10127510,0
9587592,1
9536905,0
2993351,0
9521567,1
7428225,0
8939877,0
8686194,1
930222,1
5685363,1
5054848,0
5249193,1
7083614,1
5135358,0
8559348,0
7719501,0
1531793,0
6320385,0
6715486,0
6409630,1
9477930,0
8711440,1
6850714,0
696226,1
9948904,0
9881357,1
4038511,1
9925507,1
8152424,0
7459767,1
103807,1
749249,1
392334,0
6910820,1
5979852,0
9092808,0
8392543,0
9855982,1
5175781,1
3198916,0
1609245,1
9763582,0
8374524,0
8017846,0
7663472,0
6093889,1
8427205,1
7176676,0
6466450,1
4632521,0
8580323,1
8897614,0
3212263,1
9135220,0
8604495,0
6974348,1
9247488,0
8743031,0
3446666,0
8894825,1
8678779,0
7550878,1
9655008,1
6129240,0
9823000,1
3456789,1
7121443,1
6821931,1
7039037,0
8014864,0
4515906,1
9924903,0
8020618,1
2891642,1
9563734,1
1867756,1
8652704,1
5235430,1
3839952,1
258094,0
6225330,1
10262118,0
1196270,1
433129,1
1457537,1
4887155,0
9229857,1
9995541,1
5401538,1
2580291,1
4968754,1
3347952,0
4669253,1
9239776,1
6586322,1
118082,1
8200795,0
10007575,1
9312034,1
9297144,0
9917246,1
6651856,1
5597924,1
2971608,0
796978,1
7837410,1
3246565,1
10215448,1
7315303,0
8714136,1
8118589,0
9735269,0
9580690,1
8556388,1
9656686,1
5848395,1
8862443,1
9365059,1
5459399,0
9960871,0
5615080,0
3471265,0
7459247,1
7863296,1
9825234,1
49219,1
9333491,1
9034121,1
1042500,1
4355522,0
7688886,0
4968631,1
10067243,0
3195738,0
8330556,1
9587606,1
6836668,0
5291328,1
4784148,0
8175336,1
3371057,1
7425548,1
8754228,0
6375303,1
9756398,1
3736765,0
7654075,0
9173429,1
2122529,1
10274566,0
1425103,0
6379037,1
5397003,0
10238324,0
2704639,0
9536699,0
3351583,1
6064323,1
7739988,1
9995706,1
9337831,1
10103135,0
728033,1
6995801,1
3251779,1
6211275,1
3435642,0
7826343,1
4102660,1
9619630,0
7882635,1
10147051,1
5327423,0
4754216,0
9013097,1
7737572,1
4493783,1
9413344,0
9648543,1
3013389,1
10258063,1
7717145,0
5698885,0
2872843,1
7330510,1
3600464,0
4244466,1
9798852,1
8993605,1
9501089,1
9563673,0
9938257,0
6740860,1
4879050,0
3430511,0
10115785,1
8874727,0
7599158,0
9773306,1
531542,0
5488890,1
8895056,1
129815,0
8814000,0
7889156,0
648867,1
2669479,1
9848451,0
9046517,1
9949028,1
8308189,0
6001450,1
9828639,0
7383381,1
8587548,1
9814232,1
6150605,1
6191291,1
10277504,1
6051832,1
8590709,0
8997163,1
3524649,0
5519919,1
9685765,1
8273332,0
10075416,1
1447680,0
7926007,0
9500826,1
4734589,1
9947501,0
7491495,0
2956560,0
8119854,0
4388695,0
9321439,0
67742,1
9981894,0
6947256,0
8189340,0
7235843,0
8614450,1
9236318,1
4459458,1
6596297,0
7127306,0
9963212,1
5945205,1
5047577,1
8359260,0
8010553,1
3645984,1
8134507,1
338182,0
6597782,1
8640908,1
7715066,0
2110849,1
9818873,0
8220126,0
10248337,0
5367205,1
693002,1
6089734,1
9179292,1
6382295,1
8867804,1
9306275,0
8658717,0
9227652,1
9610099,0
3092175,1
1916605,1
10118274,1
8391086,0
5415012,1
6632610,0
9950746,0
9765142,0
4005953,1
606125,1
9735144,1
4925936,1
1907280,0
9666662,1
668701,0
5563793,1
6711708,1
5626422,0
9495781,0
8754380,0
372563,0
8650931,1
1583696,1
5425264,0
4006588,0
4549129,0
9468719,0
9706623,0
10045744,1
5924842,0
8743252,1
8632729,1
389386,0
9804716,1
9219005,1
10180438,0
9792552,0
6628983,0
7954150,1
10273377,1
8426907,1
8952213,0
9384390,0
9237646,1
8494310,1
4777332,0
8936800,0
9914577,1
6239675,0
8189124,1
10103485,0
8417651,1
6996491,1
5986865,0
7797873,0
7139038,0
6579336,1
5931747,0
3822446,1
7452777,0
2740047,1
6092955,0
9989482,1
3753651,0
8656078,0
8714999,1
7065026,0
9280901,0
4514915,1
4676098,0
5942485,0
9307441,1
5555046,1
8105151,1
4407408,0
9371024,1
8619616,0
10090379,0
8895269,1
10212160,0
8495649,0
9155532,0
9393434,0
7544628,1
10277091,1
8318143,0
2145405,1
3072782,1
3347531,0
1226061,0
9994773,1
2883673,1
7429836,1
1066052,1
7655968,0
6919256,0
6044400,1
1114230,0
6058180,0
9460445,0
6896090,1
6267056,1
40590,0
8089948,1
4006354,0
2517661,0
9658794,0
8552521,0
8082873,1
9023835,0
179188,1
8935816,0
2444396,0
4294717,0
4065254,0
8819478,0
8834301,1
9774158,1
9742123,0
8406484,1
5793811,1
8104163,0
5657046,1
7035068,1
6298015,0
8649836,0
9997993,1
4339983,0
9097019,0
6469812,1
7187889,1
8140070,1
6319072,0
3536039,0
9914304,1
5632217,0
4338983,1
6137250,1
9454942,1
9895038,1
6244133,0
8522001,1
9420364,0
3598816,0
7991008,1
7221694,0
5106303,1
8817031,1
1405968,1
9145829,0
7155418,0
7609770,1
9325645,1
436546,0
10064747,1
3135596,1
184016,0
6606217,0
8482190,0
5528852,0
10267767,0
7306160,1
9437620,1
1654076,0
6374837,1
9662551,0
8865684,1
7613557,0
8863334,1
8736388,0
9908460,1
6281191,0
1289874,1
9312136,0
856329,1
909916,0
7916899,0
8523443,0
9075130,0
5154362,0
8204396,0
7343032,1
2796810,1
146487,1
4935572,0
8149701,0
10074062,1
8717104,0
6470129,0
4927651,1
9979017,1
6930427,1
8579767,1
7009528,0
4075996,1
8612337,1
7902281,0
8715745,0
9197016,0
7950997,0
8625285,1
4355066,0
6369096,0
4811169,0
31657,1
8189872,0
4456329,0
8760044,0
8941375,0
6890538,1
8205415,1
6223143,1
10253227,0
6113085,1
207826,0
9710507,1
7737934,0
8215638,0
2358216,1
9852919,0
9814013,0
8145959,1
9074161,0
4665334,0
6600576,1
8016380,1
5912869,1
8868449,0
5897239,1
9845140,0
10184035,1
1640054,1
9050254,0
4620336,1
6362551,1
2475830,1
8095118,1
4555136,1
3476067,1
9685848,1
5236523,0
5852832,1
3592781,1
3493646,0
7052505,0
5133420,0
4806712,0
9791943,1
5269404,0
4048650,0
7361282,0
7740271,0
5541892,1
8475565,0
5483383,0
81969,1
5114783,0
10199778,1
5483262,0
8556200,0
10035149,0
9255845,0
8950266,1
7445604,1
10038588,1
609091,0
4522329,1
8782254,0
6388551,0
3809579,1
3476076,0
9329681,1
2040894,0
5058207,1
5695266,1
3185454,1
7986274,0
10274171,1
7697868,0
2470239,1
9624951,1
9655728,1
930090,1
9042760,1
4887426,0
2919607,0
10101235,1
10195267,0
5212276,0
9466509,0
