id,EAP,HPL,MWS
id12024,0.7069015662400638,0.29291581719412907,0.0001826165658070902
id15178,0.2502550084449329,0.6970459643469356,0.05269902720813148
id18559,0.03246136511596007,0.9054162650019181,0.06212236988212184
id21414,0.9290267854903982,0.014944582779432253,0.056028631730169635
id25439,0.43185530754363494,0.003683242967899956,0.564461449488465
id02609,0.0015486511104538315,0.19925496082514327,0.799196388064403
id03193,0.01017121378905762,0.24407976373368903,0.7457490224772533
id00572,0.0015611254494851303,0.00011883369951909372,0.9983200408509957
id03663,0.03585413367588141,0.958144229177379,0.006001637146739739
id13447,0.05791572864613611,0.8425539693731026,0.0995303019807614
id18580,0.9942594102363205,0.0039054415546378833,0.0018351482090416071
id04722,0.018481902646623045,0.9565229813214017,0.02499511603197523
id15665,0.12352026291378615,0.838148446745027,0.038331290341186826
id20036,0.0006662930855581124,0.9927742752776202,0.006559431636821773
id07791,0.9904520040067274,0.002477483260194807,0.0070705127330778555
id20816,0.02090491293551347,0.8920743979665172,0.08702068909796942
id01105,0.12465806933405407,0.4688622703269427,0.4064796603390032
id26541,0.0003109105663626159,0.06243372059635897,0.9372553688372783
id10041,0.31100742971540857,0.0006127139883680569,0.6883798562962233
id24482,0.011967996593038424,0.007060322481798712,0.980971680925163
id10754,0.004085479403810668,0.00012375923671832623,0.995790761359471
id04170,0.009882070389303972,0.9896266011643553,0.000491328446340663
id08135,0.44607126129736197,0.5532634295037132,0.0006653091989248638
id24619,0.7852826029881874,0.10029468861588602,0.11442270839592658
id09334,0.0617195072906063,0.0003842098933794324,0.9378962828160143
id07593,0.048383878398532046,0.26371953191035524,0.6878965896911127
id13943,0.6642858772355279,0.3178998356970297,0.01781428706744242
id16286,0.4713379742078513,0.07519274737787136,0.4534692784142775
id11783,0.2690048444054225,0.049220819391936496,0.6817743362026409
id01480,0.7842622211742094,0.04296783437429596,0.1727699444514946
id23607,0.10841887638190038,0.8912820338116715,0.0002990898064279724
id05964,0.04643472065869212,0.9167374093300048,0.03682787001130318
id03036,0.2246895017614462,0.13474723973920238,0.6405632584993515
id07623,0.6128151423912168,0.00021580907212833075,0.3869690485366548
id27953,0.12813718984141298,0.0345122452522032,0.8373505649063839
id02499,0.008803713141643927,0.0008137086370486201,0.9903825782213075
id07870,0.9327098490090237,0.06262412373562411,0.004666027255352344
id17679,0.2994586890617115,0.0011315461416235115,0.6994097647966651
id16336,0.03618895572118603,0.001326459144747938,0.9624845851340661
id14960,0.5869957749273552,0.3760060959539316,0.03699812911871331
id24401,0.04175474748474386,0.9403090574292388,0.0179361950860174
id19240,0.0022803782037342196,0.9127281624331622,0.08499145936310354
id21443,0.6613280864789212,0.33766400604291785,0.001007907478161055
id09307,0.050397049043486485,0.0001432061852812695,0.9494597447712322
id18158,0.1322513229949975,0.8506755469032762,0.017073130101726383
id08671,0.9934164352990766,0.0038434544197945217,0.00274011028112871
id13351,0.99314751745388,0.0022231227311821007,0.004629359814938086
id00014,0.5566986087310616,0.00046706806121040947,0.44283432320772803
id13551,0.9340409670033424,0.04702134659663496,0.018937686400022528
id09841,0.01719627461126565,0.00507541094981694,0.9777283144389173
id09386,0.33840127622653493,0.07307219054779568,0.5885265332256695
id07293,0.033489228098923546,0.9607096075982555,0.005801164302821013
id19757,0.9856560634178693,0.007883775072461331,0.006460161509669481
id14602,0.05406964766059235,0.8915717856544646,0.054358566684943106
id13281,0.03805649737773472,0.6498640982339482,0.3120794043883171
id17489,0.24128835465074772,0.0005314249064312603,0.7581802204428211
id00799,0.9902056263126912,0.0014867072076466213,0.00830766647966209
id10869,0.5893351893723998,0.26327604423023,0.14738876639737028
id21594,0.6861481455460232,0.0011350342773557547,0.3127168201766211
id14060,0.9790564975718639,0.009753248920513467,0.01119025350762272
id19089,0.9962634875369979,0.0015574583755891026,0.0021790540874129993
id27841,0.04536427569451707,0.9381700144393248,0.016465709866158147
id06581,0.00012370187273901323,0.009198857050192077,0.990677441077069
id03827,0.027958294735728223,0.05820179729413074,0.9138399079701409
id09963,0.9032616816975235,0.002581705299321316,0.09415661300315516
id18190,0.1519542931995445,0.0032714797261353895,0.84477422707432
id00508,0.8993686148257836,0.029582355999465997,0.07104902917475056
id04308,0.00043452792207217315,0.35314459823570293,0.6464208738422249
id08077,0.07829394631822394,0.8103323846301943,0.11137366905158168
id15486,0.3639036257312389,0.0013693486232646403,0.6347270256454965
id15348,0.8557543463069217,0.009971179024097564,0.1342744746689807
id27623,0.3887650682670167,0.6096433577372972,0.0015915739956862528
id06423,0.9778130851443865,0.003887355663606844,0.018299559192006775
id05453,0.9823972053723921,0.0008469500193460803,0.016755844608261915
id21114,0.14787491822435309,0.00016448780619442033,0.8519605939694523
id07194,0.011820570310531894,0.960880460000538,0.02729896968893028
id02522,0.3625529529546655,0.6345283573834564,0.0029186896618782847
id15222,0.9863772837797015,0.0002214483251272999,0.013401267895171159
id24100,0.8215075786514184,0.1772549850902656,0.0012374362583160582
id14726,0.3692326219866495,0.5073063899505565,0.12346098806279399
id03297,0.015621605484331913,0.9821252451835291,0.0022531493321390696
id18202,0.8630466746065819,0.013304309577487431,0.12364901581593062
id20182,0.8634787605174967,0.12903209054393291,0.007489148938570172
id08228,0.17033367018629117,0.7946499163707362,0.03501641344297268
id17776,0.04875944558655411,0.3442371727834442,0.6070033816300017
id10348,0.1163953305283899,0.06649956773001452,0.8171051017415957
id22443,0.8525265628176582,0.08285130394664711,0.06462213323569478
id09217,0.02854831950792497,0.02615947769949063,0.9452922027925845
id17318,0.0017414335550190111,0.05199131812828535,0.9462672483166956
id25418,0.9958495111096167,0.0033957478097706123,0.0007547410806125125
id05690,0.006058361124106864,0.9796134902295657,0.014328148646327407
id10734,0.04386131112732494,0.0036368930779452397,0.9525017957947299
id06128,0.9666216354824206,0.0010453486742490299,0.03233301584333035
id19706,0.5487352503730429,0.3086380989360479,0.14262665069090924
id23891,0.8385860821856468,0.069486435004854,0.09192748280949914
id00425,0.8752453580195778,0.01319311526199449,0.11156152671842767
id10230,0.17727838997811737,0.13337328486113167,0.6893483251607511
id13293,0.7406479984096825,0.14728393587951852,0.11206806571079901
id03765,0.0022754887090088486,0.9627018338436,0.03502267744739112
id06092,0.9321293379291243,0.05003690194162416,0.017833760129251683
id26416,0.9218218561537901,0.07003638118429299,0.008141762661916963
id26725,0.07115767489170324,0.4734673262870229,0.45537499882127397
id22870,0.9290089721723236,0.03259551176077852,0.03839551606689786
id11403,0.726479473278063,0.2731946809388706,0.00032584578306652277
id24696,0.9667372986365043,0.028941788073338456,0.004320913290157304
id03774,0.0018020963662339273,0.0414283577289778,0.9567695459047882
id20609,0.023300853973644477,0.0057204844848969625,0.9709786615414585
id07820,0.8645820303332082,0.0033945270048590507,0.13202344266193267
id15287,0.9100313430377102,0.08893910946900431,0.001029547493285497
id10557,0.0100223737177767,0.989444411651081,0.0005332146311422953
id26477,0.12194906170815557,0.00030286785210155475,0.8777480704397428
id01411,0.4946347067641907,0.021615327978427388,0.483749965257382
id13999,0.004588283782597328,0.947964730342765,0.04744698587463769
id19336,0.710225925964791,0.0013339323281149876,0.288440141707094
id08540,0.8006207588873885,0.15594055955184308,0.043438681560768404
id09485,0.8862808213970775,0.0033760674001504297,0.11034311120277211
id05476,0.856822428258392,0.13972644467658302,0.0034511270650249832
id03130,0.019439363300501156,0.18985206502367047,0.7907085716758284
id07895,0.010896751343510784,0.0005464989186339936,0.9885567497378552
id05747,0.003281425723014537,0.9921495759575344,0.004568998319451165
id19227,0.3017160722826708,0.65759490775315,0.04068901996417917
id16240,0.9252098225266137,0.05188742419962001,0.02290275327376617
id10304,0.0608048801070719,0.8887773704683034,0.05041774942462473
id12715,0.8843440535396655,0.07834082235790724,0.037315124102427315
id17748,0.0022287836881474715,0.9770045212173576,0.020766695094495025
id20281,0.9406874833267576,0.046509791854427135,0.012802724818815382
id02115,0.09511828179378772,0.09496942474976146,0.8099122934564509
id02514,0.9596180786869213,0.009943659211178832,0.030438262101900034
id00786,0.9382467299917138,0.05833333288053355,0.0034199371277528158
id12255,0.13269555961273405,0.8662940290473454,0.0010104113399205092
id07835,0.22705101611795364,0.1064875386967201,0.6664614451853262
id21769,0.7868464777634738,0.21275389340158685,0.0003996288349392609
id07710,0.12916759195841496,0.869629687263037,0.0012027207785479598
id13948,0.9984549854308586,0.0006319549104909419,0.0009130596586504126
id01233,0.0005662606864935564,0.9877216784951665,0.011712060818340034
id08628,0.670663851689434,0.29731636191984634,0.0320197863907198
id12142,0.8315602821086309,0.10836573039140633,0.060073987499962754
id20913,0.60691180790657,0.07169928410138933,0.32138890799204056
id11436,0.3848312378652224,0.024989271572393626,0.590179490562384
id19228,0.9923549992560294,0.0025131441131424977,0.005131856630828078
id13280,0.3320713027484164,0.6564490042716422,0.01147969297994146
id08953,0.6194803794523671,0.0005134087254886506,0.3800062118221441
id19041,0.01705916345073966,0.015897187499598033,0.9670436490496623
id22732,0.9573277717126126,0.0005755088226379815,0.0420967194647494
id21729,0.744470816376191,0.07666105682084201,0.17886812680296701
id11281,0.22751314720194518,0.40688628672170957,0.3656005660763452
id13410,0.6178543681588953,0.016003642850212062,0.3661419889908928
id04874,0.042736680852807435,0.007919149123556972,0.9493441700236355
id21755,0.39333037511436497,0.0008742243100213518,0.6057954005756137
id25694,0.03053511405536061,0.9184058926827063,0.05105899326193319
id01373,0.2211082108363767,0.003867713777005173,0.7750240753866181
id22394,0.7394047419736415,0.057395574981884925,0.20319968304447358
id06553,0.9281035907649575,0.06468559752397002,0.007210811711072357
id08837,0.9739617816762617,0.024085539328909347,0.0019526789948289419
id16387,0.9722396545145952,0.023958494937594593,0.0038018505478102237
id14967,0.04436957630788675,0.8544045619420568,0.10122586175005645
id27387,0.9312444027960589,0.007598698735492473,0.06115689846844859
id24900,0.9911245388424919,0.002619028797676062,0.00625643235983219
id13379,0.008239687407509085,0.9813615931894827,0.010398719403008237
id14887,0.7916235758826771,0.19996492336057195,0.008411500756750947
id11095,0.0006255127861861507,0.9193525449557803,0.08002194225803358
id06036,0.8103266606675193,0.10113626098009067,0.08853707835238993
id23702,0.9875553934578578,0.008184521150689017,0.004260085391453179
id04260,0.019535073707907462,0.004791629814764432,0.9756732964773281
id24191,0.0001135921371893995,0.9392737959803391,0.06061261188247152
id24874,0.9522976765059816,0.042671140268648905,0.005031183225369445
id12542,0.6682885578608848,0.2158984081008958,0.11581303403821927
id26775,0.5679127767333182,0.4316132010392737,0.0004740222274080904
id14496,0.0005355663434141943,0.03629356741798063,0.9631708662386052
id17805,0.013163782147805957,0.9475139271267722,0.03932229072542179
id20997,0.8832021331342114,0.01072334927366131,0.10607451759212731
id22311,0.9948211324000145,0.005069905970652833,0.0001089616293326824
id08125,0.08234256313122817,0.9135343959753931,0.004123040893378803
id12360,0.8949048574655201,0.06801953283329462,0.03707560970118529
id16392,0.0037455645370709297,0.6861615836966077,0.3100928517663213
id25854,0.4321446526068962,0.008832466580787426,0.5590228808123162
id27158,0.9911829301545185,0.008408642820103455,0.00040842702537803246
id03347,0.9896843428670264,0.0007235987067623592,0.00959205842621126
id12161,0.1684821631250991,0.8100547538437778,0.021463083031123115
id02231,0.002378605213437255,0.004514402117843626,0.9931069926687192
id25191,0.7517758072937574,0.24806518209676615,0.00015901060947653297
id07424,0.9825642192149938,0.007577635455790585,0.00985814532921561
id09267,0.04062181305257065,0.9576688471849387,0.001709339762490578
id25517,0.015690260288566633,0.9797925544693967,0.004517185242036557
id17245,0.7323339524313663,0.001795802075140544,0.2658702454934932
id22844,0.16203362580292743,0.8356180829794597,0.0023482912176129725
id04209,0.0016939550625877488,0.6334574167100124,0.36484862822739994
id02254,0.0005973036759400316,0.0014190994561307927,0.9979835968679293
id07402,0.13137307637372006,0.5295009800754731,0.3391259435508069
id10548,0.037278027879664964,0.882197080008364,0.08052489211197093
id13708,0.05772104369377376,0.6278573082593351,0.3144216480468911
id06398,0.942773230734937,0.056538081683089735,0.0006886875819734268
id23998,0.8127481170540722,0.17893910733197865,0.008312775613949192
id20193,0.9974283258245921,0.0018558919382034968,0.0007157822372044495
id03256,0.27492655257660886,0.2105933193779887,0.5144801280454024
id14351,0.9756450383966325,0.010083151122746884,0.014271810480620548
id22351,0.3160974604262051,0.6836851653797051,0.00021737419408975487
id11871,0.5005683869783524,0.4799888179632843,0.01944279505836341
id18082,0.9464506658225408,0.0402778806668482,0.013271453510611037
id26884,0.8883810663297693,0.05823694797745466,0.05338198569277607
id09600,0.947250641755731,0.05063714622769374,0.0021122120165752017
id18184,0.004117396827292752,0.0008801983384971637,0.9950024048342101
id19512,0.034132980625849296,0.2954529471959252,0.6704140721782256
id03746,0.00012094039259545504,0.022391475000359613,0.977487584607045
id08957,0.9397776177453444,0.029213234337321536,0.031009147917334164
id24827,0.0004085916936530917,0.6254493994997431,0.3741420088066038
id22988,0.1117825254521877,0.8728823007574456,0.015335173790366726
id13425,0.9871688767948201,0.0005906011006019438,0.012240522104577784
id23295,0.8951227850152865,0.09685934796724176,0.008017867017471692
id09062,0.006766619077451702,0.9337663066722954,0.05946707425025275
id05040,0.2716623157816912,0.04956728238596302,0.6787704018323456
id19334,0.0024191511404884,0.611482844625923,0.38609800423358875
id27301,0.958672866240508,0.0023387956723294927,0.038988338087162594
id12584,0.0043396677451309155,0.013014491109697754,0.9826458411451714
id15198,0.041649309853176636,0.6647732834371706,0.29357740670965277
id02476,0.006348114284662646,0.03622116135052941,0.957430724364808
id03474,0.4601692742100537,0.5355088144737757,0.00432191131617054
id06044,0.9721278835705381,0.01039068333267022,0.017481433096791617
id18696,0.9865985869353138,0.0008138636355538078,0.012587549429132502
id03832,0.7001952078265211,0.2859038179346396,0.013900974238839186
id02977,0.18390438459203434,0.7727160600635042,0.04337955534446153
id03966,0.0011644730249006647,0.10582698733593779,0.8930085396391616
id18136,0.6329864971871855,0.001896436492833746,0.3651170663199808
id20099,0.5443695391051788,0.0007475382607884519,0.4548829226340327
id17249,0.007203584226953953,0.3285047398185753,0.6642916759544708
id06656,0.5126724351006801,0.00857632574053543,0.47875123915878454
id13867,0.7231262906236287,0.01184123235367887,0.2650324770226925
id10814,0.014186463653986311,0.9173884815172895,0.06842505482872427
id06144,0.8590792980597174,0.0734366839556407,0.06748401798464188
id10428,0.03954832385902338,0.025382185592848498,0.9350694905481282
id13298,0.008757639976723896,0.9832018443790232,0.008040515644252807
id08922,0.9023961392012348,0.09138168599856994,0.006222174800195236
id03097,0.8338928557788963,0.0003437080288629223,0.16576343619224093
id17902,0.21413064922724473,0.7819453905538581,0.003923960218897031
id08093,0.048186508550704846,0.022915280617486693,0.9288982108318086
id01222,0.0053774080349294606,0.11941323222488144,0.8752093597401891
id26037,0.6840506831100633,0.31509008102275216,0.00085923586718462
id22814,0.29167561047492535,0.6419278223722772,0.06639656715279733
id10463,0.00043116204827714814,0.991546994450756,0.008021843500966748
id21533,0.4527493889651386,0.5437281658452773,0.0035224451895840155
id07346,0.5491615547975316,0.43802552750745366,0.012812917695014855
id07481,0.34970226983326863,0.6486464107399834,0.0016513194267478426
id11721,0.9500903506960366,0.028276641505365855,0.021633007798597465
id14560,0.49267969762163033,0.48075089751953026,0.026569404858839407
id18730,0.8149163772346749,0.17139639574440008,0.013687227020925022
id17434,0.9481316805137974,0.020005415561908536,0.03186290392429418
id05511,0.022876059434305127,0.04507531128930197,0.9320486292763929
id25952,0.02304232735326743,0.9660650932089371,0.010892579437795391
id01035,0.07662694824240406,0.9224960305922817,0.0008770211653143957
id13844,0.8304695227325105,0.04349415404778645,0.1260363232197031
id14300,0.9748272944094555,0.008969621127937637,0.016203084462606706
id24733,0.0021321915329703964,0.9952350936602571,0.0026327148067726426
id26191,0.009824380111421824,0.00431850513577187,0.9858571147528064
id08633,0.9735072149346425,0.024380600494215032,0.002112184571142326
id18450,0.0004215769830658895,0.09104496790230102,0.9085334551146331
id25274,0.6104444481323543,0.3553870876144868,0.034168464253158976
id04929,0.14253660910774937,0.8569882960036798,0.00047509488857083563
id04268,0.005842210869462225,0.0006815812734865414,0.9934762078570513
id27277,0.0014170276790080353,0.010171515980640188,0.9884114563403518
id11071,0.9917514182586502,0.0022847971565784207,0.005963784584771425
id01515,0.7519212517912426,0.013754637772868483,0.23432411043588905
id20558,0.03091962073807852,0.8279940916262815,0.14108628763564018
id07336,0.0009858683208944666,0.7101498370304274,0.2888642946486782
id23188,0.9837872072399992,0.0138157735364421,0.0023970192235586068
id22448,0.04566866193769388,0.02025998421985294,0.9340713538424531
id26708,0.7367807957917175,0.2580709743354599,0.005148229872822623
id18635,0.4180587416146756,0.5439482282739956,0.037993030111328756
id14562,0.9473074928969205,0.047775423049483526,0.004917084053595992
id26449,0.8350322105662623,0.11964038870696599,0.04532740072677163
id10978,0.5708664199161196,0.06845497802295422,0.36067860206092617
id10322,0.9887274825319503,0.0015324220909607611,0.009740095377088923
id12966,0.031490150014450755,0.00858785457772611,0.9599219954078232
id06317,0.02025229275931425,0.9787118489329184,0.0010358583077673478
id06199,0.022521688280609336,0.0007974529983856908,0.9766808587210051
id07537,0.0037374935654036624,0.033356247261244094,0.9629062591733524
id17085,0.9962808234257772,0.0015821943318096122,0.002136982242413094
id20691,0.01711199271245722,0.11840258501654782,0.864485422270995
id13965,0.11490196209565462,0.8819141230079021,0.003183914896443249
id02181,0.9388059465655717,0.004415071582096041,0.05677898185233234
id13360,0.20580355211906218,0.001386403646623353,0.7928100442343146
id24822,0.011045595011556142,0.9835010293424338,0.005453375646010066
id04948,0.006822073935332633,0.00310778905092481,0.9900701370137426
id11677,0.979156632361307,0.018434809655627177,0.0024085579830657117
id01259,0.018681692650000567,0.004681493184770599,0.9766368141652287
id04598,0.8480209327507892,0.10881676254548955,0.04316230470372121
id10762,0.8504494937905195,0.001781595123406329,0.14776891108607415
id04573,0.0772524712876014,0.9193997180285928,0.003347810683805805
id14898,0.46223523857660365,0.5336841786656825,0.004080582757713944
id17605,0.33249654383688476,0.017223114188662153,0.650280341974453
id21507,0.05185287080423951,0.2829251764819408,0.6652219527138198
id07204,0.9377989348724368,0.04149702812752595,0.020704037000037152
id08792,0.9364151735780868,0.06226511562509804,0.0013197107968151672
id03468,0.09677734932844786,0.07614581697026748,0.8270768337012847
id05641,0.27877079005877065,0.024565791793425773,0.6966634181478035
id18770,0.024444248637311827,0.9748446017319831,0.0007111496307051644
id16430,0.04120838459584012,0.9534034333591841,0.005388182044975728
id12289,0.7466262430270144,0.2527751904541013,0.0005985665188843382
id09644,0.7708338571309592,0.14916170223594072,0.08000444063310012
id23443,0.04337697518048036,0.010502760446616383,0.9461202643729032
id25968,0.9807954145874896,0.01879521252003327,0.00040937289247712163
id25436,0.01364664886380456,0.8121610232857416,0.17419232785045385
id12591,0.8538300313059031,0.03993566756922518,0.10623430112487178
id18826,0.9461483711895127,0.051623835877088076,0.002227792933399204
id11793,0.12572697069381486,0.00749987351894006,0.866773155787245
id18311,0.3541875623018573,0.00279493544718126,0.6430175022509614
id20778,0.0022028115237823502,0.04216185248689694,0.9556353359893207
id08557,0.022736552638524005,0.0040297282115059705,0.97323371914997
id25402,0.013983896223312468,0.9768121294949749,0.009203974281712745
id12128,0.23155827574120885,0.015332927395675896,0.7531087968631153
id11417,0.9298721357937745,0.0687525208362376,0.0013753433699879487
id05572,0.3692042029899456,0.6072841202114471,0.023511676798607294
id03630,0.8659176890633022,0.03221688997061972,0.10186542096607812
id16192,0.14427021753609967,0.09242562761865805,0.7633041548452422
id16129,0.7672948434203779,0.10545155729195003,0.12725359928767202
id26388,0.20695208408834742,0.003940569841951665,0.7891073460697008
id15058,0.004436962440908805,0.9577923095543805,0.03777072800471073
id23011,0.07343870481043117,0.002326160099409289,0.9242351350901595
id17176,0.5836419607971712,0.027734672085310476,0.38862336711751816
id03828,0.04085586691838446,0.03803822180891261,0.9211059112727029
id08318,0.016199706766905967,0.00561456256505128,0.9781857306680428
id00073,0.0005413788558273377,0.00011017798627455421,0.9993484431578982
id08084,0.9766474893714675,0.018764458131205395,0.004588052497327257
id22656,0.024150781709654068,0.9156948319906769,0.060154386299669044
id22189,0.9676522440185849,0.02770309867346886,0.004644657307946218
id07292,0.6917694291013018,0.17561536321627447,0.13261520768242369
id12785,0.10870630799634821,0.0004051598945146983,0.8908885321091371
id04213,0.18952565973109914,0.3571644440959839,0.45330989617291695
id18824,0.7849117247898515,0.17060316638563516,0.04448510882451342
id15095,0.3109685230264864,0.10158310929331323,0.5874483676802005
id11369,0.383276089786228,0.09045294259817067,0.5262709676156012
id03060,0.957478466827877,0.008820876678369307,0.03370065649375386
id17473,0.9049217663397088,0.08734924659140067,0.007728987068890511
id17441,0.7688223613177826,0.13595144834434764,0.09522619033786993
id15118,0.9599789839815893,0.01721066270962308,0.02281035330878762
id09193,0.986520207666261,0.001643170709358666,0.011836621624380456
id04676,0.700405797632038,0.04383303266935896,0.2557611696986031
id09799,0.940353642754214,0.011339152364935282,0.04830720488085072
id14285,0.005539635386302495,0.0009974152816559368,0.9934629493320415
id08736,0.3359544006150578,0.0105927000702834,0.6534528993146588
id04863,0.6566811121482301,0.06755072853664046,0.2757681593151294
id25645,0.7985767156387907,0.12277601142756268,0.07864727293364653
id23870,0.1288928484468155,0.2567346886450922,0.6143724629080923
id27447,0.0024217511979733783,0.9175281675678042,0.08005008123422247
id15787,0.5265662368044284,0.0107395148864817,0.46269424830908995
id06462,0.8206054227953905,0.17788669659909934,0.0015078806055102444
id08678,0.04308916196370048,0.9564927900546952,0.0004180479816043602
id25183,0.6925654372139592,0.2970130096280744,0.01042155315796638
id10848,0.9414809123851745,0.025822828986727036,0.03269625862809855
id22736,0.9865550068606086,0.012841682164127786,0.0006033109752635825
id14838,0.08799976500319054,0.011860704909913969,0.9001395300868956
id07063,0.003348177959202774,0.3732045835626865,0.6234472384781109
id00974,0.00022367320697065933,0.8577160377689477,0.14206028902408155
id14048,0.00042824536184790294,0.9764713446621563,0.023100409975995814
id01397,0.7058028644922428,0.00247869297358855,0.29171844253416845
id10432,0.9810617732933922,0.01079516931430814,0.00814305739229963
id01003,0.002423870512569505,0.0014049173707815666,0.996171212116649
id15286,0.9654528535138882,0.033479907691595666,0.001067238794516197
id06628,0.9550467994072165,0.04396907960012391,0.0009841209926596919
id25224,0.7131336595843324,0.2553448938753361,0.03152144654033147
id02625,0.142140028452428,0.8280466248642909,0.029813346683281103
id12132,0.0009693196574910854,0.00037110519758676834,0.9986595751449221
id17259,0.6878578815663693,0.3039443573620931,0.008197761071537493
id09719,0.0023088876323739196,0.46507775400641765,0.5326133583612085
id26910,0.043034432535275564,0.011537319790152836,0.9454282476745716
id13044,0.010812725982197404,0.3776928887412049,0.6114943852765976
id13047,0.05008461056183489,0.0003341123821193075,0.9495812770560459
id02557,0.7048058111494712,0.2155016327168632,0.07969255613366559
id02819,0.2561054645531069,0.5715789251327341,0.17231561031415893
id25559,0.06650842074914515,0.0027067946892859363,0.930784784561569
id22722,0.07276924769579984,0.926438311714591,0.0007924405896090991
id09161,0.23942122514927086,0.33579898451439144,0.42477979033633784
id15759,0.5183117848315965,0.05885974416731138,0.4228284710010921
id14746,0.037154969691332015,0.7977117476723761,0.16513328263629204
id22320,0.06017583341387671,0.851705467585808,0.08811869900031528
id26646,0.9837551976646475,0.0037484338303328266,0.012496368505019628
id08419,0.08656681173959166,0.006104121333077962,0.9073290669273304
id09437,0.005166187338714295,0.26590623838825833,0.7289275742730272
id07299,0.0004319720762523701,0.000592026533910203,0.9989760013898373
id01137,0.03754856407119247,0.0815441193702554,0.880907316558552
id25561,0.9774402487747359,0.005679432346210279,0.01688031887905389
id16805,0.15691443347922035,0.6250369069804478,0.21804865954033187
id03971,0.981469198287359,0.010975278988539831,0.0075555227241011465
id01036,0.8792161236898474,0.0041478292965629925,0.1166360470135896
id25707,0.011209254444490176,0.0009922638399680259,0.9877984817155419
id06193,0.8570607699253076,0.12460755114364432,0.018331678931048156
id24907,0.003836078421688772,0.9447508100861214,0.05141311149218993
id11249,0.5044405132175287,0.1700781644613206,0.32548132232115073
id10435,0.006059241652538763,0.00020728638148878573,0.9937334719659724
id17438,0.000484824959316249,0.06673487006993041,0.9327803049707533
id22994,0.0007826541157854582,0.13174501827258525,0.8674723276116294
id00182,0.9352942009817112,0.0582547844412339,0.006451014577055002
id11127,0.2594836156637103,0.7387932855450674,0.0017230987912223922
id27701,0.17498164855121814,0.8242226935884392,0.0007956578603424467
id12411,0.8272813143094724,0.1598890396675283,0.012829646022999323
id03408,0.0007090552495175354,0.9742384039754769,0.025052540775005648
id21297,0.28913072271414664,0.0030107311440133373,0.7078585461418401
id03904,0.00033654193418192836,0.9987120343466752,0.0009514237191429794
id12781,0.9494293870907645,0.019773061787832502,0.030797551121402922
id17319,0.1216687458042624,0.570810077702759,0.3075211764929785
id08835,0.6654996066134926,0.0003817097342618771,0.3341186836522455
id00538,0.15202580196839585,0.8461434854230803,0.0018307126085238957
id26415,0.5676539750633538,0.42870129261647033,0.003644732320175857
id25322,0.07523400075165865,0.016537126894385194,0.9082288723539561
id03927,0.00972994918158185,0.03403238516411067,0.9562376656543076
id01669,0.9883255049244393,0.010469804575860346,0.0012046904997004703
id13398,0.11686112359367967,0.01735678478905608,0.8657820916172642
id01015,0.9104274120357465,0.0002662353701558595,0.08930635259409764
id06712,0.01842011998312992,0.00014334225642294185,0.9814365377604473
id17788,0.42985195854202707,0.5678824322963631,0.002265609161609719
id21103,0.05317561005293192,0.8933872933365277,0.05343709661054047
id15915,0.0002647061677670595,0.0033158041150736016,0.9964194897171592
id05887,0.001936823464569346,0.003551577642986156,0.9945115988924444
id10645,0.9366179874395943,0.03876532545081529,0.02461668710959019
id27649,0.5917196617770285,0.08793562048179918,0.32034471774117224
id18729,0.002199666915672333,0.9162721073991923,0.08152822568513526
id05632,0.2143499294789633,0.6545735150584763,0.13107655546256053
id02472,0.9682020335772556,0.008286453315095145,0.023511513107649328
id21469,0.07978002441064994,0.7008914459534287,0.21932852963592128
id14093,0.9036184315886594,0.0844446977300313,0.011936870681309315
id02005,0.09552254968330974,0.6697180640666495,0.2347593862500409
id23876,0.964859179658842,0.03402518643629934,0.0011156339048586396
id06598,0.9675645137742273,0.0059751368850643844,0.026460349340708338
id15132,0.0035008374421231616,0.0051093507462787605,0.9913898118115981
id10893,0.04947193237455911,0.9456638839912843,0.004864183634156497
id01984,0.00843826320294387,0.000787946907886822,0.9907737898891692
id03287,0.0007665070542583426,0.9517389024389948,0.047494590506746766
id06629,0.9687729004145433,0.0205225151906015,0.010704584394855129
id24161,0.7968970814481914,0.19676376790619393,0.0063391506456147995
id22525,0.7650292595250111,0.0021603140204575753,0.2328104264545314
id01896,0.9700151056185308,0.016286051269390436,0.013698843112078807
id21931,0.9904938950956405,0.0059462224506414115,0.003559882453718244
id11579,0.34030771104235435,0.6451440004415161,0.014548288516129567
id21756,0.9956841742741915,0.002206701841000775,0.002109123884807742
id12614,0.6934119073796335,0.0034954210579692716,0.3030926715623973
id02127,0.021159361487672983,0.9784918471730605,0.00034879133926644343
id14792,0.03568402499302885,0.8022651700526487,0.16205080495432253
id03317,0.020789077378965556,0.8371877047056321,0.1420232179154024
id14702,0.7875440700427367,0.039546418312108644,0.1729095116451546
id03786,0.04727030087412444,0.9012018383317916,0.05152786079408393
id02915,0.0005153579069208739,0.4010307552899711,0.5984538868031081
id25230,0.9207003939261135,0.07583964655449674,0.0034599595193898795
id05727,0.028485894050712685,0.6692479995644603,0.302266106384827
id13957,0.021074468481397348,0.06763336981161716,0.9112921617069855
id00867,0.8324619771932558,0.16280773049925623,0.004730292307488098
id16862,0.08262100812738817,0.8890045523125409,0.028374439560071005
id26989,0.026405569464410923,0.9207569469376052,0.05283748359798382
id13255,0.010723124376816549,0.974265571083071,0.015011304540112538
id24475,0.000667736633196619,0.10986429327075126,0.8894679700960522
id16308,0.00023481829286776452,0.0001800749486497242,0.9995851067584826
id06295,0.9494431425005094,0.026974207602857687,0.023582649896632793
id11455,0.0006903987373997739,0.00157692139874383,0.9977326798638564
id10461,0.0006443217901559343,0.0005643019854232581,0.9987913762244207
id15212,0.9851859386454107,0.013683570764911532,0.0011304905896778322
id01676,0.9415026487253791,0.05825797972958054,0.00023937154504038551
id27034,0.0006287053320141743,0.9985590385980302,0.0008122560699556463
id16278,0.9951916426024303,0.0019978453305608147,0.002810512067008864
id11207,0.6920772927432444,0.0043368319173561955,0.30358587533939946
id08604,0.9406105502630983,0.048575832243273276,0.010813617493628448
id10116,0.9590952073607151,0.032494120780416566,0.008410671858868478
id20499,0.10371669991577796,0.005214215431575597,0.8910690846526463
id23565,0.9431097625804991,0.05653461826359,0.00035561915591091585
id18418,0.011710467888230998,0.35364587084404314,0.6346436612677259
id18432,0.7927137102226881,0.20482155706055027,0.00246473271676161
id00146,0.9860104585776823,0.000846953728689524,0.013142587693628173
id22345,0.02469304242799699,0.007017332936141577,0.9682896246358613
id05858,0.34929100575974653,0.6417403864956933,0.008968607744560096
id07412,0.013659097575516354,0.9638585892565833,0.022482313167900416
id00562,0.9781553808817597,0.007979890297113542,0.01386472882112689
id04559,0.8002027533881261,0.006171595936610649,0.1936256506752633
id14572,0.02980588195907207,0.9669411478114939,0.0032529702294340646
id23582,0.7755287400296723,0.18676532223913425,0.03770593773119357
id18490,0.8736737800907213,0.004374219563968113,0.12195200034531062
id08798,0.9184602571487079,0.03074598503792796,0.05079375781336413
id21331,0.8362955906048675,0.015268532008493017,0.1484358773866396
id09058,0.3410794731884556,0.6579801404920582,0.0009403863194861754
id26705,0.9611880241026464,0.011870822330619937,0.026941153566733655
id09181,0.9792533979700804,0.004292213364224,0.016454388665695662
id09319,0.03794861253734113,0.958632964357011,0.0034184231056479893
id13485,0.0011919042193901004,0.014293696277151538,0.9845143995034583
id26354,0.051389226699385754,0.9353942706601749,0.01321650264043927
id16768,0.006672592415322385,0.0009993166059988267,0.9923280909786789
id07129,0.9193712638204722,0.0015265822235156364,0.07910215395601213
id14859,0.033962746114196654,0.031132472906951553,0.9349047809788518
id05483,0.00017832976430476037,0.6302519932461201,0.3695696769895752
id25301,0.06767928137117016,0.9268298879480485,0.005490830680781388
id02432,0.036865699638711176,0.9619559491749501,0.0011783511863387428
id10587,0.03158387280200445,0.9675738382683545,0.0008422889296409992
id03371,0.09184947095450068,0.9078103408692627,0.0003401881762367062
id27790,0.04761539132290177,0.011063295413080548,0.9413213132640176
id22690,0.935676939526644,0.0634166572838393,0.0009064031895166812
id22642,0.012079763953089096,0.2049957961069963,0.7829244399399147
id10292,0.22206093540999608,0.276261329260087,0.5016777353299168
id08360,0.22282752180017365,0.7682390605932065,0.008933417606619825
id27599,0.0029076001107083515,0.9312988134594934,0.06579358642979828
id09326,0.11125492248879679,0.8815331029871261,0.007211974524077069
id07048,0.12856051429272042,0.2986485923590162,0.5727908933482633
id23621,0.20696899848212758,0.7876113118929186,0.005419689624953935
id01547,0.9514118411712886,0.04440498946612988,0.004183169362581562
id27886,0.09491513738845331,0.24079640344526057,0.6642884591662861
id26750,0.9934531157640828,0.0017656951651342486,0.004781189070782976
id04538,0.029019185456684478,0.0004889811789897609,0.9704918333643258
id25915,0.5984107395774837,0.38889912973325713,0.012690130689259263
id03411,0.00010899390774125681,0.0005838928699311694,0.9993071132223276
id21367,0.051905036904274324,0.0023209971815957384,0.9457739659141299
id19753,0.37919341713880556,0.504255965819184,0.11655061704201049
id18935,0.9489221603267768,0.031305655627519774,0.01977218404570359
id21641,0.34898414405437606,0.5377722531566963,0.11324360278892763
id11555,0.9934936768329049,0.004164100960045129,0.0023422222070500877
id09655,0.6235352885765103,0.3737873754409738,0.002677335982515864
id13457,0.9902302782790522,0.009467897330879955,0.00030182439006776847
id10852,0.798012084719645,0.0023875662774627054,0.1996003490028924
id07634,0.8989762722733446,0.07551900861707385,0.02550471910958151
id19773,0.49517619331888185,0.14629906558676492,0.35852474109435317
id04800,0.2104336777825713,0.0036332744792736144,0.7859330477381551
id08708,0.9876183944277422,0.01104417717388377,0.0013374283983740493
id11577,0.133329250696566,0.8600405547949815,0.006630194508452467
id08465,0.006791851003882918,0.9840229539204641,0.009185195075652998
id19208,0.9891884369742431,0.000363492865828621,0.010448070159928323
id27316,0.008546379950314105,0.9883332416686298,0.003120378381056137
id26343,0.0013816172446618244,0.3039434157695574,0.6946749669857809
id21645,0.1581015926805169,0.01097189640174964,0.8309265109177334
id18760,0.03446964632186042,0.9615383442456086,0.0039920094325311
id19786,0.07093891494435832,0.0049868050578394,0.9240742799978022
id05328,0.8723278343573123,0.010644811977152318,0.11702735366553531
id27244,0.8538620095822881,0.012839388492414491,0.13329860192529752
id00972,0.7103620098000705,0.23475834203184068,0.05487964816808877
id01250,0.9972761275058412,0.0014981885079879318,0.001225683986170944
id07902,0.8767854924291818,0.011710437677014053,0.11150406989380408
id05377,0.22202666532367368,0.7775323139775925,0.00044102069873394747
id27823,0.0024714258245116232,0.09171410655256587,0.9058144676229226
id24604,0.0010242733833110069,0.7888351958318363,0.21014053078485273
id02392,0.00859787086626997,0.20487810665080708,0.7865240224829229
id17261,0.1323511527924228,0.8666203953793351,0.0010284518282421215
id18693,0.2791503761493848,0.7167555585416173,0.004094065308997699
id13643,0.004770226628324718,0.0007753122674321201,0.9944544611042432
id21679,0.12027858809238454,0.007188874932692725,0.8725325369749227
id03394,0.9482187136915016,0.029533455016973954,0.02224783129152445
id05063,0.003154592249996433,0.004853823950110315,0.9919915837998933
id17463,0.7391469970873321,0.008340157175047687,0.2525128457376203
id04768,0.0006857239507986623,0.9910504744741837,0.008263801575017575
id18678,0.023883044733403466,0.03422413247091612,0.9418928227956803
id25823,0.0155182047480769,0.013386565222411793,0.9710952300295113
id11510,0.00034191921258041707,0.24132702740995068,0.758331053377469
id19785,0.060365131929941786,0.8719909121840652,0.06764395588599291
id09106,0.13701495236541406,0.8531415582394116,0.00984348939517435
id19657,0.005540136439668548,0.03238544065135131,0.9620744229089802
id03772,0.041256471591152866,0.3910136189329962,0.5677299094758509
id03146,0.026049571995581375,0.0007307081699554122,0.9732197198344632
id14778,0.9667558218570476,0.029867822310651004,0.003376355832301501
id03496,0.5493601594466975,0.06369475300555918,0.38694508754774326
id03477,0.7428572292453987,0.0010486585250088808,0.2560941122295925
id19590,0.502398123717469,0.4370098818793259,0.060591994403205306
id18717,0.27827576437153506,0.7189806657317689,0.0027435698966961557
id05368,0.03906109442666643,0.03644692100395732,0.9244919845693762
id06307,0.18914609349293895,0.6731859861879222,0.13766792031913888
id03353,0.25995198943891024,0.027636031536538132,0.7124119790245517
id06597,0.012312439645972712,0.9869216432724534,0.0007659170815738791
id12029,0.2711374062135206,0.630378879830031,0.09848371395644824
id22278,0.9797942102642273,0.001567675564956667,0.018638114170816095
id24281,0.3036256619221928,0.008481088517799076,0.6878932495600081
id13165,0.00043135327613848994,0.026314832374054374,0.9732538143498072
id04767,0.025408018275519015,0.9493635242132245,0.025228457511256467
id27378,0.23957037299470596,0.7123678065356864,0.04806182046960768
id18513,0.06955732946542724,0.9157276343070216,0.014715036227551204
id00039,0.03344871491731848,0.8965796178848021,0.06997166719787945
id20215,0.00611550391485742,0.00498434760722894,0.9889001484779136
id10866,0.9904025880874171,0.0022176766393637603,0.007379735273219016
id21300,0.8579044651537922,0.0026316333436756747,0.13946390150253207
id23195,0.08070968560578745,0.0016905721545107093,0.9175997422397019
id10395,0.00016035822561117092,0.0018726064678332424,0.9979670353065557
id24591,0.029476271314415773,0.9676499169396413,0.0028738117459429645
id11451,0.061399614505260845,0.8741393400720019,0.06446104542273727
id06368,0.7239094282855651,0.27557021284276323,0.0005203588716714814
id08652,0.025380035240894952,0.021420600438954492,0.9531993643201506
id09531,0.01381198569243489,0.004107708869484626,0.9820803054380804
id18276,0.33507320899387716,0.6048541692756856,0.060072621730437196
id13581,0.9827741432755611,0.0028417532608437227,0.014384103463595126
id04016,0.056258891085165325,0.942534531587268,0.0012065773275666389
id20146,0.9677658103881035,0.005117729961445405,0.027116459650451133
id00662,0.004084125324141078,0.926112380150998,0.06980349452486095
id18612,0.07137025566058064,0.901046970189833,0.027582774149586334
id13097,0.070507846165862,0.0001456008414277382,0.9293465529927104
id04565,0.4419926878546229,0.0017538371895315142,0.5562534749558457
id13278,0.0011337982691075352,0.520203371162247,0.4786628305686454
id15049,0.14865469607250206,0.0004694686657897587,0.8508758352617083
id00813,0.20705388992037402,0.0031568124492364516,0.7897892976303895
id08487,0.9707308640785741,0.02028999150684947,0.008979144414576493
id00232,0.023223754312619898,0.7999341480556375,0.1768420976317426
id08431,0.02063951503645957,0.6328586790749798,0.3465018058885605
id21970,0.03242448880017364,0.7077084193096634,0.259867091890163
id10993,0.32504448690349474,0.0017704085736688037,0.6731851045228365
id19688,0.8910542949576777,0.10014050502447994,0.008805200017842258
id24335,0.12460299399457947,0.8705033737021444,0.004893632303276228
id19921,0.5420982380013627,0.0039655844121993895,0.453936177586438
id05722,0.2619270036891918,0.7375733087676803,0.0004996875431277568
id22968,0.0765531271665756,0.7701705564362087,0.15327631639721567
id17352,0.019259482263213893,0.009091894111027376,0.9716486236257587
id14763,0.4202470703318976,0.009027779201171595,0.5707251504669308
id19161,0.9908267744971697,0.007906513819368894,0.0012667116834614862
id06529,0.4028981136456007,0.016734729084016263,0.580367157270383
id04591,0.00015625215094066153,0.9953078437845531,0.004535904064506256
id26679,0.005708761443693721,0.0546820381216735,0.9396092004346328
id20758,0.7940717396733035,0.03306307497239743,0.17286518535429904
id18412,0.0013734841388026147,0.9858494240667839,0.01277709179441354
id11139,0.2792022227012954,0.011319999231222193,0.7094777780674825
id24947,0.0005669579563021345,0.7489557889931797,0.25047725305051805
id25587,0.906175951287423,0.0004365646285824603,0.09338748408399453
id20415,0.9008340523552986,0.05054054828694917,0.04862539935775223
id17526,0.06865250923291005,0.9301657666076902,0.001181724159399744
id15636,0.002224960701016771,0.004942714331720051,0.9928323249672631
id22417,0.06306886101847094,0.9218070775784082,0.015124061403120765
id23248,0.11014683394667578,0.00029290589313687353,0.8895602601601874
id20053,0.07500678169023384,0.0034887301394974785,0.9215044881702686
id07860,0.0006586197286551903,0.986092739783778,0.013248640487566998
id01943,0.6621419564684522,0.07997575126069606,0.25788229227085174
id06083,0.01839096533579753,0.027011131621960078,0.9545979030422422
id08055,0.9885230692662786,0.011332210856114138,0.00014471987760715318
id04535,0.49456259086861853,0.46034140785400585,0.045096001277375605
id14822,0.9240552915683645,0.04236207417907587,0.03358263425255959
id14672,0.22344748874170609,0.7678745077334799,0.0086780035248141
id00384,0.00217582313935027,0.9298263018852703,0.06799787497537951
id21987,0.9331471285502373,0.057408595410559135,0.009444276039203522
id18355,0.003982661420286443,0.9935394235879564,0.0024779149917570466
id04752,0.386420702822328,0.0444552854186967,0.5691240117589753
id09508,0.25801431328885016,0.24411314028844555,0.49787254642270434
id04970,0.006919762863071671,0.05355569546303654,0.9395245416738918
id10077,0.9796809839739674,0.014868020609467738,0.005450995416564917
id18380,0.16529875208872777,0.0024990223280569536,0.8322022255832152
id16265,0.03496187762469677,0.6492609869728379,0.31577713540246527
id16691,0.7899164901713791,0.0020725309962062177,0.20801097883241454
id19119,0.00047878030068797614,0.938593312550315,0.060927907148997096
id23948,0.9016272489106459,0.09360688142202625,0.004765869667327827
id13829,0.12449753833395254,0.8585281295440585,0.01697433212198894
id00341,0.005722675075221813,0.8341332664497737,0.16014405847500435
id22970,0.9339672927866893,0.06218461241462227,0.0038480947986884754
id15701,0.0037470204368210856,0.6303553536944051,0.36589762586877383
id20251,0.7131520677590086,0.041397500795293335,0.24545043144569806
id14639,0.9729614089535267,0.01801925933417406,0.009019331712299237
id00677,0.09438123574570693,0.9051957416676009,0.0004230225866921907
id17582,0.07772372449305365,0.06259090996877617,0.8596853655381702
id27458,0.9929716891101947,0.00532154001928398,0.001706770870521208
id22950,0.9677564994403813,0.005012071474557665,0.027231429085061144
id20869,0.04149883924137488,0.9268007479846737,0.03170041277395153
id21303,0.002407413595255488,0.9845083384462193,0.013084247958525117
id18468,0.001218391033176689,0.0004194247138809923,0.9983621842529424
id03707,0.6609359986053538,0.33560011984571303,0.003463881548933208
id08971,0.02857567498785607,0.05106494900055918,0.9203593760115848
id06528,0.986742816310083,0.00868294498528123,0.004574238704635802
id12269,0.9749732223791173,0.0010796682522062116,0.02394710936867657
id15671,0.8590317090984281,0.13982534584314518,0.0011429450584266175
id23598,0.10608294955086649,0.5455380830143761,0.3483789674347574
id09785,0.017513313787836146,0.9606866208912668,0.02180006532089713
id17986,0.004366360361754363,0.9914105279139533,0.004223111724292463
id10783,0.3633612920285521,0.04371309643189076,0.592925611539557
id13254,0.6566619352300505,0.004280562550302731,0.33905750221964676
id11172,0.48616850325807537,0.5101950410167738,0.0036364557251508194
id11173,0.7476841999540088,0.006272807172873182,0.24604299287311795
id10194,0.9049875567027059,0.09141585978684039,0.0035965835104537253
id20978,0.2566087903586257,0.022174926164491265,0.7212162834768829
id16621,0.002580728695835181,0.004364314114383947,0.9930549571897808
id22431,0.0002824714501267191,0.0016375464044682084,0.998079982145405
id06777,0.0031553786034148857,0.02235269432969719,0.974491927066888
id26513,0.8837064459728775,0.0008876863092597722,0.11540586771786279
id01367,0.028656752509709397,0.006343075950231478,0.9650001715400591
id04147,0.927566416695408,0.06699815250976453,0.005435430794827452
id05179,0.986238585074977,0.011222885886672517,0.002538529038350515
id18358,0.9822556067087265,0.010624323581514626,0.00712006970975895
id07618,0.0047635849717018956,0.00013698319675959164,0.9950994318315384
id12256,0.9986471009424921,0.0009031362749128689,0.0004497627825950398
id08161,0.024209684312274594,0.013057581110853965,0.9627327345768715
id22119,0.9524259295895254,0.003820645521037622,0.04375342488943709
id01189,0.5294469939195472,0.0031505386581478015,0.46740246742230507
id02092,0.00918650598562999,0.006934748234323061,0.9838787457800471
id23335,0.00020452296240855032,0.041743975668450166,0.9580515013691413
id11935,0.09769612800005689,0.8958175954617381,0.006486276538204999
id16683,0.0004432785489751341,0.0015634545686943086,0.9979932668823307
id03304,0.4193158292673524,0.002312016918700135,0.5783721538139476
id02462,0.675038846208902,0.004032355048297556,0.32092879874280045
id02317,0.8431461910146262,0.06722172346990452,0.08963208551546932
id26557,0.2915768968927692,0.7060315928769453,0.002391510230285408
id10939,0.026171641047344187,0.00019354580225146528,0.9736348131504043
id20612,0.495036139275285,0.0011694234869936958,0.5037944372377213
id14812,0.9179947633961137,0.07920451388467369,0.0028007227192124308
id01791,0.005986237448047461,0.0014343302622741643,0.9925794322896784
id11781,0.9834500275685396,0.0023892928242580116,0.014160679607202402
id00742,0.47019972341310423,0.525298927644286,0.004501348942609816
id22940,0.06820430321497342,0.8414027144157463,0.09039298236928019
id13487,0.0019416889524050325,0.04578997791551918,0.9522683331320758
id17300,0.08969876933338976,0.8999685000172762,0.010332730649333937
id09499,0.8500615122709321,0.03771891812638223,0.11221956960268557
id10171,0.9479776253034352,0.04628201246978785,0.005740362226776943
id06209,0.9462418672856384,0.010920754273728872,0.04283737844063265
id09665,0.10465340636870316,0.03066814049341023,0.8646784531378867
id03362,0.9390331623920608,0.055734855948663314,0.005231981659275995
id14396,0.9682412127201293,0.008397981066776142,0.023360806213094575
id16245,0.04774438500880452,0.9515018144125846,0.0007538005786108524
id26422,0.05557711123367124,0.9441968183885161,0.00022607037781266265
id26205,0.002793967645645231,0.8844980873509054,0.11270794500344931
id18260,0.5946865578489992,0.00038695436570643937,0.40492648778529433
id13043,0.9699990225446689,0.022869057874473433,0.0071319195808575995
id15512,0.00034815901673903037,0.0012138904392465903,0.9984379505440144
id05669,0.9173997267679052,0.06647620900889073,0.016124064223204143
id01979,0.04085200636310599,0.9252650597460144,0.033882933890879735
id00264,0.05792810559583469,0.8651900792830424,0.07688181512112284
id16978,0.008952508697361949,0.9884290518079839,0.0026184394946540783
id15537,0.985028638079738,0.013758266087811808,0.0012130958324502786
id06912,0.9078470803982175,0.0008416789464591021,0.09131124065532348
id16722,0.9340493308212182,0.03872837216997567,0.027222297008805962
id21076,0.16877975391433694,0.0826106171789096,0.7486096289067535
id17729,0.05982965054455086,0.0007760792754497049,0.9393942701799994
id07151,0.9588089038302119,0.014309379371811662,0.026881716797976535
id10920,0.03421961093252928,0.0004462450214107207,0.9653341440460599
id13472,0.004404103759046603,0.5513640292490392,0.44423186699191425
id14511,0.008433474721651882,0.055898260527230396,0.9356682647511178
id09724,0.030887394211598074,0.9668561197793379,0.002256486009064144
id02086,0.003819395264343031,0.9885365499786791,0.007644054756978006
id03491,0.8483106725918794,0.0027079771963442714,0.14898135021177644
id01443,0.031292190827990694,0.9570078068891931,0.0117000022828163
id25975,0.0021508249175063118,0.012621336608950057,0.9852278384735437
id13427,0.8644818645418053,0.13480814392886234,0.000709991529332325
id24638,0.986104491866854,0.0076196438156620186,0.006275864317484024
id12324,0.5114705427865632,0.4829210571663561,0.00560840004708062
id08372,0.5766753349519563,0.0007884614242159351,0.42253620362382777
id12804,0.7089892433137203,0.2847106609966614,0.006300095689618501
id08782,0.07763052629859823,0.851949974844937,0.07041949885646479
id13806,0.9264024393945686,0.026262122498589363,0.047335438106842084
id05363,0.8899829067675572,0.012346989689034662,0.0976701035434081
id04346,0.02716579350253993,0.8595984638308963,0.11323574266656374
id09301,0.07629100986926501,0.005764715183498825,0.9179442749472361
id07236,0.017669269970987864,0.9719794712652117,0.010351258763800485
id24458,0.9715569304178704,0.014802583782739126,0.01364048579939054
id27266,0.9309983042569829,0.06730081925634623,0.001700876486670913
id16234,0.9973063707019045,0.0013010559737510813,0.0013925733243443565
id01165,0.008837784798606297,0.9898996404562931,0.001262574745100534
id14717,0.0014529680341442853,0.009349521257041292,0.9891975107088143
id11547,0.9634082926096341,0.03279697816914452,0.0037947292212213903
id19270,0.03310515615272538,0.04864285950245506,0.9182519843448197
id25484,0.0006552316070085366,0.021201627186737116,0.9781431412062543
id16305,0.36370088100012954,0.0023521742837878477,0.6339469447160825
id08377,0.011150719132111577,0.08442242503574306,0.9044268558321454
id12457,0.05087661276085716,0.8307478114861258,0.11837557575301709
id07764,0.8715163855719076,0.0800090932348705,0.048474521193222056
id06811,0.31712843439950206,0.297073686766389,0.38579787883410904
id15510,0.1291292215773365,0.8192679356193989,0.05160284280326475
id16871,0.8396578038918372,0.0063486280203558215,0.15399356808780695
id27521,0.003684011170406246,0.10260029917750728,0.8937156896520865
id03446,0.39084440411599336,0.04485591082829255,0.5642996850557142
id21485,0.1357479807014264,0.8638133557100754,0.0004386635884981529
id07573,0.8401994913679439,0.03093128394616052,0.12886922468589543
id11351,0.6349221469000298,0.0001612477539117094,0.36491660534605846
id05073,0.9737207485271702,0.02590768586290878,0.00037156560992103086
id25370,0.5644615667710137,0.040051389263875484,0.3954870439651109
id01287,0.5791794823602164,0.008250209459580242,0.41257030818020335
id22738,0.02959964210663485,0.779808811351969,0.1905915465413962
id06358,0.7079998389699967,0.16424382571410714,0.1277563353158961
id20987,0.9859245096557452,0.004013713911573669,0.010061776432681184
id05728,0.01629975188702671,0.00019096913492543365,0.9835092789780479
id18851,0.9637770938942506,0.0265510932276967,0.009671812878052717
id20812,0.87954994434451,0.0059373615380154945,0.11451269411747447
id26807,0.7018853857562939,0.0008604581646264229,0.29725415607907957
id08877,0.9241282909080902,0.07516931438086415,0.000702394711045575
id27719,0.11312023885142185,0.8739387884675429,0.012940972681035154
id12814,0.9618757389852218,0.03576155795706802,0.0023627030577100605
id20737,0.7449649226629298,0.006650215271270344,0.24838486206579982
id19599,0.018212197480726066,0.9240817645830364,0.057706037936237554
id22581,0.9332792605592715,0.015394809561040185,0.05132592987968843
id17367,0.004340027293194195,0.3750775651854817,0.6205824075213241
id19052,0.9903083969399858,0.008400534480137218,0.0012910685798768278
id19714,0.020580546242736128,0.15290430973924024,0.8265151440180236
id15346,0.07606921722566708,0.2872147504096944,0.6367160323646387
id20943,0.07842720857603576,0.9182815598694745,0.003291231554489587
id00839,0.9541591558895539,0.030585561710983224,0.015255282399462902
id17616,0.7665321516711222,0.0003308858467433969,0.2331369624821345
id16607,0.8541641060019762,0.002740907759440283,0.14309498623858352
id11222,0.0022030647545775777,0.9960535615935433,0.0017433736518791614
id01327,0.037644293000572836,0.3533592970307483,0.6089964099686789
id09153,0.005918938317107739,0.0002297390824726442,0.9938513226004195
id03263,0.9897158826445542,0.0073843042737089856,0.0028998130817366624
id02022,0.9397550300078128,0.012839772267590574,0.047405197724596726
id10248,0.06416112857708614,0.004892244565843311,0.9309466268570706
id16844,0.06581903316199023,0.04255435301912474,0.8916266138188851
id20889,0.001028206516133059,0.9987959827112606,0.00017581077260636987
id07906,0.9720127353904167,0.023694692602703793,0.00429257200687949
id08420,0.8902410863054159,0.0012369244203224814,0.1085219892742615
id21359,0.9708951244975719,0.02446516851582243,0.004639706986605665
id19412,0.2626460903367732,0.06730243987672933,0.6700514697864974
id15431,0.8050100679710753,0.16789481564358302,0.027095116385341626
id11725,0.016769491074682303,0.000794049253096587,0.982436459672221
id22979,0.8966482329784894,0.09305497861227367,0.010296788409236977
id05089,0.21046070842429418,0.11057849376750924,0.6789607978081966
id03340,0.4436839978856663,0.04792939626462728,0.5083866058497063
id04987,0.029900219653954226,0.7180416734100433,0.25205810693600245
id17874,0.0004811197433746822,0.9984886738979687,0.0010302063586566457
id27885,0.002957195022866459,0.8354508350102491,0.16159196996688463
id18437,0.9651550436829367,0.032096602274198756,0.0027483540428646217
id09554,0.007190524366798683,0.06875299235354111,0.9240564832796602
id10424,0.002244155689765113,0.9953579435864729,0.0023979007237620626
id07212,0.9752193416880871,0.004549910379301144,0.02023074793261168
id01521,0.03997844631026527,0.9587001797335565,0.0013213739561782057
id08328,0.2583358333701576,0.5192610339936399,0.22240313263620246
id04240,0.14516802878779322,0.028862415814153317,0.8259695553980534
id19159,0.03407969442851361,0.032687412811483914,0.9332328927600024
id23430,0.2546097038847255,0.0023864400835618836,0.7430038560317126
id15808,0.9860847996137331,0.0003951438732757974,0.013520056512991117
id17944,0.007503029036854333,0.9350822313888614,0.05741473957428431
id17117,0.40665787685512783,0.004546415507444025,0.5887957076374281
id11847,0.3699125178354988,0.6295596430203686,0.0005278391441325464
id20860,0.0001658495944283585,0.16467422338143622,0.8351599270241354
id05042,0.052356924791644596,0.055013849352590086,0.8926292258557653
id01454,0.8817203067435249,0.014872252815727585,0.10340744044074753
id24691,0.26375060288634933,0.7110227061285814,0.025226690985069185
id18909,0.005994862226254144,0.9899262835488042,0.004078854224941633
id03977,0.01616438699755326,0.9836674205143802,0.00016819248806648158
id18706,0.9789180233407245,0.018776504170915666,0.0023054724883597387
id09585,0.9479392799847431,0.013100907201289048,0.03895981281396779
id21204,0.5063755551472211,0.012434885049618243,0.48118955980316064
id03237,0.016229996215804645,0.9818145536327435,0.0019554501514518563
id02227,0.016049344221023946,0.7742486049527868,0.2097020508261891
id12092,0.1768161611819261,0.5362973862745545,0.2868864525435194
id22442,0.45356258708907377,0.005775321866497879,0.5406620910444284
id21612,0.9256007581208061,0.06810108044955544,0.006298161429638351
id18281,0.9482369515112382,0.05163224950076479,0.00013079898799704675
id04165,0.8503870327142355,0.08535333748981887,0.06425962979594556
id05997,0.05377085955815573,0.0010598731879156713,0.9451692672539286
id05740,0.3575597489339209,0.0023265812886357606,0.6401136697774433
id27088,0.019171606338556267,0.013473185292811203,0.9673552083686326
id07035,0.00044221083792465713,0.016740550686129136,0.9828172384759463
id03752,0.009788450807989534,0.8820979340374651,0.10811361515454529
id17486,0.0009082164735980273,0.9981880524185569,0.0009037311078451231
id05171,0.030311669194572455,0.1726797533477446,0.7970085774576829
id26259,0.22032488436353292,0.7271963162281534,0.052478799408313556
id04499,0.9582047775944893,0.01805759006929619,0.023737632336214565
id21190,0.1743620562403137,0.019089183041092674,0.8065487607185936
id24639,0.9940740067805328,0.0029412818905749706,0.0029847113288923046
id27331,0.9927315356470835,0.004255201908859706,0.003013262444056868
id21843,0.07597055822286981,0.14488542992411618,0.779144011853014
id03814,0.737693537427089,0.07437465790993443,0.18793180466297654
id18027,0.7112018032939347,0.053631128017332816,0.23516706868873252
id01409,0.05886888168952374,0.050113270641458346,0.8910178476690179
id09457,0.4906443508163563,0.18967384145240837,0.3196818077312353
id21146,0.02860542252180529,0.9315913530819915,0.03980322439620311
id14214,0.9103190065893723,0.02466635917918155,0.06501463423144634
id11322,0.24880594276364557,0.011458628436319673,0.7397354288000347
id24632,0.9929177885732134,0.003968387871635615,0.003113823555150971
id25647,0.9787058964059602,0.013066225970563573,0.008227877623476185
id24705,0.10814331179690985,0.009455648271585659,0.8824010399315044
id12948,0.94530823663024,0.0060231721571080005,0.048668591212651956
id17970,0.16036252625867706,0.6490576312263259,0.19057984251499693
id14307,0.43374992638638127,0.022038332688879923,0.5442117409247389
id05319,0.890384285965781,0.10712213130314681,0.002493582731072066
id08869,0.9808080899469503,0.0016607074357751208,0.01753120261727461
id14750,0.013886682372077007,0.9662650267782954,0.0198482908496275
id17625,0.5391750801738072,0.43933932391120745,0.02148559591498537
id00539,0.9244004233290322,0.06900950345059272,0.006590073220375015
id11803,0.9935741639699963,0.00563286112693692,0.0007929749030667967
id01720,0.8914974854703585,0.057861087112913136,0.05064142741672846
id18124,0.0051121408142866176,0.9945425796070262,0.00034527957868720795
id23852,0.8671547798170272,0.10181851388967908,0.03102670629329383
id10256,0.26494217122877717,0.5746776779711421,0.16038015080008083
id16114,0.000127987899329852,0.12027742423834571,0.8795945878623245
id04698,0.002160149985691722,0.9267329883242438,0.07110686169006442
id02262,0.9113137741809542,0.07696555300992405,0.011720672809121837
id21818,0.9834352898991248,0.010645836155793493,0.005918873945081759
id04376,0.028406306834129945,0.9652875239501338,0.006306169215736166
id02245,0.0095196531658573,0.00027186413192052634,0.9902084827022222
id17999,0.9676225165484418,0.0073504134677684916,0.025027069983789903
id22112,0.00655873051247017,0.000546999841715611,0.9928942696458142
id03366,0.005113692036337257,0.9929045658564867,0.001981742107176133
id16931,0.15327096646384536,0.7427545323011229,0.10397450123503174
id08380,0.990879313252308,0.00035120832937753213,0.008769478418314528
id21257,0.00935541115814214,0.019434943080870078,0.9712096457609879
id21907,0.5962347004498767,0.3968198234536783,0.006945476096444991
id08564,0.0023521341447071712,0.012283540325842173,0.9853643255294507
id13452,0.966522477549198,0.03075684828533287,0.0027206741654691325
id18212,0.012039497565750809,0.029288311024325744,0.9586721914099235
id18574,0.0635473084925688,0.003941946694724249,0.9325107448127069
id06512,0.6382890537005984,0.359382986734321,0.00232795956508056
id09001,0.11848601863618441,0.12703549952571672,0.7544784818380988
id03841,0.9790322869612315,0.0002786471596094335,0.020689065879159235
id10220,0.0006852367357645613,0.97377271063165,0.025542052632585466
id25711,0.04136777231626396,0.2764332474903222,0.682198980193414
id20897,0.9619837575164047,0.03686576236602548,0.0011504801175698473
id04974,0.0011812224977598815,0.8726946401148125,0.12612413738742764
id16590,0.15487098566182816,0.8426489450484034,0.0024800692897685166
id07772,0.2521570393929344,0.010069205998200355,0.7377737546088653
id22328,0.2590058780388338,0.023460416764369465,0.7175337051967967
id19717,0.0028696759551237877,0.00014118982312933613,0.996989134221747
id16885,0.9607019060017019,0.01895612687927073,0.02034196711902743
id13849,0.0006099433046305036,0.00029925074750436275,0.9990908059478653
id15663,0.2609536112564225,0.44814843625947376,0.29089795248410366
id10324,0.2977658531301553,0.6995634609047814,0.0026706859650633317
id13961,0.9792108029367234,0.020000125556064913,0.0007890715072116054
id16800,0.9157648151404647,0.05903511523870958,0.025200069620825806
id11673,0.9674457757529585,0.021268084659223918,0.011286139587817514
id13000,0.0005105216677427858,0.0874190451803165,0.9120704331519406
id00914,0.10171744224524065,0.17601785528929514,0.7222647024654641
id15610,0.0002040432263772928,0.0005386245660714822,0.9992573322075512
id01813,0.09455243996814501,0.8795153367996965,0.025932223232158446
id01426,0.5337230829544135,0.4548144106963494,0.01146250634923713
id03574,0.28578778319837667,0.621091628313243,0.09312058848838037
id05070,0.00021524627750793356,0.030398931170352948,0.9693858225521391
id04765,0.9789708222034201,0.017267746312290576,0.0037614314842892224
id16320,0.023322693889480068,0.9765367041034236,0.00014060200709618538
id04364,0.026685535131408034,0.9670352126790607,0.006279252189531239
id23824,0.0008952129179280519,0.0013063813393653242,0.9977984057427065
id22829,0.0527652117859465,0.002093641020823402,0.9451411471932301
id03936,0.021460751015936027,0.0038469057080523523,0.9746923432760115
id26831,0.9787375558658075,0.0014069037244410858,0.019855540409751335
id20085,0.048023481821439944,0.003162589599543246,0.9488139285790169
id07088,0.0012659063576086526,0.00279058745829717,0.9959435061840941
id07070,0.9935343398760647,0.00043528933794260765,0.006030370785992729
id25959,0.4705158034007366,0.5282145321717651,0.0012696644274984776
id07781,0.5957261747860978,0.022064204556374464,0.3822096206575276
id20070,0.5250013809674879,0.0005322735417694171,0.4744663454907428
id25613,0.39381507240609154,0.6037995394236632,0.00238538817024528
id11356,0.7933409335850458,0.028960701830712,0.17769836458424232
id04510,0.055621008193518964,0.9437001097874428,0.0006788820190383384
id17122,0.007430100709341094,0.9677651546436639,0.024804744646995096
id17297,0.9323503416685321,0.06274755882685729,0.004902099504610575
id12386,0.006816445594902947,0.00018499535703061297,0.9929985590480663
id05764,0.5482479951673054,0.44613507110651984,0.005616933726174793
id24550,0.5099646335661068,0.07877399409162171,0.41126137234227145
id16098,0.49664377417718614,0.005127518335459511,0.4982287074873544
id20488,0.0046521979283148905,0.000502833290960525,0.9948449687807247
id04762,0.0005376561632743778,0.00012748631227439756,0.9993348575244513
id18416,0.043805437556981415,0.03761507185943371,0.918579490583585
id08097,0.8534578999767212,0.023367493937370712,0.12317460608590824
id07418,0.25831027104951715,0.7405169780657741,0.0011727508847087168
id04279,0.03388992827711761,0.9441693403561514,0.02194073136673095
id23856,0.24178415706604733,0.753995187044933,0.0042206558890198285
id17218,0.1626974275868052,0.812984108838806,0.024318463574388677
id13440,0.8666501907828567,0.1132639591777497,0.020085850039393553
id05940,0.48384085288055073,0.008584758462541942,0.5075743886569073
id20514,0.6873717201504795,0.3016065723297457,0.01102170751977477
id22468,0.39014589836868563,0.6095974223606169,0.0002566792706975924
id25829,0.35945223794902303,0.5094147059171356,0.13113305613384146
id01144,0.013257753833968745,0.9351146815904111,0.051627564575620094
id17439,0.9629391758804965,0.01632390217511727,0.02073692194438636
id15324,0.05777779282525287,0.021249303679422658,0.9209729034953245
id02682,0.8703599362834288,0.0460524336107165,0.08358763010585475
id10725,0.30567501183179646,0.012314409805918258,0.6820105783622853
id06948,0.00048622389177954077,0.0014703095763014043,0.9980434665319191
id27293,0.018388942811873515,0.030877935152310618,0.9507331220358158
id21089,0.025020165334736142,0.0019271664239491498,0.9730526682413148
id24752,0.003510694153525579,0.9646222989243081,0.0318670069221663
id15547,0.0537976811625014,0.0015821784688170586,0.9446201403686815
id02362,0.11759551338351107,0.018570769542525786,0.8638337170739631
id03622,0.0008992578985632515,0.0002219695769741014,0.9988787725244627
id13594,0.883897080083916,0.003410566888051483,0.11269235302803257
id09237,0.9932221908316523,0.0013314516046819265,0.005446357563665698
id27548,0.5627996102670012,0.00274200679581661,0.4344583829371823
id15491,0.8652407095572736,0.0110437552517153,0.12371553519101104
id23878,0.2641114696073234,0.1737440892025441,0.5621444411901325
id16395,0.00910569453488489,0.8595189140459666,0.1313753914191484
id00607,0.780162120719872,0.14900831419575433,0.0708295650843737
id03319,0.00016292414147735617,0.2860310560770425,0.7138060197814802
id25727,0.005555127599203657,0.003800845950550479,0.9906440264502459
id04134,0.018103663702623195,0.3619216142678629,0.6199747220295141
id14169,0.0049820317205803676,0.0010245002107398277,0.9939934680686798
id08463,0.2261592556358605,0.771955889225056,0.001884855139083566
id09722,0.7704348238083564,0.0005870722275916954,0.22897810396405202
id27766,0.39122754614650845,0.09477511441499369,0.5139973394384978
id03009,0.00032870069505734167,0.9981267972526853,0.0015445020522574643
id04450,0.942877928031109,0.015031311178075497,0.04209076079081533
id07929,0.019039236841181577,0.02819333938421601,0.9527674237746023
id07043,0.016078146021548487,0.9780171567147458,0.005904697263705853
id18055,0.9366198838484769,0.006218470632531202,0.05716164551899178
id27134,0.9952806379332206,0.0022045631081550852,0.002514798958624343
id21914,0.9824964711253076,0.0016031289042392162,0.015900399970453304
id13990,0.9902284256254072,0.008299516207411584,0.0014720581671810382
id14203,0.2707209167131718,0.7135245200960219,0.015754563190806443
id24206,0.9877231929537297,0.0005179247300790282,0.011758882316191186
id20319,0.696450909700719,0.03694780385807105,0.26660128644121006
id05262,0.00047310059166850776,0.04133824261954251,0.9581886567887891
id18303,0.35293686377463485,0.02256436739859387,0.6244987688267714
id16371,0.856347237236177,0.011166391073245465,0.13248637169057745
id24739,0.9892245896384977,0.009908383500806488,0.0008670268606958651
id04446,0.0024228963384835284,0.8955354332756601,0.10204167038585624
id01744,0.14773732338310977,0.8201963476090354,0.03206632900785491
id08035,0.053525857790942745,0.231134457629614,0.7153396845794433
id06954,0.05269799559263533,0.04190875105089964,0.9053932533564649
id12399,0.7467414062788975,0.17042690989393058,0.08283168382717193
id08447,0.876757333460241,0.0032957557071194876,0.11994691083263954
id05161,0.8550909642376016,0.04503941410779169,0.09986962165460679
id16609,0.12947964968004486,0.2323557221888204,0.6381646281311347
id18831,0.9138746417329922,0.028584245039396557,0.05754111322761114
id00261,0.8446231238058192,0.08454065229784609,0.0708362238963348
id26352,0.447434560481032,0.5510669507896757,0.0014984887292924943
id20993,0.7002916799367923,0.28831283425477866,0.011395485808428958
id23911,0.7895418166099576,0.16265145578192114,0.0478067276081212
id19839,0.8288295150932645,0.015210833208625199,0.1559596516981103
id20764,0.4793809694730913,0.4999036845820821,0.02071534594482662
id09487,0.0007489368573168105,0.0007440872380575105,0.9985069759046257
id22942,0.0006345850071919806,0.011420258783441837,0.9879451562093662
id18010,0.9796077730481919,0.00240679347968255,0.01798543347212563
id15478,0.04276111224517134,0.9559565983361139,0.0012822894187147606
id02656,0.3829669195299089,0.5523574923830128,0.0646755880870782
id13934,0.01720054988748666,0.08098805814648807,0.9018113919660253
id00898,0.0013827210944524575,0.8030127511580535,0.19560452774749404
id12117,0.45065772273063964,0.44923651068470627,0.10010576658465402
id00130,0.0024325343543174895,0.9940457354501174,0.0035217301955650588
id23047,0.9698483834525806,0.019340759979296195,0.010810856568123245
id11632,0.06948633360894645,0.16837746650202381,0.7621361998890297
id03037,0.8547533207542602,0.10123565750886364,0.04401102173687594
id08839,0.8334691980214406,0.03607710640417366,0.13045369557438574
id00442,0.0010459886371619812,0.9895893997739641,0.00936461158887394
id11220,0.08355380829615887,0.9118975457256129,0.0045486459782281986
id06386,0.5564761581698472,0.224935486027322,0.2185883558028309
id08710,0.0012174962753546312,0.005102601746164451,0.9936799019784809
id22534,0.6460234918154957,0.006968621730440389,0.34700788645406394
id14573,0.5226750168874366,0.005445394301581067,0.4718795888109824
id25181,0.001595114215338421,0.9893849476375052,0.009019938147156412
id04005,0.9444804672750761,0.04767734610281485,0.00784218662210913
id20181,0.04762240727328186,0.051930256143531056,0.9004473365831871
id05870,0.023156707601561306,0.9667775144438258,0.010065777954613057
id17217,0.012797904089522782,0.8543770354751762,0.13282506043530115
id02811,0.8149766084479497,0.14321192070584104,0.04181147084620933
id07633,0.01609881070523888,0.010447606036392746,0.9734535832583683
id11667,0.9790479256889906,0.01074211545345947,0.010209958857550014
id10403,0.03416738227740415,0.9648131152324736,0.001019502490122218
id20982,0.9573640098782895,0.01662039309320801,0.026015597028502504
id12082,0.930184308321659,0.01629268884417124,0.05352300283416978
id05888,0.9428265358117685,0.04729588067576141,0.009877583512470044
id14598,0.5101761729135373,0.4670685056405116,0.022755321445950882
id10606,0.5114872876816617,0.18203593628422113,0.3064767760341171
id22770,0.011894784977214697,0.9772183245563186,0.010886890466466539
id16266,0.531674118661783,0.4666728451037365,0.001653036234480563
id07726,0.9038366869559256,0.0097991666335279,0.08636414641054646
id03160,0.0008407241890610446,0.034426273065541725,0.9647330027453972
id14042,0.16652982226442553,0.007833127355449497,0.8256370503801249
id26093,0.0006943811016509514,0.3472607884522754,0.6520448304460738
id09880,0.9758484098249864,0.016077050670168284,0.008074539504845301
id17282,0.003287767692299618,0.9609496112137994,0.03576262109390109
id01425,0.6825143318831952,0.31360689622401194,0.003878771892792759
id03105,0.06955041460935872,0.10494207438855625,0.825507511002085
id16520,0.7620826367518337,0.01843044314275088,0.21948692010541546
id11348,0.009940884313342014,0.0016456253645043663,0.9884134903221536
id21714,0.023679450178655356,0.020571719186033573,0.9557488306353111
id22015,0.9362643000086287,0.044408142049644134,0.01932755794172721
id11182,0.7170392418580706,0.015067066558950532,0.267893691582979
id17093,0.16106222134524542,0.8322042532438978,0.006733525410856911
id23163,0.23693206739960132,0.15667969439756307,0.6063882382028356
id19556,0.0796918569066922,0.005647889171617752,0.9146602539216899
id27947,0.16223572278382473,0.0015631328737100293,0.8362011443424653
id26003,0.6363083588343807,0.05821265772113181,0.3054789834444875
id19110,0.887048000697111,0.07005736135474191,0.04289463794814702
id07521,0.020216073251728032,0.021331461098130458,0.9584524656501416
id04302,0.5958166912110406,0.21015950360788738,0.1940238051810719
id25662,0.4385153879058128,0.5613585881899503,0.00012602390423668966
id16568,0.10442592328772313,0.004118475691930599,0.8914556010203463
id11181,0.012843261225662537,0.9838099937045311,0.003346745069806215
id20268,0.42597349267459667,0.5738676878525608,0.00015881947284276818
id16999,0.23169219082351392,0.002227513169368392,0.7660802960071177
id14217,0.9013543577581974,0.07848403093401723,0.020161611307785505
id23850,0.9401872529897725,0.05627756642968721,0.0035351805805404484
id25176,0.0999341463596663,0.8899867060185559,0.010079147621777643
id20106,0.9047460438317533,0.003078736933123668,0.09217521923512294
id16717,0.9916620474627493,0.003313827079870646,0.0050241254573800236
id24898,0.011126813595303334,0.0009288399321886348,0.9879443464725081
id08288,0.8084244268043468,0.19050551683938527,0.0010700563562679806
id03986,0.00046609208014611114,0.0021978192168112935,0.9973360887030427
id04419,0.8715820809961526,0.007870155897461952,0.12054776310638542
id20547,0.46683474373362194,0.524128672754481,0.009036583511896939
id00881,0.2122903388222785,0.5162038247464192,0.2715058364313022
id09830,0.9428151202087456,0.002945560474691442,0.054239319316562916
id00541,0.10683222037513376,0.8421687131154909,0.05099906650937532
id19842,0.10453466611064131,0.031382186316015616,0.864083147573343
id15372,0.0008046394695011801,0.9237227292661393,0.07547263126435957
id13505,0.8589648933555464,0.04146679223131587,0.09956831441313761
id17499,0.004094858332529737,0.048119155982379265,0.9477859856850911
id04001,0.12201899167680338,0.004829065560197943,0.8731519427629987
id00714,0.00637354256854672,0.8931413878743989,0.10048506955705439
id13062,0.022091000319500773,0.4710887998125383,0.5068201998679609
id09809,0.9414021152483486,0.0031087079759941215,0.05548917677565734
id19811,0.20774775922571898,0.02730068121894291,0.7649515595553381
id00257,0.012321223582687295,0.9808949635956243,0.006783812821688354
id21500,0.017085247532257188,0.8325375972869483,0.15037715518079448
id12230,0.9319120591409303,0.03313030165211204,0.03495763920695756
id16880,0.47452972336674615,0.52381155564258,0.0016587209906737937
id26979,0.00039191168700648853,0.9854218712873327,0.014186217025660868
id27968,0.005490195670095743,0.0563209175239264,0.938188886805978
id23742,0.7661300172791196,0.14773231105518156,0.08613767166569887
id24887,0.4285433624603752,0.4206975605159845,0.15075907702364022
id14590,0.9837856775771114,0.01489334895727826,0.0013209734656102325
id02314,0.5810562683781301,0.2840308326986453,0.13491289892322464
id07927,0.23442807286705036,0.4774768321727533,0.2880950949601963
id21889,0.1795079393102882,0.8134577859717584,0.0070342747179532525
id00049,0.006433402148414256,0.9370025780487938,0.05656401980279205
id00619,0.977785933938763,0.012284297746700219,0.009929768314536786
id00757,0.8355655140316238,0.15195458387940594,0.0124799020889703
id27594,0.42963206871226717,0.5651788720830556,0.005189059204677278
id17642,0.02551872137264001,0.962251657936599,0.012229620690761044
id01561,0.9794703544259689,0.006239487651639739,0.014290157922391283
id20680,0.9724820476964218,0.011530862258697512,0.0159870900448808
id25679,0.976740556991133,0.014700055211136659,0.008559387797730456
id25753,0.8755550877973943,0.003081230243208063,0.12136368195939767
id15810,0.8011434123213144,0.09995054190047574,0.09890604577820977
id02594,0.7639110558105455,0.0021381908274019056,0.23395075336205262
id13719,0.9971425313849126,0.0006243423169974996,0.00223312629808992
id19417,0.6912811983503926,0.0020532006282124407,0.306665601021395
id07763,0.04054543168314058,0.0003660602384895323,0.95908850807837
id26824,0.029475962808854905,0.7765171535156088,0.19400688367553623
id12183,0.0011325103398252114,0.0007131497327761926,0.9981543399273985
id26212,0.31262834577423854,0.6856898141954384,0.0016818400303231134
id10654,0.6916938173754057,0.038444146506814214,0.26986203611778
id22935,0.39495575039155084,0.6045898486093843,0.00045440099906473436
id19016,0.05037580478098454,0.9489076496055753,0.0007165456134402612
id21167,0.5731846893524196,0.4121088266397142,0.014706484007866253
id06024,0.9544820993316938,0.003354388911880671,0.04216351175642561
id19971,0.008612409221586726,0.9569648792762527,0.03442271150216061
id22514,0.10568407714928671,0.003618477726014362,0.890697445124699
id26130,0.6087337563626206,0.39107361891773007,0.0001926247196494886
id22848,0.017449986233269425,0.011001363318112299,0.9715486504486183
id10327,0.09702608160352108,0.3722933342644674,0.5306805841320115
id00052,0.12398180826398222,0.09695724408436801,0.7790609476516497
id04706,0.027808428489001894,0.9583045616559758,0.013887009855022309
id22174,0.009049623098155391,0.9892152102964412,0.001735166605403396
id23110,0.0022902036882206903,0.1770338670366479,0.8206759292751314
id00951,0.06485968912243452,0.01140303435296098,0.9237372765246046
id20896,0.9880717966316959,0.00028258922538071385,0.011645614142923493
id24317,0.9629608798628482,0.00798672774093489,0.029052392396217024
id00464,0.045336900404092995,0.0032938345528068886,0.9513692650431
id10692,0.03041963337911548,0.01794903662502588,0.9516313299958586
id00982,0.006575311246033617,0.9848030974929287,0.008621591261037691
id14559,0.9137476096092746,0.0007277785709456459,0.08552461181977962
id20186,0.02401341390299335,0.923200176126297,0.05278640997070965
id18644,0.13166511218616286,0.16460789107603435,0.7037269967378028
id24398,0.005813438508010465,0.01155167637228623,0.9826348851197032
id03716,0.003378374803811962,0.9657616455584285,0.030859979637759688
id01335,0.9172901417786905,0.047735944370954055,0.034973913850355504
id15304,0.3755266985529466,0.0005592988265916695,0.6239140026204618
id06814,0.9974038742705342,0.0004736258085875929,0.00212249992087823
id26197,0.011587081548581075,0.9332655041305177,0.055147414320901325
id14539,0.007071868495630414,0.007244082747139513,0.98568404875723
id07165,0.9651559077970413,0.014140547117532917,0.02070354508542572
id07954,0.3929643223191262,0.010692328015662845,0.596343349665211
id02433,0.0992752852464098,0.048474504170218174,0.8522502105833719
id05348,0.7889575399005287,0.1648328476332304,0.046209612466240946
id21119,0.9934681790536326,0.001160723763784038,0.005371097182583216
id00654,0.1341414988995439,0.3792685869281529,0.48658991417230324
id22109,0.038612440834484896,0.016186518672958172,0.9452010404925569
id25945,0.057397632458739974,0.00023963170398026755,0.9423627358372797
id15477,0.013849594765009913,0.9816615095142857,0.004488895720704414
id00322,0.9779719971757639,0.00982794676816376,0.012200056056072285
id02529,0.9421038409591541,0.04617920307308633,0.011716955967759584
id21832,0.9831472928665844,0.011807825389988922,0.005044881743426735
id04355,0.02681659473313336,0.9697286324299671,0.0034547728368994604
id17241,0.04887378135988591,0.0006540557721703345,0.9504721628679437
id00680,0.2747585791565182,0.03396513345774662,0.6912762873857351
id27114,0.12896935481811597,0.0010488476980400551,0.8699817974838441
id24872,0.8974370268927812,0.10088669581790691,0.0016762772893120258
id23578,0.032930157454650597,0.03380549584225639,0.933264346703093
id05752,0.945607729748463,0.03916441822290837,0.015227852028628544
id02747,0.005076497683359681,0.02685517874388096,0.9680683235727594
id12504,0.8173700103577732,0.0010739867332536799,0.18155600290897309
id02823,0.8661103169924339,0.13261524126665017,0.0012744417409158893
id18042,0.0021336925970212805,0.7648414824891095,0.23302482491386917
id00615,0.052167747859175204,0.9444501481692503,0.003382103971574464
id08719,0.3068286990459282,0.00017806457844922075,0.6929932363756225
id07335,0.09847126120760427,0.8907324398141271,0.010796298978268644
id01560,0.008594606808478905,0.006251168075507445,0.9851542251160136
id15186,0.9408394183935499,0.03977973060628509,0.019380851000165067
id13624,0.5179090157202403,0.47945005426971404,0.002640930010045708
id11525,0.9898578779930601,0.002920445356204235,0.007221676650735796
id25222,0.3435908839824192,0.6293795267088228,0.027029589308758126
id07596,0.941982713495646,0.0009490927168207339,0.0570681937875333
id07361,0.4196684395447305,0.5777346967739675,0.002596863681302026
id27534,0.9684977734405943,0.02916509373506939,0.002337132824336155
id24833,0.03442662091910014,0.007150611160540934,0.958422767920359
id08202,0.6369901596044436,0.3561393904113993,0.0068704499841569745
id22038,0.39487690633817885,0.5988347359588956,0.0062883577029257095
id10367,0.017757293260131358,0.01201501219299956,0.9702276945468691
id09803,0.017689534828567846,0.6954617978519502,0.286848667319482
id02109,0.9239809416370317,0.07528040594863476,0.0007386524143335786
id26155,0.05382916897799015,0.038481141546434575,0.9076896894755753
id01387,0.02164138650512243,0.9729710252423224,0.0053875882525551535
id10545,0.6290671693410318,0.003494254538718695,0.3674385761202495
id25889,0.9785129989016665,0.017004295391908973,0.004482705706424411
id05598,0.988280232865482,0.0008186716754714487,0.010901095459046556
id07462,0.8721604800545065,0.12553060303422728,0.0023089169112663647
id13091,0.0005556160020757931,0.0011547856550183648,0.9982895983429059
id17918,0.00021293341991447177,0.005642846240279876,0.9941442203398057
id05657,0.03234658933503686,0.9507585848210642,0.016894825843898894
id22513,0.9435171911691097,0.05468269666891464,0.0018001121619756776
id06100,0.006334329932263461,0.971359756484714,0.02230591358302244
id13565,0.14715823198393524,0.011953128133695567,0.8408886398823693
id02944,0.016697389759298,0.011896121592164502,0.9714064886485376
id05378,0.8741206529453217,0.12152592913430325,0.004353417920374928
id02538,0.8704161536972495,0.00815156487433132,0.12143228142841922
id08452,0.776626645617235,0.21045959758287985,0.012913756799884999
id27035,0.004490241623373208,0.30058200104832816,0.6949277573282987
id18606,0.9688275078325074,0.02400902788195001,0.007163464285542784
id15982,0.008305945889503244,0.7165356811818526,0.27515837292864415
id10685,0.10110383482663778,0.018780933146271633,0.8801152320270906
id03211,0.0051533590852354825,0.21813498537981751,0.776711655534947
id12488,0.05268773762128595,0.9459121611751141,0.0014001012035997796
id00895,0.1648438163930377,0.4270024364884725,0.4081537471184898
id11678,0.008644162256696977,0.002864816534086517,0.9884910212092165
id02927,0.6120184458585979,0.38749604521848907,0.00048550892291293987
id09693,0.15253603191026516,0.8470153127803269,0.0004486553094078487
id27016,0.0005146302971146397,0.5539385714691991,0.44554679823368604
id11738,0.00978564717224632,0.18279932202791288,0.8074150307998408
id27798,0.0003653588929864829,0.7312752387700312,0.26835940233698236
id02746,0.9115998604537219,0.0790338391444361,0.009366300401841873
id05252,0.9261817154291605,0.025327924644797585,0.048490359926041865
id20671,0.017287951227971488,0.9826000462561072,0.00011200251592117343
id09446,0.9602100323388683,0.001593652830445342,0.03819631483068651
id14435,0.2928730502458086,0.7023083258112643,0.004818623942927132
id27868,0.9120519369736831,0.02377039919191165,0.06417766383440518
id07438,0.9399099101911954,0.0026525137903938693,0.05743757601841067
id15199,0.00036495138721501496,0.00010305566885453835,0.9995319929439305
id12955,0.0813008163155641,0.6877331158621145,0.2309660678223213
id05869,0.44484749663255,0.4992792365428968,0.05587326682455308
id03181,0.7198121246684624,0.2761316493885818,0.004056225942955697
id10883,0.00018199798228769046,0.0005370705496800254,0.9992809314680323
id20640,0.10920163622166293,0.39096810215206695,0.49983026162627003
id14209,0.8930931861281296,0.003328154870676096,0.10357865900119437
id09734,0.0018744191089869223,0.6828633767922763,0.3152622040987369
id25406,0.30864867632157894,0.3100233928864607,0.3813279307919603
id11268,0.7192728246864095,0.0031069010890848628,0.27762027422450564
id00715,0.5619528084338845,0.013980248025870202,0.42406694354024543
id13389,0.0023158049553107063,0.4881019075506651,0.5095822874940241
id09015,0.003062959046983183,0.09198414640525493,0.9049528945477618
id23953,0.14472279384023454,0.8476691611768052,0.007608044982960163
id06600,0.9330765760163757,0.05569060523006409,0.011232818753560251
id11397,0.42127728101814943,0.015116094723424815,0.5636066242584257
id27251,0.02905760093305826,0.968985524299616,0.0019568747673256357
id08634,0.00323889571972459,0.9857033951889655,0.011057709091309778
id02459,0.05691174815059584,0.00922831883113867,0.9338599330182655
id10039,0.9709369887939516,0.008664309068907881,0.020398702137140637
id07565,0.0889605467012255,0.059122033985939716,0.8519174193128348
id09764,0.6896428773500851,0.3097838371090286,0.000573285540886286
id07341,0.9728151099913955,0.008152884378711341,0.019032005629893246
id16514,0.04223353553792857,0.9042762111294858,0.053490253332585676
id26075,0.2699831676963484,0.0036879402783846684,0.726328892025267
id26607,0.527935487473191,0.46447054993863063,0.007593962588178462
id02308,0.0021374175508030815,0.0022783458141607815,0.995584236635036
id19298,0.015366509888194246,0.9599150224314899,0.024718467680315912
id13902,0.011596456331526096,0.954284078174239,0.03411946549423509
id08130,0.0007760263891720338,0.006701735072263283,0.9925222385385648
id15079,0.8564801706132736,0.14224062112645894,0.0012792082602673717
id14987,0.11298670562714327,0.8857201376748941,0.0012931566979626898
id13467,0.0003888462526102117,0.9121491795030306,0.08746197424435904
id09194,0.01662478128785637,0.0014200259329790403,0.9819551927791647
id04439,0.8878817153527848,0.0504331433806051,0.061685141266610025
id22123,0.6888549013652036,0.02452031225479229,0.2866247863800042
id08000,0.9116921346383007,0.020418675537986816,0.06788918982371252
id12763,0.016213660888284954,0.9639495251902348,0.019836813921480248
id16363,0.9931551314223278,0.002738199864812936,0.0041066687128593
id10082,0.009095585976684795,0.0046077182146576435,0.9862966958086575
id15019,0.08583378592666707,0.2103535215743069,0.7038126924990261
id07940,0.008671497321951402,0.03378664695392976,0.9575418557241189
id02458,0.000996325569688921,0.4272672958424558,0.5717363785878553
id04916,0.13905051179402986,0.037233396314043356,0.8237160918919266
id10856,0.690487662016795,0.0006338257489496903,0.3088785122342553
id05620,0.011314723424544705,0.01669953250017457,0.9719857440752806
id15280,0.7592050770244368,0.0031202515467900504,0.237674671428773
id06779,0.18789047491899763,0.802754073621879,0.009355451459123356
id18496,0.05199990273238974,0.7446560673278991,0.20334402993971115
id21582,0.99729895233814,0.002184360939397982,0.0005166867224619769
id17492,0.021430812397903915,0.0007091761058539121,0.977860011496242
id12001,0.002443742038886938,0.9735502964790136,0.02400596148209953
id20168,0.1619614665437922,0.782277131857253,0.055761401598954825
id05115,0.979601978864344,0.0069269773522460535,0.013471043783409986
id01947,0.0014236329537775142,0.0025804014178937938,0.9959959656283288
id25813,0.003923335251446211,0.21435594266981448,0.7817207220787393
id23603,0.04676361338856327,0.020033863136384243,0.9332025234750525
id07066,0.0634928217458957,0.884025174906958,0.05248200334714637
id01950,0.07101335197326675,0.9268892029611059,0.002097445065627432
id03869,0.0013072640304964713,0.9930500054090691,0.0056427305604344535
id22646,0.979590509848128,0.012455804297452302,0.007953685854419712
id15451,0.0023792399100015394,0.02023333850433982,0.9773874215856586
id23862,0.02970740170068887,0.9644902757599921,0.0058023225393188564
id18584,0.6490339321101642,0.0005811487415044432,0.35038491914833125
id06194,0.06779318351101059,0.06606407726480486,0.8661427392241845
id12679,0.9625848779916637,0.0368265206708934,0.0005886013374428973
id02206,0.004070115224237165,0.0077876652410232014,0.9881422195347396
id12333,0.9898538096408906,0.0014186620677900017,0.008727528291319269
id04412,0.07758686316516965,0.0010167222505239133,0.9213964145843065
id12331,0.37623760512506754,0.011393996126538467,0.612368398748394
id14656,0.010855953104934628,0.01330838938901896,0.9758356575060465
id07523,0.0012891270235273397,0.015244354117376215,0.9834665188590965
id08205,0.1962660847082668,0.001727139815359741,0.8020067754763733
id01867,0.08208334203993398,0.056591394264004634,0.8613252636960613
id03274,0.7233094324994113,0.0005340800909545048,0.2761564874096341
id04753,0.7832312799237636,0.010162262879029115,0.2066064571972074
id03372,0.0034637387482278643,0.0699146837788714,0.9266215774729009
id16119,0.904341459145889,0.058336453382526285,0.03732208747158455
id25151,0.011151692522081667,0.9751200472430622,0.013728260234856151
id21949,0.16679184686748533,0.0002779590235330893,0.8329301941089816
id10635,0.5074684554823644,0.4584731736539346,0.03405837086370108
id20345,0.9720300365263835,0.011555030420316149,0.016414933053300204
id00905,0.004828805008870719,0.0017819479869592941,0.99338924700417
id15150,0.2802858904289364,0.5305130253155994,0.189201084255464
id00043,0.4352757953360377,0.16691122948490403,0.3978129751790581
id14372,0.0019370545409042807,0.9978201166359207,0.00024282882317505676
id24774,0.9243375117443746,0.015345807580094899,0.060316680675530636
id08022,0.5901278632766296,0.3960927175342737,0.013779419189096647
id07684,0.013963373019768252,0.9387539251277613,0.04728270185247042
id00801,0.9780955579762809,0.004576629426909885,0.017327812596809225
id10559,0.9471757086863346,0.027879933292806355,0.024944358020859054
id03279,0.8484452512952472,0.0005885801565946065,0.15096616854815817
id24289,0.9357776164706049,0.0002959981387339574,0.06392638539066117
id24554,0.99088513008456,0.007702751295807913,0.0014121186196319406
id05009,0.002646144719576656,0.9912928722709748,0.006060983009448581
id14205,0.5123140961750104,0.4679356034048943,0.019750300420095217
id06147,0.041974964768532734,0.1491307959970556,0.8088942392344116
id23747,0.9925066877262707,0.0052520858741724515,0.002241226399556754
id07078,0.004479608630989426,0.8115924024803649,0.18392798888864575
id11635,0.9959640671477137,0.003421797586954888,0.0006141352653315339
id11248,0.8736454287815922,0.12536427229860345,0.0009902989198042464
id16032,0.31253122610243195,0.0017102865347289906,0.6857584873628392
id26938,0.11814714493721404,0.880748643492893,0.0011042115698928756
id26885,0.9761464680852097,0.014410014530043858,0.00944351738474642
id17044,0.015239702805604258,0.028536699726186925,0.9562235974682087
id19822,0.0003683951320547391,0.9986337385223276,0.0009978663456177395
id02500,0.07743162354291151,0.0002476653743208166,0.9223207110827677
id22259,0.0021782649134532432,0.7966650721802745,0.20115666290627227
id16374,0.9423423533664831,0.05532487320809453,0.00233277342542249
id19627,0.26769482279898743,0.02882913457854528,0.7034760426224672
id12550,0.9086430532268776,0.005092314980934615,0.08626463179218782
id17868,0.11203027248882935,0.0014584052310796976,0.886511322280091
id19493,0.6514779932926925,0.01990869330815756,0.32861331339914984
id13232,0.013421463956427404,0.21593016835063258,0.77064836769294
id22105,0.03928537877571719,0.9569688368407607,0.0037457843835220785
id15281,0.9482099884429979,0.021068991474517396,0.030721020082484785
id26437,0.8827782321708729,0.009373967727073362,0.10784780010205361
id04548,0.9790017120223015,0.020359488795099908,0.0006387991825987318
id19586,0.009692714867982732,0.9831578073062577,0.00714947782575966
id12398,0.0018819468713442938,0.9917467442705815,0.006371308858074227
id23058,0.05729374938168874,0.9157384179469249,0.026967832671386482
id27265,0.005565173214563537,0.85277752531253,0.14165730147290642
id06149,0.004907004019386052,0.11199541479139351,0.8830975811892204
id09081,0.9789108234528346,0.016729206204288433,0.004359970342877061
id00123,0.9386420201101278,0.030755175939598537,0.030602803950273736
id18301,0.07354600800070857,0.8821694226708288,0.04428456932846265
id11953,0.10634125200602594,0.14601417609197026,0.7476445719020038
id17812,0.9672109024911028,0.02861572717131325,0.0041733703375840285
id24290,0.0008554666693406837,0.07520410835566503,0.9239404249749942
id07748,0.25630635710444116,0.2161674581897345,0.5275261847058242
id01654,0.8578116662197489,0.00341386549100347,0.13877446828924772
id13102,0.7597582485746682,0.1691721967388817,0.07106955468644999
id25885,0.6758272083178383,0.3236393204503345,0.0005334712318271458
id05209,0.6581956086180764,0.16281246240960331,0.1789919289723204
id17123,0.0030772278908540733,0.9727356025554927,0.024187169553653076
id09322,0.02434813190760634,0.03569102733668795,0.9399608407557057
id17980,0.9890862672556858,0.008239242819994962,0.002674489924319094
id27170,0.921259723266329,0.0276977509734772,0.05104252576019377
id12895,0.0126043986409856,0.009200392423088495,0.9781952089359259
id24886,0.0008675977468675576,0.002872533602936482,0.9962598686501959
id15321,0.9935205334668691,0.003771102440155147,0.0027083640929756944
id25231,0.058910342690128695,0.9035956241812286,0.037494033128642766
id07022,0.9955418557016688,0.0006269029840683088,0.0038312413142629195
id24618,0.841212690305718,0.15160306909958038,0.007184240594701628
id05438,0.9833797563601716,0.00173712866494568,0.014883114974882677
id15696,0.2173438965826223,0.6334274644318729,0.14922863898550487
id04911,0.6687471348158389,0.07898252328526262,0.25227034189889863
id17809,0.9616326576263,0.003618447068462749,0.03474889530523721
id13330,0.06199283496524935,0.9364193072421878,0.001587857792562808
id12567,0.07672860657806367,0.9230089220382948,0.00026247138364155235
id15797,0.0026794206085298347,0.9528506399650571,0.044469939426412974
id04846,0.9353883603946063,0.0008880297913102616,0.0637236098140833
id12919,0.915374097599004,0.06433510953928921,0.0202907928617068
id17265,0.9378708583582703,0.012725169641343247,0.04940397200038635
id12053,0.7380225974225199,0.1939431586467616,0.06803424393071861
id20642,0.7912120002698073,0.058251915387868204,0.1505360843423245
id16632,0.06713202715492794,0.9176927877916974,0.015175185053374635
id26315,0.6303380659650324,0.13916189002795998,0.23050004400700758
id08660,0.9855349969992021,0.00316275811462967,0.01130224488616827
id21313,0.5610915380373225,0.011284072028080367,0.42762438993459717
id12246,0.15295388325707962,0.8409163792055604,0.006129737537360067
id02069,0.6520683042814033,0.0004436679618605937,0.34748802775673604
id13380,0.9882056454002378,0.011129877663714054,0.000664476936048036
id17019,0.990400722964427,0.0007945374256851781,0.00880473960988764
id08343,0.01300056482420996,0.8679455378893639,0.11905389728642614
id00776,0.0333054222117756,0.013502271660539023,0.9531923061276855
id02495,0.9725706736718595,0.026627594435918393,0.000801731892222119
id09427,0.8025681578892386,0.19673429484402732,0.0006975472667340998
id22289,0.09739423039324037,0.8887640610116166,0.01384170859514283
id10988,0.053225603951232374,0.9149011346244159,0.03187326142435172
id21439,0.001375749601459646,0.01079753276585519,0.9878267176326851
id26251,0.9315147533916461,0.06445971601271522,0.004025530595638552
id03519,0.06692643475943949,0.2061076915400572,0.7269658737005033
id23514,0.0004057817183675235,0.002072127479390115,0.9975220908022423
id23381,0.008315915300134947,0.02283663380729318,0.968847450892572
id00006,0.9928795473001135,0.006706220363032005,0.00041423233685440917
id20185,0.9653409918437862,0.03070813469010781,0.0039508734661058255
id00634,0.8459363820548343,0.05348831317418541,0.1005753047709803
id02197,0.9281587815903066,0.0021300137308650205,0.06971120467882846
id03513,0.9799468557452636,0.0025435469881291044,0.017509597266607373
id21234,0.9521549114390814,0.036881414352473066,0.010963674208445613
id10553,0.5947792020125897,0.00543900541739771,0.39978179257001245
id21123,0.39911764299290337,0.17207772150791747,0.4288046354991791
id08271,0.022164417703717156,0.9759136466313001,0.0019219356649829073
id22138,0.9524128071565041,0.030684300037808518,0.016902892805687356
id26096,0.9897445872656325,0.00020002418651503967,0.010055388547852432
id06163,0.5736858794832755,0.0001802311088865851,0.42613388940783786
id14799,0.004357739154807599,0.7554151336183462,0.24022712722684617
id15037,0.0010382510607066778,0.0006047029148171389,0.9983570460244762
id19974,0.9643496518118344,0.002181717695682568,0.033468630492482894
id11096,0.009649518353209952,0.9655866438121921,0.02476383783459803
id19704,0.01072884361931448,0.0071249849683209816,0.9821461714123646
id04815,0.03829876872041887,0.5665328063293082,0.3951684249502728
id26018,0.9867547935479253,0.012797909437475701,0.00044729701459891207
id24587,0.013970030034921282,0.9809168803418361,0.005113089623242587
id10006,0.9697779608911148,0.00748166844500658,0.022740370663878587
id12806,0.06551811364597702,0.022663739010120997,0.9118181473439021
id05369,0.27140174188035543,0.7097810174424241,0.018817240677220605
id04428,0.9675553342551495,0.003593626863746965,0.028851038881103453
id06431,0.002831431990951124,0.18045699445217633,0.8167115735568725
id12810,0.7506311200447257,0.14808704894109845,0.10128183101417584
id07448,0.0037546429570694062,0.0010241859378603408,0.9952211711050701
id03075,0.04994435774595904,0.003798398458045225,0.9462572437959957
id03417,0.9127697767518205,0.029865125400449423,0.05736509784773001
id06464,0.18865689536126398,0.727387815389087,0.08395528924964911
id18854,0.9930648578470636,0.0026100899654168757,0.004325052187519651
id24345,0.9920833583216621,0.0033973232293907124,0.004519318448947395
id21086,0.9176679755417739,0.07442548085643584,0.007906543601790234
id10575,0.7716300934344387,0.0035037633399407197,0.22486614322562065
id11004,0.20626699133901397,0.016018796821588327,0.7777142118393977
id06152,0.9267124412562024,0.004901516077078065,0.06838604266671941
id27938,0.1361647125574789,0.07843345341947357,0.7854018340230475
id11731,0.6148001015204294,0.3810569882736349,0.004142910205935605
id01172,0.9888496254335744,0.009310938119586519,0.0018394364468390387
id06412,0.0021796098907144452,0.045093489438288184,0.9527269006709974
id24956,0.19430897303667638,0.007365351155420862,0.7983256758079027
id16984,0.06973859160364895,0.02772597574064691,0.9025354326557041
id16499,0.01720985134171031,0.007908931332370868,0.9748812173259189
id08694,0.782463575036661,0.07372400018647424,0.1438124247768648
id13907,0.10303573850104857,0.010399481880237127,0.8865647796187144
id19333,0.7558898130097554,0.12806794157245288,0.11604224541779168
id17330,0.07504446795636277,0.9241574141158252,0.0007981179278118963
id06998,0.8667367771317196,0.11866175614978794,0.014601466718492521
id04331,0.04920084865487522,0.5783031317502462,0.37249601959487855
id01169,0.008001607594165695,0.010848959674022156,0.9811494327318121
id17647,0.007833922205474983,0.9645337073647903,0.02763237042973474
id00673,0.40074056041631984,0.5667156878446399,0.03254375173904014
id11327,0.0008778973252116586,0.9772359500538743,0.021886152620913993
id02872,0.00010505430580657371,0.042740350028818284,0.9571545956653752
id21412,0.9422226160463066,0.037843728993591334,0.019933654960102003
id07117,0.357347900640857,0.1091029035552412,0.5335491958039018
id23146,0.20541976464432546,0.005139348198179098,0.7894408871574955
id07982,0.0008514347845051286,0.00719716720322776,0.9919513980122672
id07216,0.0047904545327415214,0.0023605437543296193,0.992849001712929
id22008,0.004343480936762452,0.9941022354519069,0.001554283611330718
id01224,0.07646205352722109,0.79231768191876,0.131220264554019
id06626,0.7545626180612162,0.002243911339232317,0.24319347059955157
id10344,0.0026064148426213013,0.00039461094912990183,0.9969989742082487
id23692,0.06997365390337604,0.9292797341526879,0.000746611943936004
id09430,0.9919011677914149,0.006516627416013433,0.0015822047925716461
id24520,0.9771785352142577,0.009225387610181351,0.01359607717556109
id06493,0.1227741156055451,0.8766502197287116,0.0005756646657433984
id26199,0.9118384576416928,0.07428469016867693,0.013876852189630202
id02367,0.5793524093807935,0.013045929221905327,0.4076016613973012
id24095,0.00014410503386089575,0.16706496165810047,0.8327909333080387
id13301,0.9552929893838827,0.000518730050122818,0.04418828056599456
id25058,0.7064952318740494,0.26238204725299896,0.031122720872951502
id07840,0.014602505900410857,0.9828547504467612,0.0025427436528279303
id23073,0.030345211979731838,0.9690316177399242,0.0006231702803439376
id20259,0.9635180837510988,0.025826042471295566,0.010655873777605617
id10269,0.00013111723744758073,0.2761379174056963,0.7237309653568561
id05303,0.8824774989556293,0.03335149465019646,0.08417100639417417
id15301,0.01586984403630481,0.0855619448569138,0.8985682111067815
id00153,0.9820793354537568,0.005845635038773542,0.012075029507469692
id00576,0.1838198706954728,0.03377014388181196,0.7824099854227152
id06344,0.03166359537552774,0.00038618055850098024,0.9679502240659712
id03745,0.09485046547345578,0.8878126045428295,0.017336929983714593
id25529,0.030791904288636266,0.3348435002907667,0.634364595420597
id11782,0.9635673161936322,0.00118527225443802,0.0352474115519299
id23533,0.024847422272983324,0.1343910034611018,0.8407615742659148
id16020,0.03275748154206225,0.9326644767627513,0.034578041695186384
id06402,0.9622217928622661,0.02629789760463025,0.011480309533103823
id10334,0.9972522507044943,0.001357495301226867,0.001390253994278778
id08206,0.9403889074789656,0.0007192760558594394,0.05889181646517508
id22132,0.06614711381902438,0.00758143125271293,0.9262714549282627
id05380,0.7393855345868896,0.25982495120963595,0.00078951420347448
id25603,0.0004898564587952748,0.01003257670780162,0.9894775668334032
id14874,0.10252422431776957,0.008662281179835592,0.8888134945023948
id21942,0.001464536190470283,0.19951219856461216,0.7990232652449175
id15013,0.8332487000796616,0.13447658035984894,0.03227471956048945
id14443,0.007725819583910283,0.9863474944223217,0.005926685993767917
id21413,0.9688802932101614,0.015100561543821438,0.016019145246017143
id19682,0.18305376098264983,0.8146704370773152,0.0022758019400350906
id25215,0.022456755308591404,0.901733845081126,0.07580939961028256
id22154,0.0028078804624836126,0.9909733540482168,0.0062187654892995915
id20589,0.004015499339634482,0.8998243796240286,0.09616012103633681
id22282,0.005721847879999414,0.9857834547317835,0.008494697388217084
id06420,0.03317072783132108,0.13488788543863298,0.8319413867300459
id08384,0.9129575622971184,0.0020650958106224458,0.08497734189225906
id18674,0.8848013930099948,0.0005002137656744759,0.11469839322433058
id10638,0.879101836938254,0.10970140891221968,0.011196754149526233
id15994,0.006017113396191908,0.03423354371040707,0.9597493428934011
id00197,0.4022776809882579,0.008101492399998,0.5896208266117441
id23082,0.0013892616745453787,0.0012584756813753463,0.9973522626440794
id13374,0.941921883534018,0.04138034462985283,0.01669777183612936
id26183,0.925586213972058,0.002546615066662403,0.07186717096127951
id21432,0.0021563688469251464,0.38905860838994755,0.6087850227631272
id13738,0.9049876987996825,0.09456308614414594,0.00044921505617152385
id18628,0.9802501309322398,0.019158953006865372,0.0005909160608949829
id03911,0.010000568484230716,0.9775805124419271,0.012418919073842155
id00362,0.0006147399466827678,0.9971165066963452,0.002268753356972072
id06498,0.721691070851776,0.26195238062139387,0.016356548526830276
id02061,0.7153354148690364,0.029564708855248617,0.255099876275715
id23574,0.2680274708724877,0.7317802337217798,0.0001922954057326957
id25526,0.0016697505655413336,0.22864955603458365,0.769680693399875
id23015,0.6395104500674534,0.3507446675589882,0.009744882373558333
id07095,0.7293196344870744,0.016546174224067445,0.2541341912888581
id03038,0.6606995900144527,0.256198371147124,0.08310203883842318
id27800,0.28677211738099095,0.7126377450159262,0.0005901376030827824
id16537,0.16479486666857393,0.21951746713235967,0.6156876661990663
id04749,0.9722585781106042,0.015741901648232994,0.011999520241162773
id21568,0.9514689848734981,0.047718760382307074,0.0008122547441947961
id11221,0.002844467721138796,0.22678751405828926,0.770368018220572
id18391,0.40234515746032595,0.5952505286900548,0.002404313849619319
id02047,0.990939750671592,0.005751874730292105,0.003308374598115973
id04401,0.009359979639597553,0.9895270410398155,0.0011129793205870333
id20938,0.18237629379107706,0.5289549345824646,0.28866877162645826
id08195,0.5997109466451089,0.00466730399626254,0.3956217493586286
id04756,0.017855071693056952,0.9735714508427927,0.008573477464150298
id04104,0.004200256382927651,0.0021583789743379674,0.9936413646427343
id12204,0.04440853128841148,0.0007556928936849194,0.9548357758179036
id13636,0.003344851141554632,0.9752780273222552,0.021377121536190175
id27197,0.02906133373302986,0.0052025116879575485,0.9657361545790126
id21425,0.0002812000134010151,0.3842268170512367,0.6154919829353623
id05239,0.001749948981148094,0.9855708011559531,0.012679249862898749
id25258,0.8421537962129394,0.02419992111944292,0.1336462826676178
id10952,0.9944606903739723,0.004254986368142434,0.001284323257885176
id10413,0.438286095773711,0.04939825319572274,0.5123156510305662
id16103,0.45394516927984496,0.5273710862994629,0.01868374442069222
id24270,0.1300195014626089,0.8648787324187007,0.005101766118690303
id07988,0.10547913759517581,0.24911060025320605,0.6454102621516181
id13793,0.866094495845737,0.13315515126583505,0.0007503528884278223
id06967,0.01360330644182782,0.049305957038438236,0.9370907365197338
id26605,0.841754846070334,0.05401349791872611,0.10423165601093991
id15536,0.002368361516689069,0.5801184655240137,0.41751317295929713
id09298,0.9584223087029055,0.0012489006231719494,0.04032879067392259
id02333,0.06421174725482383,0.8886939912958978,0.04709426144927825
id26253,0.0010108461506125393,0.841769047577845,0.1572201062715424
id06526,0.349262302338399,0.44064473070875115,0.21009296695284965
id19127,0.5186103221493863,0.00824828975043224,0.47314138810018164
id18189,0.03808629213981772,0.9573348254632769,0.0045788823969053856
id19060,0.07329278083142718,0.9193515682786612,0.007355650889911585
id10067,0.570880223927704,0.40183546774876877,0.027284308323527295
id03584,0.05955587293545246,0.005371624915893149,0.9350725021486543
id15088,0.4555679119578886,0.0004881336600223054,0.5439439543820891
id21289,0.34921179895169735,0.6490317141462513,0.0017564869020512725
id24797,0.00164606063421439,0.9509050637107449,0.047448875655040745
id18768,0.0037505115056953075,0.004497409213911852,0.9917520792803929
id20590,0.0747365898288422,0.4672897745615654,0.45797363560959237
id21622,0.1462224176459166,0.6552302669902212,0.19854731536386225
id15417,0.11983019241813903,0.00027983119941811925,0.8798899763824427
id04253,0.2250611874983933,0.05248020440641718,0.7224586080951896
id12878,0.0013017478115702372,0.24872802144510017,0.7499702307433295
id08924,0.390647958716189,0.2549442559122483,0.35440778537156276
id26827,0.1756708574854673,0.8087120420274652,0.015617100487067685
id03215,0.0170467557579877,0.9787760021993223,0.004177242042690096
id02932,0.11626468852597545,0.8209095791051102,0.06282573236891437
id14948,0.32827429178200257,0.6691960782473276,0.0025296299706698572
id16666,0.843054542375114,0.0008380412509827861,0.15610741637390324
id23630,0.041891536136791335,0.00225612734454121,0.9558523365186675
id16997,0.926032277651451,0.02007658283042278,0.053891139518126206
id16816,0.8640221942555257,0.03265671174385019,0.10332109400062414
id16040,0.016506099317077225,0.007345385636885964,0.976148515046037
id03310,0.00504413973426568,0.0012999590182730775,0.9936559012474613
id15042,0.9834506927345065,0.01518207711485591,0.0013672301506376103
id16001,0.9852308102987468,0.004201007904582676,0.010568181796670625
id23992,0.05589857694374925,0.9304849017709318,0.013616521285318912
id01589,0.0716092984914676,0.9186579052341037,0.009732796274428794
id10987,0.9979446915741761,0.0016796308647639745,0.00037567756105999945
id02235,0.06772879825985073,0.24031910549263738,0.6919520962475119
id23133,0.9127576920682091,0.04358913831392092,0.043653169617870115
id12953,0.01728875519222989,0.01902090994023184,0.9636903348675382
id19608,0.9203722206314329,0.05551790236058287,0.024109877007984302
id15183,0.07981200118128788,0.9200295986825657,0.0001584001361461832
id17863,0.9750728855862169,0.02053567839973546,0.004391436014047649
id11531,0.0003759367148824652,0.7551894241374342,0.24443463914768343
id16489,0.12018822369421366,0.8766454376159256,0.003166338689860641
id13579,0.9930051264276883,0.0012943387788984524,0.0057005347934130784
id24609,0.8955787992915255,0.005564349315465899,0.09885685139300855
id03463,0.9914370949587463,0.006294397574026971,0.0022685074672266687
id14464,0.5969117130377722,0.34038927367300087,0.06269901328922681
id14428,0.5625933341733615,0.4344237490437728,0.002982916782865794
id26360,0.6221098233286151,0.05053237178642273,0.3273578048849621
id06482,0.47481712416384914,0.18852463071788916,0.3366582451182616
id11265,0.2711096871137129,0.005415129216552215,0.723475183669735
id22818,0.2892763683831292,0.6985986411320105,0.012124990484860139
id01245,0.05439368589624308,0.9111939846614097,0.03441232944234723
id19134,0.00790990396322044,0.08418900242894342,0.9079010936078362
id06561,0.22111125477745885,0.017840394125292494,0.7610483510972487
id21035,0.04477729047466216,0.004846661607684288,0.9503760479176536
id12485,0.7468721079508498,0.2506278851176663,0.0025000069314839325
id27408,0.0005287137594415221,0.3089803749585996,0.6904909112819588
id09718,0.8242281203867672,0.0014317003677923022,0.17434017924544062
id25905,0.002715128297157647,0.9971520802066733,0.00013279149616901768
id18707,0.9947457086453793,0.003758858662923558,0.0014954326916972818
id03000,0.6952681404953817,0.020976440936065478,0.2837554185685528
id25353,0.03954521309144952,0.00021565719178899027,0.9602391297167615
id12286,0.9754082257020852,0.019646919416470246,0.004944854881444608
id07459,0.9424439171528605,0.019761868579724243,0.03779421426741518
id20406,0.055271017934095897,0.00035711461605383453,0.9443718674498502
id22502,0.3049500829686026,0.1204359386031278,0.5746139784282696
id23344,0.9965174262654776,0.002008853625185206,0.0014737201093372048
id09345,0.02054365264619239,0.025906144638651898,0.9535502027151558
id27212,0.9611470509857581,0.03591615116028317,0.0029367978539586695
id16543,0.11419054498125226,0.00181737887691615,0.8839920761418317
id17842,0.7345221007499091,0.26110412478287015,0.004373774467220669
id22079,0.0037310521540327504,0.050176967738402,0.9460919801075652
id17974,0.6941108725182051,0.0001519381496379312,0.3057371893321569
id03559,0.9868777484346859,0.00381073811914483,0.009311513446169253
id15314,0.5771098364187706,0.1849514135814995,0.23793874999972986
id17990,0.6208687523448093,0.32680377721101755,0.05232747044417324
id18073,0.9900556808891391,0.008722179531806309,0.0012221395790544235
id21291,0.6249889505151243,0.37369916928592556,0.0013118801989501618
id10599,0.49283380676741934,0.07486097776532807,0.4323052154672525
id04861,0.0005152076027720536,0.8832543794350945,0.11623041296213332
id17669,0.016548026261214297,0.9827141861823308,0.0007377875564549652
id10961,0.009371928655876837,0.9636684651740441,0.026959606170078938
id27971,0.009661450526791932,0.11435774545588993,0.875980804017318
id18591,0.8879526888070075,0.11155998820745555,0.00048732298553701484
id22251,0.608540660737372,0.00517275765830528,0.38628658160432267
id13323,0.966721573477098,0.017312207397099644,0.015966219125802435
id02721,0.07334398423061453,0.39482106521013066,0.5318349505592547
id04144,0.9658800483445775,0.007501310018769609,0.026618641636652934
id09615,0.7039660221187325,0.2933248620787777,0.0027091158024896574
id09157,0.09253308247718704,0.408655673867602,0.498811243655211
id04615,0.9532574661747338,0.010034481524603074,0.03670805230066308
id07673,0.014262513807967496,0.9781301480356072,0.007607338156425354
id11099,0.9691711617828883,0.011175172315590306,0.019653665901521296
id02160,0.8265225715644254,0.14142610814043624,0.032051320295138276
id10347,0.1837089759487714,0.798562241185085,0.017728782866143645
id23841,0.0009780936024472132,0.013921083015299516,0.9851008233822534
id08844,0.1209526604599238,0.005656785406790584,0.8733905541332856
id27346,0.020930279998193555,0.37357295024870957,0.605496769753097
id17408,0.0055414961225478164,0.9895130805231861,0.004945423354266119
id20154,0.4378735578738691,0.002652063619540687,0.5594743785065902
id05643,0.8033409655907562,0.0012962593000909275,0.19536277510915295
id16730,0.20962369794060856,0.7783108217468699,0.012065480312521498
id04069,0.00015218272926775873,0.0012005206125997616,0.9986472966581326
id21070,0.6921564854058376,0.06707357022899582,0.24076994436516672
id23005,0.10413290147551506,0.0020379726392812814,0.8938291258852038
id02947,0.007070450149064796,0.001310509334405534,0.9916190405165296
id24176,0.08980342963553448,0.337909291467588,0.5722872788968776
id14919,0.6067413288282744,0.02027147045753344,0.37298720071419217
id20257,0.8867890262106066,0.11089592294693487,0.0023150508424583274
id22943,0.3185323381331069,0.1575780091832333,0.52388965268366
id11100,0.10494028068406384,0.8826507978614179,0.01240892145451838
id06735,0.011604705963011717,0.028434380428211187,0.959960913608777
id04389,0.9109681764377713,0.02755502866906662,0.061476794893162136
id13848,0.9798450661917658,0.005771859175455439,0.014383074632778856
id16742,0.7483780352177274,0.23404772372672517,0.017574241055547443
id17773,0.39847725671429557,0.027758219513079014,0.5737645237726254
id04586,0.0012878816650696613,0.9903880087192007,0.008324109615729677
id20435,0.430156686581067,0.5693548168990883,0.00048849651984485
id09848,0.9041530333810969,0.09339392844254481,0.002453038176358207
id15218,0.3636318089616354,0.0036830269271285964,0.6326851641112361
id19588,0.9716305797064169,0.015632835102204746,0.012736585191378417
id02368,0.1620873024198296,0.8326167909294484,0.005295906650722036
id00084,0.9851660742454659,0.014336079183891367,0.0004978465706427461
id26591,0.04283161272289993,0.0035795004286621086,0.953588886848438
id19955,0.028442084543523646,0.041963874055143735,0.9295940414013327
id03638,0.448003582547,0.5501814348957029,0.0018149825572970873
id05450,0.16645475990871336,0.8308419782971693,0.0027032617941171585
id19546,0.008926838961378409,0.013866425594188452,0.9772067354444331
id06955,0.00028947734455685365,0.12708798464055057,0.8726225380148925
id22542,0.01024230687363913,0.9790966326684583,0.010661060457902494
id27368,0.9535444446733784,0.016473624046842168,0.02998193127977956
id22095,0.7904979668327747,0.05948941387112537,0.15001261929609994
id24510,0.9128317902325375,0.08397351440210181,0.003194695365360778
id20687,0.9870419155348721,0.0030216864552574823,0.009936398009870426
id09432,0.11636703384761315,0.02877958586086735,0.8548533802915195
id27409,0.008787497797641632,0.0006701676202920801,0.9905423345820662
id21727,0.09797766812680335,0.4486864927951058,0.4533358390780908
id11047,0.018033071583410276,0.9637062713122557,0.01826065710433402
id17931,0.85459652453651,0.11430495359487014,0.031098521868619937
id01746,0.3145200333383502,0.08848574272733392,0.5969942239343158
id25290,0.026636708847026794,0.12817670647440216,0.8451865846785709
id04451,0.003994767247836122,0.9765900225738943,0.019415210178269485
id20989,0.00018029786079018826,0.9849409898891291,0.014878712250080705
id12305,0.029835494220518566,0.2832713230393816,0.6868931827400998
id04061,0.11812378060104595,0.0025399716229084256,0.8793362477760456
id23731,0.3276004480941249,0.010821722137204679,0.6615778297686704
id18687,0.12969495074606674,0.8676304960620965,0.0026745531918368134
id09139,0.9610859141924146,0.018721692703807715,0.020192393103777715
id19998,0.015595711598170511,0.9822854912039212,0.002118797197908441
id14379,0.878862928558215,0.11663344814268738,0.004503623299097677
id14003,0.9434694024854787,0.006782707431436817,0.04974789008308458
id06801,0.9914693794435679,0.007066526484012405,0.0014640940724196393
id14290,0.649133923214413,0.0028832446302504734,0.3479828321553366
id12585,0.5938146682750721,0.4058777515559526,0.00030758016897531476
id13466,0.6579549075652582,0.25270307237239464,0.08934202006234697
id25062,0.001250023325051361,0.8322814378638294,0.16646853881111925
id18576,0.010625197793244692,0.00046632263433418617,0.9889084795724212
id26814,0.2818241141247148,0.717585175211194,0.0005907106640912106
id10007,0.8481046498408118,0.14348724236394242,0.008408107795245739
id27762,0.003267086679893447,0.9919886959238635,0.0047442173962429866
id25055,0.0005585556682715399,0.9087679442135421,0.09067350011818633
id23842,0.0010268714508953852,0.7954231425083029,0.20354998604080166
id09914,0.964806773469608,0.03456290834127251,0.0006303181891194184
id19980,0.9768093988807408,0.006546690356498019,0.01664391076276117
id21241,0.6907107762452162,0.03912347966571036,0.27016574408907357
id24159,0.9960471759059604,0.0009404893088369248,0.0030123347852028253
id10533,0.8493163703825526,0.00031485635112854624,0.1503687732663188
id26754,0.21358206037956665,0.0760716713992402,0.7103462682211931
id09816,0.9430911533674546,0.05647531356735323,0.0004335330651921064
id15584,0.00429207850756859,0.9807482468215774,0.014959674670854049
id06406,0.8595292792691684,0.04101245493331989,0.09945826579751153
id12306,0.7404012069745013,0.25874294452303204,0.0008558485024667574
id02971,0.8601813461182863,0.004188836662508061,0.13562981721920564
id01479,0.01648885490247124,0.6907768355894939,0.2927343095080348
id24744,0.5569846340798337,0.1294918507587729,0.3135235151613933
id05733,0.9615854629843796,0.0008229648149326037,0.03759157220068786
id07121,0.12457802410166366,0.869662916588015,0.005759059310321287
id11324,0.146674324586803,0.7919604739785315,0.061365201434665444
id15743,0.5875240987973103,0.40563373279092146,0.00684216841176815
id07387,0.4590372709783373,0.34181465107223424,0.19914807794942854
id07613,0.08854676597310453,0.0012163592296914646,0.9102368747972042
id18698,0.008992858722135982,0.9881408488939278,0.002866292383936128
id04671,0.9773765457388341,0.018556688571979264,0.004066765689186492
id15149,0.009179646902623403,0.04215106235273696,0.9486692907446397
id21803,0.46422668890269575,0.1273319671412804,0.4084413439560237
id13085,0.00207874090343276,0.025085305658621694,0.9728359534379455
id10259,0.9889686299280255,0.003926390804073527,0.007104979267901071
id21446,0.9470268761793785,0.0008139947452195166,0.05215912907540195
id24122,0.011601054849182366,0.9844674512243721,0.003931493926445546
id17149,0.0005249681777398522,0.9942484920740734,0.005226539748186699
id10340,0.009033612897127912,0.98875965581077,0.0022067312921019407
id11891,0.9859038906380257,0.009955727370541404,0.004140381991432909
id08513,0.03417093804685078,0.001969711755708478,0.9638593501974406
id01759,0.6520563758206241,0.004189972968960484,0.3437536512104154
id00606,0.13765080958510395,0.24695638353763869,0.6153928068772575
id02138,0.11676685590536853,0.12540819710927958,0.757824946985352
id27082,0.9895727448164425,0.008682603446879126,0.0017446517366784737
id03864,0.0347055601651435,0.015716968301818415,0.9495774715330382
id06718,0.8187248363757003,0.14132062424425884,0.03995453938004079
id22812,0.020781933540386707,0.9730194471313569,0.006198619328256394
id24928,0.7455747486599512,0.254164383991601,0.0002608673484478234
id02750,0.10830628648985012,0.8859814301491002,0.005712283361049581
id08766,0.9756140584523544,0.02000132078834867,0.004384620759297008
id02673,0.1336105648389127,0.004031747940462218,0.8623576872206251
id18182,0.9835837987007927,0.015535106252482025,0.0008810950467253242
id26382,0.000754260947266513,0.29918073213640506,0.7000650069163283
id25115,0.9963130186780373,0.0004637287458333895,0.003223252576129159
id01699,0.011137267377033957,0.14138982458263497,0.847472908040331
id22336,0.005146293184815888,0.006748905024602571,0.9881048017905816
id27882,0.9261294350931382,0.002135404286311651,0.07173516062055028
id15059,0.7011512539258135,0.29317861385879934,0.005670132215387149
id25760,0.8116365114023839,0.012938825327220703,0.1754246632703955
id10492,0.27407100208003504,0.0007164460809610206,0.7252125518390039
id27006,0.46606966587458626,0.40926770548704106,0.1246626286383726
id16706,0.0026205051301673578,0.01969239938919427,0.9776870954806384
id09705,0.00815112012707395,0.9750302332581399,0.016818646614786274
id05026,0.07413475800078377,0.8193258384958381,0.1065394035033781
id00834,0.11900012969021652,0.7240964072051964,0.1569034631045872
id19828,0.0036530026491018767,0.012885433411853537,0.9834615639390445
id06497,0.011625665708314435,0.988225634029847,0.00014870026183844988
id09712,0.9712247411314766,0.00730125132257011,0.021474007545953275
id14547,0.9447428022292153,0.0417976423596196,0.013459555411165133
id11152,0.06131221564678839,0.9105201475086389,0.028167636844572744
id15703,0.8517148700406586,0.14014558358160617,0.008139546377735169
id01567,0.8626339107622184,0.016689887413081382,0.12067620182470033
id00149,0.047925088589317336,0.023057827097416907,0.9290170843132658
id14814,0.15934642921621722,0.3608769733551915,0.4797765974285912
id03059,0.9941383557527591,0.005675021018995529,0.00018662322824541654
id08492,0.0009353209106299095,0.3787319575074855,0.6203327215818847
id14813,0.7674961626599442,0.0042382199243647355,0.22826561741569107
id22225,0.9414905407278314,0.04653528547222713,0.011974173799941406
id23299,0.9598111188864593,0.034631896911847246,0.0055569842016933765
id23982,0.9861147007282581,0.012040860185256304,0.0018444390864855841
id04892,0.9936948524293298,0.0007538919806866715,0.005551255589983585
id21569,0.7330875038551893,0.0013823373568845427,0.26553015878792624
id11029,0.006444344532073269,0.07655331527042783,0.9170023401974989
id10744,0.9224353622898581,0.012724578145894852,0.06484005956424709
id20375,0.7259317185818985,0.12534691956388772,0.14872136185421386
id20416,0.8730865065708112,0.02593371182533061,0.10097978160385815
id09314,0.9966079813776175,0.0014041600513980653,0.001987858570984472
id27940,0.007128842886421117,0.9873683715722559,0.005502785541323072
id19042,0.4911774330367062,0.5071321398932546,0.0016904270700392838
id08443,0.9151421540960147,0.009868025816671858,0.07498982008731354
id05591,0.8089473080061297,0.18512240777546454,0.005930284218405634
id00060,0.9002928868931419,0.017472013618552152,0.08223509948830582
id02957,0.03654461590658937,0.9521238781265531,0.01133150596685764
id22184,0.8883269270907603,0.0003158973693767271,0.11135717553986303
id27183,0.014115214651397964,0.22388212870875912,0.762002656639843
id06302,0.002386432985731511,0.00844523075828628,0.9891683362559822
id24944,0.29791714408643766,0.013955641506477994,0.6881272144070844
id10050,0.002556141893305664,0.9579283576743441,0.03951550043235015
id11913,0.07935238851326393,0.7125223888281553,0.20812522265858086
id21867,0.9908042588797942,0.002326244132599927,0.0068694969876058375
id05218,0.31252322814424144,0.002275216529619767,0.6852015553261388
id26350,0.9301378714560506,0.06552096933574618,0.004341159208203125
id09479,0.028768553305066624,0.006743245792925697,0.9644882009020076
id22809,0.7641341288636767,0.08921876651914024,0.14664710461718297
id26584,0.9876275588290064,0.005793694002285321,0.006578747168708205
id21846,0.8711881706732834,0.013166944388428596,0.11564488493828795
id13603,0.9832784637257899,0.015215834228085737,0.001505702046124347
id09043,0.1123012299343809,0.7806314771570154,0.10706729290860367
id24153,0.9416620737662006,0.001015373406710684,0.05732255282708864
id03882,0.14004062951405183,0.08340580984253854,0.7765535606434096
id11385,0.8470971902654568,0.00015497300228670022,0.15274783673225653
id05927,0.8446086022227505,0.154607552832255,0.0007838449449943946
id19090,0.31974278388238164,0.6260808135262307,0.05417640259138773
id01305,0.8229942586658384,0.018951028743122447,0.15805471259103918
id14840,0.8110040011610617,0.1841306596809946,0.004865339157943643
id03134,0.0037232460784053733,0.13878904864685634,0.8574877052747383
id27830,0.7575944656405893,0.03446202133072309,0.20794351302868772
id06870,0.3185067472689603,0.5267448436322568,0.15474840909878293
id03712,0.001060793378846173,0.0004664957561017942,0.9984727108650521
id16585,0.5929276166803281,0.002891430922684387,0.4041809523969874
id06483,0.7822848036804042,0.18714354690220517,0.030571649417390587
id09280,0.00574931483376038,0.0014053605043180164,0.9928453246619215
id22373,0.7257339598402587,0.2360446726786543,0.03822136748108707
id27765,0.5807592905167913,0.3773208870162885,0.041919822466920074
id11199,0.021176118408982023,0.976930102441194,0.001893779149824018
id14524,0.9029015617037023,0.05150585177823002,0.04559258651806761
id06920,0.013476915651740463,0.9785569090984231,0.007966175249836392
id21909,0.6513382051235656,0.07893844444848305,0.2697233504279514
id20573,0.7767229902756302,0.1914009214624846,0.031876088261885066
id00665,0.9279172037050076,0.008285191643700018,0.0637976046512923
id17880,0.3174876912857874,0.0020842038152215176,0.680428104898991
id18663,0.016638751738663627,0.956764808367618,0.0265964398937185
id23092,0.9041290329249401,0.0954972064157107,0.00037376065934920197
id04126,0.04897647610409485,0.10972570979569118,0.841297814100214
id02165,0.8114482342660061,0.05262751462122685,0.1359242511127669
id03092,0.0052170479564126,0.9800372983221851,0.014745653721402342
id07969,0.026546241639630253,0.971079831414639,0.0023739269457307634
id03514,0.014916153881851066,0.06023317293115738,0.9248506731869914
id03460,0.10205988215257776,0.7630177649357333,0.1349223529116889
id03610,0.009117381037404787,0.9742886129544588,0.016594006008136403
id17201,0.8149867375964269,0.1678185556654343,0.01719470673813888
id02046,0.00019888369743692788,0.9978292747792381,0.0019718415233249574
id23497,0.046205676896004855,0.004354599722518506,0.9494397233814766
id02259,0.9919954822190901,0.007405230124495431,0.0005992876564144827
id17929,0.002391185042502073,0.6951876577814973,0.3024211571760007
id27585,0.4997165081088414,0.4643504749906056,0.03593301690055288
id19174,0.8505474898208493,0.03916773599893971,0.11028477418021093
id10653,0.6869210160739619,0.0021041907211360985,0.31097479320490196
id18395,0.9254986871599883,0.07305558242932425,0.0014457304106875882
id25014,0.020578465246479303,0.945580655460559,0.03384087929296171
id14596,0.0014423881373056074,0.9981244418492216,0.0004331700134728164
id26296,0.0006087802817242334,0.8234445963702687,0.17594662334800712
id19151,0.0042071407717888965,0.9670854200461454,0.028707439182065662
id24247,0.005838289273014091,0.0068322001971269685,0.9873295105298591
id11578,0.1629564675255839,0.8364463801465324,0.0005971523278837157
id18624,0.15299354325506515,0.8467100812615352,0.00029637548339952357
id20034,0.018706736499829305,0.9664631645763311,0.01483009892383944
id04485,0.9052880212724411,0.08023646498419579,0.014475513743363016
id00700,0.9704829841103163,0.016249229960685254,0.013267785928998303
id21277,0.004772801346418294,0.9412522141128177,0.053974984540764
id24867,0.09263831227979405,0.9002885737844897,0.007073113935716288
id25117,0.51114404710446,0.1374891281416909,0.35136682475384906
id13072,0.028624277213726755,0.012518295182146782,0.9588574276041265
id24680,0.2593521961701517,0.016106074986066417,0.7245417288437819
id26811,0.0057645676603436825,0.0002437247711657463,0.9939917075684904
id04984,0.9476936959162645,0.017898934370416585,0.034407369713318904
id09124,0.928112390367626,0.0710109607747389,0.000876648857634974
id03975,0.006387919575709397,0.019554027180716388,0.9740580532435741
id16611,0.964488116454291,0.010519370449007871,0.02499251309670097
id21742,0.00021714954377283986,0.00011031823361795628,0.9996725322226092
id21623,0.9662459503794925,0.03221447767500813,0.001539571945499541
id26452,0.040461809470922226,0.9568103416563294,0.002727848872748452
id20005,0.003243168701806355,0.8918021137339006,0.10495471756429309
id16439,0.8132717927705577,0.06428006956951497,0.12244813765992729
id09624,0.9062179780038419,0.07942235709115911,0.014359664904998985
id01600,0.19060007573279564,0.003415769610310058,0.8059841546568943
id09572,0.16741700697843592,0.002957064944515406,0.8296259280770487
id24799,0.014819952626649934,0.8089139567883152,0.1762660905850349
id16858,0.643321056390502,0.3535358267544586,0.0031431168550394048
id05966,0.9283789364979785,0.0002736300470979535,0.07134743345492367
id15700,0.19691198649365685,0.7386060873762932,0.06448192613004995
id26311,0.7708968380310175,0.00954479650508823,0.2195583654638944
id26911,0.8936356757970599,0.002374121618364637,0.10399020258457543
id12291,0.988319539239112,0.005238027078526657,0.006442433682361356
id04335,0.792938379615027,0.022678623228450392,0.18438299715652254
id10129,0.9825368292809674,0.0006463227726186756,0.016816847946413877
id13384,0.807406807381082,0.07651766067370569,0.11607553194521245
id24070,0.14278769414105294,0.8227525291360197,0.03445977672292739
id06663,0.9878654270518988,0.006890567993861316,0.00524400495423978
id12564,0.18648689176775432,0.8129702801035065,0.0005428281287391114
id11628,0.9524138153528737,0.022970711602281077,0.024615473044845137
id11151,0.28278054316195395,0.0006261804754646905,0.7165932763625813
id07841,0.1101078535819708,0.8696178937450187,0.020274252673010452
id19220,0.0009228323704892235,0.9933149110484897,0.0057622565810211196
id08314,0.1264805641112241,0.873218213515082,0.00030122237369398523
id22465,0.938986431562974,0.05318472164834527,0.00782884678868073
id03853,0.7088041728913966,0.1855564389995189,0.10563938810908431
id16906,0.07157899374782432,0.00025892439508627885,0.9281620818570895
id04443,0.8845019126121537,0.027256907147188494,0.08824118024065784
id21730,0.21634658988407016,0.22614519302336641,0.5575082170925635
id20104,0.9956360484254687,0.004081773814926294,0.00028217775960500584
id07024,0.7468804172761504,0.0038092217994482743,0.2493103609244012
id12812,0.6242804514981974,0.3642749484636345,0.011444600038168096
id17622,0.8135985112557419,0.14839877767959014,0.038002711064667856
id04918,0.0008942836857222041,0.09792083867157313,0.9011848776427047
id16376,0.002118939248635702,0.9238801403069655,0.07400092044439874
id12675,0.547998009803788,0.00034236185591019614,0.45165962834030193
id04092,0.9942356729134716,0.0010438204071503473,0.0047205066793781164
id27126,0.11659266747341128,0.033167320606358096,0.8502400119202306
id03144,0.13187448903579355,0.010347763130592354,0.857777747833614
id08235,0.9427590491259966,0.04602030121044308,0.011220649663560322
id06495,0.00030601267785410736,0.34190116027168105,0.6577928270504648
id13122,0.00041304573648028785,0.09589160763576665,0.9036953466277531
id18758,0.43460987184001787,0.4357818729708109,0.12960825518917118
id10823,0.0018038226158988793,0.05566001380510213,0.9425361635789989
id25633,0.8137961852622042,0.0006245366860873442,0.1855792780517084
id10026,0.5572434203538631,0.42341346609667957,0.019343113549457204
id27665,0.0012250658024029854,0.9959802342101354,0.0027946999874614927
id03614,0.47536663656357026,0.0006822646900501381,0.5239510987463796
id01019,0.7338075560728975,0.26360633233695274,0.002586111590149773
id02178,0.9520404487162023,0.00218881648652746,0.04577073479727027
id23051,0.9479156468407394,0.010594800289934784,0.04148955286932597
id09942,0.05162069273665453,0.9472025909677226,0.001176716295622955
id18008,0.040156288301090214,0.9196479281667794,0.0401957835321303
id00248,0.5880474684195047,0.0008493042480163765,0.41110322733247884
id19364,0.9753682381897713,0.013019577342511895,0.011612184467716887
id20619,0.2443453934721974,0.11476120992046371,0.6408933966073388
id21202,0.06070528803808272,0.0006765775297838547,0.9386181344321334
id00636,0.00017297609003247524,0.00470168172664156,0.995125342183326
id14897,0.8621282937170622,0.0013585020061597066,0.13651320427677807
id15889,0.10653940342337338,0.5160783714128429,0.37738222516378384
id24461,0.37840917498367627,0.10068136942241789,0.5209094555939058
id16196,0.004160878429204354,0.845088346833305,0.15075077473749077
id15893,0.057155960701513644,0.9010654162890833,0.041778623009403104
id14710,0.9572161105460766,0.010710116653204213,0.03207377280071928
id20059,0.9949837999230512,0.0009723274306382032,0.0040438726463105186
id18473,0.049305878975716574,0.8992659149369551,0.05142820608732848
id13190,0.2686347572647812,0.0024618781387527665,0.7289033645964661
id04644,0.46130703618621943,0.17416784123864842,0.364525122575132
id10020,0.9539524788808056,0.0008477666193334796,0.04519975449986091
id12641,0.4591824643210028,0.5300306835265981,0.010786852152399124
id17298,0.10554667248661173,0.8875923590548999,0.006860968458488294
id05655,0.7372005014155336,0.0082271587726138,0.2545723398118527
id00950,0.047829330206589464,0.9284852550037838,0.023685414789626692
id01687,0.1315232223840786,0.0051188969016553254,0.8633578807142661
id04558,0.3385407160162983,0.034150960485022495,0.6273083234986792
id10896,0.000556598650335164,0.9988572474794433,0.0005861538702215529
id25155,0.7931293987303981,0.0037109905845697576,0.20315961068503202
id10887,0.9918696540932698,0.003413915595174716,0.004716430311555531
id06051,0.8965353422522164,0.016664400849185915,0.08680025689859777
id04527,0.8019232890893849,0.003595849800757428,0.19448086110985757
id20312,0.002970220604529217,0.0009638830975429038,0.9960658962979279
id22298,0.1446436724021592,0.8424039066925735,0.012952420905267374
id05335,0.9470317613259919,0.03584481431119029,0.017123424362817885
id21010,0.0013760570170034383,0.9865103866686896,0.012113556314306884
id09165,0.0351023757054674,0.9596206181076473,0.005277006186885242
id26654,0.0007248823525003113,0.7501699433277208,0.24910517431977888
id22511,0.2801109842285985,0.0006869169915413215,0.7192020987798603
id27523,0.01683172089005,0.033137853869322706,0.9500304252406274
id12448,0.9272998228606335,0.07115616154711156,0.0015440155922548727
id18766,0.5418248678677832,0.26105827908870244,0.19711685304351445
id04791,0.7507084031372563,0.21272130875215806,0.03657028811058561
id16131,0.9349828400531822,0.025472450569523367,0.039544709377294505
id16763,0.3493386368642989,0.6162642329296641,0.034397130206037026
id16404,0.0003704861317839635,0.0053107277521274214,0.9943187861160886
id09901,0.03914920354846225,0.9585173289841904,0.0023334674673472743
id24071,0.013949582414384045,0.0006073255895060919,0.9854430919961099
id14380,0.01439593977050236,0.0003390011665344561,0.9852650590629632
id24012,0.3194055423257877,0.00011689518322001036,0.6804775624909923
id03175,0.001491341687875492,0.19950607749223281,0.7990025808198918
id26715,0.6491125501555799,0.348403824334102,0.00248362551031806
id00278,0.07460520108885939,0.8855247883550351,0.0398700105561055
id03874,0.04944254117648876,0.9490711987683317,0.001486260055179663
id14941,0.07183152793762156,0.3193451418796297,0.6088233301827487
id15369,0.9190083766853907,0.055623491373187756,0.02536813194142144
id27604,0.7546299694967661,0.12730443541825148,0.1180655950849823
id20811,0.4778860269569424,0.5218885960992878,0.00022537694376970787
id20857,0.9451785463732904,0.045287087832136974,0.009534365794572784
id23395,0.012259036451472912,0.9827854319329675,0.004955531615559504
id08772,0.04692409838948644,0.9363466427253876,0.016729258885126025
id04159,0.011270668020082654,0.9485908875000396,0.04013844447987785
id16856,0.03692358977773849,0.8946832740582303,0.0683931361640312
id04348,0.029039724420294743,0.01106200278423501,0.9598982727954704
id04729,0.75538876099436,0.2380970959034125,0.006514143102227362
id22029,0.012574494552237801,0.9649794554528085,0.02244604999495361
id22385,0.02482442898796789,0.9627788906366431,0.012396680375389019
id13016,0.000793924331737436,0.8787802898252897,0.120425785842973
id13208,0.20263522772070067,0.6323196419292638,0.16504513035003554
id10752,0.44668690649361337,0.5233441219231966,0.029968971583189907
id12213,0.050931035900232874,0.0009749469139576181,0.9480940171858095
id23190,0.680856236187106,0.22821826053605107,0.09092550327684286
id20113,0.03756271927874734,0.8406116563254675,0.12182562439578523
id12048,0.9894890983483671,0.004157579317717167,0.006353322333915713
id23376,0.6819645908391969,0.002339770500910313,0.31569563865989275
id04123,0.07312983550672691,0.0011852924309823229,0.9256848720622908
id10503,0.9699839614376317,0.017345142513837782,0.01267089604853069
id01533,0.8974407595003384,0.09938363205281434,0.0031756084468473464
id18595,0.950011372895581,0.03703720634430866,0.012951420760110225
id16488,0.8057138873523558,0.12008577443635568,0.0742003382112885
id22591,0.0032007937165894305,0.9026725018588655,0.09412670442454496
id08742,0.5135136824831203,0.09561567161407555,0.3908706459028041
id21227,0.018051588619964448,0.0013858553578920223,0.9805625560221434
id10378,0.8747012042463272,0.12307854510746323,0.0022202506462096565
id05392,0.2873057429688594,0.04638888638415675,0.6663053706469837
id14200,0.02383629959898528,0.9754818745864509,0.0006818258145638848
id20665,0.27777709025829433,0.6175534385045822,0.10466947123712342
id25232,0.0036127066877709594,0.8832420789071666,0.11314521440506241
id04715,0.004106316744294132,0.9944848624837406,0.0014088207719654218
id06205,0.0023117086228798102,0.004883837918017556,0.9928044534591025
id11827,0.645332843255964,0.0017211604161877446,0.35294599632784834
id17172,0.9822857298505012,0.01361865254068805,0.004095617608810722
id16559,0.9405834738178137,0.0015043942726354293,0.05791213190955088
id18669,0.9553105098197224,0.04415400762814259,0.0005354825521348853
id08860,0.03961888476723409,0.9362998520114507,0.024081263221315177
id12368,0.46486553293893906,0.0008631733142625257,0.5342712937467984
id27785,0.0012185352301067197,0.9602627603069235,0.038518704462969865
id02639,0.5598055374702862,0.4382031792652966,0.001991283264417243
id15969,0.9333340793631062,0.002453244126396501,0.06421267651049724
id13521,0.5149203286837892,0.45481730272513776,0.03026236859107302
id24154,0.013942513778014753,0.0013772159942885215,0.9846802702276968
id04507,0.794624987144034,0.17414001323308645,0.031234999622879553
id23784,0.7258836646810931,0.272752317596414,0.0013640177224929272
id00736,0.9925350393657643,0.007093601484159306,0.0003713591500762884
id11355,0.9796093177786815,0.016777222027521684,0.0036134601937967167
id08667,0.0095225912274119,0.9896782865635081,0.0007991222090800011
id08682,0.6313703583758303,0.3499290745200128,0.018700567104156685
id11538,0.38667846929034555,0.610607364137864,0.002714166571790453
id18565,0.9155247221271979,0.06687705817223974,0.01759821970056241
id10516,0.0929801360276571,0.04706009729826655,0.8599597666740763
id05884,0.05693956309881356,0.06952337644873276,0.8735370604524536
id22352,0.9291786540631779,0.009089884811057264,0.06173146112576487
id11704,0.6309814392354983,0.36877180736372556,0.0002467534007761276
id09717,0.0022444791251077134,0.5942524792757957,0.40350304159909656
id26081,0.965558695971506,0.027094319079155448,0.007346984949338391
id10733,0.1324094562164365,0.35385362602242193,0.5137369177611415
id13243,0.6700281232341604,0.28175132255122964,0.04822055421461001
id17562,0.1800844079216156,0.08430834935073077,0.7356072427276537
id01610,0.06462973166547756,0.8624410880797726,0.07292918025474979
id19605,0.14706624960302703,0.002177224890371719,0.8507565255066013
id00472,0.09910766700364514,0.012977577140763558,0.8879147558555913
id12738,0.004836244810984042,0.00013127803399058639,0.9950324771550254
id27767,0.9979762375542709,0.001101598740674339,0.0009221637050547288
id02251,0.6790847207150206,0.00015836339569428549,0.3207569158892852
id16964,0.6349658023578382,0.36357550086707247,0.0014586967750893631
id22839,0.8670923286161081,0.08178645321998425,0.05112121816390771
id24723,0.023661981065959525,0.2458668944811654,0.7304711244528751
id23247,0.0552568552815969,0.001730076965955785,0.9430130677524473
id08820,0.13841621902648207,0.24134392326197193,0.6202398577115459
id19585,0.0002306690445517271,0.0016542579331917317,0.9981150730222565
id02900,0.9693704738435847,0.007561698249244464,0.023067827907170768
id13925,0.3063261268125235,0.6408128879250755,0.05286098526240091
id13417,0.43212453878434465,0.3787552461824003,0.18912021503325516
id01037,0.9650003301629347,0.008831455274474693,0.02616821456259068
id23218,0.8474556063012106,0.13239927341394592,0.02014512028484347
id03804,0.7182576316159861,0.21417468759082758,0.06756768079318613
id27615,0.6887972084370979,0.31019817279617296,0.0010046187667292765
id13952,0.997643515065068,0.001227658606691531,0.0011288263282404776
id23887,0.00012897091752934388,0.0006820870774126318,0.999188942005058
id12125,0.9379327228266092,0.006314104757986292,0.05575317241540458
id12580,0.00010860328030665529,0.015594979907410501,0.9842964168122829
id13515,0.8903916567402023,0.020214967542381296,0.08939337571741632
id04901,0.9660882649162551,0.02655807743234683,0.007353657651398095
id08378,0.014322587793066725,0.9001656244761471,0.08551178773078605
id22420,0.009180823140126727,0.8435236618910137,0.14729551496885962
id06669,0.9935757597269623,0.000299375903054367,0.006124864369983399
id14609,0.5129634351763882,0.4860511984908069,0.00098536633280487
id00307,0.054072433009018234,0.03326002830972092,0.9126675386812608
id05923,0.0008122489011273787,0.016734780313316544,0.9824529707855562
id11338,0.9408824754430394,0.058808094353147745,0.00030943020381281734
id24057,0.08693620971269561,0.16197854386013788,0.7510852464271665
id12169,0.9856163004089015,0.004959913719150385,0.009423785871948122
id18326,0.9697761280320794,0.010192948422883116,0.020030923545037625
id18883,0.9747103732345632,0.005094988665610708,0.020194638099826027
id18533,0.0012400125181031435,0.9967815945230203,0.001978392958876432
id17876,0.020067117269771315,0.9772738147828917,0.0026590679473371074
id20731,0.9984208196847647,0.0008490335449448857,0.0007301467702904837
id03024,0.00015065301546909467,0.001216273754240621,0.9986330732302902
id13111,0.7941722437939315,0.11992559386576504,0.08590216234030358
id00782,0.7897136511931504,0.015067113035145276,0.19521923577170439
id02834,0.3514107377902364,0.648341072208062,0.0002481900017015436
id24697,0.9062733697181496,0.05583969458586275,0.037886935695987625
id15020,0.3070738480830509,0.0012928177767076133,0.6916333341402415
id14320,0.9749743623943492,0.017214705925693057,0.007810931679957773
id08330,0.6746837922153718,0.0021248432896425378,0.32319136449498553
id05001,0.6312667993532076,0.3683309570893377,0.0004022435574545261
id01380,0.0008468656721087004,0.0615269248211076,0.9376262095067837
id08528,0.7182734465554351,0.0927103923318543,0.18901616111271058
id24180,0.06086994264180448,0.0010308081728924484,0.9380992491853031
id14187,0.6352486455992433,0.35947202074058665,0.005279333660170108
id18335,0.06906568353504333,0.8976569459594371,0.03327737050551968
id22887,0.00032942432931017937,0.0030849173249512837,0.9965856583457384
id02361,0.0009883941473996165,0.004222406278031963,0.9947891995745685
id10298,0.9719176012517114,0.02510127029263193,0.0029811284556565823
id17509,0.7057454360182388,0.001423296413812494,0.29283126756794864
id10388,0.011863658595884433,0.9613556959629695,0.02678064544114611
id10729,0.0035192778281553276,0.29100417954594465,0.7054765426259
id04085,0.008662572076006032,0.019558416580251183,0.9717790113437428
id01855,0.7990515995147043,0.011531717842670344,0.18941668264262543
id22628,0.7167658165843523,0.007774283727487088,0.2754598996881606
id21301,0.005813507638415999,0.046954562910725105,0.9472319294508588
id05816,0.005675053478912558,0.7902486583196715,0.20407628820141596
id25939,0.9529489984508082,0.03932570126766731,0.007725300281524507
id22458,0.0005500540932350355,0.9705805531031694,0.028869392803595646
id11842,0.002834408325991639,0.8980747689626302,0.09909082271137816
id04830,0.9441022797162316,0.046167738292180974,0.009729981991587441
id14978,0.6240780045832959,0.3754628547265271,0.0004591406901770352
id05067,0.07490141934567933,0.3012313016762336,0.6238672789780871
id14196,0.7543700085165053,0.20191537670802806,0.04371461477546657
id12442,0.0003624227078453226,0.001571870432426223,0.9980657068597284
id15813,0.00016850225613356228,0.0012280251939155277,0.9986034725499509
id15509,0.0922008578687255,0.9068532081715054,0.0009459339597692335
id25299,0.20882670852271348,0.7851963416273021,0.005976949849984438
id02091,0.0006444609754692875,0.7673189746870551,0.23203656433747546
id06099,0.9875004030370933,0.008313847248472785,0.00418574971443401
id14257,0.11622202919463911,0.00026303722888778853,0.883514933576473
id09349,0.9689821538450857,0.01991408712932201,0.01110375902559243
id13831,0.15504809657530289,0.00014923951537774402,0.8448026639093194
id21579,0.018990474545185026,0.9751087823007976,0.005900743154017531
id17750,0.9125230133728692,0.0018694866741141593,0.08560749995301652
id10480,0.9907301788197025,0.0030840482303392844,0.006185772949958186
id21438,0.21335357653768683,0.7458565928207511,0.04078983064156203
id12820,0.001658621677007498,0.22507693248426586,0.7732644458387266
id19705,0.9712894401192691,0.022174642981332184,0.006535916899398675
id14890,0.046460512364385,0.08138201351904023,0.8721574741165748
id03808,0.5051830567327977,0.4922814217441037,0.0025355215230985634
id13463,0.15773411932483125,0.7525909353141901,0.08967494536097884
id20534,0.6941652255978618,0.08871978313109213,0.21711499127104605
id23512,0.00029239449124532574,0.9684445440789095,0.031263061429845335
id22157,0.9787349379345341,0.0045437714743543425,0.01672129059111157
id18988,0.012772088891020416,0.00056232355444991,0.9866655875545296
id09689,0.4513468627519366,0.3130654531215577,0.23558768412650574
id27817,0.3877732902872143,0.0012871658917798828,0.6109395438210058
id25493,0.7036893127203325,0.2931346337592208,0.003176053520446701
id22813,0.498050831243737,0.4525473902803439,0.049401778475918985
id09898,0.002966391789797921,0.9801640764805858,0.016869531729616295
id18621,0.015393053279605476,0.24735115309058864,0.7372557936298059
id24576,0.991511183010536,0.0018002998943215595,0.006688517095142505
id05956,0.8883272702983397,0.11062865626715271,0.001044073434507669
id09434,0.02046033226760354,0.9755998517622816,0.0039398159701149365
id03457,0.9570255896501381,0.002802185233841304,0.040172225116020616
id14418,0.0039103272196807665,0.856068576191418,0.14002109658890124
id19667,0.0012087893600812368,0.9924061274408159,0.006385083199102738
id24964,0.0340310416509665,0.8079685334585505,0.15800042489048313
id12733,0.6430032616710191,0.30924981085423925,0.04774692747474178
id24287,0.0003414133665360191,0.02652736208573874,0.9731312245477253
id08397,0.7122725457940985,0.17547757494778182,0.11224987925811958
id16713,0.9573684249419072,0.020512183428908478,0.0221193916291843
id02416,0.073047284560024,0.09991786353034333,0.8270348519096328
id06638,0.705208057241381,0.013873055394911737,0.2809188873637073
id08954,0.9871182950121622,0.01249862760712021,0.0003830773807176296
id01653,0.8590545392975364,0.008987980148247032,0.1319574805542167
id27024,0.9762377101203518,0.0007016821898132154,0.023060607689834884
id06883,0.31593977662417083,0.5604667832939663,0.12359344008186295
id16589,0.9878862882196255,0.003777503950440923,0.008336207829933594
id27957,0.9538734363788646,0.013487402501652946,0.032639161119482396
id06745,0.00019002806393054756,0.936820684361626,0.06298928757444333
id01093,0.12352381147474208,0.8713201065600651,0.005156081965192782
id26956,0.0022549267228485275,0.9963116311516539,0.0014334421254977362
id21084,0.007190996006886409,0.8906553624396429,0.10215364155347072
id25897,0.4507120017008252,0.5142636301909522,0.0350243681082226
id19216,0.23547352283184786,0.004387817379243141,0.7601386597889089
id04910,0.035939778008816994,0.0006837439249634191,0.9633764780662196
id16070,0.013886904631946844,0.39132910420767913,0.5947839911603741
id26056,0.9494349544448453,0.04275494002801796,0.007810105527136841
id03458,0.9220561122290309,0.06581832184211538,0.012125565928853676
id26832,0.00040270251606693344,0.9361809016340747,0.06341639584985842
id10715,0.1072679740082584,0.8730997228366246,0.019632303155116992
id08227,0.014487320830756883,0.005334331549538008,0.9801783476197051
id05041,0.01222727709025787,0.11486561642682544,0.8729071064829166
id20088,0.46613040896111174,0.5304116052854372,0.0034579857534511745
id07146,0.9904728245926204,0.0007274528116336914,0.00879972259574599
id13264,0.9096538588082341,0.03539529836713591,0.05495084282462993
id15443,0.009668732193838125,0.989408435681121,0.0009228321250409185
id10563,0.14379775909437148,0.14560760358100472,0.7105946373246238
id11078,0.3023208832625194,0.0002607351147590961,0.6974183816227215
id21521,0.9143380117055915,0.060783797294930775,0.024878190999477717
id07478,0.002387020151874719,0.013776536966564043,0.9838364428815611
id18187,0.5329573682181117,0.0022921307915020326,0.46475050099038634
id22957,0.9037132205500866,0.04811177637262738,0.04817500307728609
id03051,0.5854653457546705,0.41087468673498334,0.0036599675103462016
id02033,0.007884699702119684,0.9308819173896915,0.06123338290818886
id07605,0.866846253388367,0.05321093765079021,0.07994280896084285
id09853,0.009074804225914538,0.014553369603041504,0.976371826171044
id07532,0.9191827400935538,0.03251425129997426,0.04830300860647179
id13910,0.17817789701470393,0.0007296051562029342,0.8210924978290932
id25766,0.06112689916741839,0.9287568592039078,0.010116241628673594
id20741,0.9704283061101825,0.02844027564080799,0.0011314182490094915
id21540,0.2547085369186479,0.6938443104221519,0.05144715265920017
id01048,0.7424776957790447,0.015694682476635587,0.24182762174431974
id10520,0.015630647856440333,0.00028529799285799786,0.9840840541507018
id07993,0.16147305604232975,0.00811946780244033,0.8304074761552299
id18218,0.6720617956378709,0.3069837004232717,0.02095450393885733
id21787,0.9777831122839754,0.017213785332400807,0.00500310238362378
id21668,0.9387529780615818,0.058700785898447884,0.002546236039970551
id18795,0.4408100499387336,0.0028824260782651196,0.5563075239830012
id10888,0.013904168013678275,0.8426952851094489,0.14340054687687265
id05504,0.94734320617855,0.03936596863006067,0.013290825191389478
id08234,0.024688356425433777,0.9654014244828927,0.009910219091673634
id13545,0.7984031957465872,0.18741017138961846,0.014186632863794416
id10457,0.9964979182952405,0.002447583768598195,0.0010544979361612583
id26886,0.9574950520492537,0.0024609485215775677,0.0400439994291688
id08197,0.9816145855913203,0.00213714330997898,0.016248271098700685
id23506,0.014077346791205373,0.7292558797717321,0.25666677343706257
id13082,0.9686168348759784,0.01441386429193083,0.016969300832090764
id03640,0.2659240778846374,0.004327310436828074,0.7297486116785344
id14434,0.9562147961688375,0.020000495887778125,0.023784707943384383
id18045,0.04793413526121482,0.013355594378476885,0.9387102703603083
id22254,0.02911670656004622,0.9703498457501275,0.0005334476898263859
id07693,0.005548377833288518,0.006137487360033975,0.9883141348066774
id11174,0.9755294804022131,0.013646201089449014,0.010824318508337712
id16977,0.5933525906051293,0.06389561717264891,0.3427517922222217
id18823,0.10637498184252397,0.888928299940981,0.0046967182164950865
id15371,0.10026765684741813,0.0007226061604831472,0.8990097369920986
id25520,0.1828954988865746,0.8131123628267708,0.003992138286654651
id02959,0.04498825115048911,0.0047131850643400775,0.9502985637851707
id16447,0.9903613073187393,0.004066258893972232,0.005572433787288583
id22428,0.04947986557569209,0.03629185876099109,0.9142282756633168
id11691,0.000305755835725134,0.9994451290385163,0.0002491151257584904
id16364,0.0037343627024386036,0.012199500549982022,0.9840661367475795
id04677,0.8754216022145049,0.12173283491691105,0.00284556286858391
id14107,0.988917563600488,0.0031022450740214765,0.007980191325490547
id00038,0.011028576776029607,0.01412339259414307,0.9748480306298274
id06627,0.4493897143840293,0.5399112210138608,0.01069906460210976
id14730,0.5433564521000442,0.45479686238033606,0.001846685519619733
id03028,0.029666369622527437,0.0004707089942498517,0.9698629213832227
id12093,0.13316276425954887,0.37792715876047595,0.4889100769799752
id17646,0.9750893130855837,0.01451756880657955,0.010393118107836717
id12254,0.010842985650692676,0.08729010962768324,0.901866904721624
id20276,0.32221310146214677,0.6559690332450115,0.02181786529284165
id05113,0.002776173624991801,0.005362546644213877,0.9918612797307944
id19361,0.9852982789572925,0.012540107775660744,0.0021616132670467096
id12822,0.003213640393058309,0.004492208256589758,0.9922941513503518
id01292,0.13497128864597,0.8626337070974095,0.002395004256620553
id15670,0.03614991816562763,0.9598612368665254,0.003988844967846976
id22517,0.7927061329022602,0.02812832025411454,0.1791655468436252
id05169,0.00025974908660765907,0.023943807413104087,0.9757964435002883
id01681,0.1946721455675475,0.8048286212338298,0.0004992331986225447
id16987,0.015261215308862647,0.9841203352577823,0.0006184494333551419
id12983,0.9035247257181926,0.09405577768497084,0.0024194965968364875
id24596,0.8972240481599729,0.0010918196524489496,0.10168413218757821
id10673,0.7021165145752518,0.2552629118915077,0.04262057353324048
id21032,0.2956900351952651,0.005190524147276887,0.699119440657458
id04393,0.9634430123067551,0.03446322897472111,0.0020937587185238084
id05434,0.2261002514708012,0.4313236492243689,0.34257609930482985
id23793,0.11206386108972714,0.8842256129099362,0.003710526000336609
id14327,0.2588507107391461,0.0003109856188967538,0.7408383036419571
id08874,0.8927575791337762,0.028796122456327983,0.07844629840989595
id23114,0.03826233811710115,0.00013116229631289283,0.961606499586586
id17998,0.9022561165987255,0.00018184324415527917,0.09756204015711929
id03248,0.9231291922087285,0.05592285716797125,0.020947950623300432
id19982,0.9798869476371097,0.0045655016343575045,0.015547550728532885
id02463,0.24191567409356537,0.425408532660566,0.3326757932458686
id01173,0.0004997884844093637,0.9791136801753606,0.020386531340230045
id11486,0.41560006030461655,0.007383936222513228,0.5770160034728702
id13875,0.9224255911392347,0.06770199108103055,0.009872417779734717
id11996,0.003711504596478262,0.9615894113367369,0.03469908406678482
id20016,0.7084994931199814,0.16498711683608455,0.1265133900439339
id21163,0.07002830998733663,0.9125523258598361,0.017419364152827226
id27788,0.027292493562598292,0.9722444280357212,0.0004630784016803555
id05345,0.0852550320057702,0.0022007982775173658,0.9125441697167125
id06642,0.0013374930479934447,0.0004561682862856973,0.9982063386657208
id02630,0.9845364110034608,0.012085775297451147,0.0033778136990880356
id19669,0.003503466435381371,0.006040105208030054,0.9904564283565885
id11560,0.9778667979904099,0.006305893331446674,0.01582730867814357
id04038,0.26048666426067807,0.009133712100621949,0.7303796236386999
id01135,0.5133530262914832,0.4197773610277512,0.06686961268076554
id00558,0.8455241450492395,0.006696300887761387,0.1477795540629992
id21104,0.004739535452438211,0.9837598337739794,0.011500630773582416
id18653,0.7141158343072865,0.016888719372740703,0.26899544631997274
id12684,0.29916353645859234,0.0003658577382448435,0.7004706058031628
id14001,0.0007410794697854619,0.9979990216791359,0.0012598988510786138
id13973,0.0161813711992794,0.9216878046108906,0.062130824189829924
id12628,0.4862659505078905,0.004123150738132868,0.5096108987539766
id05398,0.952003148855511,0.016672495991778967,0.031324355152710155
id21797,0.004725378960893418,0.006494381376758028,0.9887802396623486
id12836,0.9334907298997582,0.003346422434549371,0.06316284766569236
id24392,0.9439029227143019,0.029238739624069095,0.026858337661629032
id17891,0.8528189614411897,0.1400133617002284,0.00716767685858198
id22594,0.04232581159256757,0.016449952122374628,0.9412242362850578
id13893,0.010595192926926279,0.687597205935026,0.30180760113804783
id23149,0.00409598595566415,0.32662198484281,0.6692820292015259
id25035,0.7217255026732022,0.010796148420778069,0.26747834890601974
id14727,0.8988591378302867,0.07876455439889127,0.022376307770822015
id19523,0.08575297267251991,0.6232251331844275,0.2910218941430527
id01150,0.7739500685084124,0.17782142563245937,0.04822850585912817
id03947,0.0143728266645572,0.20957211579305687,0.776055057542386
id16755,0.4720229050199619,0.35292845621059554,0.17504863876944254
id20700,0.8361682657293514,0.1618720697207188,0.001959664549929805
id14969,0.9653500541491447,0.002360515170704511,0.03228943068015086
id04578,0.977595715874746,0.021142229996656152,0.0012620541285978649
id00454,0.0014860899728288976,0.31784593073874867,0.6806679792884224
id02079,0.002408629687842101,0.9917307578911225,0.005860612421035482
id04483,0.0409056543518704,0.958238209548658,0.0008561360994715408
id27403,0.001886889461582338,0.9818096315197781,0.016303479018639617
id18464,0.005089878364923286,0.0003954683682322558,0.9945146532668444
id16974,0.017790566453690763,0.42152979635121224,0.5606796371950968
id20968,0.0967171655163457,0.010864047129861394,0.8924187873537928
id15904,0.5535038738147613,0.010339852432482996,0.4361562737527556
id26247,0.09025986451812036,0.9088395042300159,0.000900631251863746
id16959,0.1904859861081006,0.7964231482359933,0.013090865655906083
id15588,0.9058933501756609,0.044882262547068584,0.04922438727727057
id15028,0.005566554025882354,0.39510558159307785,0.5993278643810398
id15812,0.9814617708673147,0.01839328175547081,0.0001449473772145192
id11060,0.029802706136614496,0.10473921616641442,0.865458077696971
id03139,0.18600630415191227,0.006422436092096371,0.8075712597559914
id11124,0.8696588051633313,0.12352750311698069,0.0068136917196879665
id08326,0.004021208938839166,0.027130456125871723,0.9688483349352892
id02237,0.0008088660867812429,0.008809616425190013,0.9903815174880288
id18268,0.08977919868830868,0.5342697763237894,0.37595102498790206
id08549,0.005484468889929629,0.9790489706606341,0.015466560449436277
id03413,0.005181648110820793,0.9370273031402527,0.057791048748926425
id15227,0.7221814273972624,0.27757289143658853,0.00024568116614907874
id08276,0.018452328238293375,0.007803895531930498,0.9737437762297763
id02691,0.055029807323332985,0.2237033874932962,0.7212668051833708
id15274,0.015076325342381465,0.14258951139126114,0.8423341632663575
id18021,0.0854863124908742,0.9133920042736419,0.0011216832354839408
id16994,0.9746207151167501,0.01950680474880917,0.005872480134440636
id01218,0.03806101276982731,0.9102129291344492,0.051726058095723566
id21198,0.05007826624412909,0.9491701580265172,0.0007515757293537806
id21188,0.9765799768887924,0.015253205109434441,0.008166818001773194
id10509,0.03879769694221897,0.004136636316566492,0.9570656667412145
id26923,0.9223780470902143,0.02434149217988463,0.0532804607299011
id04862,0.46819063785556136,0.33452167350354506,0.19728768864089363
id13792,0.9754153514768589,0.014564728435444188,0.010019920087696862
id14671,0.06319425729193806,0.6635374507330691,0.2732682919749929
id03682,0.9004731923295285,0.09813779196965886,0.0013890157008126275
id12531,0.003403280712126475,0.06767453705362184,0.9289221822342516
id24788,0.9190173822569567,0.032751031348113344,0.04823158639492997
id19959,0.42535192043389614,0.5645973730383963,0.010050706527707563
id07150,0.00013853399291906293,0.9685371865458302,0.03132427946125078
id27039,0.002207139832516512,0.2249751842863956,0.772817675881088
id07469,0.9362237404237725,0.009808944623242362,0.05396731495298521
id19322,0.791222746007734,0.20763521723621267,0.0011420367560534127
id03708,0.8760784199103089,0.1216333639650223,0.0022882161246688226
id15795,0.010078425960592417,0.9895249751183429,0.0003965989210645572
id10472,0.9803463043238716,0.008020328496960308,0.011633367179168127
id16830,0.03783813061644531,0.07390192405255563,0.8882599453309992
id25936,0.5647748349377031,0.4341880395706983,0.001037125491598647
id27050,0.9418805615237282,0.04407975409753711,0.01403968437873469
id09534,0.19036811036896664,0.001085624613756739,0.8085462650172768
id24028,0.04892661775271411,0.9486053815505215,0.0024680006967643664
id00179,0.7898051703337521,0.1836365945795999,0.026558235086647917
id01066,0.04793015279441372,0.004045390280592746,0.9480244569249936
id12260,0.8893203244663417,0.0026989719973449255,0.10798070353631344
id27309,0.07736612426845481,0.9204053548996105,0.002228520831934682
id23788,0.004149448566159307,0.8218266442654663,0.1740239071683746
id22640,0.10707255197867097,0.8579908956164316,0.03493655240489744
id11994,0.9317558741922823,0.019412657025072708,0.04883146878264505
id27108,0.005889807141350406,0.010806884749782864,0.9833033081088668
id06350,0.9091990799162606,0.008267669414430386,0.08253325066930889
id20810,0.4692985995950583,0.40151992669592823,0.12918147370901328
id03566,0.8016208336919969,0.19616771714491815,0.0022114491630847995
id24869,0.909221198549825,0.08678409760829298,0.00399470384188211
id05052,0.32895914537105536,0.00046562729401215754,0.6705752273349325
id10556,0.8900843447243186,0.005949453043620832,0.10396620223206061
id02614,0.9713667124745444,0.014823400143252978,0.013809887382202514
id07758,0.0005518974168277227,0.25469150916862277,0.7447565934145497
id18154,0.9356540326862455,0.005155711029061637,0.059190256284692835
id27824,0.024324884815185813,0.0031252474328465675,0.9725498677519677
id01863,0.6661381964935656,0.03073929252839185,0.30312251097804255
id03399,0.3970143301461993,0.3344950417725173,0.2684906280812835
id08499,0.9914367104112948,0.005584149895224935,0.002979139693480261
id13050,0.06363184911124639,0.9081534124151495,0.028214738473604072
id02045,0.009310504321235594,0.8929448256478056,0.09774467003095881
id23460,0.01571986338336533,0.005034951964349905,0.9792451846522848
id07754,0.3016973941022852,0.06972509701618615,0.6285775088815287
id00962,0.0002690426841089349,0.17930720615987406,0.820423751156017
id16289,0.10401518541878041,0.8890892069167879,0.006895607664431698
id17208,0.35142908033338804,0.010627511394494147,0.6379434082721178
id04362,0.1206361433109315,0.8070302123218599,0.07233364436720865
id25585,0.8629427218101593,0.016873404856383258,0.12018387333345755
id14213,0.020600115520632796,0.9785274118529214,0.0008724726264460458
id12597,0.9336639898991682,0.0006869188188141312,0.0656490912820176
id22126,0.5418596702013705,0.4538159926625408,0.004324337136088695
id21624,0.9532223341430868,0.0022944677595542933,0.04448319809735877
id15291,0.9247645563287248,0.021918987690558004,0.05331645598071721
id22388,0.8319200125998248,0.029289273077372183,0.13879071432280302
id20030,0.017530592136954584,0.005623986120689781,0.9768454217423556
id08162,0.1417750179362609,0.8579430370665996,0.00028194499713951
id19094,0.0034383040689528977,0.007906741372409681,0.9886549545586373
id15689,0.9514402078419335,0.007503123398604091,0.04105666875946242
id03782,0.006211666051953672,0.28181038456103,0.7119779493870162
id21690,0.009170766268100046,0.005053299324199935,0.9857759344077
id04375,0.029030304183447115,0.0976219272396905,0.8733477685768624
id01996,0.47953917690188747,0.06387630981235744,0.45658451328575506
id17872,0.06756531303875823,0.0031509597908280893,0.9292837271704136
id13803,0.963394276561869,0.03533465199647244,0.0012710714416583637
id22322,0.8445845981524136,0.009089094129319577,0.14632630771826688
id05987,0.4102812577913397,0.025687135151931877,0.5640316070567284
id01892,0.9632270297028164,0.03342027265602942,0.0033526976411542356
id10446,0.469673491921935,0.0026964195573443207,0.5276300885207207
id10837,0.11473308049204453,0.003928516086710281,0.8813384034212453
id25725,0.03920765041903438,0.9492195265341323,0.011572823046833264
id21555,0.001112584827661434,0.08365941647523929,0.9152279986970991
id14273,0.9634164948300457,0.010491119083276854,0.026092386086677417
id05164,0.0040281149869049945,0.9571499111635092,0.03882197384958584
id15806,0.0005145653911646373,0.008595686945287723,0.9908897476635478
id22313,0.3209014495181387,0.033971344270631844,0.6451272062112294
id07770,0.035987849598176865,0.9428365846432201,0.02117556575860293
id22677,0.0003369678682156296,0.7235211644835379,0.27614186764824644
id14144,0.14636743320914727,0.004559854524674728,0.849072712266178
id24637,0.014410689325580909,0.9751285234851073,0.010460787189311947
id19346,0.01148793813724152,0.9876019039930464,0.0009101578697121673
id17694,0.00012386430268717833,0.9682306424750513,0.03164549322226158
id22547,0.04482972749653034,0.9487342110639649,0.0064360614395047935
id21870,0.7921435950461673,0.18207856676062578,0.025777838193206903
id05420,0.05146513782066815,0.3925320826233021,0.5560027795560297
id05785,0.12895457025044904,0.017306737660756164,0.8537386920887948
id10406,0.8303510824356067,0.006891370906604354,0.1627575466577889
id19687,0.02034053986412508,0.8459427099409749,0.1337167501949002
id24237,0.001780018440780984,0.9784857902587354,0.019734191300483647
id04840,0.9652752283275897,0.005202891662037651,0.029521880010372707
id03369,0.015233959862481045,0.8754260408906708,0.10933999924684835
id10539,0.9834007998229235,0.005151914166060074,0.011447286011016477
id21454,0.04725440168942378,0.12268583261062212,0.8300597656999541
id12497,0.8070934247240584,0.1925153593714504,0.0003912159044911967
id12110,0.977156753748984,0.00633975791215122,0.016503488338864725
id19875,0.19881876744218027,0.6019698659427538,0.19921136661506592
id17061,0.2743213714785175,0.00066141974665895,0.7250172087748235
id01823,0.006580576799660961,0.004304616808587808,0.9891148063917512
id10541,0.004533051324971615,0.17767285434696972,0.8177940943280586
id08838,0.6827486434377102,0.31509143047248644,0.0021599260898032438
id14058,0.007770964015041746,0.9730570772275853,0.019171958757372834
id02519,0.8289547026759579,0.00234332969311785,0.16870196763092413
id15851,0.004960378339720369,0.9625493333868477,0.03249028827343201
id18981,0.9930631556960733,0.0009141305966734955,0.006022713707253278
id20283,0.00330142643970345,0.5899613939765972,0.40673717958369926
id24321,0.007374970313645647,0.007870467313510196,0.9847545623728441
id15426,0.18524238981472718,0.0571604414597404,0.7575971687255324
id19185,0.0003800125215525297,0.001106341230271681,0.9985136462481758
id16913,0.6741751209523098,0.004252030734451016,0.3215728483132392
id17366,0.7768318508066512,0.22283749270434708,0.00033065648900182235
id14629,0.5789970983479992,0.009979159378954624,0.4110237422730463
id02156,0.01527435419913878,0.9462640068100775,0.03846163899078376
id25990,0.05087233606241296,0.2611140285338912,0.6880136354036958
id12433,0.0569947591629565,0.004218497472788447,0.9387867433642552
id01192,0.9086795833658032,0.0029221585044437834,0.08839825812975312
id18304,0.9973818035133033,0.0008218951654681075,0.00179630132122852
id08816,0.9489826854570976,0.02485357277794246,0.02616374176495991
id06391,0.7031047582777951,0.027677501121397708,0.26921774060080716
id09551,0.9243752059352053,0.019124506225226223,0.05650028783956835
id17127,0.9640964464232521,0.033224841969305995,0.002678711607442006
id00405,0.847587843469741,0.009080953500931806,0.14333120302932725
id17097,0.9989727024361085,0.00037462485789167404,0.0006526727059998862
id14756,0.9824033382611503,0.005169743437725795,0.01242691830112386
id00827,0.03761149164972614,0.9079378620924112,0.05445064625786258
id20079,0.8674306188526584,0.12596085876363017,0.006608522383711404
id07234,0.5003935345525459,0.49787170866981967,0.0017347567776345102
id17967,0.9233333808865416,0.000748170294949681,0.07591844881850886
id08122,0.07953016517496174,0.000821160809711141,0.9196486740153271
id08810,0.31657217613147187,0.19864486284234062,0.48478296102618745
id06035,0.0008513919989153778,0.9812434307706677,0.017905177230416975
id11583,0.15621532255394352,0.8257720234656957,0.018012653980360855
id02303,0.00651144978114248,0.9929294434721636,0.0005591067466937546
id05242,0.0027654604493656722,0.0001386961392876992,0.9970958434113466
id13422,0.957353244175572,0.04149516674747643,0.0011515890769514944
id07689,0.7916656471224606,0.0020787609664972917,0.2062555919110422
id08626,0.3430380885378899,0.10617957764321619,0.550782333818894
id22213,0.13015067032795977,0.20167151907807718,0.6681778105939631
id14279,0.02351780795060121,0.974439750804687,0.002042441244711721
id23873,0.5553745060418909,0.3935593958858159,0.051066098072293314
id27967,0.9728566179099869,0.011566574815497398,0.015576807274515747
id21118,0.002535981940810777,0.9951744854629587,0.0022895325962305328
id03867,0.06642764128820862,0.9171885436436719,0.01638381506811949
id12593,0.5697008368826906,0.13641396022258018,0.29388520289472925
id20223,0.32786311159030784,0.654532102997562,0.01760478541213005
id21015,0.9886225630942465,0.007285392507138836,0.004092044398614822
id07297,0.7848145951117058,0.0037709012671167928,0.2114145036211774
id05958,0.8608738559051891,0.005605901834814413,0.13352024225999645
id22990,0.5174820964660339,0.3377677498419786,0.14475015369198752
id21838,0.911005146028574,0.07542011778719722,0.013574736184228728
id26686,0.9943403963536731,0.00019448596435865193,0.005465117681968196
id17183,0.1490889209902305,0.8288528113151187,0.022058267694650684
id13877,0.6253056187551738,0.10806000579332063,0.2666343754515057
id27300,0.0006091223383924073,0.3961741304620148,0.603216747199593
id12219,0.7716775047487446,0.21982225456170418,0.008500240689551195
id21935,0.9741130123053799,0.002601759949472853,0.023285227745147286
id11241,0.0056246963119713405,0.049459420625567976,0.9449158830624605
id13117,0.01360537646257445,0.0027843166003685164,0.983610306937057
id22934,0.8080989965515897,0.0071831649490481245,0.18471783849936216
id06123,0.7564728367789761,0.2423387608312462,0.001188402389777704
id24499,0.9835733044982382,0.0012835668123880111,0.015143128689373836
id06305,0.9281061049830339,0.0004260711360273973,0.07146782388093867
id05291,0.5950442806240822,0.006137305742443558,0.39881841363347426
id17070,0.06927421883635901,0.8066242852181992,0.12410149594544173
id04261,0.8649255014146258,0.0038896137319060636,0.13118488485346821
id05493,0.00018879360934105389,0.042568922679947524,0.9572422837107114
id01921,0.35611939878300986,0.008550693191819244,0.635329908025171
id21901,0.007055330036025556,0.9786957247469149,0.014248945217059618
id26297,0.9666474628568148,0.0021530290933117497,0.031199508049873474
id26919,0.9667468067050892,0.006383518767252378,0.02686967452765841
id26976,0.22043573879281766,0.20125798035921733,0.5783062808479649
id09290,0.9936957396348688,0.0010601320194833141,0.005244128345647881
id03920,0.04252890348748577,0.42835793944374556,0.5291131570687687
id11163,0.007473862084395562,0.9923302389034635,0.00019589901214098708
id19267,0.00016773235565853824,0.00022149274546840985,0.999610774898873
id00252,0.33282922033665985,0.00022710538255537747,0.6669436742807848
id02493,0.014848608376802212,0.9455584137565185,0.03959297786667939
id19384,0.9604513840237262,0.03653558404206804,0.003013031934205683
id06084,0.8908323344439963,0.10182696510771586,0.00734070044828771
id16369,0.09035338546778651,0.9079699267567442,0.001676687775469212
id21012,0.7862982614058323,0.2095693048694681,0.004132433724699622
id19276,0.8708194099877956,0.12267553874983363,0.006505051262370753
id25620,0.0006982184799233734,0.01102944448522814,0.9882723370348485
id22224,0.752844784145161,0.2106290718945433,0.03652614396029567
id27162,0.092514711315203,0.009458547143967365,0.8980267415408297
id20802,0.9893129024199588,0.006129276154403461,0.004557821425637626
id25431,0.42825123312961444,0.5560023800464736,0.015746386823911766
id17375,0.000755325348405541,0.0011128454141551218,0.9981318292374394
id19031,0.825549684746425,0.001088067574322981,0.17336224767925193
id26961,0.019785735077897718,0.9695709785357723,0.010643286386330036
id21314,0.11697772481646806,0.1333625256715051,0.749659749512027
id02187,0.8523689993428158,0.05083975217208255,0.0967912484851016
id04177,0.9720018924275647,0.027221355986938818,0.0007767515854964886
id20912,0.0002824314762209962,0.04568714538727213,0.9540304231365069
id16461,0.9606733886053257,0.00515299340053665,0.03417361799413765
id21126,0.0014412537440498415,0.9678109236974448,0.03074782255850528
id07172,0.013460239555405585,0.00508902259438535,0.9814507378502091
id16912,0.013270461474440234,0.008801251321453834,0.977928287204106
id27836,0.7984211576501181,0.15034593799793997,0.05123290435194203
id24102,0.031388445478689964,0.11260941718817429,0.8560021373331357
id22863,0.9453300829698271,0.0018625528956516043,0.052807364134521195
id12596,0.9421997035713956,0.029549698767352608,0.028250597661251722
id06970,0.986560647075447,0.0013996083546014657,0.01203974456995153
id11925,0.9888579416506423,0.0067551529890920526,0.0043869053602656844
id17870,0.015544734330619099,0.0012700458215617971,0.9831852198478191
id15802,0.32631973971977857,0.001584202605524611,0.6720960576746969
id27055,0.9834011102494018,0.0020176340732913946,0.014581255677306827
id15534,0.0005440383630634073,0.004664817360483948,0.9947911442764527
id00653,0.967652678086744,0.012566902267428893,0.019780419645827038
id13184,0.6000068341459197,0.398501613035704,0.0014915528183762287
id24539,0.0027028285464670543,0.000458578394536758,0.9968385930589962
id01909,0.14211937779765482,0.8463038723734894,0.011576749828855811
id11081,0.2989119048555769,0.008227265656498568,0.6928608294879246
id19484,0.022758962676389938,0.2357343851471129,0.7415066521764972
id15680,0.0011396593773431306,0.00039201307956230805,0.9984683275430947
id19847,0.9841812254480637,0.015332505880932115,0.0004862686710040976
id08396,0.05471091625770041,0.9396573915553376,0.005631692186962134
id27747,0.005686531559716749,0.973770643146309,0.020542825293974186
id13275,0.2804062395047989,0.01631725345157897,0.7032765070436221
id24592,0.00021538218117739738,0.975784501720142,0.02400011609868073
id17539,0.06269686113398543,0.013224784514754437,0.9240783543512603
id25139,0.9887842520356979,0.0021559755840078283,0.009059772380294462
id04900,0.017463640136791688,0.0014708322269891404,0.9810655276362192
id11807,0.0018614648147231583,0.02523036050944086,0.9729081746758359
id27825,0.9898622808820824,0.0003890204494092035,0.00974869866850837
id02124,0.48756749526285903,0.40669898959458134,0.10573351514255966
id13514,0.0032723192168836158,0.008906770365554675,0.9878209104175616
id07085,0.2990045974764152,0.0008880701400984617,0.7001073323834864
id19595,0.24076802477679288,0.7326622333324959,0.026569741890711273
id03479,0.1295178906160739,0.8686546466146428,0.0018274627692834195
id26481,0.9935261920934133,0.0004888399352382574,0.0059849679713483905
id13820,0.8447893776805855,0.15390434391529617,0.001306278404118426
id13710,0.9760945218909045,0.02192407055107443,0.001981407558021176
id14226,0.0009908759224468476,0.9909096603811582,0.008099463696394825
id03273,0.015969603139760053,0.002749855342752366,0.9812805415174877
id22595,0.9874887865063338,0.012299507619093973,0.00021170587457214265
id02450,0.053895701434302015,0.00027352274194796,0.9458307758237501
id16725,0.9194455733003085,0.08019366405879913,0.0003607626408923073
id08589,0.007930110398692885,0.8953469175491302,0.09672297205217695
id21185,0.10590547778659269,0.18640154490224986,0.7076929773111574
id24259,0.0777279597590472,0.5229633543881085,0.3993086858528444
id23205,0.0068671383226641645,0.007167383166266506,0.9859654785110693
id10758,0.9302107784475165,0.02631823089873642,0.04347099065374714
id01394,0.7121466433666943,0.016187691340288593,0.27166566529301706
id12686,0.6663308595588,0.06836116812341617,0.2653079723177838
id24347,0.016886130353966772,0.9725774725012607,0.010536397144772423
id09072,0.12996521229936228,0.0008500862729653656,0.8691847014276722
id01400,0.0019203969552552655,0.0050447477869698795,0.9930348552577749
id19203,0.9907760601462032,0.007611406261059092,0.0016125335927377436
id21362,0.9253071261479572,0.06446184795726023,0.010231025894782522
id16806,0.10483717897163679,0.0030888265233842997,0.892073994504979
id26587,0.9557418437151335,0.0010486582269637118,0.0432094980579027
id06787,0.981835208036492,0.008251509061515656,0.009913282901992438
id16888,0.016024534023120273,0.004544063998356683,0.979431401978523
id07057,0.7457843595995713,0.23263144053899854,0.02158419986143024
id16144,0.08290869612961432,0.9062025616400116,0.01088874223037405
id03367,0.9485511295992273,0.037179583098239384,0.014269287302533318
id20176,0.11226468319130216,0.030507201615453634,0.8572281151932442
id10060,0.9967280321535883,0.0020205818820288397,0.0012513859643828974
id13586,0.8801949894374086,0.09082924353390892,0.028975767028682358
id27560,0.0036468593719960274,0.10872843078516573,0.8876247098428383
id02455,0.019488419921322195,0.9625938158034081,0.017917764275269657
id25875,0.34257664179533626,0.646704487500011,0.010718870704652793
id22436,0.851091988235396,0.011302976173003257,0.13760503559160067
id01064,0.016405168453571994,0.010038237646362896,0.9735565939000651
id20980,0.3090213214184279,0.6706078251994015,0.020370853382170557
id13458,0.039349741084007295,0.13294362678797333,0.8277066321280193
id00436,0.021274363164274335,0.005506567303706916,0.9732190695320188
id03500,0.001825737994635002,0.9540304682603826,0.04414379374498237
id07214,0.9624264582024326,0.03346374947577565,0.004109792321791803
id00251,0.9756904823390382,0.017220280947832754,0.007089236713128976
id12916,0.8424044582784327,0.15569388431666964,0.0019016574048976492
id16789,0.9661716200863877,0.030345652562032675,0.0034827273515795976
id20305,0.9587121450534701,0.035601224816736804,0.0056866301297931075
id07510,0.10069651039910421,0.0008650276854771594,0.8984384619154187
id19076,0.00706952772375048,0.03225113324795209,0.9606793390282975
id03852,0.9702058943020901,0.02295494465427426,0.006839161043635458
id23936,0.05364005813740889,0.6298913572403619,0.3164685846222292
id04986,0.9803016612841662,0.0090101812282882,0.010688157487545492
id27877,0.5968330904318963,0.014353273448391744,0.388813636119712
id14028,0.8621793013097745,0.004515080976623766,0.1333056177136018
id18111,0.9785118686848854,0.01993051671679276,0.0015576145983219152
id13199,0.16981205185502726,0.030768256139705213,0.7994196920052676
id22837,0.017025136253655267,0.013201276525191407,0.9697735872211535
id14354,0.4119114434759325,0.0003057127732890043,0.5877828437507785
id26142,0.9788398699214121,0.0037305253764373255,0.017429604702150395
id02912,0.6129664980971995,0.369385503347168,0.01764799855563243
id13167,0.01659594960843716,0.9464299495700319,0.03697410082153096
id06552,0.9852908155992839,0.01243112038815098,0.002278064012565098
id00711,0.22148674919166586,0.0016224426300416408,0.7768908081782925
id23657,0.17851809587032827,0.7216254220658894,0.09985648206378243
id09847,0.042513925478208016,0.8753740185420522,0.08211205597973992
id21789,0.09328724596255168,0.881809540861345,0.02490321317610328
id08709,0.9345264134105624,0.0007005340673894298,0.06477305252204807
id04207,0.9220263928290806,0.006942893500220276,0.07103071367069926
id25999,0.02910341062098729,0.013043149819090615,0.9578534395599221
id03308,0.9725207189807735,0.008503999345450281,0.018975281673776094
id02852,0.09258495563942488,0.0005014495875163636,0.9069135947730588
id23251,0.0027285964781489425,0.003820175693432779,0.9934512278284183
id25544,0.010926337856321487,0.9629780003772525,0.02609566176642613
id10917,0.8633831270253668,0.1336253680264396,0.0029915049481936138
id00948,0.0003517915229565236,0.29568316023992347,0.70396504823712
id05882,0.9848247951492568,0.004936855173253176,0.010238349677490132
id04930,0.21799861968215936,0.7817581818388536,0.00024319847898704902
id07919,0.0002192610013517613,0.6790041412559079,0.3207765977427403
id27937,0.1169726104350166,0.22659417998139247,0.6564332095835911
id25479,0.0007842402206178999,0.00036071263862596934,0.998855047140756
id09056,0.8702429847070982,0.01826821096800868,0.11148880432489301
id13242,0.5667751519560852,0.06929822882259522,0.3639266192213195
id17505,0.8946676466855347,0.032562158062865124,0.07277019525160021
id18338,0.0026835648343992552,0.7358113391307279,0.2615050960348728
id02117,0.11785465705755305,0.020009441027056672,0.8621359019153904
id21550,0.6819342464271846,0.00020709725480056753,0.31785865631801474
id27030,0.0125751358692404,0.008795189825667382,0.9786296743050923
id21220,0.9981803603256038,0.0001661966960293101,0.0016534429783668537
id08004,0.0004065544447503618,0.0002593654350045632,0.9993340801202449
id26622,0.9990431305239963,0.0008050169521784331,0.00015185252382535547
id21590,0.9828327623988184,0.00449718988565259,0.012670047715528925
id16882,0.0015942110128272496,0.06252393282803927,0.9358818561591334
id09120,0.2260580301709366,0.7502787894147318,0.023663180414331575
id27586,0.009463572986872634,0.0014562215017466104,0.9890802055113809
id00971,0.00020248124880414958,0.550285901578053,0.4495116171731428
id25747,0.0006401147306943273,0.9979730853686245,0.0013867999006811412
id18579,0.9706586154907375,0.028826627827792477,0.0005147566814701078
id07382,0.010375418755233198,0.004692863746944574,0.9849317174978222
id24298,0.130259382987723,0.002605769247920594,0.8671348477643563
id04490,0.017954260443574108,0.06956506789202645,0.9124806716643994
id08407,0.8983097794475828,0.10095665622735163,0.0007335643250654121
id02481,0.028293273089622636,0.8996297728461832,0.07207695406419425
id07260,0.9917250193114048,0.0013714302587415489,0.006903550429853704
id16709,0.008256270508496337,0.9842445540403775,0.007499175451126128
id26939,0.01755173758308703,0.9604183949720198,0.022029867444893346
id11360,0.9231390627066424,0.07546001397961699,0.0014009233137405078
id16905,0.0033572261346806707,0.009678364514203392,0.986964409351116
id18267,0.0034517923820684042,0.004912093221001858,0.9916361143969297
id07915,0.5209666377604748,0.0024934520856604455,0.47653991015386477
id25635,0.9335296853402623,0.014484327233599591,0.05198598742613812
id01231,0.0008696057204581004,0.002794375900838393,0.9963360183787034
id20357,0.8825716595807254,0.11391786691529744,0.003510473503977102
id25121,0.07130021882279863,0.08676901563851887,0.8419307655386826
id10476,0.09228230559585653,0.14607503983780018,0.7616426545663433
id18479,0.9825217497892822,0.0010285259660085038,0.01644972424470935
id20436,0.9876143315471073,0.010822325640701376,0.0015633428121913076
id25862,0.028787307524754068,0.9595164011549423,0.01169629132030367
id23153,0.27802239910997084,0.6487822347718611,0.07319536611816797
id15954,0.7723311360644705,0.014297383872959828,0.21337148006256978
id19030,0.43813008225627115,0.0061846902489912925,0.5556852274947376
id00577,0.00012562043318783918,0.88566763643514,0.11420674313167226
id10231,0.005196974782022143,0.34868797158377834,0.6461150536341996
id02126,0.9821452066562745,0.0003893864181206844,0.01746540692560487
id11620,0.19553536046527667,0.12985631756452815,0.6746083219701953
id07356,0.62461708037773,0.10981723924295965,0.26556568037931044
id27738,0.09504162847640858,0.6204153051783652,0.28454306634522614
id09480,0.9905721977751857,0.0008406469565323765,0.008587155268281875
id05725,0.9555901304311643,0.02860402880438959,0.015805840764446168
id11261,0.059254997160011494,0.003565661353916026,0.9371793414860725
id27843,0.9666170566988147,0.03285305887756525,0.0005298844236200571
id19331,0.9256714016169606,0.07396326377582767,0.0003653346072117216
id22060,0.00017828618846650176,0.0021162048768447466,0.9977055089346887
id00704,0.033746781147862046,0.00467838821805097,0.961574830634087
id13112,0.18922618052728638,0.0010614263124309575,0.8097123931602827
id14324,0.1305259185240237,0.7231121193300464,0.1463619621459299
id06825,0.9774498081195382,0.0063864891867583115,0.016163702693703385
id02582,0.0065869707689720555,0.9923499280205054,0.001063101210522586
id23720,0.9646775866944531,0.0015501652430125307,0.03377224806253427
id11042,0.00023651150779182252,0.019683060095814962,0.9800804283963932
id07701,0.9329297801102793,0.0009667937519273105,0.06610342613779341
id16018,0.06917818404144392,0.012919992966397245,0.9179018229921589
id01934,0.0031422217104011808,0.9944684955919811,0.002389282697617519
id13955,0.00047701477792184754,0.9990342675413586,0.0004887176807196139
id25416,0.001338720833852765,0.006630644932760424,0.9920306342333869
id14152,0.004889126151341062,0.23457946527844264,0.7605314085702163
id10828,0.11439075896536222,0.87381930672058,0.011789934314057888
id21398,0.8336365642728772,0.01328820608422678,0.1530752296428959
id02357,0.614648739568651,0.11987419447746407,0.26547706595388515
id17464,0.055773447912071075,0.017009093239886877,0.927217458848042
id16385,0.004403396630763719,0.0003763894419592109,0.9952202139272771
id09431,0.03143576878420996,0.8912056568083788,0.07735857440741116
id13310,0.018180629015230085,0.012729960667148769,0.9690894103176211
id01415,0.9501554426940978,0.015599511054338941,0.034245046251563376
id10123,0.18160189785684938,0.612787853385617,0.2056102487575337
id01011,0.6118280589420994,0.3874950158087983,0.0006769252491023491
id00289,0.01417855586563693,0.9668731907777112,0.018948253356651904
id17425,0.9378112692115269,0.06081822435305075,0.001370506435422435
id14492,0.04450946003456876,0.0027432357691293146,0.9527473041963019
id08303,0.0020727163897382907,0.049598690798668944,0.9483285928115928
id05980,0.9562760166640003,0.031183090850329907,0.01254089248566976
id19535,0.9669185188690537,0.009448085857369126,0.02363339527357714
id05435,0.9738075692581344,0.003372559482076557,0.022819871259789053
id14753,0.03466750364476395,0.04293949074282762,0.9223930056124083
id05518,0.9897180140155365,0.004323585498016191,0.0059584004864473425
id25216,0.019212907740803666,0.006937569817798666,0.9738495224413976
id17976,0.18549748756615672,0.783783864500673,0.030718647933170307
id14471,0.9698289111783365,0.03001866333635579,0.00015242548530796277
id20206,0.27610398285519067,0.3826077180517572,0.3412882990930522
id04305,0.007914138789247955,0.0011829172758131578,0.9909029439349389
id09733,0.38160183746869336,0.6175266240247966,0.0008715385065101736
id22317,0.9898128128662764,0.0032997486130101807,0.006887438520713456
id14432,0.9773737009655692,0.0013972241545675385,0.021229074879863346
id16102,0.00022776472621050453,0.9991617900897554,0.0006104451840342813
id18429,0.6748687738404967,0.08965061877582749,0.23548060738367585
id00510,0.8460503327474311,0.003294809181538831,0.15065485807103002
id06062,0.2657977483306994,0.38527289506329154,0.34892935660600916
id24491,0.9339406296144177,0.03462571844799271,0.031433651937589735
id11938,0.0002892847282630556,0.0010189394211947184,0.9986917758505423
id21157,0.5438120981992571,0.016430078164799477,0.4397578236359434
id03737,0.05469930204495801,0.03610554142547178,0.9091951565295702
id13030,0.9382910298399193,0.05831202220229907,0.003396947957781569
id08711,0.00034809447623175506,0.3669359462051411,0.6327159593186272
id05217,0.06615729230872008,0.0018782038873557266,0.9319645038039241
id23026,0.014665338614552917,0.9623000886262705,0.023034572759176607
id26842,0.337225631229709,0.6601652977093854,0.0026090710609055824
id04585,0.4137418184405388,0.5689884926990293,0.01726968886043198
id17675,0.12552057046595413,0.8728938393360894,0.0015855901979563406
id16515,0.9386617255168118,0.01014737801910651,0.051190896464081655
id25621,0.1263226834179333,0.5954814070399563,0.2781959095421102
id06530,0.9756093060873549,0.011489131649521134,0.01290156226312403
id06395,0.6784682271294402,0.024912774526202382,0.2966189983443574
id08749,0.008132243235023071,0.0034660694001196705,0.9884016873648572
id00496,0.9900446651566064,0.00932409429006514,0.0006312405533285691
id27252,0.555802319402032,0.00015711102463556584,0.44404056957333266
id18551,0.00014406140675771962,0.9887896074158045,0.011066331177437699
id15949,0.8477474822049509,0.0005414764283199465,0.15171104136672908
id02740,0.7660217079055156,0.0037175098645010358,0.23026078222998347
id25426,0.9494797109860764,0.027858519189253684,0.022661769824669952
id17556,0.0007873645190648077,0.5473860210844212,0.4518266143965139
id06753,0.872312288540323,0.0018366786198624127,0.1258510328398145
id19672,0.865707756585151,0.02993541065016807,0.10435683276468104
id09541,0.9768094059330257,0.01766679186695028,0.00552380220002409
id06410,0.10483136198377202,0.7551300643575298,0.1400385736586983
id22415,0.33940628001434897,0.0684765920953858,0.5921171278902653
id26582,0.906425188687522,0.08508994963815615,0.00848486167432207
id23627,0.007316850594427036,0.10169793438466801,0.8909852150209049
id12133,0.010103671860609603,0.06509407013920616,0.9248022580001842
id19367,0.0031699218296823008,0.21050187806223913,0.7863282001080786
id02001,0.007612335529047719,0.0014119335871301112,0.9909757308838221
id04669,0.00021046336771040643,0.977729402870148,0.022060133762141568
id05919,0.8448925678304468,0.05102040977501513,0.10408702239453807
id14131,0.6997517219422807,0.3000654987544515,0.00018277930326786914
id07231,0.039620213715865556,0.006131495298469679,0.9542482909856648
id21081,0.03992490130683542,0.011229908508430989,0.9488451901847336
id08113,0.10053039948879719,0.8978754254341099,0.0015941750770928202
id14334,0.05379132069480016,0.3856101740868365,0.5605985052183634
id15817,0.9020786036376568,0.09602108915900683,0.001900307203336438
id06937,0.9762466276865143,0.02063509350376722,0.003118278809718495
id04462,0.9742288782332632,0.02013023875818108,0.005640883008555597
id05174,0.0031771523366320035,0.7050308651551489,0.2917919825082191
id15226,0.04437178709617017,0.009979788720583155,0.9456484241832466
id21640,0.931291269177098,0.00031512970973911024,0.06839360111316288
id26712,0.6116069460727123,0.026877183549877913,0.36151587037740984
id17717,0.0017567670112140319,0.007231654552050004,0.9910115784367359
id20769,0.007025677740473313,0.9874669238056123,0.005507398453914299
id26258,0.9059801166067134,0.07355527641572317,0.020464606977563537
id01722,0.06587774126589707,0.002782241722654436,0.9313400170114485
id12982,0.992646115133502,0.0038677358820451632,0.0034861489844530127
id09770,0.02059856496012021,0.9731292707565968,0.006272164283282983
id04604,0.0003958808873093842,0.006626799934492227,0.9929773191781983
id26380,0.9939974073658664,0.002722226364373287,0.0032803662697603563
id05247,0.00267330158907166,0.8960560664233023,0.10127063198762612
id09912,0.000131878707121139,0.6656366272940047,0.33423149399887425
id24763,0.5856945579118189,0.09134956106812334,0.3229558810200577
id27465,0.987165264714701,0.000768748838873404,0.012065986446425672
id26693,0.7490361337244577,0.0030233342270318524,0.24794053204851052
id25723,0.9797436642206888,0.00543916536255039,0.014817170416760736
id04731,0.0006800433651770962,0.014896664217495505,0.9844232924173274
id05970,0.10268904218711719,0.0060369507805795395,0.8912740070323033
id13207,0.4524136540124089,0.3304231839891149,0.21716316199847618
id11767,0.0017217516340607033,0.006779884166679673,0.9914983641992597
id20336,0.001516808520726153,0.9420288009996395,0.056454390479634305
id19452,0.0032043779488798653,0.9313739972805453,0.06542162477057495
id04656,0.0030300282515484033,0.9941108637286772,0.002859108019774344
id17267,0.023892255131166606,0.5859464641613271,0.39016128070750633
id13244,0.0004898696175834012,0.01193760218764862,0.9875725281947679
id01101,0.06887858033775458,0.7298953307542169,0.20122608890802868
id25651,0.9560845015622129,0.001181408108230653,0.04273409032955626
id00421,0.9862032461768386,0.009668235594099059,0.0041285182290622105
id26353,0.8203258589203808,0.172834436951935,0.006839704127684157
id22043,0.04683965834577592,0.004857397163612978,0.9483029444906111
id15985,0.9572145142971418,0.04044571975874677,0.0023397659441115057
id04933,0.9809782541144632,0.005368122801786294,0.013653623083750462
id04793,0.059580859981119935,0.0005541929147184208,0.9398649471041616
id24358,0.9646341849303199,0.0013961827080263315,0.0339696323616538
id06921,0.8982496465460263,0.09930841195801264,0.00244194149596093
id25568,0.2963788027020214,0.02607187412873193,0.6775493231692468
id12503,0.021679774885027238,0.0008590890706774742,0.9774611360442952
id23888,0.47758141024764894,0.0020515763856797185,0.5203670133666715
id04549,0.778972300181542,0.20798440326108703,0.01304329655737091
id25722,0.70058781177292,0.29776369921973606,0.0016484890073440465
id08382,0.00047024878318852883,0.005676485568995345,0.9938532656478161
id20262,0.17416316991387393,0.825267787507266,0.000569042578859882
id08755,0.9409616891175848,0.04108030703804847,0.01795800384436659
id09822,0.012122537634465243,0.9468716704507572,0.041005791914777476
id21779,0.8581466753815022,0.005442704997677634,0.1364106196208201
id06077,0.9450591121051514,0.03218802325276576,0.022752864642082895
id27381,0.21111190634548457,0.501164785083464,0.28772330857105144
id24645,0.004337187973826074,0.6965208970306731,0.29914191499550086
id19922,0.8776817723630407,0.004316980021680817,0.11800124761527868
id00964,0.03548204859176945,0.0017104810023846795,0.962807470405846
id16288,0.7830796773368484,0.16676303355213465,0.05015728911101706
id13484,0.9122843625779417,0.005526636277054572,0.08218900114500369
id14184,0.9945942845510901,0.004225145589397823,0.0011805698595122277
id16793,0.008385944176314912,0.990169205623918,0.0014448501997670997
id03876,0.8965265845350092,0.09827774597663626,0.005195669488354577
id06685,0.004007992366149424,0.001403694543125059,0.9945883130907255
id24337,0.0023367983413218035,0.029976214615247545,0.9676869870434306
id05226,0.28364740718850795,0.6412546679816582,0.0750979248298339
id00913,0.9954960511361642,0.0030739132027468507,0.0014300356610888998
id18710,0.5585332851408026,0.004064871636170709,0.4374018432230269
id15574,0.6178249031131273,0.04380409563547852,0.33837100125139424
id18583,0.9107922978197703,0.06408818752202564,0.025119514658204074
id15925,0.005625070453340026,0.008873960581413718,0.9855009689652463
id15356,0.9963711851345689,0.0027138209719013884,0.0009149938935296013
id24708,0.8693427954641564,0.1304530502372245,0.00020415429861913147
id08986,0.1377802127999187,0.8602419724445513,0.001977814755530166
id21268,0.9962632622456632,0.0028015414087144996,0.0009351963456224033
id21396,0.5454458921986955,0.18550187938074578,0.2690522284205586
id18547,0.0043933342731679575,0.05515058161907845,0.9404560841077537
id17994,0.03870248164317203,0.9343822382371618,0.026915280119666013
id03402,0.657471873611229,0.1614616823850659,0.18106644400370506
id11064,0.8722128752862702,0.0546878546219188,0.073099270091811
id12309,0.9370825681099623,0.06261149291895875,0.0003059389710789848
id25202,0.9899587758843781,0.00783318132523736,0.0022080427903844024
id09025,0.8591529527730266,0.018970924347972054,0.12187612287900133
id25364,0.05902455106158408,0.9078006804708567,0.03317476846755908
id22723,0.7006048872086165,0.13088395741514436,0.16851115537623915
id03203,0.03905384257563736,0.008613270091658796,0.9523328873327038
id00598,0.9875928669768249,0.012108020827758319,0.00029911219541668043
id08244,0.009817538207126202,0.02532649610347517,0.9648559656893987
id01955,0.0077442657410066885,0.7001867534769041,0.29206898078208926
id00567,0.6222186938375843,0.08041053054247621,0.2973707756199394
id15138,0.7711127026637871,0.1944491111079086,0.03443818622830431
id27433,0.3325114395105893,0.6639754492922242,0.0035131111971863664
id20280,0.0015942589198032976,0.9910019388938835,0.0074038021863130875
id13732,0.5984665593197004,0.400868417673522,0.0006650230067775804
id22885,0.00418279211636303,0.9333565542608097,0.06246065362282731
id10663,0.0005126893636100928,0.9883987344828327,0.01108857615355723
id16053,0.9634034411872128,0.009609061666821966,0.026987497145965256
id21995,0.9008338768611214,0.032286362576927914,0.06687976056195079
id26978,0.009428602640545496,0.1136713033190447,0.8769000940404098
id17973,0.23034774735925193,0.001271986703210333,0.7683802659375378
id10597,0.0013698061089425103,0.9980363809851276,0.0005938129059299491
id16077,0.004914142212937747,0.9674396165793742,0.027646241207688032
id23321,0.2612264021093627,0.6780801472105933,0.06069345068004388
id27914,0.02531409040077954,0.9705520901772362,0.004133819421984233
id16754,0.012583000197237426,0.9784299099734494,0.00898708982931328
id00200,0.9492675081183009,0.002543564788822961,0.04818892709287617
id03206,0.99566377066155,0.0030892862725676595,0.0012469430658823856
id12926,0.009284650221551286,0.9615725149991083,0.029142834779340432
id15014,0.9906336610589088,0.001368815623253195,0.007997523317837981
id03731,0.07025609274489121,0.924428281083996,0.0053156261711127615
id11687,0.15775252917602836,0.041908898737837784,0.8003385720861337
id19615,0.8754544013845247,0.11031408341426034,0.01423151520121478
id23341,0.992875678111937,0.005849962406187049,0.0012743594818760608
id24876,0.7200108139545821,0.279612533127887,0.0003766529175309593
id01588,0.07876553348492137,0.0003321905033264261,0.9209022760117522
id04498,0.018550110397140704,0.46710966564521905,0.5143402239576403
id11075,0.9509756900759129,0.04380165431602933,0.005222655608057834
id17754,0.034882152512156823,0.10516500661268266,0.8599528408751604
id06702,0.11570873995919215,0.39878619669233983,0.4855050633484681
id25170,0.8327729430815831,0.0016499237469466978,0.16557713317147024
id22785,0.028350009497505414,0.9636348204920212,0.008015170010473393
id26431,0.0035486606431822947,0.15871037824343517,0.8377409611133826
id05952,0.005843912877526727,0.9850584368982709,0.009097650224202216
id04500,0.2083959646079874,0.0021053805395668153,0.7894986548524457
id24630,0.00048705741392351975,0.00045241374871489556,0.9990605288373615
id15035,0.0006077385951776951,0.977135631231223,0.02225663017359926
id27037,0.33426607709064987,0.6169360447082003,0.048797878201149815
id14635,0.6876248946291533,0.00817045783436154,0.30420464753648524
id00418,0.9674023290659335,0.03213462165122537,0.00046304928284127784
id27141,0.9188487605430202,0.07384269970838916,0.007308539748590665
id11236,0.9520753641304139,0.007572966398335987,0.040351669471250136
id01864,0.7935169738950237,0.1123840876127722,0.09409893849220409
id21895,0.003764370809930534,0.9906056455531268,0.005629983636942648
id06161,0.009444892368609462,0.7787626761170431,0.21179243151434743
id15515,0.8321854916329988,0.06635961144675698,0.10145489692024412
id03694,0.004152467621277252,0.8756482674435564,0.12019926493516626
id26701,0.35923188473061246,0.0017163322796557093,0.6390517829897318
id25266,0.5148194872554472,0.048300309617985426,0.4368802031265674
id03251,0.9360523060619329,0.05538162414357468,0.008566069794492358
id06549,0.012234785291568342,0.19961822369319793,0.7881469910152338
id05178,0.2700862996925553,0.7273185782278998,0.0025951220795448937
id24566,0.8594362132387466,0.09818703782405708,0.042376748937196305
id14747,0.04121118309437913,0.9539875817903514,0.00480123511526952
id00836,0.9902003360579976,0.009474155188111451,0.0003255087538909983
id00817,0.11651600897111072,0.8489213845452113,0.03456260648367801
id00144,0.24553363347492158,0.7397682959185519,0.014698070606526519
id21231,0.9784387810245271,0.011574378549419014,0.00998684042605386
id06515,0.0014281497574839366,0.9435127708826879,0.05505907935982823
id23504,0.983992625374354,0.005136446202369978,0.010870928423276057
id14930,0.937235069830312,0.05750000270408315,0.005264927465604751
id01052,0.9214091640644804,0.011960080399205559,0.06663075553631402
id10504,0.4442645784977501,0.5546309140452279,0.0011045074570221163
id19937,0.9001964096577328,0.09956565817313552,0.00023793216913156002
id23440,0.8919640143605214,0.016653965145942123,0.09138202049353639
id25690,0.41500636587956813,0.020694019735203524,0.5642996143852284
id01053,0.9360864710274984,0.05762371790705729,0.0062898110654444166
id23693,0.985631999296014,0.011570021757432044,0.0027979789465540188
id27259,0.01741656181572775,0.06216892401344408,0.9204145141708283
id14556,0.002856541027134129,0.5144819629372126,0.4826614960356532
id19639,0.7810351500779016,0.004619787096693178,0.21434506282540514
id13378,0.9536252412447901,0.030196420965429516,0.0161783377897803
id23120,0.4206228890321631,0.000405996549588911,0.578971114418248
id12404,0.00025270291034594044,0.6903567087426259,0.3093905883470282
id08341,0.0001457965650229607,0.1430658422874174,0.8567883611475596
id26257,0.0036920640924018454,0.94522715805961,0.051080777847988236
id08644,0.39773456542419094,0.5984818028189414,0.003783631756867742
id10634,0.010445575831166431,0.9892680778257618,0.00028634634307171355
id12578,0.9776436110373117,0.021102285977800325,0.0012541029848879071
id18847,0.006478678956328326,0.7287252086177455,0.26479611242592616
id17813,0.011650060866744558,0.8868501076224719,0.10149983151078361
id03592,0.9891735548349662,0.00373083856225802,0.007095606602775792
id18439,0.00035681170673986255,0.991292555855378,0.008350632437882189
id27484,0.014449444436012438,0.04982911883662251,0.9357214367273651
id02238,0.03295384058816028,0.9650905064890982,0.001955652922741472
id14686,0.9728817219130097,0.01496984831374565,0.012148429773244578
id04517,0.000725140686811788,0.9615359462209188,0.0377389130922694
id20022,0.7571562528835909,0.08886226269998153,0.15398148441642742
id00995,0.0013692642918880407,0.0005716299530118416,0.9980591057551002
id00861,0.01928230267048518,0.19739173077596905,0.7833259665535459
id17423,0.051659735575013147,0.0023779739827408993,0.9459622904422459
id25421,0.5473009535865094,0.00670668532435513,0.4459923610891356
id27578,0.9480512412075472,0.034097058339307054,0.01785170045314576
id17164,0.9976589643095828,0.002116144299850577,0.0002248913905667984
id05028,0.9642611502223348,0.0004252037345160444,0.035313646043149204
id08891,0.9972774273537804,0.0005911453418512895,0.0021314273043683027
id08994,0.39001284085262666,0.02487981818076379,0.5851073409666094
id17448,0.0004108138696954464,0.018003840389844917,0.9815853457404596
id11024,0.24391277066107966,0.0003735696733972376,0.7557136596655232
id19145,0.9654047962114298,0.03298950100301449,0.0016057027855556469
id01241,0.003154549986312562,0.8406825936165939,0.15616285639709357
id07730,0.006518170924720147,0.9928273550042034,0.0006544740710765969
id23650,0.6670188937023086,0.2509847843514113,0.08199632194628009
id05203,0.920663161897782,0.07685463638221525,0.0024822017200026333
id15232,0.9792888992824342,0.0011727638011555209,0.01953833691641028
id15043,0.00610217181179892,0.007732777524468647,0.9861650506637324
id25308,0.051703324293927336,0.9328000061871671,0.01549666951890544
id20520,0.006107270805043856,0.7380203803120023,0.2558723488829538
id18641,0.030766037885968732,0.9671854188607396,0.002048543253291733
id06690,0.9897212672865029,0.009094446650354112,0.0011842860631430243
id09158,0.014659171270718944,0.9655148075245691,0.019826021204711865
id07814,0.41947478628865786,0.0005439205679617319,0.5799812931433803
id27644,0.030126079719066168,0.9419913821428851,0.027882538138048526
id17170,0.01867613304732101,0.01113943618403067,0.9701844307686484
id20647,0.06671521049706355,0.07973152233227791,0.8535532671706586
id14802,0.5774111498994169,0.02352681775949595,0.39906203234108706
id06785,0.000890926225391482,0.0846403422519412,0.9144687315226674
id02742,0.03049323135831261,0.03390848762382162,0.9355982810178658
id23365,0.011943887495843925,0.002600923707230392,0.9854551887969256
id20564,0.9706796696034814,0.02836734280077462,0.0009529875957439386
id07461,0.16166150623630154,0.8330564330218901,0.005282060741808452
id02640,0.9634716530906249,0.03463896197189421,0.001889384937481008
id24535,0.014091814201551004,0.8231500793483486,0.16275810645010028
id27289,0.15852264502660549,0.8367379999319802,0.00473935504141424
id20077,0.9871290059840192,0.0033068183687924037,0.00956417564718836
id26071,0.9821323184517594,0.008599373615068746,0.009268307933171885
id16109,0.410718030526303,0.5845491239577287,0.004732845515968297
id22579,0.8853326055645794,0.11207569728843808,0.002591697146982483
id27241,0.9961342920557112,0.0015945406316882277,0.0022711673126006152
id20773,0.833672444410386,0.16587749978201388,0.00045005580760017466
id21353,0.6810667911264351,0.31500006156924865,0.003933147304316266
id03365,0.9724039346701654,0.020524768483516725,0.007071296846317873
id17430,0.06810518307250499,0.8407839859522807,0.09111083097521444
id16087,0.9682245216735995,0.0013786255238335378,0.03039685280256685
id25086,0.08845425429723264,0.9022225910453778,0.00932315465738964
id04956,0.9665533376971435,0.02386260972091193,0.009584052581944684
id10152,0.09506887861016208,0.8785720692891147,0.02635905210072313
id25919,0.8286764083338485,0.009444629375236317,0.16187896229091536
id09477,0.1241816750506766,0.004231289556482722,0.8715870353928407
id14433,0.21662890022616466,0.7688005333274185,0.01457056644641691
id00779,0.8491001964291488,0.04099588869211166,0.10990391487873948
id23285,0.44448708096633627,0.0023218709241547997,0.5531910481095089
id15945,0.17006075684652489,0.8289538739595671,0.0009853691939081244
id12227,0.9438037724146091,0.0029965396633107274,0.05319968792208026
id18065,0.06665217603301694,0.005788768016840086,0.9275590559501429
id02247,0.007827159611639807,0.9902710567452156,0.0019017836431444515
id07199,0.29692555821927397,0.675445135454719,0.027629306326007026
id19499,0.09510278575343147,0.9044224282919169,0.0004747859546516577
id00375,0.6887048525074366,0.18479171094723498,0.1265034365453284
id12979,0.0015300093113758228,0.9572707151950247,0.04119927549359949
id23800,0.9869750279335939,0.0022405031929584192,0.010784468873447759
id22290,0.9874794826281957,0.003649612046729764,0.0088709053250745
id14575,0.9959969542923324,0.00282541660717678,0.0011776291004907751
id02506,0.2954151812501178,0.5986702426424053,0.10591457610747684
id07276,0.04090382520491411,0.938010132068217,0.021086042726868856
id18264,0.0016073715763590712,0.762318110090549,0.23607451833309187
id10886,0.0020980024846775627,0.47298904267523784,0.5249129548400846
id02858,0.4125187510463005,0.006060680449764293,0.5814205685039352
id23959,0.00015499316109694058,0.00020382974330438328,0.9996411770955986
id03295,0.24405912125404414,0.005983961003987292,0.7499569177419687
id16538,0.03154174953250042,0.9649897100905477,0.0034685403769519232
id07749,0.632926869891897,0.3524025046669325,0.01467062544117053
id27794,0.0032922589233478324,0.18582090193113004,0.8108868391455222
id16110,0.007346205075618987,0.010974410462979044,0.981679384461402
id01820,0.6305908482665074,0.0021889406873356926,0.367220211046157
id25943,0.007986927097143864,0.11559561475575209,0.8764174581471041
id00353,0.040785155333864946,0.7176947709434456,0.24152007372268958
id09491,0.01717700673920051,0.8961760087979294,0.08664698446287002
id18336,0.01805184604382287,0.912803972268243,0.06914418168793426
id21821,0.10955308903245006,0.12367770886754062,0.7667692021000093
id08642,0.5629220135886162,0.4311787056976365,0.0058992807137473865
id05399,0.9653465675549773,0.00457125687854181,0.030082175566481
id23084,0.559594679353542,0.423450862877426,0.016954457769031903
id24980,0.07872136818999781,0.8876781907797492,0.033600441030252906
id15365,0.008796318272730582,0.004251901982810334,0.9869517797444591
id25073,0.989536244515736,0.003948437947781406,0.006515317536482721
id15933,0.9867645088080728,0.0002371884648012256,0.01299830272712603
id10915,0.12308477108662398,0.850571748543898,0.026343480369478107
id08306,0.06493547326582229,0.9158074307274942,0.01925709600668362
id07218,0.018296497084877978,0.9735165368116977,0.008186966103424257
id02006,0.09399673537689995,0.03701092776966601,0.8689923368534341
id21024,0.8240435238751973,0.018084077862339076,0.15787239826246352
id14364,0.6379402600801121,0.0452441848734716,0.31681555504641634
id09995,0.03160506553762431,0.004028727586187804,0.9643662068761879
id22353,0.04218890341500728,0.9451376070514997,0.012673489533492965
id00763,0.01200551528107559,0.8740429914276039,0.11395149329132052
id17643,0.001087369617581855,0.9171892573208915,0.08172337306152651
id16565,0.09996383744455603,0.003261309617483289,0.8967748529379607
id20180,0.9118619874254614,0.08526455765529341,0.002873454919245214
id06722,0.09013005823108113,0.03802032558899957,0.8718496161799194
id24453,0.9853113801127527,0.01448182845602679,0.00020679143122050587
id21954,0.8959757768236598,0.07472344165764312,0.029300781518697024
id17747,0.10626706809566737,0.0033734350992597004,0.8903594968050729
id03218,0.3072411424274332,0.6862268333906237,0.006532024181942919
id19149,0.15627844565311771,0.7901431395796541,0.05357841476722826
id17784,0.4865570116729414,0.2905225911288589,0.22292039719819978
id13621,0.00775069757748862,0.9890978018405916,0.003151500581919839
id18422,0.0008899722680069425,0.7547573905253533,0.2443526372066397
id21683,0.7803689021401654,0.002562125950324832,0.21706897190950977
id26371,0.9858679449672254,0.00581406475877423,0.008317990274000285
id07655,0.8878252623740595,0.033949576684657284,0.07822516094128329
id16911,0.9146872734924122,0.07885731522959671,0.006455411277991078
id14199,0.5687050847085847,0.4199117723651288,0.011383142926286553
id08806,0.09399540555996869,0.0007635986389738662,0.9052409958010574
id17136,0.8707746552065293,0.0015702141187722244,0.12765513067469836
id16146,0.6471125237467288,0.08859457723872263,0.2642928990145485
id00545,0.0008643662540404573,0.9838081610993619,0.01532747264659781
id23999,0.9965652327584222,0.0015159938215268363,0.0019187734200509247
id13031,0.05840465623830489,0.9376635000441231,0.003931843717571908
id17803,0.36645049418197934,0.004442850551137403,0.6291066552668833
id00169,0.041323131060236454,0.9277657845688773,0.030911084370886237
id01416,0.0023115847691791746,0.935763588079878,0.06192482715094284
id06673,0.6384173774402684,0.3235790712922413,0.038003551267490415
id10465,0.002696631581417389,0.01154092024372256,0.9857624481748601
id26335,0.6873349830868852,0.05685430952634773,0.25581070738676714
id17956,0.0050377807983366385,0.992760115316197,0.002202103885466337
id16100,0.035369125900621655,0.19738205224674432,0.767248821852634
id21039,0.9726695830317766,0.02714120147178386,0.00018921549643930577
id04521,0.030623611459777093,0.003884667800662483,0.9654917207395604
id21054,0.02034116726314097,0.06702061398759293,0.9126382187492661
id17770,0.9748843627117051,0.0051252508691049786,0.01999038641918999
id27013,0.9696211419858551,0.002062301018789634,0.028316556995355274
id24914,0.00016209101979768718,0.8874024589942395,0.11243544998596292
id02277,0.08921391119258801,0.016485251031405603,0.8943008377760063
id11467,0.1414136794241519,0.5093616914226428,0.34922462915320535
id21141,0.005434880825239518,0.003728066225944238,0.9908370529488163
id09080,0.022034563464317147,0.0008863779414736336,0.9770790585942092
id10511,0.0011466014832913047,0.41452394630702616,0.5843294522096825
id21327,0.07887815485805554,0.8841748063344308,0.03694703880751364
id04589,0.2764092334550179,0.1895144539239655,0.5340763126210166
id07255,0.6059961183365913,0.3937213180426887,0.0002825636207199284
id27370,0.011482228691085422,0.0026206143932662996,0.9858971569156484
id10589,0.998895710196108,0.00013322819433698497,0.0009710616095551156
id11570,0.9403453034137156,0.05551275729165759,0.004141939294626738
id06114,0.8106092277353129,0.18884504912581374,0.0005457231388733215
id23779,0.8998875045533219,0.09959692468793525,0.0005155707587428247
id00669,0.05507626540173449,0.9445758405372975,0.00034789406096791866
id25548,0.24018331099470672,0.003174490986663977,0.7566421980186293
id15604,0.0011342619112007784,0.06736715427664343,0.9314985838121559
id08096,0.00019520770539576836,0.0014888618518162193,0.9983159304427879
id23530,0.7605842993149089,0.09020677309270796,0.1492089275923831
id06064,0.16157852794507963,0.45277553735049586,0.3856459347044246
id10175,0.9753836578776399,0.022866127395209806,0.0017502147271503015
id26033,0.22310949516161266,0.3651936447089283,0.41169686012945905
id06102,0.9771180285536346,0.01113893672382466,0.011743034722540844
id23640,0.9723370298448795,0.020327667028959967,0.0073353031261605955
id06248,0.7478143640896442,0.25157377965181227,0.000611856258543379
id09927,0.0023584942751862423,0.003837871499044152,0.9938036342257696
id03833,0.0023908505588266784,0.0025434858369748035,0.9950656636041985
id11997,0.0038442943774327186,0.00037392426914184746,0.9957817813534255
id26323,0.15055676042730573,0.3645135342067845,0.4849297053659098
id04962,0.07802986578930032,0.9205412707499796,0.0014288634607201246
id05460,0.18310697254090746,0.8149349589608107,0.001958068498281887
id27815,0.010603257376626849,0.9862780142753516,0.0031187283480215624
id19526,0.008084657649962624,0.0691414089270095,0.9227739334230279
id06121,0.9607963754831008,0.027008998486596415,0.012194626030302802
id17388,0.9790464707698121,0.01307177227701458,0.007881756953173303
id22868,0.09509637180871336,0.658001655512858,0.24690197267842862
id06568,0.9886619201662727,0.00922856203398598,0.002109517799741371
id04745,0.9964947030730875,0.0018271927598845277,0.001678104167027871
id11089,0.5690206399593322,0.008300161272851847,0.42267919876781596
id06459,0.8369046163320413,0.11204731689097125,0.05104806677698742
id01432,0.011090357548104219,0.025648668579299854,0.9632609738725959
id03450,0.17986831959264768,0.8197948014525346,0.00033687895481782494
id13228,0.5181988254639291,0.0015754869890725926,0.4802256875469983
id22228,0.006567999944812786,0.004732085751543303,0.988699914303644
id05587,0.21733001998923993,0.0016456816339804263,0.7810242983767798
id13623,0.012931699806580913,0.98591247723331,0.0011558229601092251
id08568,0.02900485196348299,0.9707637938691811,0.00023135416733589587
id25056,0.016616586592093384,0.012578744805506664,0.9708046686023999
id25786,0.4730749333053122,0.5256908647426376,0.0012342019520503766
id02951,0.022182846358910605,0.0761013816947561,0.9017157719463333
id15511,0.9802813908318926,0.013428942377871251,0.00628966679023617
id00726,0.5193265621749417,0.010476375216867496,0.47019706260819066
id18540,0.7881952394553353,0.21052327415339958,0.0012814863912650933
id16718,0.024730033337989364,0.02766279138869819,0.9476071752733125
id09261,0.08035090478836131,0.0019636627747604985,0.9176854324368782
id05394,0.6630361746778163,0.3171607890717607,0.019803036250422963
id22655,0.7430782747325475,0.000908150339921584,0.25601357492753096
id20442,0.9837410462407277,0.006349152276418098,0.009909801482854315
id23482,0.00023538187868944036,0.01670934017087511,0.9830552779504353
id19260,0.9895149052310049,0.0033818220737472844,0.007103272695247814
id08692,0.9182311960742993,0.08105101153680852,0.0007177923888921736
id03557,0.9885758210409207,0.0013286383399191896,0.010095540619160213
id21919,0.9425796726754266,0.002865733432136104,0.05455459389243724
id13273,0.023282240565506068,0.9629982471662346,0.013719512268259458
id07757,0.02406467944675763,0.9680027365158032,0.007932584037439157
id23832,0.9651719960364751,0.013869302958829028,0.020958701004695886
id24363,0.00047399670313481623,0.004260768003798505,0.9952652352930668
id09054,0.6444827964994071,0.1669438941804794,0.1885733093201134
id09197,0.977332431306183,0.013801028695705337,0.008866539998111763
id03169,0.9836813728864267,0.005572015616175576,0.010746611497397744
id25890,0.0013170599518434296,0.9645178675750644,0.03416507247309225
id06372,0.061081985299726305,0.9011965745559791,0.037721440144294446
id19186,0.0002253890344158374,0.0027361229083998607,0.9970384880571842
id21007,0.09018802250837574,0.9068602912516446,0.002951686239979698
id19169,0.4700586516161201,0.0005491879477553418,0.5293921604361246
id25255,0.9894987257809875,0.0016032663112422996,0.008898007907770117
id13918,0.9294784490454335,0.06792948744816003,0.0025920635064064636
id04788,0.41519387547537784,0.003057607512640309,0.5817485170119818
id19740,0.9837129291250025,0.002075725996101576,0.01421134487889587
id01112,0.6790454968683988,0.31904656134619375,0.001907941785407459
id00637,0.04223631383595426,0.0014387756983656919,0.9563249104656801
id05475,0.13889705591639842,0.7391311376981294,0.12197180638547217
id25962,0.14127272040748728,0.0017956847684473254,0.8569315948240654
id16771,0.5304504724706468,0.16671562333774279,0.3028339041916103
id05610,0.000564075793542569,0.0008476306542878463,0.9985882935521695
id14886,0.13193433701560006,0.861555022306964,0.006510640677435875
id15507,0.9940952746913558,0.001091779312205279,0.004812945996438862
id27769,0.0003008574675886152,0.998925349603634,0.0007737929287774052
id00988,0.018575281362020864,0.972277473368373,0.009147245269606077
id08300,0.27859534444668715,0.07372762300408492,0.6476770325492278
id22827,0.9608499349437413,0.0034735398048191327,0.03567652525143969
id21445,0.11918262799753651,0.04891490863201081,0.8319024633704528
id12678,0.08765243419527398,0.0006529086939861631,0.9116946571107399
id12057,0.01237045707853635,0.9774310391130737,0.010198503808389933
id08190,0.7030864207583057,0.23532203229120782,0.06159154695048639
id23581,0.6588935712848751,0.3397087538913648,0.001397674823760014
id05955,0.960748227306201,0.022243385120866457,0.017008387572932555
id23637,0.10797742307701765,0.8702875027754666,0.02173507414751575
id18253,0.0036440869726542106,0.005231666564827528,0.9911242464625182
id07093,0.7558611084587282,0.23446370971459693,0.00967518182667482
id22486,0.00012383169655596113,0.15976762377967985,0.840108544523764
id15975,0.9967224767501349,0.0025775605739183664,0.0006999626759466919
id20426,0.9681363263126648,0.0015426039329248082,0.030321069754410502
id23559,0.33052817105239063,0.6587567520234324,0.010715076924176933
id05824,0.0024057360701895563,0.9935810436380068,0.004013220291803711
id02012,0.0018431508615057348,0.014292042464974555,0.9838648066735198
id24826,0.7230368198940916,0.273679508504192,0.0032836716017165504
id16972,0.8235155814050525,0.1683657804088845,0.008118638186062932
id04545,0.9789218112768973,0.01850244410309579,0.00257574462000697
id18371,0.6544336236629814,0.2709505181051841,0.07461585823183452
id25850,0.04783957135579902,0.037017162905967134,0.9151432657382338
id18964,0.652989637103976,0.2827775068487193,0.06423285604730473
id10452,0.8386756401074785,0.01174527757592824,0.1495790823165931
id16624,0.8733951068304237,0.12499587508342487,0.001609018086151534
id13747,0.36496408257476765,0.6341803327735607,0.0008555846516717742
id06496,0.9535432249889367,0.04402151418970458,0.0024352608213585596
id11609,0.009063987067406415,0.06892285417749094,0.9220131587551026
id07779,0.009362263689697123,0.9803815007225777,0.010256235587725194
id27135,0.004278243572508643,0.6775119961525663,0.31820976027492504
id08586,0.005085812307529078,0.9754526083090367,0.01946157938343429
id01849,0.009397284817604866,0.5311881531847117,0.4594145619976833
id15619,0.7934138308213742,0.046703582871869855,0.15988258630675609
id18753,0.04428629085423286,0.007056412423096824,0.9486572967226703
id13409,0.78459786431222,0.21230348902030463,0.0030986466674753385
id23303,0.4406465922831836,0.4028391514691641,0.15651425624765247
id17913,0.5285787700340242,0.003099297780840699,0.4683219321851351
id11205,0.02476845145841875,0.970960436481294,0.004271112060287158
id19538,0.619261952979123,0.36116199220887146,0.019576054812005528
id07696,0.04046010438913273,0.23783296266820803,0.7217069329426593
id11971,0.9948058595083388,0.0018355482692413731,0.003358592222419793
id00519,0.0016970298999487482,0.7961997360610927,0.20210323403895838
id03562,0.9416327626944204,0.0025625253053073015,0.05580471200027226
id16230,0.009786932969165336,0.00015091428430598998,0.9900621527465288
id04387,0.023917165823906534,0.00016635543034885063,0.9759164787457447
id23150,0.032796173828471456,0.018691863709296225,0.9485119624622323
id03126,0.9527750231548733,0.03726177923202709,0.009963197613099559
id09658,0.012357614113863075,0.33615797668800557,0.6514844091981314
id11309,0.935038999378895,0.00022699203096164722,0.06473400859014326
id13326,0.5645924169318746,0.16345113316390375,0.2719564499042218
id18044,0.9725927608153172,0.008596857855883436,0.01881038132879955
id21457,0.3294849535131757,0.6553746306619858,0.01514041582483868
id27809,0.8820071622449721,0.09521284271380043,0.022779995041227404
id21734,0.001131360001264149,0.0005121989602452538,0.9983564410384905
id02813,0.0589337381077695,0.9007124965363426,0.04035376535588794
id25244,0.00240673698125025,0.9339542542707185,0.06363900874803122
id18966,0.19517687714496826,0.0029499325455707515,0.8018731903094611
id21252,0.8091462256828684,0.1405059489823447,0.05034782533478688
id15397,0.00013138350965752118,0.0009237978617559733,0.9989448186285865
id12670,0.7457465855946589,0.22098719305144038,0.03326622135390068
id15533,0.05364561090989442,0.911381636661419,0.03497275242868646
id12501,0.11554426239009129,0.02775882013586379,0.856696917474045
id00575,0.006419693874006191,0.9907197670111575,0.002860539114836227
id12884,0.003100063686802589,0.9815408835623233,0.015359052750874055
id03091,0.23111178276148586,0.7681578557935134,0.0007303614450007764
id27160,0.0035690836071798045,0.00408854044425616,0.992342375948564
id12981,0.22872804854599899,0.07986824697976587,0.6914037044742352
id17354,0.9130734726309183,0.037270240511982126,0.04965628685709956
id09060,0.12030366326753415,0.3849984783190075,0.4946978584134583
id12605,0.001881714756854494,0.9950515751560568,0.0030667100870886872
id02873,0.01799937134559655,0.981510902283005,0.0004897263713983148
id12883,0.37819236841308196,0.5395907415111407,0.08221689007577744
id21166,0.037036647010609956,0.9584008813229554,0.00456247166643455
id06933,0.5509439190715965,0.4487300692276843,0.0003260117007190847
id20153,0.9661942419383011,0.004162756191515856,0.029643001870182994
id04138,0.14004485494348023,0.11114817426408988,0.7488069707924299
id12041,0.41105382603408036,0.46022867069057716,0.12871750327534262
id22741,0.6623140942909886,0.3250980942417702,0.012587811467241061
id12534,0.010373060241105701,0.09429746005527351,0.8953294797036208
id03324,0.019138682432765015,0.16971675638106468,0.8111445611861703
id19084,0.2293799143835515,0.02157501545465704,0.7490450701617914
id18689,0.5691013175259075,0.10605272951886785,0.3248459529552247
id06701,0.0738693888210597,0.8505343723258766,0.07559623885306373
id24783,0.6587792578441253,0.005050126717453648,0.336170615438421
id09187,0.39013449728802163,0.005437749488793485,0.6044277532231849
id02159,0.9982589435672421,0.00047028600624913726,0.0012707704265087637
id09017,0.00014771616187877104,0.0003288705969180768,0.9995234132412033
id03660,0.00578410938870404,0.002732532898077839,0.9914833577132182
id03540,0.14249718877013737,0.8497485008382479,0.007754310391614663
id24631,0.9961317380369158,0.0009807696450555808,0.002887492318028661
id27178,0.18634387908992592,0.48252711998055287,0.33112900092952136
id21705,0.9736638209945864,0.0019860646016048307,0.024350114403808867
id15501,0.1054880587657881,0.8942830794560009,0.000228861778211067
id05132,0.9481453435199533,0.04823609966797529,0.0036185568120713856
id20925,0.03950015425743613,0.8869218140918598,0.07357803165070409
id15638,0.00357059048842902,0.003021504008000813,0.9934079055035702
id15393,0.799743915401664,0.1337630502925861,0.06649303430574971
id04955,0.006399957894422377,0.0013419775636886034,0.992258064541889
id17921,0.25304415561091975,0.17007231118543456,0.5768835332036456
id26289,0.11067462606341563,0.06675139457771975,0.8225739793588646
id14188,0.05292341326627744,0.001760451001155353,0.9453161357325673
id09093,0.2272324521851956,0.7665955553225813,0.006171992492223148
id19167,0.9560371250772852,0.043318204069018824,0.0006446708536958435
id11811,0.06457078855102236,0.06310154051807443,0.8723276709309031
id15586,0.0027694437998760967,0.016112908026263115,0.9811176481738607
id08687,0.001548192933404432,0.10949233227500267,0.8889594747915928
id18881,0.001980180042333213,0.21979080047505417,0.7782290194826125
id22384,0.13273462564271898,0.8093659375671126,0.057899436790168395
id00377,0.2258921114142059,0.0030462606290333,0.7710616279567608
id11662,0.9553951814630149,0.010237972071222153,0.034366846465762955
id22048,0.011300314540360163,0.5837660663072483,0.4049336191523916
id05137,0.00047615756497552773,0.9762142747264366,0.023309567708587827
id24896,0.00871372031212078,0.02209924761817118,0.969187032069708
id07242,0.970984836581944,0.025760229502400665,0.0032549339156554753
id25085,0.974179395035348,0.0252359852695395,0.0005846196951124256
id11607,0.7067872046373296,0.23935328017476754,0.05385951518790278
id20686,0.13214219075280353,0.009305784573076816,0.8585520246741197
id23977,0.10471930388347418,0.06059884934482556,0.8346818467717003
id01732,0.0037114039176092983,0.9899333227406489,0.006355273341741706
id15931,0.393114111552754,0.5580874824769483,0.04879840597029776
id22938,0.9675109932295389,0.008768939073283417,0.02372006769717768
id08942,0.0062884678739558815,0.9892242621690278,0.004487269957016342
id19728,0.10496086037045725,0.14233322769394563,0.7527059119355972
id18649,0.9917013152530141,0.0025471321036394778,0.005751552643346575
id08283,0.002163902082071107,0.039020339121085525,0.9588157587968434
id03436,0.0487442732063578,0.0153625253456669,0.9358932014479753
id03506,0.26427236585803426,0.029429467058030855,0.7062981670839348
id02408,0.0017315385981857047,0.005191888272343748,0.9930765731294706
id26465,0.9956278333221797,0.0024549333475744387,0.0019172333302458226
id08571,0.9654319532388463,0.03113147397347333,0.0034365727876802146
id04733,0.955959952603112,0.04279164233509884,0.0012484050617892087
id14697,0.15777556446464228,0.8176467147343197,0.024577720801038053
id23908,0.004499248329495442,0.9772635982891447,0.018237153381360043
id20578,0.004486547507308483,0.01655644909503828,0.9789570033976531
id02400,0.007644879734097853,0.9851022207502883,0.0072528995156138296
id09131,0.22710862238980237,0.7414980483345126,0.031393329275685056
id10451,0.5397598401902188,0.15098409656536352,0.3092560632444177
id19413,0.0006320888255805792,0.9644151514120922,0.034952759762327194
id15189,0.23515585765425254,0.0019965521724708665,0.7628475901732765
id08552,0.006095279797894963,0.4747554913825679,0.5191492288195371
id15292,0.8052400299256408,0.13678806651383202,0.057971903560527074
id08843,0.003402062770793189,0.9765284167919795,0.020069520437227192
id22021,0.9438813570342829,0.0005391684844212245,0.05557947448129575
id25984,0.8554688818406136,0.14083682138490985,0.0036942967744765863
id09403,0.9613970070264936,0.0005567064372798727,0.03804628653622649
id07542,0.2461805596883472,0.0027885415125804397,0.7510308987990724
id13074,0.005245342680798693,0.9941997828196821,0.0005548744995190868
id13962,0.7666713585269591,0.006902163380524038,0.22642647809251695
id22407,0.7699984320332667,0.018921738639874085,0.21107982932685934
id00113,0.47319376942569985,0.4989716544308601,0.02783457614343996
id18106,0.00858711090535856,0.9869972351619735,0.004415653932668105
id18567,0.004656089309997673,0.014030370787358332,0.9813135399026439
id18834,0.0028801417503789744,0.06906741731755132,0.9280524409320697
id02405,0.9567887088060544,0.00045832596903942643,0.04275296522490626
id15064,0.8156241777596042,0.008967900873605819,0.1754079213667899
id27930,0.37423532926739195,0.00580606268086676,0.6199586080517413
id17708,0.006048340729408015,0.16380938762381012,0.8301422716467818
id25494,0.02539767359812621,0.22792395280115751,0.7466783736007162
id12146,0.8892099749641647,0.0022610278597808954,0.10852899717605453
id05558,0.011716358099908245,0.022444880632478504,0.9658387612676131
id14298,0.004411910477613627,0.4492752037084372,0.5463128858139493
id05201,0.38355283233457627,0.023677995188130643,0.5927691724772932
id13523,0.7324640311044134,0.24470944960660893,0.02282651928897775
id26390,0.9439046723151279,0.006426259004006654,0.04966906868086552
id12088,0.0019756904344314773,0.6532142090658427,0.34481010049972577
id11729,0.0016056597259750274,0.7665630679688473,0.23183127230517764
id04831,0.9651663204090779,0.033644146234511556,0.0011895333564104532
id18665,0.00034606522906238733,0.004089935768964341,0.9955639990019733
id13468,0.03405776799019157,0.007735114339848755,0.9582071176699597
id00819,0.29664542858809834,0.001211413595474923,0.7021431578164269
id06807,0.004054532145666196,0.15982550301795248,0.8361199648363814
id16592,0.00013407623571618944,0.038379286621532005,0.9614866371427517
id02850,0.07417385166424069,0.11118242780587217,0.8146437205298872
id11304,0.036195833526467436,0.9423294965922336,0.0214746698812989
id08034,0.7781885354265932,0.005810438746660569,0.21600102582674616
id25135,0.81960105938902,0.0008827417087082708,0.1795161989022718
id16963,0.9784141726768698,0.0038376934667537286,0.017748133856376445
id15898,0.9529558788968444,0.0168592943571223,0.030184826746033348
id17410,0.9912586670189316,0.00022142248434466782,0.00851991049672382
id07540,0.12348560425197212,0.8754039302479393,0.001110465500088615
id09136,0.9766392486390799,0.0035725450445470443,0.019788206316373
id26148,0.7864202057198958,0.025828800763552418,0.1877509935165518
id15864,0.4345435473940927,0.5245202824103464,0.040936170195560916
id02087,0.4634271369692079,0.501906983335314,0.034665879695477964
id22597,0.9829719627326927,0.0021575936570111458,0.01487044361029602
id00120,0.8995838941974941,0.003322803390684472,0.09709330241182142
id24172,0.32427847081639777,0.6754110764811284,0.00031045270247382804
id25472,0.1469577542493954,0.0006407935522296311,0.852401452198375
id21181,0.2490691666668849,0.2224849175231231,0.528445915809992
id12190,0.0037749158428625786,0.0013250295478173517,0.9949000546093202
id26766,0.007644533998587621,0.0005721392406329899,0.9917833267607794
id20202,0.9836012483885503,0.0047383624392936825,0.011660389172156093
id19234,0.7224201181700335,0.022318066798597425,0.2552618150313691
id16377,0.8010721521780052,0.10752774505274068,0.09140010276925424
id04461,0.021683232257076784,0.0004958947302239225,0.9778208730126992
id18699,0.9462602592768455,0.004423251128018857,0.04931648959513549
id10824,0.8953788786367569,0.0399399637629548,0.06468115760028835
id10540,0.6613970488205171,0.03405582640199176,0.30454712477749124
id23698,0.031089894635548423,0.003908416553774213,0.9650016888106774
id01430,0.9742111921010099,0.014797254595924621,0.01099155330306534
id01288,0.00010640120998730616,0.6442586886563,0.35563491013371257
id12330,0.28969878845519853,0.6969565625538351,0.013344648990966265
id09852,0.008377964183210466,0.039771042373820786,0.9518509934429686
id26718,0.990865335874512,0.008633380626849249,0.0005012834986389128
id23830,0.0063457792350104705,0.981970107291581,0.011684113473408522
id10846,0.04323536941862835,0.9495224280391823,0.0072422025421894675
id15782,0.14998546818341857,0.0009754341696991499,0.8490390976468823
id00732,0.012216909330616737,0.9642200919302366,0.023562998739146697
id05156,0.23785857948218647,0.02383953897876939,0.7383018815390442
id19372,0.06070099826644111,0.042022176559176394,0.8972768251743825
id06360,0.08472477975956817,0.0938836670306604,0.8213915532097715
id11470,0.49848365977301695,0.029225326291801516,0.4722910139351816
id12656,0.1268144184596497,0.5407137527427597,0.3324718287975907
id10296,0.01621920240503179,0.9510573874176006,0.03272341017736767
id07198,0.9554001505980959,0.024596974343943714,0.020002875057960435
id08081,0.08402462309000461,0.9149943290405319,0.000981047869463476
id10090,0.04077330216954374,0.13501096591814293,0.8242157319123133
id18142,0.11907588784465827,0.8800435691079839,0.000880543047357953
id09621,0.8703376969738261,0.12936200376018106,0.0003002992659929378
id07857,0.9975106552821867,0.0019803465871044974,0.0005089981307087113
id19707,0.03086089094385206,0.9683191000967124,0.0008200089594355798
id12757,0.26569820613094086,0.05597523495074014,0.6783265589183191
id14932,0.9566619565909559,0.02939836602464257,0.01393967738440157
id14578,0.005677114743922356,0.9858795830960965,0.008443302159981072
id14791,0.0174137099317012,0.9820889222104151,0.0004973678578837651
id06465,0.07075608440648222,0.060615273896694084,0.8686286416968237
id03329,0.23434090772574914,0.43127354340874513,0.33438554886550553
id05165,0.8578581670826262,0.024153981623647673,0.11798785129372608
id05253,0.1162539424246179,0.003858138056749903,0.8798879195186321
id22309,0.047463318802206826,0.9036084066455747,0.04892827455221857
id20682,0.9233015533123028,0.029011145142187167,0.047687301545510166
id25697,0.7166413351107699,0.0810162259588086,0.2023424389304214
id01322,0.0029175033140942824,0.12884016301292256,0.8682423336729832
id01680,0.002136273476364874,0.8505231168169133,0.14734060970672183
id19582,0.9913922143081353,0.00012805937020545532,0.008479726321659354
id21522,0.06259649092790548,0.0028325611981509964,0.9345709478739436
id13110,0.9888268907590012,0.010403931368706482,0.0007691778722922036
id15961,0.22964593566453728,0.009588284373778145,0.7607657799616846
id27129,0.01194935403893434,0.8847195199042505,0.10333112605681508
id14538,0.0759451141836488,0.06764977067896286,0.8564051151373884
id23868,0.30955220645462617,0.0010995851422254295,0.6893482084031484
id13985,0.9214478462152732,0.07833867668439132,0.00021347710033560053
id10669,0.5503658265024555,0.16975034452335447,0.2798838289741901
id18899,0.05038707252649967,0.8431798929300957,0.10643303454340461
id21421,0.97936993315116,0.0045553245161615965,0.01607474233267833
id24251,0.9952777913838158,0.0025080778513913125,0.0022141307647931133
id13347,0.0007396880874907675,0.9951392418645274,0.004121070047981933
id24909,0.014687779985580173,0.9840164011941821,0.0012958188202378137
id16214,0.8636864910740308,0.10499979795415824,0.03131371097181093
id02234,0.7888666952943036,0.006901457704199585,0.20423184700149666
id03775,0.03258793139715871,0.09813267088149843,0.8692793977213429
id12798,0.014239908037766726,0.0407926120676121,0.9449674798946212
id25340,0.11024154187256291,0.8877686430797532,0.0019898150476837006
id25373,0.9638783396394202,0.023594886938412402,0.012526773422167492
id05373,0.9526372752283091,0.03425434025141531,0.013108384520275605
id15991,0.0022766604302175654,0.06697925963398248,0.9307440799357999
id07116,0.9430262246437486,0.048443155552330114,0.008530619803921244
id05510,0.03436448603829882,0.028434177797483605,0.9372013361642176
id20906,0.12923165618858845,0.8702220268489362,0.0005463169624752395
id25496,0.24916986896617183,0.7385588716306081,0.012271259403220094
id05007,0.7593310808584856,0.015449288928911809,0.22521963021260252
id16772,0.9836278621981241,0.007085097644668061,0.009287040157207624
id27806,0.09721766211334458,0.02412085362013522,0.8786614842665202
id04872,0.01316797558547075,0.001998830566112027,0.9848331938484173
id12208,0.3533924900398913,0.6301882698580916,0.016419240102017025
id24903,0.6904215515345686,0.30143486260393826,0.008143585861493007
id14220,0.11791198105428723,0.013768324505599687,0.8683196944401133
id21363,0.0008569273969554432,0.004641243499630994,0.9945018291034136
id19222,0.017103009029485396,0.9193156776257878,0.06358131334472665
id10610,0.0011965410111260107,0.09512159676131261,0.9036818622275613
id03055,0.033248835725618056,0.01510422512201368,0.9516469391523683
id19863,0.14841463090229998,0.01557017541263086,0.836015193685069
id02649,0.11755265368117528,0.002271822865267085,0.8801755234535578
id06984,0.005825387272117756,0.20128183683460546,0.7928927758932767
id15963,0.8990174193149735,0.06448987178979158,0.03649270889523505
id14359,0.08422635520045048,0.03729743412874096,0.8784762106708085
id13134,0.5067254372022494,0.013234609047911128,0.4800399537498395
id01838,0.1445041546750908,0.5240162941050349,0.3314795512198743
id00986,0.9536349765857154,0.046179977264630113,0.00018504614965452205
id22200,0.34654053110043287,0.6518297765513414,0.0016296923482257428
id01376,0.1672265761737066,0.34413487940324033,0.48863854442305316
id25857,0.994671048189533,0.0012988790930210533,0.004030072717445979
id07931,0.9671872182040143,0.01745763740773005,0.015355144388255772
id00891,0.4052820527356564,0.03398691281361746,0.5607310344507261
id00749,0.9971774186684955,0.0006200285584789376,0.002202552773025505
id27852,0.6476698028545653,0.013930038454221085,0.3384001586912136
id06311,0.9792875181159763,0.019777741499856734,0.0009347403841671061
id27254,0.526001516485047,0.12454468206867829,0.34945380144627464
id06245,0.08638660794179719,0.8782845013888925,0.0353288906693103
id12962,0.2526300201029482,0.014871452867911335,0.7324985270291403
id05366,0.31288636660363817,0.055660007512369124,0.6314536258839926
id23016,0.04658881330864235,0.0009795607488113456,0.9524316259425464
id02701,0.5791214834597732,0.00199986263352998,0.41887865390669676
id07709,0.9945625283683845,0.0009664509581906787,0.004471020673424738
id22057,0.007968230153577525,0.051020815766673,0.9410109540797493
id16424,0.0011858959849871743,0.012256961909220928,0.9865571421057919
id18563,0.004443488721197325,0.01813242329254756,0.9774240879862551
id23059,0.9070479265036995,0.08979393926411273,0.0031581342321878514
id02754,0.9276929675261831,0.07041155780196567,0.0018954746718511356
id26527,0.99792988973266,0.0016509165944212846,0.00041919367291862837
id06361,0.8926595626096459,0.10027903120283989,0.007061406187514278
id02774,0.768178144444227,0.23141742346809818,0.00040443208767468336
id08822,0.7384293667527935,0.1611541507803025,0.10041648246690399
id02963,0.01719417471502247,0.9783507202044975,0.004455105080479981
id02865,0.25310891373002603,0.0061800264001316794,0.7407110598698423
id26852,0.04128312314208676,0.9139540832273022,0.044762793630611086
id25869,0.40522802912306544,0.5942039030958285,0.0005680677811061293
id13225,0.23028032942071944,0.09123471061150461,0.6784849599677758
id11798,0.032145553501375025,0.8507204380303233,0.11713400846830176
id12220,0.9910853770542379,0.008142914802443363,0.0007717081433186181
id02931,0.0033225598495103476,0.003384735387875818,0.9932927047626138
id01163,0.011868615341535334,0.8807799537712389,0.10735143088722594
id20160,0.6008796700116859,0.020481294420568712,0.37863903556774553
id13415,0.06260051387930246,0.9370679751257672,0.00033151099493043137
id20037,0.9819111429117593,0.01606398247749208,0.0020248746107485636
id18841,0.9673588611345364,0.0014070688131553727,0.031234070052308223
id00304,0.9188259242097548,0.027045518628526926,0.05412855716171823
id00090,0.04439411265622927,0.019710330000466514,0.9358955573433042
id06190,0.023295738956687743,0.9746210621246968,0.00208319891861555
id12458,0.8015776985627991,0.03881058559784506,0.15961171583935585
id24127,0.13398708157964462,0.8526115767111019,0.01340134170925356
id22980,0.07336566885781087,0.0011671483908318537,0.9254671827513573
id00093,0.0010964819265688105,0.9958645045658925,0.0030390135075387503
id16757,0.8521017464796959,0.13685212211910552,0.01104613140119864
id24866,0.009648128174596251,0.22279499198338903,0.7675568798420147
id24568,0.0028740142784995856,0.01916173078181596,0.9779642549396843
id02567,0.9445801263428177,0.0489802005752199,0.0064396730819622355
id00440,0.8446124150447818,0.14241444336157033,0.012973141593647899
id14153,0.8959233766910244,0.0054777965838282636,0.09859882672514737
id09777,0.0123411406982322,0.088802443828446,0.8988564154733218
id01974,0.9724684159703946,0.012955309605892336,0.014576274423713122
id13780,0.0020731248870768815,0.9790811501389741,0.018845724973949
id22269,0.9310104231616733,0.03200127236024554,0.03698830447808116
id20545,0.003583891114157636,0.36335171019117163,0.6330643986946708
id13602,0.10137265732016372,0.00018000089702515596,0.898447341782811
id08345,0.09069788481234946,0.8845874267532042,0.024714688434446266
id26657,0.8120606892411659,0.08732090725793476,0.1006184035008992
id03905,0.8671230956108362,0.01061561233640912,0.12226129205275471
id00030,0.952407954538038,0.00032016085902179434,0.047271884602940226
id14957,0.0001341692456911234,0.9524234159403384,0.04744241481397051
id01094,0.9430069399340038,0.00727601423555802,0.049717045830438206
id07007,0.1640513248215352,0.19660257086713195,0.6393461043113329
id05838,0.026388695075983883,0.00946301251650852,0.9641482924075075
id01674,0.42381279275308215,0.5655990266816362,0.010588180565281626
id09426,0.07013306111729496,0.9296542784097441,0.0002126604729609417
id02720,0.3680528101610332,0.047382300173603696,0.584564889665363
id22700,0.8558863968112843,0.14293836638402346,0.0011752368046923161
id02119,0.1862260050347299,0.7884297284108444,0.02534426655442584
id20754,0.023262399564181056,0.9018470041225743,0.07489059631324453
id20792,0.9966065739160207,0.0027418462992370766,0.0006515797847421359
id02646,0.9870853945738417,0.009232905388333908,0.003681700037824465
id15032,0.9936980010035956,0.0005632077603404003,0.005738791236064025
id22963,0.8320772232893068,0.14880751525001862,0.019115261460674517
id13784,0.5814625476141115,0.14476914842916086,0.2737683039567276
id21021,0.24503970742075082,0.6321217428218031,0.122838549757446
id26232,0.01657529911892527,0.9714234722590018,0.012001228622073023
id01086,0.016943942449545724,0.9523184101542275,0.030737647396226822
id22727,0.979090562855514,0.006899143678475912,0.014010293466009969
id25578,0.011294626565809754,0.001521833820181639,0.9871835396140086
id04540,0.19729265697979678,0.002027036796071632,0.8006803062241314
id10735,0.022704283010339193,0.0030575793165810022,0.9742381376730798
id13435,0.7050844652806406,0.048872181484387496,0.24604335323497184
id18520,0.8711544778112773,0.003218653855238387,0.1256268683334844
id17878,0.9870320607437189,0.010310676076056274,0.0026572631802248433
id11411,0.6701928486329264,0.32613865071236875,0.003668500654705017
id05340,0.9933652297611963,0.003438031371634958,0.0031967388671686526
id08346,0.34194137769382815,0.02192056972520559,0.6361380525809663
id01281,0.27750532277578527,0.012592141618446153,0.7099025356057687
id18257,0.0054673378190282845,0.9921793175952711,0.0023533445857006115
id11326,0.16191570611724718,0.42766919218753857,0.4104151016952141
id27179,0.011921460167700085,0.9878995284391497,0.00017901139315006686
id21898,0.9738301248424232,0.005878555527993102,0.020291319629583797
id19854,0.2945975123921944,0.003970328265278017,0.7014321593425277
id01568,0.0017422879401760047,0.9956439107068975,0.0026138013529265745
id13864,0.9753720159198808,0.021043043176734635,0.00358494090338472
id10097,0.034686869146445864,0.22668848806465497,0.7386246427888992
id26640,0.02565983068834592,0.8287901571669166,0.14555001214473753
id08790,0.016932895307741565,0.9114748045581917,0.07159230013406678
id15662,0.3856362054225639,0.6133176437993599,0.001046150778076349
id17108,0.9297538279737717,0.047469167730115884,0.022777004296112426
id20973,0.07188471493985292,0.8878882426998543,0.0402270423602927
id15903,0.07913253378183706,0.7390771742563242,0.18179029196183866
id16080,0.5817149384312944,0.039353432845235146,0.3789316287234705
id26374,0.00022764101872123086,0.4192174667783794,0.5805548922028995
id23375,0.5449196058605147,0.08572148105693492,0.36935891308255037
id06624,0.08930975783772917,0.7274136952130469,0.18327654694922385
id03077,0.11899547956716021,0.003573002481067067,0.8774315179517728
id15217,0.32624405937346346,0.0004283625279687459,0.6733275780985677
id08450,0.005678146535978791,0.04613048347016296,0.9481913699938582
id07400,0.029756646082943563,0.019152900968290414,0.9510904529487662
id12758,0.23665752209037247,0.526188607126076,0.2371538707835516
id00919,0.9587839297022487,0.0009037519087478652,0.0403123183890035
id20205,0.0011036498669003438,0.01373016003413691,0.9851661900989629
id03483,0.00040456853602280563,0.004704297894819451,0.9948911335691577
id19259,0.8739006669088683,0.07760768180061961,0.048491651290512146
id04391,0.09868675753413243,0.8330816449418826,0.06823159752398494
id10087,0.9835586010698281,0.007506515245874542,0.0089348836842973
id23442,0.8217997598173457,0.10859823411850887,0.0696020060641454
id04179,0.0010771277571127121,0.00281547223185765,0.9961074000110296
id00897,0.6210946289014861,0.012324093698327938,0.36658127740018587
id07039,0.8272584280111276,0.16815350628449968,0.004588065704372844
id05297,0.9668843936479923,0.00801213480407643,0.025103471547931275
id18919,0.07002414664394395,0.9185523371354498,0.011423516220606106
id09805,0.74606026131362,0.0003257306508076422,0.2536140080355725
id18548,0.022934271842065274,0.96723120812619,0.009834520031744625
id05112,0.08484555537397534,0.013404309957253956,0.9017501346687707
id09945,0.023770014043575725,0.305306629935224,0.6709233560212002
id04445,0.001988111804641493,0.000714349621920138,0.9972975385734383
id04990,0.005030355341258918,0.01250759859101645,0.9824620460677247
id14503,0.28129761122878993,0.6740095802350117,0.04469280853619849
id16066,0.020168926353955213,0.005164676481366904,0.9746663971646777
id23571,0.35093856878521473,0.02015736293402885,0.6289040682807565
id11926,0.0024380851072122707,0.9955283909707775,0.00203352392201021
id10953,0.0009868206906684324,0.9135141398058325,0.08549903950349896
id23160,0.12258577809214034,0.015503712329369765,0.8619105095784898
id08335,0.031841515984062985,0.9641954719282512,0.003963012087685706
id07110,0.049967040623304516,0.9303998155956703,0.019633143781025344
id21831,0.15705203185450253,0.31711548079527435,0.525832487350223
id16325,0.2390951187724219,0.007468922162573816,0.7534359590650043
id23734,0.03019915775302038,0.9689354103234895,0.0008654319234900972
id13169,0.017866004776076177,0.9611633388242952,0.02097065639962848
id23845,0.6226902496693233,0.3570637117220782,0.02024603860859858
id07812,0.1829752887152645,0.8006073659532588,0.01641734533147678
id06911,0.9914532565648408,0.0017306347489069037,0.006816108686252197
id25652,0.03296830107448247,0.9475951634053413,0.019436535520176212
id24855,0.07771152888247168,0.01069449892802017,0.9115939721895082
id15519,0.06547420666993838,0.00257214184992946,0.9319536514801321
id00400,0.7713015071653454,0.1555544590758259,0.07314403375882868
id10508,0.9425580400663397,0.015959397558369216,0.04148256237529111
id09924,0.9632729275841466,0.03245792539881053,0.004269147017042791
id01933,0.251849438305618,0.4969418197600939,0.2512087419342881
id15312,0.11176918507529948,0.24400022455953244,0.644230590365168
id09008,0.0026436732818604387,0.9859484323088046,0.011407894409334986
id07243,0.012157204167739615,0.9383430477262654,0.04949974810599489
id18968,0.045347920427882674,0.0004646736250073659,0.9541874059471098
id15578,0.9784682239756204,0.011664342234681426,0.009867433789698338
id20924,0.8405026369763032,0.0024269205863083503,0.15707044243738857
id03842,0.029235242018592077,0.0397817114295366,0.9309830465518713
id13994,0.9562267865936058,0.04258565648893657,0.001187556917457619
id19860,0.0005242009341760869,0.301407757701798,0.6980680413640259
id20787,0.9633028363610292,0.01915143363666355,0.017545730002307285
id27321,0.004265235004750874,0.9934248463051213,0.0023099186901277273
id24769,0.9924119065823662,0.004066058204278568,0.0035220352133552325
id03356,0.9911665436526248,0.007464704072956263,0.0013687522744189138
id14461,0.010236520683514796,0.9895400276618985,0.0002234516545866471
id12223,0.1349424672083952,0.5882855349872325,0.2767719978043724
id00404,0.00021404904381634105,0.0001745477874782873,0.9996114031687054
id10454,0.00021190520235237628,0.9643168258315683,0.0354712689660794
id15779,0.04729206662338042,0.9436967273228346,0.009011206053785038
id02479,0.983979628265531,0.015429974713206038,0.0005903970212630342
id18993,0.9900938007704393,0.003403600306630861,0.006502598922929819
id21406,0.20035549470924027,0.014212044787815434,0.7854324605029444
id21711,0.8486197709671975,0.14757137536462758,0.0038088536681750223
id11875,0.46321171010732226,0.5224278976671813,0.014360392225496324
id24522,0.5615816255483133,0.002341393082387503,0.4360769813692993
id27435,0.013539835752095847,0.024506185200549337,0.9619539790473548
id11195,0.9168876327483667,0.0311082965050147,0.05200407074661861
id06288,0.9608344037500423,0.02199893226532965,0.0171666639846281
id06105,0.7452447670120642,0.24716319963972916,0.007592033348206532
id06915,0.7667102736393556,0.017529725179858673,0.21576000118078564
id24594,0.832798273433926,0.023398937306395893,0.14380278925967807
id04935,0.994140471284669,0.0037063407495948504,0.002153187965736118
id14194,0.9841767630223148,0.012090430131292847,0.0037328068463924665
id13596,0.3867709321782917,0.3616657052962477,0.2515633625254607
id13011,0.8872402220616291,0.0071372360632440636,0.10562254187512693
id21672,0.9909757018730162,0.0003298372164463064,0.008694460910537476
id02863,0.41184242827951245,0.022872313999195634,0.5652852577212919
id02620,0.8596794349130896,0.01081959390075713,0.12950097118615322
id00129,0.8109928835786037,0.1732618257605452,0.01574529066085117
id18094,0.0452177205443185,0.04050748333058483,0.9142747961250967
id22660,0.0024959172386337567,0.9838373420644745,0.013666740696891576
id05047,0.9545177892202679,0.0016804032289267988,0.04380180755080537
id02447,0.8843424272752252,0.0197090738995159,0.09594849882525888
id18185,0.12456559661208286,0.7954290885739261,0.0800053148139911
id20584,0.661158820059256,0.3282767844146563,0.010564395526087803
id20720,0.08218460481860616,0.1532399596938979,0.7645754354874961
id03267,0.000971291920829924,0.9893512038316751,0.009677504247494887
id25972,0.025488164139794788,0.06173382905628486,0.9127780068039203
id00311,0.0849616824892344,0.11115120031952191,0.8038871171912437
id06929,0.9334076597210851,0.006703512918449207,0.05988882736046578
id19063,0.9710626127718626,0.0033249658938243835,0.025612421334313067
id24717,0.013230433776490446,0.9523413411230703,0.03442822510043923
id01673,0.16465341143098028,0.005873625496107243,0.8294729630729124
id08917,0.7929489967159129,0.04361228883809059,0.16343871444599656
id25440,0.9410781845971775,0.04063376372380339,0.01828805167901905
id25676,0.0022651609537527135,0.8541846887125907,0.14355015033365665
id13014,0.8615802320982039,0.1362951896780761,0.002124578223719976
id24835,0.37533146020859115,0.6047898381045983,0.019878701686810607
id16745,0.08832581618765722,0.0008258341439650909,0.9108483496683778
id13913,0.6575961582469294,0.2662244800811474,0.07617936167192321
id18954,0.9963711578210672,0.0009353237046679547,0.002693518474264964
id03993,0.37375842563652456,0.015172041889822309,0.6110695324736531
id08862,0.671140568644937,0.0008516821606388456,0.3280077491944241
id02901,0.9939333915527148,0.004257888828781953,0.0018087196185034586
id03550,0.044649409928527624,0.02561466733952051,0.9297359227319519
id13288,0.024931811788397918,0.9617932810563818,0.01327490715522028
id12352,0.21585874882034173,0.0002774140556352989,0.783863837124023
id18926,0.9878866927486254,0.008799211177549253,0.0033140960738253576
id27696,0.14400096663062112,0.043495466662820226,0.8125035667065588
id03095,0.05604446861076362,0.895577859130053,0.04837767225918352
id15660,0.6003724241341153,0.22989014960373874,0.1697374262621459
id24635,0.012461087350506552,0.9728610612171301,0.014677851432363439
id13059,0.9137904690869701,0.054216352964710314,0.03199317794831955
id14163,0.30549749583087493,0.0005216259019853138,0.6939808782671398
id13168,0.9822773534838406,0.01576186389171755,0.001960782624441942
id09019,0.04355642293837206,0.020173055811473422,0.9362705212501545
id12690,0.3323998386416291,0.6662245412788653,0.0013756200795055212
id18845,0.13381660716284638,0.052848634959482575,0.813334757877671
id07065,0.0015328562682565905,0.02252937442189476,0.9759377693098487
id06155,0.5943255934329502,0.40200148503515143,0.003672921531898405
id18811,0.1804618414655152,0.3617581146421373,0.4577800438923476
id26492,0.2059189109658053,0.0022637843446439887,0.7918173046895506
id16302,0.7581129445345826,0.24054400919499325,0.0013430462704241894
id23879,0.09249165743239142,0.8918624978343938,0.01564584473321486
id04150,0.00014922708911731383,0.007792341947611537,0.9920584309632713
id07408,0.9187001131251664,0.005609492711502127,0.07569039416333141
id02040,0.749096712283142,0.006345488699917041,0.244557799016941
id21654,0.9741800667504751,0.00773695760777687,0.018082975641748024
id20306,0.01856973365127579,0.008938602976112228,0.9724916633726121
id06856,0.8054260620445176,0.02077017191386144,0.173803766041621
id26053,0.02948851606349513,0.05546781957409468,0.9150436643624101
id05822,0.8293621350671144,0.0037456697122730817,0.16689219522061247
id22397,0.10937014661966413,0.16619098049993541,0.7244388728804005
id24702,0.0010745983243527792,0.010706992540833658,0.9882184091348136
id18440,0.10175110240686148,0.8927399448170377,0.005508952776100671
id24276,0.7569581841044605,0.006638182666170335,0.23640363322936916
id07262,0.0014391438029935984,0.9600607800283343,0.03850007616867208
id26940,0.01769274039401381,0.9678082566788015,0.014499002927184637
id20515,0.8956970950331967,0.06903846181560955,0.03526444315119371
id27494,0.052203836238289315,0.024008919587427516,0.9237872441742832
id08038,0.001174841578148813,0.00036464419809298127,0.9984605142237583
id27635,0.4197300255463799,0.005768159717280672,0.5745018147363393
id01004,0.00043793061446443073,0.044542591148212976,0.9550194782373225
id06321,0.9763731858073673,0.02231116106064202,0.0013156531319906853
id19355,0.008314154196208609,0.8826426561178011,0.10904318968599029
id12767,0.0646248090797222,0.6933061110581995,0.2420690798620784
id18726,0.3208903754199137,0.010195622912311745,0.6689140016677746
id21972,0.6696350138855146,0.3212909802699398,0.009074005844545492
id20042,0.9332201728665163,0.03751045737124285,0.029269369762240833
id24778,0.8715554599327244,0.1275784257183774,0.0008661143488983097
id17711,0.006332169426299096,0.93308004899521,0.06058778157849085
id26441,0.967409842693327,0.004461797640855187,0.02812835966581766
id09376,0.03476413887246514,0.0016451036925796815,0.9635907574349553
id08919,0.011729775528908594,0.2770601379606786,0.7112100865104128
id12020,0.8079000798467755,0.18107477280670745,0.011025147346516996
id07935,0.0015677806930884072,0.0005394879063220833,0.9978927314005894
id19680,0.04659244713394024,0.9470436981115931,0.006363854754466753
id11301,0.012996937684755473,0.9793965868597898,0.007606475455454661
id09787,0.9182728636847273,0.01781553411006643,0.06391160220520631
id07004,0.2724549920775378,0.7263939028507618,0.00115110507170042
id11970,0.05754389427850329,0.5811807346700811,0.36127537105141555
id08959,0.3734654317479547,0.024782977211381462,0.6017515910406638
id19102,0.7974898541553375,0.010789192261555785,0.19172095358310667
id01202,0.030587500539305545,0.38746056178309285,0.5819519376776017
id14542,0.026686301495614344,0.9056633847485923,0.06765031375579335
id20672,0.10058920453237873,0.06830578637491247,0.8311050090927088
id16786,0.9620749131615659,0.030408413737586824,0.007516673100847308
id19760,0.009681291680565312,0.986259222672843,0.004059485646591546
id17781,0.8821342339053747,0.10328005920459286,0.014585706890032493
id20302,0.05905740842673263,0.9357853717254988,0.005157219847768584
id06934,0.027064389246275265,0.004827989136644636,0.9681076216170801
id04047,0.18016138207960197,0.05638009663682039,0.7634585212835776
id11007,0.9665605496916228,0.01940531961606345,0.014034130692313712
id16414,0.025815358973788227,0.7134679161674456,0.2607167248587661
id23012,0.00030469844033559183,0.0007701462531972771,0.9989251553064671
id27883,0.6248758123810958,0.3678920568073981,0.007232130811506146
id10314,0.16735528066565555,0.07015521235630773,0.7624895069780369
id16864,0.3852709757570924,0.05157101354606938,0.5631580106968382
id16707,0.16568474728999671,0.8253134778197032,0.009001774890299985
id19139,0.006083360288300991,0.9582284730827368,0.03568816662896224
id15902,0.06287878630725105,0.0019251971745631682,0.9351960165181856
id19103,0.010329459453207644,0.0484131767544385,0.9412573637923538
id03862,0.9174439073892109,0.07744071454759163,0.005115378063197475
id11881,0.02741773562267822,0.9716367297152749,0.0009455346620468515
id06924,0.046055076452570794,0.9153330944500414,0.03861182909738772
id14077,0.9303787629027964,0.0026322808948049453,0.06698895620239871
id25675,0.42153773178311776,0.0020766160435646925,0.5763856521733175
id07327,0.9835018833612761,0.006494022816923511,0.010004093821800312
id26322,0.8719726443965501,0.09408270629652994,0.03394464930691996
id18714,0.0362548842700895,0.012605661051604008,0.9511394546783064
id04107,0.007695055528894695,0.014192926852591202,0.9781120176185142
id19416,0.012389408012320741,0.012323208316242605,0.9752873836714365
id02710,0.5062162586921445,0.4904116579807889,0.003372083327066542
id25002,0.3045631933318356,0.06443067051264452,0.6310061361555198
id09633,0.9853733006555322,0.009123462024825054,0.005503237319642755
id17269,0.002103808603442242,0.9397895964332738,0.058106594963283985
id09792,0.0009979970940583091,0.01298735893061876,0.9860146439753229
id14442,0.005769997569693037,0.00503406550366112,0.9891959369266459
id02780,0.0013247781099873573,0.949217748345816,0.04945747354419674
id18428,0.07629052454822317,0.0012442887204309411,0.9224651867313458
id24103,0.8218444377094609,0.17623386794120052,0.0019216943493387104
id23278,0.00018697271292223737,0.9721068434052484,0.02770618388182933
id11217,0.006932112902458681,0.9914521578635067,0.001615729234034553
id14675,0.007901573710288743,0.9877788370122695,0.004319589277441896
id11092,0.010374637803800563,0.9449228879410079,0.04470247425519153
id14881,0.008484853515946748,0.1830614177004651,0.8084537287835881
id21509,0.8963046468900666,0.05180983138591431,0.051885521724019106
id04192,0.7894834329040855,0.0006262061797525932,0.20989036091616178
id01319,0.999169283544482,0.0005731323225178881,0.00025758413300024926
id14366,0.004999894814881778,0.9947203678563388,0.0002797373287795668
id07885,0.008488271687429409,0.9884127715946384,0.003098956717932196
id23484,0.0017361827050431497,0.991296040676121,0.0069677766188358525
id08140,0.8729582356385343,0.08753912117016462,0.03950264319130113
id00788,0.00017836117052975244,0.014249289413304908,0.9855723494161653
id19716,0.9892490435684617,0.0016278851797006907,0.009123071251837528
id09045,0.21634241551163866,0.7831374279921847,0.0005201564961765481
id27460,0.9973487639015749,0.0015222441759482257,0.0011289919224769032
id08543,0.9742665262431486,0.025526020114433536,0.00020745364241782913
id10642,0.5033989541140227,0.1950683934500859,0.30153265243589145
id19373,0.035972626833300055,0.9625166693474396,0.0015107038192603021
id03602,0.0028144032003419787,0.9907711565737244,0.006414440225933604
id20854,0.8932861896364496,0.07671435300286586,0.029999457360684715
id00281,0.3511905169146099,0.2908257223796863,0.357983760705704
id13289,0.007111997682989067,0.9916688139507073,0.001219188366303643
id08010,0.8903318676122601,0.09459873983683181,0.015069392550907945
id26649,0.951274569094765,0.03067627591116241,0.018049154994072517
id09783,0.9506041794962288,0.04897972152033107,0.0004160989834400887
id25991,0.8569181900744939,0.14125568744260844,0.0018261224828977273
id03197,0.16282695825916624,0.00021975482703067122,0.836953286913803
id18172,0.9887127697030944,0.01020325095457877,0.0010839793423268853
id26761,0.9920990471795518,0.002926548345220254,0.004974404475227935
id27818,0.009888231615425278,0.01597240178828374,0.9741393665962909
id26700,0.03766296682868691,0.24980030660906052,0.7125367265622525
id16140,0.008003656702958401,0.005587595179318998,0.9864087481177226
id02578,0.7977293311673743,0.034384627679325375,0.16788604115330033
id23796,0.0009230085569869384,0.002299392591043319,0.9967775988519698
id06216,0.11016487759942607,0.8863207925812924,0.0035143298192815385
id07360,0.9026007145483146,0.08277591393320713,0.014623371518478194
id10415,0.14152658513908603,0.8360785167398385,0.022394898121075507
id06422,0.5829458503962314,0.33720865046070314,0.07984549914306545
id20602,0.03553366118768167,0.9564796325590946,0.007986706253223567
id07180,0.9457679913892154,0.0004225448048292596,0.05380946380595539
id05447,0.7891680392759087,0.003001921467411843,0.20783003925667928
id13726,0.0007649350075179402,0.02750355148902248,0.9717315135034594
id13296,0.005971350549991683,0.00014475986059038392,0.9938838895894179
id23956,0.9812366877641735,0.014236720095952735,0.004526592139873666
id19327,0.0006726196531515008,0.02977849462421564,0.969548885722633
id01134,0.3067121780157104,0.04392248850851717,0.6493653334757724
id18392,0.9788697972730368,0.020147798273662077,0.0009824044533011242
id14966,0.7466532729678758,0.0028279568652453805,0.25051877016687873
id21837,0.0032923644120420167,0.001955505483638025,0.9947521301043201
id22104,0.9843836033633382,0.015006941749323745,0.0006094548873380908
id10549,0.14746646326946625,0.023019833523894025,0.8295137032066398
id21209,0.9847755884737699,0.014649790157391356,0.0005746213688387347
id05748,0.9936785999655722,0.004417477871031776,0.0019039221633959979
id05685,0.7181480042204437,0.2600382563313869,0.021813739448169518
id01214,0.6570025781644292,0.000678666045705919,0.3423187557898649
id23027,0.9616291530605243,0.013401006751067986,0.02496984018840768
id09742,0.6347606798042911,0.2829226877150182,0.08231663248069088
id17830,0.013595186613039394,0.9841969399014038,0.00220787348555687
id02909,0.0020896632995061905,0.9558206909418501,0.042089645758643775
id20495,0.06836487931545801,0.9239435724311977,0.007691548253344429
id20123,0.9498040259554268,0.0034202091429897754,0.04677576490158343
id07750,0.9793006229048276,0.01607679031338453,0.004622586781787885
id19231,0.9945670370379365,0.0008988778795991421,0.004534085082464306
id21728,0.0022889286422050677,0.9911849456580395,0.0065261256997554175
id16313,0.7571014344951813,0.23790147559194869,0.004997089912870097
id13658,0.0105375664931692,0.007136941452995528,0.9823254920538352
id27125,0.0031240490519716217,0.9512299846645127,0.04564596628351568
id21855,0.03442940684026399,0.01830926462129667,0.9472613285384393
id18413,0.628908923139779,0.03583472117871837,0.33525635568150264
id23180,0.029300491756458463,0.6960590058166216,0.27464050242691995
id00890,0.2912015494822769,0.0011846262629305292,0.7076138242547925
id01822,0.04864526384007637,0.10895311947034828,0.8424016166895752
id18198,0.0008193505087201095,0.3290073626589639,0.6701732868323159
id06176,0.046768808791661974,0.9299632199878778,0.023267971220460225
id13501,0.01659689070866645,0.010981613385736035,0.9724214959055975
id11696,0.03285389711447247,0.6520479858524113,0.3150981170331163
id07581,0.012370250517492324,0.05987402969438702,0.9277557197881208
id04113,0.8207472096847666,0.0032224721814686766,0.17603031813376477
id17782,0.3240235723875362,0.028286277586115516,0.6476901500263483
id05817,0.9501561943630482,0.010660077036754282,0.03918372860019763
id22324,0.8679993079609085,0.00587036097045948,0.12613033106863195
id11883,0.04610809123894946,0.03976448826427038,0.9141274204967801
id15681,0.9375194937699993,0.0003820192866355604,0.062098486943365096
id02586,0.6225913251720264,0.029667161435111465,0.3477415133928623
id16750,0.005107016360086994,0.008308211839711262,0.9865847718002017
id02290,0.08497197039938624,0.01188592619298628,0.9031421034076275
id20643,0.19651835342976784,0.7970935737080823,0.0063880728621497915
id16553,0.8621696839746359,0.13738634990684823,0.00044396611851592305
id26031,0.5300090375650709,0.4690962404679413,0.0008947219669877078
id14146,0.07888037646196285,0.048883179727228596,0.8722364438108086
id21943,0.011275550643515271,0.004022123194564377,0.9847023261619203
id14944,0.16623442588159154,0.06123774574645165,0.7725278283719568
id21950,0.9899031000620323,0.008936902428202864,0.0011599975097648875
id22773,0.021959417001232585,0.02806572615465946,0.9499748568441079
id07430,0.939803813829933,0.04516479270787753,0.015031393462189313
id19559,0.9908937982924466,0.0066796144180994305,0.0024265872894538333
id12765,0.9701861426714175,0.02931576453947813,0.0004980927891042353
id06279,0.032880834042681245,0.8060054544660399,0.16111371149127882
id14557,0.7684816862210747,0.02804375475417926,0.2034745590247461
id10815,0.0031051257320248624,0.03533762031959855,0.9615572539483767
id20739,0.9751993407652458,0.019340397742907293,0.00546026149184693
id02878,0.0007639243420332348,0.000895078226564332,0.9983409974314025
id00293,0.0027443890518604424,0.23297712363841105,0.7642784873097286
id26206,0.015449611907554468,0.002216774154434076,0.9823336139380114
id00452,0.8090310481438597,0.18998809824510496,0.0009808536110353112
id25654,0.28299307302596544,0.7059386897958119,0.011068237178222777
id02263,0.04629165268631034,0.952981667624524,0.0007266796891655836
id18381,0.6283128138908213,0.35683442642223623,0.014852759686942473
id17472,0.0005092265292370626,0.9473303199148237,0.05216045355593903
id14770,0.01886395316084712,0.052149097785393235,0.9289869490537596
id14900,0.8910349545471278,0.09241951457763369,0.01654553087523863
id22236,0.791031499174186,0.20833612652132888,0.0006323743044850772
id26383,0.011882597577153793,0.07056527501223207,0.9175521274106141
id06662,0.9886504556551862,0.00897672405161743,0.0023728202931964917
id10868,0.03317740349533851,0.9660108211820522,0.000811775322609306
id26468,0.9630785967502468,0.027940914718595392,0.008980488531157868
id04463,0.022872822271709562,0.9706499782831122,0.006477199445178187
id03691,0.0010307545565932266,0.30817136765788294,0.6907978777855238
id17283,0.9645456967891635,0.03285423237883064,0.0026000708320058764
id23803,0.32028813671561995,0.003676420492518088,0.6760354427918619
id26210,0.3788049012772164,0.6144867626059766,0.006708336116807128
id09767,0.9259044523928576,0.0033486563607635473,0.070746891246379
id09686,0.05596263776845989,0.9387980585550187,0.005239303676521378
id11830,0.9481929172348526,0.009461071148463894,0.04234601161668359
id11771,0.0009428491478826575,0.0010823237946764768,0.9979748270574409
id25088,0.0009128709814398908,0.052351049464606815,0.9467360795539532
id05313,0.11077041430713729,0.014315035564232506,0.8749145501286302
id25132,0.005358024538694799,0.9647888805729384,0.02985309488836681
id00909,0.0012015797852991102,0.8459515002820657,0.15284691993263516
id07473,0.007923568084918358,0.0018846347128126757,0.990191797202269
id18415,0.5234989156572715,0.2529889896915674,0.22351209465116112
id04626,0.011984101672544961,0.016241894342513472,0.9717740039849416
id05473,0.010940524512814716,0.0023383230819059636,0.9867211524052792
id19326,0.9030159064082524,0.0963675913868859,0.0006165022048616561
id13152,0.9428083003541791,0.02182001042913274,0.03537168921668822
id16625,0.9812715715177139,0.007027171637012609,0.011701256845273324
id05316,0.005370462622506815,0.0032026158971017542,0.9914269214803915
id26975,0.0012739030835088737,0.9708461087981086,0.02787998811838254
id16072,0.045725387004807834,0.8146537797854049,0.13962083320978744
id15342,0.050630417643130796,0.9395729115125797,0.009796670844289545
id04700,0.992404630065372,0.004633753690451833,0.002961616244176143
id16141,0.8407116069487509,0.15852013181867075,0.0007682612325782931
id17881,0.2615369733645795,0.6446952749129728,0.09376775172244767
id23671,0.9950091801314963,0.003901427671217147,0.0010893921972866016
id25072,0.0001959432437417501,0.16546431142039328,0.8343397453358649
id27761,0.23529466012670947,0.05772883859516257,0.706976501278128
id06286,0.44478222911302123,0.48833560295609185,0.066882167930887
id16602,0.12732800581960788,0.8702307415524676,0.0024412526279246637
id13969,0.260291085608647,0.7392708590915689,0.00043805529978404
id11949,0.844380410157854,0.056816082465252625,0.09880350737689338
id26920,0.06689315272637088,0.9259243880351165,0.007182459238512719
id27240,0.17075174657236875,0.003236074594861563,0.8260121788327697
id25302,0.9374238897098197,0.03786434666050879,0.024711763629671486
id17629,0.008505521809066349,0.6765969188197997,0.31489755937113406
id18446,0.8990796979920898,0.016127403085207458,0.08479289892270271
id08026,0.0017283991386946387,0.9959097258953945,0.002361874965910773
id24950,0.11774647285103723,0.8707329381219239,0.011520589027038768
id10447,0.2390336186214785,0.000655930473344878,0.7603104509051766
id18361,0.018042402976511676,0.012985963688839327,0.9689716333346489
id24750,0.063986825355144,0.8738488287138151,0.062164345931040886
id08946,0.3818910678188982,0.009890571816927313,0.6082183603641745
id24582,0.46382351088591756,0.5359407438689722,0.0002357452451105011
id14759,0.009496219985173884,0.9893348809734628,0.0011688990413632042
id11530,0.0019236009007951363,0.0006903371411224991,0.9973860619580823
id26900,0.3386222626347386,0.6370310403642884,0.02434669700097302
id10389,0.02881595677491928,0.01713968361127897,0.9540443596138016
id11237,0.7387889704469952,0.0015893392094210885,0.2596216903435838
id25847,0.14306691936567706,0.7754053893619574,0.08152769127236566
id15053,0.011983453821720608,0.011068019075851055,0.9769485271024284
id16534,0.00680565156575871,0.9832497852561745,0.009944563178066813
id10280,0.004716364678815934,0.9820997705325974,0.0131838647885866
id12264,0.2399210937347414,0.037754546049538734,0.7223243602157199
id01220,0.018053071786872973,0.0016187836955467107,0.9803281445175803
id09373,0.9889845965870878,0.010558661768186777,0.00045674164472540147
id27661,0.006128570824258033,0.9903946990399719,0.003476730135770127
