id,answer
5782841-0-0,1987년
5782841-0-1,노래 부르길
5782841-0-2,세컨드리
6470278-0-0,1987년
6470278-0-1,본 한국
6470278-0-2,파이스트
6470308-0-0,다녔을 적에
6470308-0-1,최선수와
5782841-1-0,배틀신화》에
5782841-1-1,2007년
5782841-1-2,10점
6470278-1-0,배틀신화》에
6470278-1-1,말에는 홍승성이
6470278-1-2,같은 해
6470308-1-0,지나는 Mnet
6470308-1-1,10점 만점에
5782841-2-0,발라드
5782841-2-1,엠카운트다운》
5782841-2-2,싸이월드
6470278-2-0,7월 5일
6470278-2-1,섹시한 매력
6470278-2-2,타이틀곡
6470308-2-0,Mnet
6470308-2-1,2010년
5782841-3-0,정규 음반 발매
5782841-3-1,2011년
5782841-3-2,같은 해 8월
6470278-3-0,동명의 타이틀곡
6470278-3-1,"Tea""를 발매했고"
6470278-3-2,가온 차트 결산
6470308-3-0,Black
6470308-3-1,동명의 스폐셜
6467462-0-0,창립한 신춘호는 신격호
6467462-0-1,1971년
6484373-0-0,신춘호는 신격호
6484373-0-1,지금
6484373-0-2,스낵인 '새우깡'
6484386-0-0,지금
6484386-0-1,당시 유행하던
6484386-0-2,1971년
6467462-1-0,신동원
6467462-1-1,부회장
6484373-1-0,매출 중 절반
6484373-1-1,중 절반 가량을 차지 하고
6484373-1-2,매출 중 절반
6484386-1-0,장남에게
6484386-1-1,중 누구
6484386-1-2,삼남
6467462-2-0,돌파구
6467462-2-1,육성하겠다
6484373-2-0,상품
6484373-2-1,돌파를 기대하고
6484373-2-2,것은 신라면
6484386-2-0,2017년
6484386-2-1,"7,400억원"
6484386-2-2,또 생수 사업
6518344-0-0,브랜딩 회사인 크로스포인트
6518344-0-1,Highhand Korea
6518344-0-2,이사장
6518345-0-0,크로스포인트
6518345-0-1,재해석해
6518345-0-2,1일에 한국나전칠기박물관
6603956-0-0,크로스포인트
6603956-0-1,2014년
5852468-0-0,뉴질랜드에
5852468-0-1,그리고 지렁이도마뱀
6548170-0-0,인룡상목(鱗龍上目
6548170-0-1,도마뱀과 뱀
6590964-0-0,인룡(鱗龍; Lepidosaurs
6590964-0-1,鱗龍上目; Lepidosauria)에
6590964-0-2,포함하는 지배파충류이다
5852468-1-0,뱀목의 위턱
5852468-1-1,투아타라
6548170-1-0,뱀목
6548170-1-1,무정위
6590964-1-0,뱀목은 다리
6590964-1-1,무정위 운동성(cranial kinesis
5852468-2-0,기록은 하부 트라이아스기
5852468-2-1,anguimorph)가
6548170-2-0,백악기
6548170-2-1,인룡류
6590964-2-0,그리 많지 않
6590964-2-1,anguimorph
6590964-2-2,스페노돈티드목
5852468-3-0,적외선
5852468-3-1,어떤 뱀들은 열
6548170-3-0,독사아과(viperines)
6548170-3-1,통해서
6590964-3-0,보아뱀과의 어떤 뱀들
6590964-3-1,카멜레온
6590964-4-0,투아타라
6590964-4-1,보존론자들
6047488-0-0,된장의 주재료 중
6047488-0-1,만주 지역
6047488-0-2,정보를 찾아볼
6513041-0-0,290년
6513041-0-1,고구려
6513041-0-2,290년
6513059-0-0,만주
6513059-0-1,해동역사』
6047488-1-0,와서도
6047488-1-1,와서도
6513041-1-0,와서도 된장에
6513041-1-1,대답하였으며
6047488-2-0,증보산림경제(增補山林經濟
6047488-2-1,저절로 죽고 다시
6047488-2-2,農家月令歌)』중
6513041-2-0,신중을 가했고
6513041-2-1,1660년
6513059-2-0,지은 『구황보유방(救荒補遺方
6513059-2-1,증보산림경제(增補山林經濟
6513059-2-2,정하게
6047488-3-0,방법으로 된장을 만들
6047488-3-1,우러나오는데
6047488-3-2,성분이 간장
6513041-3-0,전통적인
6513041-3-1,간을 해서 다시
6513041-3-2,덜해지므로
6513059-3-0,우러나오는데 그것이 바
6513059-3-1,40~60일
6556250-0-0,1979년 1월
6556250-0-1,1979년 1월 팔레비
5892768-0-0,신정국
5892768-0-1,출국(사실상
6556343-0-0,1979년
6556343-0-1,신정국가)인 이슬람
6556343-0-2,통하여
6556250-1-0,신전이 일단
6556250-1-1,국가인 사우디아라비아
5892768-1-0,신전이 일단
5892768-1-1,이슬람의 성지인 메카
6556343-1-0,이슬람
6556343-1-1,11월 20일
6556250-2-0,이란측에서도
6556250-2-1,1980년
5892768-2-0,무력에 의한
5892768-2-1,충돌사고로 8명
6556343-2-0,1980년 4월
6556343-2-1,죄상(罪狀)조사
6556343-2-2,8명
6582046-0-0,마르코스
6582046-0-1,마르코(히브리어
6582046-0-2,마르코스라
6508932-0-0,저자이자
6508932-0-1,비추이다’라
6115474-0-0,알려진 '마르코스의 기쁜
6115474-0-1,비추이다’라
6115474-0-2,파생되었고
6582046-1-0,이스라엘
6582046-1-1,마리아와
6508932-1-0,어쨌든
6508932-1-1,마리아와 함께 예루살렘
6115474-1-0,펜타폴리스
6115474-1-1,인물일 것
6115474-1-2,예루살렘
6582046-2-0,아니아누스는 회심하고
6582046-2-1,상처가 나
6582046-2-2,9세기
6508932-2-0,치유하는 기적을 행하였다
6508932-2-1,발견되었으며
6115474-2-0,구두수선공
6115474-2-1,돌팔매질을 당하는 고문
6115474-2-2,베네치아
6507626-0-0,2009년
6507626-0-1,멤버였던
6516355-0-0,멤버였던
6516355-0-1,2009년
6104487-0-0,동방신기
6104487-0-1,동방신기
6507626-1-0,본격적인
6507626-1-1,SBS
6516355-1-0,2010년
6516355-1-1,타임슬립한
6104487-1-0,주인공
6104487-1-1,SBS
6516355-2-0,고소4건은 모두
6516355-2-1,광화문 한복판등서
6104487-2-0,수사했지만
6104487-2-1,여성단체로부터
6535226-0-0,이유
6535226-0-1,지역
6516960-0-0,솔레놉신이
6516960-0-1,북미
6516960-0-2,이들의 둥지가
6120418-0-0,이들을 없애려고
6120418-0-1,솔레놉신
6466122-0-0,위에 언급한
6466122-0-1,연구하던 팀
6570995-0-0,2000년
6570995-0-1,4월 23일에
6571006-0-0,4월 23일
6571006-0-1,햐쿠타케
6590017-0-0,1929년
6590017-0-1,항일 농촌 운동
6464150-0-0,가족은 산
6464150-0-1,발각되어
6545559-0-0,1929년 12월
6545559-0-1,산으로
6590017-1-0,시장
6590017-1-1,데리고
6464150-1-0,직전이었다
6464150-1-1,1953년
6545559-1-0,자갈치시장
6545559-1-1,15일
6590017-2-0,청옥고등공민학교에
6590017-2-1,1964년
6464150-2-0,청옥고등공민학교에
6464150-2-1,못이겨
6545559-2-0,못이겨
6545559-2-1,청옥고등공민학교에
6545559-2-2,1964년
6590017-3-0,기독교
6590017-3-1,50번지
6464150-3-0,1966년
6464150-3-1,것이 싫었지만
6545559-3-0,서울중부시장
6545559-3-1,셋방
6545559-3-2,1966년
6590017-4-0,1970년
6590017-4-1,1970년
6464150-4-0,13일 오후 1시
6464150-4-1,1970년
6545559-4-0,1970년 11월
6545559-4-1,달려온
6590017-5-0,서둘러
6590017-5-1,민주화유가족협의회
6464150-5-0,받았으며
6464150-5-1,민주화유가족협의회
6545559-5-0,헌옷
6545559-5-1,민주화유가족협의회를 결성하고
6545559-5-2,장독대
6590017-6-0,하나된 단결
6590017-6-1,추모식에
6464150-6-0,소리쳤고
6464150-6-1,일자리 나누기와 노동시간
6545559-6-0,노동자
6545559-6-1,민주노총과 한국노총이
6545559-6-2,위기를 고용문제
6525953-0-0,자리에 앉아
6525953-0-1,라디오와 TV
6525953-0-2,1945년
5820364-0-0,1897년
5820364-0-1,1945년
5820364-0-2,1897년
6588413-0-0,국가대중계몽선전장관의 자리에
6588413-0-1,1945년
6588413-0-2,1897년
6525953-1-0,콘라트
6525953-1-1,1867년
5820364-1-0,콘라트
5820364-1-1,1867년
5820364-1-2,1897년
6588413-1-0,아버지인
6588413-1-1,1897년
6588413-1-2,1867년
6525953-2-0,또한 골수염에
6525953-2-1,뒤에는 자기 자신
5820364-2-0,폐렴
5820364-2-1,본·하이델베르크
5820364-2-2,뒤에는 자기 자신
6588413-2-0,폐렴
6588413-2-1,또한 골수염에
6588413-2-2,놀렸고
6525953-3-0,프랑스군
6525953-3-1,폐결핵
5820364-3-0,폐결핵
5820364-3-1,엘리자베트가
5820364-3-2,근무했었으나
6588413-3-0,결과로 그
6588413-3-1,폐결핵
6588413-3-2,잡혔고
6525953-4-0,1925년
6525953-4-1,가지기
5820364-4-0,1925년
5820364-4-1,1925년
5820364-4-2,1928년
6588413-4-0,1925년
6588413-4-1,1925년
6588413-4-2,11월 6일
6525953-5-0,1939년
6525953-5-1,883명
5820364-5-0,1939년
5820364-5-1,1939년 2차
5820364-5-2,883명
6588413-5-0,1939년
6588413-5-1,괴벨스
6588413-5-2,로열 오크호
6518864-0-0,번식하면서 늘어나
6518864-0-1,빈 흰 방
6518864-0-2,빈 흰 방
6657225-0-0,그는 사막을 헤매다
6657225-0-1,빈 흰 방
6657225-0-2,과정을 통해 자연
6455799-0-0,갈색과 흰색
6455799-0-1,이때부터
6518864-1-0,북극점에
6518864-1-1,아홉 번째
6518864-1-2,"천국으로 초대받으며, 이곳"
6657225-1-0,테플로닥슬은 피보나치나 칸토르
6657225-1-1,수학 귀신은 수학
6657225-1-2,로베르트는 꿈에서 감기에
6455799-1-0,자리에서 로베르트에게 자신이
6455799-1-1,천국
6518864-2-0,개념을 일반적
6518864-2-1,1998년
6518864-2-2,1997년
6657225-2-0,열한 살 딸
6657225-2-1,일반적
6657225-2-2,1997년
6455799-2-0,1998년
6455799-2-1,엔첸스베르거
6518864-3-0,TES에 글
6518864-3-1,미국 수학회
6657225-3-0,미국 수학회
6657225-3-1,영국
6657225-3-2,미국 수학회
6455799-3-0,수학적인
6455799-3-1,매력적
6515322-0-0,52명
6515322-0-1,2008년 1월
6515345-0-0,당시 심상정
6515345-0-1,점 등을 들어
6580881-0-0,52명
6580881-0-1,국가보안법 피의자들
6580881-0-2,사실상
6515322-1-0,민주노동당
6515322-1-1,진보신당연대회
6515322-1-2,2008년
6515345-1-0,"16,904명"
6515345-1-1,자주파 대의원들
6580881-1-0,자주파 대의원들
6580881-1-1,임시당대회
6580881-1-2,"16,904명"
6515322-2-0,권영길
6515322-2-1,강기갑
6515322-2-2,2004년
6515345-2-0,권영길 후보
6515345-2-1,성공하였고
6580881-2-0,5명의 국회의원
6580881-2-1,창원시
6580881-2-2,성공하였고
6515322-3-0,서버관리실에
6515322-3-1,2개가 사라져서
6515345-3-0,관계자들이
6515345-3-1,하드디스크
6580881-3-0,투표사이트
6580881-3-1,압수수색하였지만
6580881-3-2,서버관리업체인 스마일서브
5953101-0-0,위해서 부친
5953101-0-1,에서는 결승에서 쓰치야
5953101-0-2,1973년
5953101-1-0,4할 4푼
5953101-1-1,드래프트 회의
5953101-2-0,유격수로
5953101-2-1,이튿날
5953101-3-0,변화구
5953101-3-1,3할 1푼
5953101-4-0,선출
5953101-4-1,1982년
5953101-5-0,난카이와의 경기
5953101-5-1,기록하여
5953101-6-0,입단한 팻 퍼트넘이
5953101-6-1,9번
5953101-7-0,7월
5953101-7-1,거절하고
5953101-7-2,"1,000"
6557573-0-0,머신과 긴급
6557573-0-1,히로시와
6557573-0-2,시로를 통해서 '타임
5896082-0-0,이러한
5896082-0-1,일으킨
6557573-1-0,편도용
6557573-1-1,수 없다고 말하자
6557573-1-2,안내를 받아서
5896082-1-0,1570년
5896082-1-1,아무튼
6557573-2-0,들리더니 어떤
6557573-2-1,무사히 구출해
6557573-2-2,후부키마루로
5896082-2-0,덤비는 것이었다
5896082-2-1,히로시
6557573-3-0,검을 만졌다는 죄로
6557573-3-1,걸음아 날 살려라
6557573-3-2,진정시키면서
5896082-3-0,도중에 어떤
5896082-3-1,"노하라 가족들을 진정시키면서, 왜"
6535501-0-0,또한 한때
6535501-0-1,개발을 발표할 당시
6435663-0-0,또한 한때
6435663-0-1,자체가 오픈
6510991-0-0,동명이인임
6510991-0-1,발표할 당시
6657485-0-0,1962년 12월 1일
6657485-0-1,전두환
6657485-0-2,2016년
6543857-0-0,신격호
6543857-0-1,일으키면서 공천
6543867-0-0,무소속
6543867-0-1,전두환
6543867-0-2,새누리당
6657485-1-0,2005년
6657485-1-1,17대
6543857-1-0,한창이었던
6543857-1-1,타인부양'
6543867-1-0,새누리당
6543867-1-1,2005년
6543867-1-2,주내용
6543857-2-0,서울중앙지검
6543857-2-1,5만5689회에
6543867-2-0,5만5689회에
6543867-2-1,대한민국
6543867-2-2,2233건만이
6657485-3-0,채널 A
6657485-3-1,채널 A
6543857-3-0,공교롭게도
6543857-3-1,공교롭게도
6543867-3-0,밤 녹취록
6543867-3-1,그래서
6543867-3-2,죽여버려'라며 김무성
6657485-4-0,홍문표 의원
6657485-4-1,제1사무부총장
6543857-4-0,관련해
6543857-4-1,관련해
6543867-4-0,홍문표 의원
6543867-4-1,의원은 이날 오전
6543857-5-0,"여기 있다""라고 발언한"
6543857-5-1,2월 25일
6543867-5-0,2016년
6543867-5-1,발언한 새누리당 윤상현
6543867-5-2,누님
6514001-0-0,경로인 콜 다르젠티에르
6514001-0-1,600
6316177-0-0,드 라 팔리스
6316177-0-1,동맹군의 후방에
6316177-0-2,72개
6546678-0-0,프로스페로 콜론나
6546678-0-1,동맹군
6514001-1-0,필사적
6514001-1-1,로렌 공작
6316177-1-0,구하기
6316177-1-1,62개
6546678-1-0,필사적
6546678-1-1,로렌 공작
6514001-2-0,팔랑크스
6514001-2-1,다시
6316177-2-0,앞으로 진격해오는걸
6316177-2-1,돌진하여
6546678-2-0,팔랑크스
6546678-2-1,사격
6514001-3-0,것과 베네치아
6514001-3-1,투표로
6316177-3-0,1515년
6316177-3-1,효과적인이지
6546678-3-0,1515년
6546678-3-1,베네치아
6514001-4-0,마리냐노
6514001-4-1,1525년
6316177-4-0,상대로 다시
6316177-4-1,1536년
6546678-4-0,종료시켜버렸고
6546678-4-1,1525년
6514001-5-0,프리부르
6514001-5-1,추가적
6316177-5-0,1516년 11월
6316177-5-1,"700,000"
6316177-5-2,스위스
6546678-5-0,1516년 11월
6546678-5-1,리옹
6546678-5-2,1797년
6514001-6-0,1798년
6514001-6-1,하는 다음 관계
6316177-6-0,1798년
6316177-6-1,1812년
6546678-6-0,편성됐다 (가르드
6546678-6-1,1848년
6514001-7-0,글라루스 주
6514001-7-1,울리히 츠빙글리도
6316177-7-0,이탈리아
6316177-7-1,hüetlin
6546678-7-0,대중들
6546678-7-1,경험을 바탕
6588813-0-0,1920년대
6588813-0-1,원제신(元濟莘
6588813-0-2,경성전문대학
6588864-0-0,원제순
6588864-0-1,경성전문대학 치의학과
6588864-0-2,이후에는 풍기읍내
5825784-0-0,1920년대
5825784-0-1,소아과병원
5825784-0-2,영주군
6588813-1-0,1996년 12월
6588813-1-1,1999년
6588813-1-2,그해 7월
6588864-1-0,서울시 행정관리국장이
6588864-1-1,1999년 12월
6588864-1-2,그해 7월
6588813-2-0,뜻에서
6588813-2-1,단행하면서 이명박
6588813-2-2,2009년
6588864-2-0,1998년
6588864-2-1,2009년
5825784-2-0,행정관료
5825784-2-1,2010년
5825784-2-2,재직했던
6588864-3-0,6급인사
6588864-3-1,6급인사까지
6588813-4-0,4년이
6588813-4-1,인정하였으나
6588864-4-0,2월
6588864-4-1,14일
6588813-5-0,7억원
6588813-5-1,대우건설 컨소시엄
6588813-5-2,과정
6588864-5-0,7억원
6588864-5-1,선정과정
6588813-6-0,조직을 동원하여
6588813-6-1,이를 지원하기
6588864-6-0,개인정보를 지속적으로 수집하였으며
6588864-6-1,2010년 3월
6588813-7-0,2004년
6588813-7-1,각각 사법시험
6588864-7-0,선임자들
6588864-7-1,사법시험
6588864-7-2,2008년
6588864-8-0,2009년
6588864-8-1,대기발령
6657081-0-0,10)
6657081-0-1,영구적
6657081-0-2,팽창할수록
6514931-0-0,나아가 매디슨
6514931-0-1,총체적
6657081-1-0,주법(state
6657081-1-1,선거인을 처벌하
6657081-1-2,24개
6580840-1-0,불성실한 선거인이란
6580840-1-1,24개
6514931-1-0,24개
6514931-1-1,미시간 주
6657081-2-0,연방주의적
6657081-2-1,할당함으로써
6580840-2-0,1인1표제가 아닌 선거인단
6580840-2-1,연방주의적
6514931-2-0,1인1표제가 아닌 선거인단
6514931-2-1,할당함으로써
6657081-3-0,48개
6657081-3-1,가져가
6580840-3-0,승자독식제
6580840-3-1,텍사스
6580840-3-2,캘리포니아
6514931-3-0,48개
6514931-3-1,48개
6514931-3-2,민주당(청색주
6657081-4-0,50만 명
6657081-4-1,박탈이 관련이
6580840-4-0,이 때문에 남부
6580840-4-1,펜실베이니아 주
6514931-4-0,Akhil Amar
6514931-4-1,50만 명
6528791-0-0,2015년 7월
6528791-0-1,2015년 7월
6528791-0-2,2014년 11월
6492770-0-0,This
6492770-0-1,생존을 그리
6492782-0-0,11bit studio
6492782-0-1,2015년
6528791-1-0,2016년
6528791-1-1,기획한 것
6492770-1-0,기획한
6492770-1-1,기획한
6492782-1-0,의 개발에 집중하게
6492782-1-1,민간인'
6528791-2-0,위해서 아트팀은 일반적
6528791-2-1,0
6492770-2-0,원했던
6492770-2-1,8~90년대 유럽
6492782-2-0,이용해서
6492782-2-1,2초 텀
6528791-3-0,낮 시간 동안
6528791-3-1,하거나
6492770-3-0,"시간 동안에는, 밖"
6492770-3-1,대한 유용한
6492782-3-0,스나이퍼들이
6492782-3-1,은신처안에 라디오
6528791-4-0,된 캐릭터 이다
6528791-4-1,10시쯤에 등장하며
6492770-4-0,10시쯤에 등장하며
6492770-4-1,인벤토리가
6492782-4-0,오전 10시쯤에
6492782-4-1,Franko
6528791-5-0,NPC
6528791-5-1,대사를 통해
6528791-5-2,특히 크베타
6492770-5-0,몰려와 일손
6492770-5-1,찾아왔는데
6492782-5-0,있는 반면
6492782-5-1,찾아왔는데
6528791-6-0,니나드’라
6528791-6-1,예를 들어 크베타
6492770-6-0,거절하면 나중에 다시
6492770-6-1,데려다
6492782-6-0,처음
6492782-6-1,데려가줄 사람
6528791-7-0,완전히
6528791-7-1,완전히
6492770-7-0,playable
6492770-7-1,5명이
6492782-7-0,처음 시작하
6492782-7-1,5번째
6528791-8-0,한밤중에
6528791-8-1,한밤중에
6492782-8-0,한밤중에 강도들이
6492782-8-1,물품들
6528791-9-0,무기까지 있으면
6528791-9-1,발생하는 범죄증
6492770-9-0,최소화하는 방법이
6492770-9-1,레이드
6492782-9-0,경찰관이
6492782-9-1,레이드
6528791-10-0,안식처이다
6528791-10-1,가구는 추후 제작
6492770-10-0,구성되어있으며
6492770-10-1,낭비하지 않으려면
6492770-10-2,왕래하는 지상 1
6492782-10-0,총 5개
6492782-10-1,가구는 추후
6528791-11-0,지하 1층에
6528791-11-1,2개까지도
6528791-11-2,3개까지
6492770-11-0,따라서 지상보다는 지하
6492770-11-1,Shelter
6492770-11-2,자주
6492782-11-0,2개
6492782-11-1,지하 2층
6528791-12-0,"적대적인""이"
6528791-12-1,위험(Danger
6492770-12-0,무장한 적
6492770-12-1,지역이더라도
6492782-12-0,"적대적인""이라"
6492782-12-1,Advised
6528791-13-0,20개
6528791-13-1,20개
6492770-13-0,총 15개
6492770-13-1,풀려야
6492782-13-0,총 20개
6492782-13-1,이전 3
6528791-14-0,5개 나온다
6528791-14-1,무기부품을 구입하지
6492770-14-0,3인 가족
6492770-14-1,바텐더)>4차
6492782-14-0,학교(홈리스
6492782-14-1,5개 나온다
6528791-15-0,차량정비소가
6528791-15-1,손도끼와
6492770-15-0,차량정비소
6492770-15-1,슈퍼마켓
6492782-15-0,다음날 차량정비소
6492782-15-1,차량정비소
6528791-16-0,차량정비소가
6528791-16-1,부부)>3차
6492770-16-0,문제가 없지만
6492770-16-1,문제가 없지만
6492782-16-0,차량정비소>1차
6492782-16-1,손도끼
6528791-17-0,차량정비소
6528791-17-1,슈퍼마켓(군인
6492770-17-0,시립병원>공격적인 플레이
6492770-17-1,차량정비소
6492782-17-0,정부군
6492782-17-1,세인트
6528791-18-0,사창가>구
6528791-18-1,사창가>구
6492782-18-0,포격당한
6492782-18-1,제외하고
6528791-19-0,1명 있고
6528791-19-1,보리스
6492770-19-0,지하에 숨겨진
6492770-19-1,수집에 능한
6492782-19-0,종류에 상관
6492782-19-1,물품더미
6528791-20-0,마티와 건물 안쪽에
6528791-20-1,해오며
6492770-20-0,민간인
6492770-20-1,분포되어있으며
6492782-20-0,마티의 병든
6492782-20-1,의약품들
6528791-21-0,1층 문
6528791-21-1,들어가면 1층 문
6528791-21-2,소총
6492770-21-0,민간인
6492770-21-1,약탈자
6492782-21-0,들어가면
6492782-21-1,밀주를 입수할
6528791-22-0,1명(보얀)과
6528791-22-1,1명(보얀
6492770-22-0,모든 지역
6492770-22-1,파악한다면
6492782-22-0,담배
6492782-22-1,1명(보얀
6528791-23-0,1명
6528791-23-1,2층에 거래
6492770-23-0,이동해야만 사다리와
6492770-23-1,2층에
6492782-23-0,사다리
6492782-23-1,구해주지 않으면 이벤트
6528791-24-0,무해한 미치광이
6528791-24-1,1명이
6492770-24-0,중립 민간인
6492770-24-1,약탈한 죄로 사기
6492782-24-0,1명이
6492782-24-1,멀쩡한
6528791-25-0,채소밭이
6528791-25-1,사유재산
6492770-25-0,NPC
6492770-25-1,파괴된 교실
6492782-25-0,정비소가
6492782-25-1,NPC 7명
6528791-26-0,2층에
6528791-26-1,루트에만
6492770-26-0,선생님들
6492770-26-1,반군들의 순찰루트를 정확히
6492782-26-0,선생님들
6492782-26-1,2층에
6528791-27-0,전쟁 중임
6528791-27-1,붕대
6528791-27-2,기부해달
6492770-27-0,의약품이 모자라기
6492770-27-1,약과 붕대
6492782-27-0,24시간
6492782-27-1,의사 NPC가 약
6528791-28-0,민간인이어서 죽이면
6528791-28-1,웬만해서는 약탈이나
6492770-28-0,중앙부로서
6492770-28-1,발각되면
6528791-29-0,2명
6528791-29-1,방탄복
6492770-29-0,건설현장이
6492770-29-1,높으므
6492782-29-0,저격 나들목이
6492782-29-1,방탄복
6528791-30-0,2명
6528791-30-1,4명과
6528791-30-2,4명
6492770-30-0,4명
6492770-30-1,범죄자 NPC 4명과
6492770-30-2,사창가로
6492782-30-0,4명
6492782-30-1,2명
6528791-31-0,집으로 초반에
6528791-31-1,둘이서만 사
6492770-31-0,진행에 차질
6492770-31-1,진행에 차질이
6492782-31-0,뒷마당에
6492782-31-1,1~2개가
6528791-32-0,3~4명
6528791-32-1,방탄조끼 3~4벌
6492770-32-0,죽인 후에는 매우
6492770-32-1,남편은 칼로
6492782-32-0,아내가 플레이어를 발견
6492782-32-1,총기로 무장한
6546951-0-0,교신위원회
6546951-0-1,조지아
6546951-0-2,1775년 5월
6529564-0-0,1775년
6529564-0-1,상식》(Common
6534606-0-0,교신위원회
6534606-0-1,1774년
6534606-0-2,상식》(Common Sense
6546951-1-0,위하여
6546951-1-1,인민
6529564-1-0,조직했으며
6529564-1-1,새로운
6534606-1-0,위하여
6534606-1-1,인민
6534606-1-2,절대 전제 정치
6546951-2-0,국왕
6546951-2-1,군대가 우리들
6529564-2-0,세금
6529564-2-1,배심 재판
6534606-2-0,여러 법률
6534606-2-1,"박탈하고, 허구적인"
6546951-3-0,우리의 여러 차례
6546951-3-1,아메리카로
6529564-3-0,이러한 탄압
6529564-3-1,그리고
6534606-3-0,통치자로서
6534606-3-1,부당한
6546951-4-0,영국
6546951-4-1,모든 충성
6529564-4-0,영국
6529564-4-1,자유롭고
6534606-4-0,대하여도 전시
6534606-4-1,대영제국과
6046529-0-0,되어 주
6046529-0-1,7백34
6046529-0-2,함께 산업부문에
6513004-0-0,대한 배상문제
6513004-0-1,부족하여
6513004-0-2,노동력을 소위
6528734-0-0,19세기에 산업화에 따라
6528734-0-1,7백34
6528734-0-2,15%가
6046529-1-0,속하는 외국인은(전체
6046529-1-1,직접 뽑
6046529-1-2,450개
6513004-1-0,1995년
6513004-1-1,노조회원의 11
6513004-1-2,약 450개가
6528734-1-0,그러나
6528734-1-1,의하면
6528734-1-2,WDR)
6046529-2-0,받도록
6046529-2-1,10%는 외국인
6046529-2-2,약 2
6513004-2-0,약 10
6513004-2-1,독일은 복지사회원칙에 따라
6528734-2-0,10%
6528734-2-1,이민가족
6528734-2-2,불충분하여
6046529-3-0,형식으로 광부와
6046529-3-1,파견하였고
6046529-3-2,독일인들에게 가장
6513004-3-0,한국 역시
6513004-3-1,1950년대
6513004-3-2,9%
6528734-3-0,터키인의 비중이 28
6528734-3-1,테러행위에
6528734-3-2,독일인들
6046529-4-0,독일 국적
6046529-4-1,24세
6513004-4-0,독일 국적
6513004-4-1,적어도 8년
6513004-4-2,24세
6528734-4-0,이에 대한 큰
6528734-4-1,외국인 자녀들
6528734-4-2,8년
6046529-5-0,피부색과 문화가 다른 이민자들
6046529-5-1,반차별대우법
6513004-5-0,피부색과 문화가 다른
6513004-5-1,그들
6528734-5-0,유명한 축구선수도
6528734-5-1,의한 이런
6046529-6-0,되고 국가간
6046529-6-1,50년대의 잘못을 반복하지
6046529-6-2,환경파괴에
6513004-6-0,대처하기
6513004-6-1,이민법을 만들자
6528734-6-0,체계적
6528734-6-1,50년대
6528734-6-2,환경파괴에
6046529-7-0,노동허가가
6046529-7-1,10년
6046529-7-2,1년간
6513004-7-0,경우 노동허가
6513004-7-1,1년간
6528734-7-0,노동허가
6528734-7-1,1년간
6046529-8-0,제일 큰
6046529-8-1,민족민주당(NPD
6046529-8-2,청소년들 사이에 퍼져
6513004-8-0,80건
6513004-8-1,309건
6513004-8-2,6천 5백만
6528734-8-0,12배
6528734-8-1,동독의 극우파가
6528734-8-2,6천 5백만
6046529-9-0,2차 세계대전
6046529-9-1,위해 어릴 때부터
6513004-9-0,다민족
6513004-9-1,문화편견
6528734-9-0,이민
6528734-9-1,다양한 문화예술교육
6046529-10-0,12년째
6046529-10-1,2010년
6046529-10-2,이러한 활등
6513004-10-0,기관인
6513004-10-1,기관인
6513004-10-2,2010년
6528734-10-0,350여개의 이민자 단체
6528734-10-1,기관인
6528734-10-2,이러한 활등의 일환
6046529-11-0,3주간
6046529-11-1,12일까지
6513004-11-0,12일까지
6513004-11-1,이민단체들이
6528734-11-0,문화 퍼레이드로 포문
6528734-11-1,이민단체들이
6528734-11-2,이민단체들이
6531194-0-0,웨스트엔드
6531194-0-1,영국 웨스트엔드
6531204-0-0,2005년
6531204-0-1,시어터
6531204-0-2,2005년
6129078-0-0,2006년 1월
6129078-0-1,웨스트엔드
6531194-1-0,남우주연상
6531194-1-1,헬프만 어워드
6531204-1-0,최고
6531204-1-1,2007년 11월
6129078-1-0,시드니 시어터 어워드
6129078-1-1,7개 부문
6531194-2-0,빌리 아빠
6531194-2-1,10개 부문
6531204-2-0,임페리얼 시어터
6531204-2-1,2008년 11월
6129078-2-0,토니 어워드
6129078-2-1,2008년
6531194-3-0,2010년
6531194-3-1,2010년
6531204-3-0,2010년
6531204-3-1,2010년
6129078-3-0,2010년
6129078-3-1,2010년
6531194-4-0,2010년
6531194-4-1,LG 아트센터
6531204-4-0,2010년
6531204-4-1,2010년
6129078-4-0,국가로서는 최초
6129078-4-1,2010년
6531194-5-0,윌킨슨 부인
6531194-5-1,구속적
6531204-5-0,아빠
6531204-5-1,위치한
6129078-5-0,권투 코치인 조지
6129078-5-1,일찍이
6531194-6-0,자존심을 버리기로한다
6531194-6-1,취해 그의 죽
6531204-6-0,아빠
6531204-6-1,마가렛 대처
6129078-6-0,아빠는 빌리
6129078-6-1,넘어선 어마어마한
6531194-7-0,파업 수당
6531194-7-1,파업 방해자
6531204-7-0,넘어가
6531204-7-1,꿈을 위해 빌리
6531194-8-0,받고 빌리
6531194-8-1,도착했다
6531204-8-0,아빠는 심하게
6531204-8-1,빌리와 아빠
6129078-8-0,힐난하며
6129078-8-1,빌리와 아빠
6531194-9-0,쓰레기통
6531194-9-1,파업을 그만두고 도로
6531204-9-0,더럼
6531204-9-1,주웠고
6129078-9-0,도로
6129078-9-1,구겨진
6129078-9-2,그러나
6483060-0-0,1963년
6483060-0-1,"에클스턴과, 닥터"
6483060-0-2,일부 야외 장면
5783173-0-0,1963년
5783173-0-1,1081만
5783173-0-2,시작했으며
6475932-0-0,그리고
6475932-0-1,1963년
6483060-1-0,크리스토퍼
6483060-1-1,마크 벤턴)
6483060-1-2,노엘 클라크)가
5783173-1-0,마네킹들
5783173-1-1,역사를 넘나드
5783173-1-2,로즈가 클라이브와 대화하
6475932-1-0,마네킹
6475932-1-1,조사하다가 역사
5783173-2-0,머리를 뽑아내어
5783173-2-1,미소지으며
5783173-2-2,오톤
6475932-2-0,자체라는 것
6475932-2-1,오톤들
6483060-3-0,1963년
6483060-3-1,원래 1963년에
6483060-3-2,러셀 T 데이비스
5783173-3-0,1989년
5783173-3-1,1963년
5783173-3-2,45분 분량
6475932-3-0,45분
6475932-3-1,과정에서 《뱀파이어
6483060-4-0,2004년 3월
6483060-4-1,1963년
5783173-4-0,9대
5783173-4-1,낡은 가죽
6475932-4-0,1963년
6475932-4-1,가죽 재킷은 데이비스
6483060-5-0,로즈 타일러
6483060-5-1,줄리 가드너에
6483060-5-2,2004년 5월 24일
5783173-5-0,2004년 5월 24일
5783173-5-1,클라크도 각각
5783173-5-2,가드너에
6475932-5-0,2004년
6475932-5-1,Rose
6483060-6-0,먹시 스미스는 미키
6483060-6-1,미키
5783173-6-0,Meets
5783173-6-1,먹시 스미스는 미키
5783173-6-2,meets
6475932-6-0,에피소드
6475932-6-1,에피소드
6475932-7-0,뒤에 있는 지퍼
6475932-7-1,데이비스
6483060-8-0,에피소드
6483060-8-1,대신에 키스 보크가
5783173-8-0,앤서니 윌리엄스가
5783173-8-1,카디프의 워킹
6475932-8-0,아티스트
6475932-8-1,카디프의 워킹
6483060-9-0,Henrik
6483060-9-1,레스토랑은 '라 포세
5783173-9-0,Henrik's
5783173-9-1,런던 아이
5783173-9-2,백화점
6475932-9-0,일하는 '헨릭스
6475932-9-1,하길 바랬지만
6483060-10-0,2005년 3월
6483060-10-1,영국
6483060-10-2,1996년
5783173-10-0,에피소드의 최종
5783173-10-1,990만
5783173-10-2,1081
6475932-10-0,1081
6475932-10-1,BARB)의 비공식
6483060-11-0,2006년 3월
6483060-11-1,CBC
6483060-11-2,2005년 5월 21일
5783173-11-0,사이파이
5783173-11-1,2005년
5783173-11-2,2005년 6월
6475932-11-0,영국
6475932-11-1,미국
6475932-12-0,북메이커들이
6475932-12-1,크리스마스에
6483060-13-0,진지하게 받아들여서 무섭게
6483060-13-1,Michael Hanlon
6475932-13-0,만든 점
6475932-13-1,Hanlon
6483060-14-0,환영받았는지
6483060-14-1,하나로 〈Rose〉
5783173-14-0,2013년
5783173-14-1,Alasdair Wilkins)는 에피소드에
5783173-14-2,Rose〉
6475932-14-0,부여했고
6475932-14-1,"칭찬하면서 ""눈부신"
6535170-0-0,분자영양학(分子營養學
6535170-0-1,2005년
6509181-0-0,"2,500개"
6509181-0-1,2005년
6119159-0-0,"2,500개로"
6119159-0-1,이해하고자
6119159-0-2,인자로써 영양소가 부각되면서
6535170-1-0,의하여
6535170-1-1,의하여
6119159-1-0,인자라기보다
6119159-1-1,태아는 영양소
6119159-1-2,발현에 매우
6119159-2-0,근간
6119159-2-1,자체가 다르다
6119159-2-2,연구방법의 접근 자체가
6535170-3-0,때문에 가장
6535170-3-1,발현유전체지도
6119159-3-0,최종목표
6119159-3-1,관찰된
6119159-3-2,치료 및 예방
6535170-4-0,제시하여야 진정한
6535170-4-1,우리가
6119159-4-0,제시하여야 진정한
6119159-4-1,DRI)
6522900-0-0,308점
6522900-0-1,시간차 공격만
6522903-0-0,데뷔 시즌 정규
6522903-0-1,그 해 신인들
6522903-0-2,308점)
6457904-0-0,데뷔 시즌 정규
6457904-0-1,4순위
6457904-0-2,그 해 신인들
6547909-0-0,정부를 세우고
6547909-0-1,그곳에서 히틀러와 상의
6590443-0-0,독일의 보호아래
6590443-0-1,정부를 세우고
6547909-1-0,알프스의 스키장인 '그랑삿소
6547909-1-1,에마누엘레
6590443-1-0,에마누엘레 3세
6590443-1-1,1943년 7월
6590443-1-2,에마누엘레 3세
6547909-2-0,본토지역에
6547909-2-1,정식
6590443-2-0,Taylor
6590443-2-1,1943년
6590443-2-2,정식으로 연합국에
6547909-3-0,14일
6547909-3-1,파볼리니가 구상한
6590443-3-0,베로나
6590443-3-1,Council
6590443-3-2,17명
6547909-4-0,정책들이 입안하도록
6547909-4-1,나치 독일
6590443-4-0,Istria
6590443-4-1,받을수
6590443-4-2,나치 독일
6600010-0-0,일반적으로 빛
6600010-0-1,단일 광섬유에
6566531-0-0,양방향
6566531-0-1,전송체(전형적이라면
6566531-0-2,있기 때문에
5917083-0-0,때문에
5917083-0-1,단일 광섬유에
6600010-1-0,1978년
6600010-1-1,있으며
6566531-1-0,1970년
6566531-1-1,WDM을 이용하면
5917083-1-0,1970년
5917083-1-1,1978년
6600010-2-0,8개
6600010-2-1,DWDM) 같은 전송
6566531-2-0,1550nm
6566531-2-1,5 GHz
6566531-2-2,사용하기도
5917083-2-0,통해 8개
5917083-2-1,100
5939993-0-0,2001년
5939993-0-1,충청북도 청주
5939993-0-2,타이투스(Howard
6570176-0-0,1966년생
6570176-0-1,1973년생
6570179-0-0,2002년
6570179-0-1,1966년생
6465647-0-0,이탈리아인
6465647-0-1,연극성
6541178-0-0,처음으로 주장한
6541178-0-1,1879-1923
6541178-0-2,파리에 살면서
6541198-0-0,이탈리아인
6541198-0-1,하여 영화
6541198-0-2,1911년이었다
6465647-1-0,그의 후계자로서
6465647-1-1,주장하고
6465647-1-2,델뤼크
6541178-1-0,후계자로서
6541178-1-1,프랑스
6541178-1-2,포토제니
6541198-1-0,이러한 사고방식은 마침내
6541198-1-1,프랑스의 루이 델뤼크
6541198-1-2,의미를 갖는 것
6465647-2-0,그러나
6465647-2-1,1921년
6541178-2-0,Hans Richter
6541178-2-1,표현주의
6541198-2-0,화상(畵像)
6541198-2-1,이기주의자
6465647-3-0,이와 같은 독일
6465647-3-1,프랑스
6541178-3-0,형성하기에
6541178-3-1,같은 독일의 새로운
6541198-3-0,커팅 소프트
6541198-3-1,이와 같은 독일
6465647-4-0,영화예술
6465647-4-1,몽타주라
6541178-4-0,1893-1953)
6541178-4-1,몽타주라
6541178-4-2,중단하지
6541198-4-0,프세볼로드
6541198-4-1,영화의 쇼트(카메라
6541198-4-2,여기서 푸도프킨
6465647-5-0,연쇄설
6465647-5-1,음향·음성
6541178-5-0,변증법적인 비약으로서 달성된다
6541178-5-1,상극(相剋) 몽타주
6541198-5-0,세르게이 에이젠슈테인
6541198-5-1,상극 몽타주의 근거
6465647-6-0,블라지(Bela
6465647-6-1,"Blazs, 1884"
6541178-6-0,시인
6541178-6-1,1924년
6541178-6-2,영화>는 대단히
6541198-6-0,映畵言語)
6541198-6-1,영화>는 대단히
6465647-7-0,그 중
6465647-7-1,촬영대본(撮影臺本
6541178-7-0,실제로 큰
6541178-7-1,영국
6541178-7-2,촬영대본(撮影臺本：콘티뉴이티
6541198-7-0,撮影臺本
6541198-7-1,것이나
6541178-8-0,이탈리아
6541178-8-1,영국
6541198-8-0,묘법(描法)이
6541198-8-1,아스트뤼크
6516756-0-0,종합대학
6516756-0-1,9월15일
6508986-0-0,문교부는 부산수산전문학교
6508986-0-1,1953년 4월 1일에
6582250-0-0,1946년 5월 15일
6582250-0-1,8월
6582250-0-2,1946년
6516756-1-0,윤인구의 주도로
6516756-1-1,부산대학’이
6508986-1-0,윤인구의 주도로
6508986-1-1,1947년
6582250-1-0,1945년
6582250-1-1,1946년
6582250-1-2,1947년
6516756-2-0,1953년 9월에
6516756-2-1,윤인구
6508986-2-0,또 폐과되었던 문리과대학
6508986-2-1,흡수되고
6582250-2-0,1953년
6582250-2-1,등 6개
6582250-2-2,26일에
6508986-3-0,하여 3개
6508986-3-1,9월 문교부
6582250-3-0,1976년
6582250-3-1,1977년
6508986-4-0,영남대
6508986-4-1,반대에 앞장서
6582250-4-0,이전보다
6582250-4-1,기계공학과와
6582250-4-2,부산대교수협의회가
6516756-5-0,26
6516756-5-1,부산광역시와
6508986-5-0,1999년
6508986-5-1,2002년 1월
6582250-5-0,26
6582250-5-1,1999년부터 전담팀
6582250-5-2,2002년 1월 2일에
6516756-6-0,2003년
6516756-6-1,학교 발전
6508986-6-0,주식회사 태양
6508986-6-1,송금조
6582250-6-0,305억원
6582250-6-1,발전을 위해
6516756-7-0,5월 21일
6516756-7-1,400억원을 갚지
6508986-7-0,효원굿플러스)
6508986-7-1,이러한 비리 의혹
6582250-7-0,효원굿플러스)
6582250-7-1,800억원
6582250-7-2,사건과 관련해
6516756-8-0,2012년
6516756-8-1,공소시효
6508986-8-0,김인세
6508986-8-1,효원이앤씨
6582250-8-0,이번 사건
6582250-8-1,효원이앤씨
6582250-8-2,수사 과정
6516756-9-0,전문’을 추가하여
6516756-9-1,인증프로그램
6508986-9-0,해당 인증프로그램
6508986-9-1,명칭에 ‘전문’
6582250-9-0,학적부와 각종 증명서
6582250-9-1,전문’
6582250-9-2,일반’을 추
6508986-10-0,나노과학기술대학
6508986-10-1,넘어왔던
6582250-10-0,대학촌이 형성되지
6582250-10-1,2011년 12월
6582250-10-2,2012년
6508986-11-0,재편되어
6508986-11-1,2001년
6582250-11-0,밀양캠퍼스
6582250-11-1,밀양캠퍼스
6582250-11-2,2006년
6508986-12-0,1일부터
6508986-12-1,2009년
6582250-12-0,2009년
6582250-12-1,30년간
6582250-12-2,2012년 3월 1일
6516756-13-0,1월 박재윤 당시
6516756-13-1,2003년
6508986-13-0,경상남도
6508986-13-1,통해 정해진
6582250-13-0,양산캠퍼스는 경상남도
6582250-13-1,2002년 1월 박재윤
6582250-13-2,2003년
6508986-14-0,1954년
6508986-14-1,1960년
6582250-14-0,1954년
6582250-14-1,1960년
6582250-14-2,1996년
6594323-0-0,원(元)이
6594323-0-1,이때부터
6594323-0-2,들어왔으며 이들
6594366-0-0,탐라총관부
6594366-0-1,1273년
6594366-0-2,들어왔으며
6392545-0-0,일본을 공략하기
6392545-0-1,들어왔으며 이들은 훗날
6594323-1-0,응상백(凝霜白)이
6594323-1-1,말고기
6594323-1-2,하잣(돌담)이라
6594366-1-0,조선 왕조
6594366-1-1,팔준마라 불리
6594366-1-2,11년(1429년
6392545-1-0,개창자이자
6392545-1-1,팔준마라
6594323-2-0,200필과
6594323-2-1,가죽
6594323-2-2,처리되어 목자들이
6594366-2-0,비롯해
6594366-2-1,200필
6594366-2-2,있었으며
6392545-2-0,어승마
6392545-2-1,목자
6594323-3-0,기초등록
6594323-3-1,받아들여
6594366-3-0,2005년
6594366-3-1,행정부(고충정
6594366-3-2,12월
6392545-3-0,2005년
6392545-3-1,제주도축산진흥원장을 상대로
6594323-4-0,2020년부터
6594323-4-1,제주도내 말 사육규모
6594323-4-2,밝혀졌다며
6594366-4-0,마사회가 세운
6594366-4-1,"18,634마리로"
6594366-4-2,2007년
6392545-4-0,"18,634마리"
6392545-4-1,등록한
6594323-5-0,2008년에 이루어진
6594323-5-1,제주마 등록
6594366-5-0,10건
6594366-5-1,3명에
6392545-5-0,24개월
6392545-5-1,10건
6525254-0-0,위대한
6525254-0-1,Oz)라
6605253-0-0,The Wizard
6605253-0-1,1900년
6541299-0-0,Wizard of Oz
6541299-0-1,Wizard of Oz)라
6541299-0-2,1903년
6525254-1-0,있는 황금모자
6525254-1-1,자신의 영역에
6605253-1-0,에메랄드시
6605253-1-1,날개 달린
6541299-1-0,가는데
6541299-1-1,윙키들
6541299-1-2,은구두
6525254-2-0,자신의 복화술
6525254-2-1,구두를 빼앗고
6605253-2-0,빼앗고 싶어
6605253-2-1,당기면서 자신
6541299-2-0,양동이
6541299-2-1,자유롭게
6541299-2-2,오마하
6525254-3-0,캔자스로
6525254-3-1,있음을 알려
6605253-3-0,허수아비
6605253-3-1,허수아비
6541299-3-0,도로시와 함께
6541299-3-1,허수아비
6541299-3-2,있음을 알려 주고
6525254-4-0,지혜로
6525254-4-1,토끼구멍에
6605253-4-0,한편 영웅
6605253-4-1,"들었고, 자신"
6541299-4-0,한편 영웅
6541299-4-1,위대한
6541299-4-2,"들었고, 자신"
6525254-5-0,구하지만
6525254-5-1,다시 글린다
6605253-5-0,밤사이 계속
6605253-5-1,그러나
6541299-5-0,밤사이 계속 날아간
6541299-5-1,받게되고
6541299-5-2,다시 글린다
6525254-6-0,핑가리라
6525254-6-1,그것
6605253-6-0,섬을 방문해서 키티커트
6605253-6-1,푸른 진주-큰 힘
6605253-6-2,정복하는데 성공한
6541299-6-0,링키팅크
6541299-6-1,방문해서
6541299-6-2,성공한
6472219-0-0,20단계
6472219-0-1,2008년
5782910-0-0,아르헨티나
5782910-0-1,4년간
5782910-0-2,5점차
6524308-0-0,20단계
6524308-0-1,4년간
6524308-0-2,20단계
6472219-1-0,2006년 7월 12일
6472219-1-1,국
5782910-1-0,아닌 대륙별로
5782910-1-1,시스템으로 FIFA
5782910-1-2,챔피언십
6524308-1-0,오세아니아
6524308-1-1,체스에서
6524308-1-2,횟수만큼 방어
5782910-2-0,이렇다할
5782910-2-1,노르웨이
6524308-2-0,이렇다할
6524308-2-1,이탈리아
6472219-3-0,대륙에서는 최강급
6472219-3-1,월드컵
5782910-3-0,대한민국이나 미국이나 코트디부아르같
5782910-3-1,1998년
6524308-3-0,개근하고 있
6524308-3-1,최고기록인
6553357-0-0,1997년 11월
6553357-0-1,814억원
6393063-0-0,조중훈
6393063-0-1,아일랜드
6553326-0-0,아일랜드 더블린
6553326-0-1,100만달러를 출자해
6553357-1-0,조현아
6553357-1-1,"1,229억원"
6393063-1-0,한진칼
6393063-1-1,조현아
6393063-1-2,장녀 조현아
6553326-1-0,한진칼
6553326-1-1,"1,229억원"
6136099-0-0,공로(公路)에
6136099-0-1,통행권을 갖는 자
6511286-0-0,있다(219조
6511286-0-1,보상금
6511298-0-0,주위토지
6511298-0-1,토지(周圍土地)
6136099-1-0,이웃 토지
6136099-1-1,것은 권리남용
6511286-1-0,있다(240조
6511286-1-1,있다(240조
6511298-1-0,때에는 그 소유자에
6511298-1-1,대하여 나무뿌리
6136099-2-0,50센티
6136099-2-1,2미터
6511286-2-0,50센티
6511286-2-1,된다(242조
6511286-2-2,거리
6511298-2-0,50센티
6511298-2-1,손해배상
6402213-0-0,動作電位
6402213-0-1,1∼100m
6402213-1-0,70 mV
6402213-1-1,70 mV
6402213-2-0,양성 피드백
6402213-2-1,전압 개폐 나트륨
6402213-3-0,결론적
6402213-3-1,inactivated state
6402213-4-0,발화율이라 한다
6402213-4-1,증가시켜
6402213-5-0,랑비에결절
6402213-5-1,시냅스
6402213-6-0,가지돌기
6402213-6-1,미엘린
6402213-7-0,탈분극) 시냅스
6402213-7-1,시냅스전
6402213-8-0,신호는 압력
6402213-8-1,있는 털세포
6402213-9-0,감각 뉴런처럼
6402213-9-1,외부 자극에 대하여
6402213-13-0,나트륨과 칼륨
6402213-13-1,일부는 여전히
6402213-14-0,synaptic knob
6402213-14-1,필요하다(불응기
6402213-15-0,위한 장치가
6402213-15-1,희소돌기아교세포가
6402213-16-0,세포질
6402213-16-1,이렇게
6402213-17-0,1 μm
6402213-17-1,약 20
6402213-20-0,칼슘 이온
6402213-20-1,이음부
6402213-21-0,양전하를 띠
6402213-21-1,염(KCl
6402213-22-0,8 m/s
6402213-22-1,실무율
6402213-24-0,신경독소
6402213-24-1,채널
6402213-25-0,Matteucci)가
6402213-25-1,헬름홀츠가
6402213-26-0,Louis Lapicque)
6402213-26-1,그들은 축삭
6489415-0-0,클럽』에 게재되어
6489415-0-1,왕국」은 후지코
6031465-0-0,연재 당시
6031465-0-1,4년
6577554-0-0,"코로코로"""
6577554-0-1,스토리
6489415-1-0,무기와라
6489415-1-1,공룡대탐험』
6031465-1-0,"시리즈""에서는 단행본"
6031465-1-1,기적의 섬부터
6577554-1-0,후지오 프로만 표기했지만
6577554-1-1,기적의 섬부터
6489415-2-0,그려져 있으며 1화
6489415-2-1,노비타가
6031465-2-0,노비타가
6031465-2-1,깡패보다
6577554-2-0,"우주개척사, 창세일기"
6577554-2-1,남해대모험
6470925-0-0,네드는 하층민
6470925-0-1,없이 오로지 능력만
6469969-0-0,클럽인 볼링
6469969-0-1,하층민
5780988-0-0,네드는 이곳
5780988-0-1,네드는 하층민
6470925-1-0,방어적인
6470925-1-1,신세대
6469969-1-0,접근했기 때문
6469969-1-1,신세대
5780988-1-0,강하고 마초적인
5780988-1-1,열중했고
6470925-2-0,여자들 중
6470925-2-1,대한 불평
6469969-2-0,번째인 사샤
6469969-2-1,않는다면서
6469969-2-2,샐리는 조금 충격
5780988-2-0,정서적으로는 끌려도 육체적
5780988-2-1,여자임을 알고도
5780988-2-2,여러 여자들 중
6657612-0-0,책임하에
6657612-0-1,과정에
6657612-0-2,앙부일구(仰釜日晷
6549083-0-0,李蕆)의 책임하에
6549083-0-1,제작된 옥루
6549083-0-2,15년)
5857972-0-0,1432년
5857972-0-1,1438년
5857972-0-2,제작된 옥루는 해
6657612-1-0,위해 이천
6657612-1-1,조정
6657612-1-2,사형당하였다
6549083-1-0,갑자기
6549083-1-1,1442년
6549083-1-2,갑자기
5857972-1-0,의금부에서 책임
5857972-1-1,금속제련
6509326-0-0,1575년
6509326-0-1,사림인 서인과 김효원
6509326-0-2,삼사(三司)
6120699-0-0,이조전랑직
6120699-0-1,추종하
6120699-0-2,아우(심충겸)와
6509326-1-0,한사(寒士)들로
6509326-1-1,치인(治人)에
6509326-1-2,수기(修己)에
6509334-1-0,수기(修己
6509334-1-1,수기(修己)에
6120699-1-0,치인(治人)에
6120699-1-1,대해
6509326-2-0,인조반정
6509326-2-1,구성하였으나
6509326-2-2,일시적
6509334-2-0,1623년
6509334-2-1,광해군 즉위와
6120699-2-0,대북(大北)과
6120699-2-1,1623년
6120699-2-2,북벌론
6509326-3-0,효종이 죽었
6509326-3-1,인선왕후가
6509326-3-2,아들인 소현세자
6509334-3-0,인선왕후가 승하했
6509334-3-1,논쟁이 발생한
6509334-3-2,소현세자
6120699-3-0,9개월간
6120699-3-1,1년간
6120699-3-2,인선왕후가
6509326-4-0,차지하기
6509326-4-1,본래 싸움을 좋아하고
6509334-4-0,이익
6509334-4-1,그리고 시데하라 아키라
6120699-4-0,이익
6120699-4-1,지배 계층인 양반
6509326-5-0,경신대출척
6509326-5-1,불렸던
6509326-5-2,150명
6509334-5-0,이건창이
6509334-5-1,50년
6509334-5-2,1905년
6120699-5-0,79명
6120699-5-1,피의 일요일”이라
6504981-0-0,1951년 3월
6504981-0-1,2017년
6504981-0-2,Global Asia
6505019-0-0,1951년
6505019-0-1,정치학자이다
6505019-0-2,국제안보대사직
6090144-0-0,2017년
6090144-0-1,1951년 3월
6090144-0-2,2017년
6504981-1-0,정치학
6504981-1-1,전에는 10여
6505019-1-0,메릴랜드
6505019-1-1,켄터키대학교(University of Kentucky
6505019-1-2,제주
6090144-1-0,연세대학교에
6090144-1-1,연세대학교에
6090144-1-2,연세대학교에
6504981-2-0,2015
6504981-2-1,300여
6505019-2-0,2012년
6505019-2-1,2013년
6090144-2-0,300여 편
6090144-2-1,60권
6504981-3-0,화해협력
6504981-3-1,그리고
6504981-3-2,이후 문재인
6505019-3-0,알려진
6505019-3-1,송영무
6505019-3-2,워싱턴
6090144-3-0,문정인
6090144-3-1,2017년 6월
6090144-3-2,참수’ 용어
5876015-0-0,조비는 조조
5876015-0-1,원래 측실이었던
6551260-0-0,"받고, 6살"
6551260-0-1,6살 때
6551260-0-2,8살 때는 말에
5876015-1-0,197년
5876015-1-1,태어난
5876015-1-2,낳았으나
6551260-1-0,25명
6551260-1-1,2년)에 장수
6551260-1-2,208년
5876015-2-0,허창
5876015-2-1,4백년 사직
5876015-2-2,유비(劉備)가
6551260-2-0,220년
6551260-2-1,허창
6551260-2-2,삼국지연의》
5876015-3-0,부활시키고자
5876015-3-1,고평릉
5876015-3-2,위나라의 정권
6551260-3-0,유가 부흥책
6551260-3-1,또한 구품관인법
6551260-3-2,위하여
5876015-4-0,한편 조비 시대
5876015-4-1,각종 야사나
6551260-4-0,노육은 이
6551260-4-1,법률의 가혹함
5876015-5-0,아버지인
5876015-5-1,이릉대전
6551260-5-0,받아들이지 않고 손권
6551260-5-1,오왕
5876015-6-0,자의적으로 법
5876015-6-1,첩이었던
6551260-6-0,포신의 공을 기려
6551260-6-1,사소한 트집
5876015-7-0,진수
5876015-7-1,때문에 위나라
6551260-7-0,없었으니
6551260-7-1,점에서 송의 휘종과
6130884-0-0,않는 영생적
6130884-0-1,죽음
6130884-0-2,죽음을 터부시
6535365-0-0,생활로부터
6535365-0-1,사람들의 「횡사로
6130884-1-0,가까이에
6130884-1-1,공유되
6535365-1-0,확립해
6535365-1-1,공유되
6130884-2-0,20세기 초두에
6130884-2-1,성크리스토퍼
6130884-2-2,운동도
6535365-2-0,현대적
6535365-2-1,3개밖에
6130884-3-0,상처 입힐 수 있
6130884-3-1,생각되는 젊은이에게야말
6535365-3-0,것을 거부하
6535365-3-1,인간답게
6510712-4-0,말하고
6510712-4-1,받으면서
6130884-4-0,계승한
6130884-4-1,본질적인
6535365-4-0,죽음
6535365-4-1,받으면서
6130884-5-0,현장
6130884-5-1,상대로서
6535365-5-0,종교
6535365-5-1,중심
6597756-0-0,사는 물귀신
6597756-0-1,에흐이시커처럼 호소에
6597820-0-0,예컨대 월터 스콧
6597820-0-1,Mackillop
6597756-1-0,속으로 끌고
6597756-1-1,손가락
6597756-1-2,아홉 명
6597820-1-0,Glen Keltney)에
6597820-1-1,전승되
6597756-2-0,Fuoah)라는 제목
6597756-2-1,민답 수집가
6597756-2-2,못된 요정) 비슷한
6597820-2-0,Highlands
6597820-2-1,채록한
6597756-3-0,물풀이 끼어
6597756-3-1,머리카락에 물풀이 끼어
6597756-3-2,집안(Conon House
6597820-3-0,물풀이 끼어
6597820-3-1,능력이 있으며
6597756-4-0,은목걸이(그 정체는 말
6597756-4-1,소녀는 말
6597820-4-0,은목걸이(그
6597820-4-1,외로운
6597756-5-0,나타날
6597756-5-1,제거하는 것으로써 구마가
6597756-5-2,마법적
6597820-5-0,채워지지
6597820-5-1,제거하
6597756-6-0,스코틀랜드의 수역들
6597756-6-1,24시간
6597756-6-2,치료약
6597820-6-0,수역들은 모두
6597820-6-1,이야기는 6세기에
6597756-7-0,주일(일요일)에
6597756-7-1,아니겠냐
6597820-7-0,것이 아니겠냐
6597820-7-1,스칸디나비아
6457372-0-0,7개의 일본
6457372-0-1,1936년 12월
6533022-0-0,현재는 6종)
6533022-0-1,80%
6519464-0-0,35-38
6519464-0-1,35-38
6519464-0-2,지정된 7개
6482509-0-0,적이 없으며
6482509-0-1,수비수 보강
6482509-0-2,이에 반발하며 본인
6601876-0-0,2012년
6601876-0-1,바이아웃
6003438-0-0,측이 수원으로
6003438-0-1,바이아웃 제도에 대한
6482509-1-0,2012년 1월
6482509-1-1,21일
6482509-1-2,33경기에
6601876-1-0,2012년
6601876-1-1,29경기에 출장하였다
6003438-1-0,2012년
6003438-1-1,상하이 상강
6003438-1-2,차두리와
6029824-0-0,영예를 가지고
6029824-0-1,KBS1
6485131-0-0,1963년
6485131-0-1,1996년
6485131-0-2,1963년부터
6485220-0-0,"35시즌, 260"
6485220-0-1,1963년
6485220-0-2,시리즈
6029824-1-0,2012년
6029824-1-1,The
6485131-1-0,2012년
6485131-1-1,하나의 'TV
6485131-1-2,75개국
6485220-1-0,1963년 11월
6485220-1-1,1963년
6029824-2-0,대한민국
6029824-2-1,2015년
6485131-2-0,그로 인한
6485131-2-1,2015년
6485220-2-0,시사회
6485220-2-1,월드투어에
6029824-3-0,13대
6029824-3-1,브로드벤트와
6029824-3-2,브로드벤트와
6485131-3-0,이후 닥터 역
6485131-3-1,그 과정을 지켜보며
6485131-3-2,유작이기도
6485220-3-0,스티븐
6485220-3-1,13대
6485220-3-2,계승하여 9대 닥터부터
6029824-4-0,2010년도
6029824-4-1,임명된 데이비드 테넌트
6485131-4-0,체니는 1년
6485131-4-1,노미네이트될
6485220-4-0,테넌트는 나중에
6485220-4-1,마스터로서 자신
6471429-0-0,전향해 같은 날에
6471429-0-1,개막 이후부터
6471429-0-2,정돈하거나 적은 공
5782874-0-0,6연승
5782874-0-1,구종이었지만
5782874-0-2,고등학교 시절
6554213-0-0,계투로서 등판
6554213-0-1,같은 날에 선발
6471429-1-0,10개
6471429-1-1,A클래스(1위
6471429-1-2,처음
5782874-1-0,9년
5782874-1-1,5회 도중 5실점
5782874-1-2,7월에 4전
6554213-1-0,주축이 되었지만
6554213-1-1,등 7월에 4전
6471429-2-0,무볼넷
6471429-2-1,17승
6471429-2-2,소프트뱅크의 와다
5782874-2-0,17승
5782874-2-1,역사상
5782874-2-2,쓰요시와
6554213-2-0,45년
6554213-2-1,17승
6471429-3-0,염증이 있
6471429-3-1,22일 연습 도중에
6471429-3-2,2008년
5782874-3-0,없었고 병원
5782874-3-1,2008년
5782874-3-2,1군
6554213-3-0,다음날
6554213-3-1,4년
6527236-0-0,하지만 또다시
6527236-0-1,1904년
6473065-0-0,農商工學校)로
6473065-0-1,통감부와 대한제국
6194880-0-0,상과와 공과
6194880-0-1,1907년
6527236-1-0,50명
6527236-1-1,1909년
6194880-1-0,공업업계’라
6194880-1-1,1915년
6527236-2-0,1935년
6527236-2-1,교육계
6473065-2-0,2/3가량
6473065-2-1,27:1까지
6194880-2-0,1940년대
6194880-2-1,이전
6527236-3-0,교육연한은 3년이었고
6527236-3-1,1939년
6473065-3-0,경성광산전문학교
6473065-3-1,이과양성소(理科養成所
6194880-3-0,경성공업전문학교로
6194880-3-1,3년이었고
6548327-0-0,1년
6548327-0-1,RapsodY
6472391-0-0,소울 커넥션에
6472391-0-1,싱글 [해피
6472391-0-2,2009년
5783006-0-0,소울 커넥션에 입단하게
5783006-0-1,맞이 디지털
5783006-0-2,RapsodY]가
6548327-1-0,2009년
6548327-1-1,Blame on
6472391-1-0,Love
6472391-1-1,아직까지도〉
6472391-1-2,Love
5783006-1-0,2009년
5783006-1-1,2010년
5783006-1-2,2015년
6548327-2-0,똥〉을 통해
6548327-2-1,수장 격인
6472391-2-0,공개곡
6472391-2-1,Maslo
6472391-2-2,전체를 대표하여 똥개
5783006-2-0,J-TONG
5783006-2-1,J-TONG
5783006-2-2,대표하여
6481144-0-0,1994년
6481144-0-1,1991년
6481144-0-2,1994년
6264316-0-0,1991년 7월
6264316-0-1,1991년 7월 2일
6264316-0-2,1994년
6481149-0-0,고은’이라
6481149-0-1,1991년 7월
6481144-1-0,한국예술종합학교
6481144-1-1,정지우
6481144-1-2,소설가 박범신
6264316-1-0,한국예술종합학교
6264316-1-1,한국예술종합학교
6264316-1-2,빼어난
6481149-1-0,권유로 영화 《은교
6481149-1-1,올라
6481144-2-0,네버다이 버터플라이》가 2013년
6481144-2-1,2014년
6481144-2-2,복귀작인 범죄 스릴러
6264316-2-0,2013년
6264316-2-1,몬스터》로
6264316-2-2,복귀작인
6481149-2-0,네버다이 버터플라이
6481149-2-1,버터플라이》가
6481144-3-0,2015년
6481144-3-1,54회
6481144-3-2,기억》
6264316-3-0,김혜수
6264316-3-1,꼽아왔던 전도연과
6264316-3-2,극중 부모
6481149-3-0,2015년
6481149-3-1,받아
6481144-4-0,2015년
6481144-4-1,호평을 받으며 제52회
6481144-4-2,2015년
6264316-4-0,동명의 인기
6264316-4-1,2015년
6264316-4-2,백상예술대상
6481149-4-0,tvN
6481149-4-1,여자 신인연기상
6464838-0-0,남쪽으로 철도
6464838-0-1,간의 오사카부
6570133-0-0,와카야마
6570133-0-1,1994년
6570134-0-0,서측에 자리한
6570134-0-1,향하는 특급
6570134-0-2,1994년
6464838-1-0,쾌속과 보통이
6464838-1-1,종착하기 때문에 히네노
6464838-1-2,15일 시간표 개정까지
6570133-1-0,히네노
6570133-1-1,2008년
6570134-1-0,히네노
6570134-1-1,이즈미스나가와
6570134-1-2,2008년
6464838-2-0,단락선을 복선화하
6464838-2-1,8량 편성
6464838-2-2,복선화
6570133-2-0,단선
6570133-2-1,쾌속도 운전이
6570134-2-0,영향을 끼치
6570134-2-1,8량 편성
6464838-3-0,슈퍼 구로시오·오션애로우
6464838-3-1,기노쿠니
6464838-3-2,때에는 9량
6570134-3-0,간사이 공항선에
6570134-3-1,시간당 4편 가까이
6570134-3-2,때에는 9량
6464838-4-0,라이너 이즈미'가
6464838-4-1,개정에 따라
6464838-4-2,1986년 11월
6570133-4-0,1986년
6570133-4-1,1984년
6570134-4-0,가 전신이다
6570134-4-1,와카야마
6570134-4-2,2009년
6464838-5-0,특급 하루카와
6464838-5-1,8량 편성
6464838-5-2,덴마 역과 사쿠라노미야
6570133-5-0,1994년 9월부터
6570133-5-1,2008년
6570134-5-0,특급 하루카와
6570134-5-1,2008년
6570134-5-2,호도 있었으나
6464838-6-0,운행하
6464838-6-1,쾌속과 간쿠
6570133-6-0,1~5호차
6570133-6-1,4량씩
6570134-6-0,더하여
6570134-6-1,1~5호차
6464838-7-0,10편
6464838-7-1,1편씩
6570133-7-0,내에서
6570133-7-1,내에서
6570134-7-0,직통 쾌속
6570134-7-1,223계
6464838-8-0,3편씩
6464838-8-1,때문에 후속
6570134-8-0,우에노시바
6570134-8-1,3편씩
6479386-0-0,갈릴레오 갈릴레이가
6479386-0-1,천문학자인 시몬
6479386-0-2,술시중
6473069-0-0,천문학자인 시몬 마리우스
6473069-0-1,그리스
6473069-0-2,탐사선(JUICE)이
5782981-0-0,파이어니어
5782981-0-1,1610년
5782981-0-2,술시중
5782981-1-0,아마도 1
5782981-1-1,이 조석 가열
6479386-2-0,43
6479386-2-1,50%~90
6479386-2-2,표면
6473069-2-0,50%~90
6473069-2-1,존재할 것이
5782981-2-0,43% 정도이다
5782981-2-1,50
5782981-2-2,Na2SO4)이
6479386-3-0,준 것은 조석
6479386-3-1,방사열은 위성
6479386-3-2,것도 조석 가열
6473069-3-0,있는 긴 줄이
6473069-3-1,관련성이
5782981-3-0,예를 들어
5782981-3-1,자연적인 지각
6479386-4-0,보인다
6479386-4-1,40억
6479386-4-2,나이를 추산한
6473069-4-0,보인다
6473069-4-1,시뮬레이션
5782981-4-0,40억 년
5782981-4-1,이렇게
6479386-5-0,외기권)이
6479386-5-1,외기권)이
6473069-5-0,보이저호
6473069-5-1,외기권)이
5782981-5-0,외기권)이
5782981-5-1,아마도 극광일
6479386-6-0,가니메데에서 G1
6479386-6-1,2 nT
6479386-6-2,목성
6473069-6-0,모멘트
6473069-6-1,목성의 거리 정도
5782981-6-0,6번
5782981-6-1,2 nT
6479386-7-0,산소 원자
6479386-7-1,전자와 이온
6473069-7-0,우주 공간에 약하면서
6473069-7-1,지속적
5782981-7-0,이온으로는 산소 원자
5782981-7-1,가니메데
6479386-8-0,강착
6479386-8-1,분화되는 등
6473069-8-0,가니메데
6473069-8-1,있음에도 불구하고
5782981-8-0,1만년
5782981-8-1,있음에도 불구하고
6479386-9-0,이것은 분화
6479386-9-1,이와 함께
6473069-9-0,형성 이후
6473069-9-1,건전지처럼
5782981-9-0,형성 이후
5782981-9-1,방출하는 것보다
6479386-10-0,유럽우주국
6479386-10-1,2020년
6473069-10-0,2020년
6473069-10-1,2009년
6473069-10-2,목성계 임무(EJSM
5782981-10-0,유럽우주국은 가니메데
5782981-10-1,5호로 발사된다
6481436-0-0,1915년 개신교
6481436-0-1,1916년 12월
6481436-0-2,조선으로 돌아왔고
6481436-1-0,3·1
6481436-1-1,고려공산청년회와
6481436-1-2,참가하였고
6481436-3-0,1925년 10월
6481436-3-1,1929년
5852476-0-0,"과 ""문학적 가치"
5852476-0-1,그것을 사용하
5852476-0-2,특정한
6548184-0-0,문예학
6548184-0-1,순수문학만
6548184-0-2,"literature""(문학"
5852476-1-0,시각매체인 악보로
5852476-1-1,대한 탐구
5852476-1-2,포르켈등을 위시한
6548184-1-0,때문에 음악과 음악
6548184-1-1,음악이론과 분석담론 및
6548184-1-2,단 음악연주
5852476-2-0,공연예술학
5852476-2-1,관객 앞
5852476-2-2,관객에게 공연하
6548184-2-0,공연예술학
6548184-2-1,무대 예술가들
6548184-2-2,동안에는 종종
5852476-3-0,간주되는데
5852476-3-1,안무
5852476-3-2,그리고
6548184-3-0,안무는 춤
6548184-3-1,비르투오소
6548184-3-2,스포츠
5852476-4-0,의미했다<philosophy = philos
5852476-4-1,단어는 고대
5852476-4-2,관조하
6548184-4-0,의미했다<philosophy = philos
6548184-4-1,철학”은 대체로 고대
6548184-4-2,첫 부분
5852476-5-0,6세기경에
5852476-5-1,동양
5852476-5-2,아리스토텔레스
6548184-5-0,중국인들
6548184-5-1,도덕에서 법
6548184-5-2,전쟁에 의해
5852476-6-0,소리가 필수이듯이
5852476-6-1,심리적
5852476-6-2,아이작 뉴턴을 포함하
6548184-6-0,서양
6548184-6-1,포함하는 일부
6548184-6-2,다른 색들에
6526294-0-0,오츠카제약이
6526294-0-1,개발한 아리피프라졸(aripiprazole
6526294-0-2,아스트라제네카사
6526295-0-0,아리피프라졸
6526295-0-1,오츠카제약이 개발한 아리피프라졸(aripiprazole
6526295-0-2,아스트라제네카사
6466730-0-0,아리피프라졸(aripiprazole
6466730-0-1,아리피프라졸을 비롯한 그
6526294-1-0,현상이 생길
6526294-1-1,특히 고령자가
6526295-1-0,노르아드레날린 특정 세로토닌
6526295-1-1,NaSSA)인
6466730-1-0,노르아드레날린 특정 세로토닌
6466730-1-1,뇌졸중
6526294-2-0,탐구하고
6526294-2-1,심리치료)
6526295-2-0,대해 막연한
6526295-2-1,심리치료)
6526294-3-0,인간의 중추신경계에
6526294-3-1,괴기한 행동
6526295-3-0,사용된 CNS
6526295-3-1,마약류관리법
6466730-3-0,마약류관리법에 따라
6466730-3-1,것으로서
6481989-0-0,대학교 졸업
6481989-0-1,5월 30일
6481989-0-2,100분 토론》에
5998676-0-0,2009년
5998676-0-1,문재인
5998676-0-2,이명박의 등록금 반값
6511755-0-0,2010년
6511755-0-1,이명박
6511755-0-2,문재인
5892737-0-0,505km
5892737-0-1,위해 구상된
5892737-1-0,미야자키현에
5892737-1-1,25Km
5892737-2-0,나라 시에 역
5892737-2-1,주오 신칸센
5892737-3-0,직선 경로
5892737-3-1,교통정책 담당자
6533246-0-0,유일하게
6533246-0-1,오평호
6463955-0-0,중심
6463955-0-1,요한계시록
6463955-0-2,배도자(유재열)와
6538210-0-0,장막성전이
6538210-0-1,유재열
6538210-0-2,자신들이
6533246-1-0,24 장
6533246-1-1,21장처럼
6463955-1-0,4장
6463955-1-1,14만
6538210-1-0,요한계시록 4장
6538210-1-1,14장처럼
6533246-2-0,본부측
6533246-2-1,2007년
6463955-2-0,걸쳐 여러
6463955-2-1,본부측
6463955-2-2,2009년 10월
6538210-2-0,PD수첩
6538210-2-1,있으며
6481169-0-0,Display
6481169-0-1,이러한
6472073-0-0,디스플레이
6472073-0-1,컴퓨터 기반
5782996-0-0,Display
5782996-0-1,디스플레이 패널을 설치하여
5782996-0-2,이러한
6481169-1-0,DID 패널
6481169-1-1,시각적
6472073-1-0,공공용
6472073-1-1,그러나
6472073-1-2,무조건 장점만
5782996-1-0,특징으로는 사용자
5782996-1-1,대표적인
5782996-1-2,터치스크린이기 때문에
6481169-2-0,117개 모든
6481169-2-1,913대
6472073-2-0,승객들의 만족도를 높여주기
6472073-2-1,913대
5850021-0-0,주도했던 인물이 넷째였던
5850021-0-1,1910년
5850021-0-2,신흥강습소
6547938-0-0,기득권을 버리고
6547938-0-1,위안스카이가
6547949-0-0,60명
6547949-0-1,신흥강습소
6547949-0-2,지린에
5850021-1-0,참을수 없었던 이규봉이
5850021-1-1,우물가에서 대낮인데도
6547949-1-0,그러나
6547949-1-1,없었던 이규봉이
5850021-2-0,백정기
5850021-2-1,밀정행위를 한
5850021-2-2,의심하였고
6547938-2-0,증거를 가지고
6547938-2-1,1932년 10월
6547949-2-0,의심스럽게
6547949-2-1,일본경찰
6547949-2-2,임시정부임정
6575115-0-0,Mola
6575115-0-1,가지각색
6478823-0-0,몸이 전반적
6478823-0-1,예로부터 눈
6478833-0-0,가지각색
6478833-0-1,가지각색
6478833-0-2,프랑스어
6575115-1-0,나오는 흰색
6575115-1-1,대한민국
6575115-1-2,파는 것
6478823-1-0,이름
6478823-1-1,껍질은 삶으면 흐물흐물해지는데
6478823-1-2,한편 유럽 연합
6478833-1-0,나오는 흰색
6478833-1-1,하는데 비린내가 안
6478833-1-2,한편 유럽 연합
6575115-2-0,포르투갈
6575115-2-1,반입한
6478823-2-0,유럽
6478823-2-1,몬테레
6478833-2-0,수족관
6478833-2-1,아쿠아리움
6478833-2-2,일본
5952370-0-0,동림당원
5952370-0-1,복사(復社
6572451-0-0,동림당원
6572451-0-1,이자성
6572451-0-2,復社)’에
6572472-0-0,동림당원
6572472-0-1,명나라가
6572472-0-2,절조를 지켜 이민족
5952370-1-0,개량파(改良派
5952370-1-1,비판하고
6572451-1-0,改良派
6572451-1-1,황종희를 ‘중국의 루소
6572472-1-0,군주전제
6572472-1-1,중국의 루소’라
5952370-2-0,형식으로서
5952370-2-1,기술하고 다음에
6572451-2-0,196인
6572451-2-1,16학안
6572472-2-0,16학안
6572472-2-1,것인데
6579230-0-0,라이너스 달링
6579230-0-1,되었으며
6579230-0-2,가족과 함께
6494295-0-0,루시는 영국
6494295-0-1,스코틀랜드계
6494295-0-2,달링은 11세에 고아가
6404796-0-0,루시는 영국
6404796-0-1,11세
6579230-1-0,1909년
6579230-1-1,1909년
6579230-1-2,Abbie)
6494295-1-0,라이너스
6494295-1-1,1909년
6494295-1-2,위궤양
6404796-1-0,Abbie)
6404796-1-1,헤만에게 진정제
6579230-2-0,The Oregonian
6579230-2-1,되기로 결심한
6579230-2-2,화학공학자가
6494295-2-0,일찍부터
6494295-2-1,로이드 제프레스
6494295-2-2,주겠다고
6404796-2-0,고등학교
6404796-2-1,로이드 제프레스
6579230-3-0,워싱턴고등학교는 45년 뒤
6579230-3-1,거절당했고
6579230-3-2,명예졸업장
6494295-3-0,45년 뒤
6494295-3-1,채워놓은 상태여서 대학에
6494295-3-2,1917년 9월
6404796-3-0,45년 뒤
6404796-3-1,1주일
6579230-4-0,1917년
6579230-4-1,이린(Irene
6579230-4-2,정량분석
6404796-4-0,25센트
6404796-4-1,비영리
6579230-5-0,그리하여 그는 양자화학이
6579230-5-1,화학부
6579230-5-2,4학년 겨울 무렵
6494295-5-0,가정경제학
6494295-5-1,그곳
6404796-5-0,양자화학이라
6404796-5-1,대상
6579230-6-0,코발리스(Corvallis
6579230-6-1,1917년
6579230-6-2,17일
6494295-6-0,1917년
6494295-6-1,1923년 6월
6404796-6-0,1917년
6404796-6-1,1922년
6579230-7-0,혼성오비탈
6579230-7-1,이온결합
6579230-7-2,원자간에 전자의 이동이
6404796-7-0,혼성오비탈
6404796-7-1,말하는 것이고 공유결합
6579230-8-0,케쿨레
6579230-8-1,방향족 탄화수소의 구조
6404796-8-0,중 세
6404796-8-1,새로운
6579230-9-0,단백질
6579230-9-1,폴링은 단백질의 변성
6579230-9-2,그리고
6404796-9-0,실험을 통해 단백질
6404796-9-1,나선형
6579230-10-0,1952년
6579230-10-1,1952년
6579230-10-2,1953년
6404796-10-0,연구에 관심
6404796-10-1,DNA
6579230-11-0,이베르트 웰스
6579230-11-1,이라는 논문을 사이언스
6404796-11-0,증거물이었고
6404796-11-1,"싱어, 그리고 이베르트"
6579230-12-0,발생한다는 믿음에
6579230-12-1,1968년
6579230-12-2,폴링은 정신병이
6404796-12-0,폴링은 “분자의학”이라
6404796-12-1,1965년
6579230-13-0,비타민 C 3
6579230-13-1,감기>라
6579230-13-2,폴링은 암 환자들
6494295-13-0,1973년
6494295-13-1,설립하였다
6494295-13-2,1996년
6404796-13-0,4배나
6404796-13-1,캘리포니아 먼로
6579230-14-0,주장하는 단체로
6579230-14-1,유니언
6579230-14-2,1939년
6404796-14-0,막아야한다고
6404796-14-1,역시
6579230-15-0,원자과학자연맹
6579230-15-1,것이 목적인 원자과학자
6579230-15-2,아인슈타인
6404796-15-0,전국적으로 조직하면서
6404796-15-1,1946년
6579230-16-0,그는 반핵연설
6579230-16-1,두브리지
6579230-16-2,1958년
6494295-16-0,1954년
6494295-16-1,1962년
6494295-16-2,1963년 10월
6404796-16-0,1950년대
6404796-16-1,1954년
6543926-0-0,경상남도 남해군
6543926-0-1,자신이 담당한
6543926-0-2,자신이 담당한
6543951-0-0,남해군
6543951-0-1,선수였으나
6543951-0-2,신림고등학교
5835685-0-0,남서울중학교
5835685-0-1,엘리트 스포츠 경험이 전무하여
6543926-1-0,한국체육대학교
6543926-1-1,대한민국
6543926-1-2,2012년
6543951-1-0,2012년
6543951-1-1,이어 한국체육대학교에
5835685-1-0,윤성빈은 톱 10에
5835685-1-1,2012년
6543926-2-0,2012년 9월에
6543926-2-1,2014년
6543926-2-2,월드컵 5차 대회
6543951-2-0,2012년 9월에
6543951-2-1,은메달을 목에
5835685-2-0,2012년
5835685-2-1,2016년
6657344-0-0,뮤직비디오
6657344-0-1,그레이스가
6657344-0-2,기명
6522950-0-0,원테이크로
6522950-0-1,참가자들
6522957-0-0,원테이크로
6522957-0-1,참가자들
6522957-0-2,케이시가
6657344-1-0,보이비
6657344-1-1,뽑힌 자이언트 핑크
6657344-1-2,육지담
6522950-1-0,자이언트
6522950-1-1,팀원으로 육지담과
6522950-1-2,프로듀서
6522957-1-0,팀으로 나눠서
6522957-1-1,선정한
6522957-1-2,노래와 팀원
6657344-2-0,전에 영구 탈락
6657344-2-1,온라인
6657344-2-2,쿨키드와 애쉬비가
6522950-2-0,전소연이
6522950-2-1,그레이스
6522950-2-2,쿨키드와 애쉬비가
6522957-2-0,유나킴
6522957-2-1,전소연이
6522957-2-2,애쉬비가
5856526-0-0,번째 원형으로서
5856526-0-1,이데올로기
5856526-0-2,더이상
6657592-0-0,번째 원형으로서
6657592-0-1,보수적인
6657592-0-2,하는 구체제
6548896-0-0,위험한
6548896-0-1,전통적인 군주제
6548896-0-2,자유민주주
5856526-1-0,비롯되었지만
5856526-1-1,고전주의적 자유주의
6657592-1-0,특히 고전주의적
6657592-1-1,한다(개인주의적
6548896-1-0,반대로 민주주의
6548896-1-1,따라서 자유민주주의
5856526-2-0,아니라 종류
5856526-2-1,평등을 말하며
6657592-2-0,정도의 차이만이 아니라
6657592-2-1,전(前)국가적
6657592-2-2,유한의 가치
6548896-2-0,보면서
6548896-2-1,말하지만 자유주의
6548896-2-2,되었다고
5856526-3-0,제헌 헌법
5856526-3-1,헌법재판소는 이에
6657592-3-0,1919년
6657592-3-1,이석기
6548896-3-0,1919년
6548896-3-1,배제하
6548896-3-2,1948년
6571008-0-0,대선까지는 주
6571008-0-1,1년 6개월동안
6571008-0-2,억울하게
6571011-0-0,6개월동안
6571011-0-1,2009년
6571011-0-2,Call
6571008-1-0,반론으로 자신
6571008-1-1,박정희
6571011-1-0,대한 반론
6571011-1-1,끊임없이 이의가
5999885-0-0,당시 기억에
5999885-0-1,2014년
5999885-0-2,패배하였으나
6482279-0-0,2009년
6482279-0-1,2009년
6488464-0-0,스포츠레저학과에
6488464-0-1,이 당시 기억에
6488464-0-2,패배하였으나
5999885-1-0,컬링에 출전해
5999885-1-1,다시
5999885-1-2,위니펙
6482279-1-0,다시
6482279-1-1,아시아
6482279-1-2,출전해
6488464-1-0,결승전에서 중국
6488464-1-1,다시 국가대표로 출전해
6488464-1-2,컬링에 출전해
6463744-0-0,몸담았던
6463744-0-1,Steelheart〉
6463744-0-2,몸담았던
6519240-0-0,Steelheart)
6519240-0-1,Gone〉이
6519282-0-0,1990년
6519282-0-1,1990년
6519282-0-2,1990년
6560117-0-0,의혹 논란이 뒤늦게
6560117-0-1,무역학과에
5899902-0-0,대조영》을 촬영중이던
5899902-0-1,해명한즉
5899902-0-2,2007년
6560132-0-0,2007년
6560132-0-1,경영학과 비학위속성
6560132-0-2,집안 사정
6466869-0-0,페르소나(persona
6466869-0-1,마케팅 전략 수립
6567116-0-0,유형들
6567116-0-1,개인의 개성
6567116-0-2,수립을 위한
6567123-0-0,페르소나
6567123-0-1,개성
6466869-1-0,"때에도 ""루비""라"
6466869-1-1,다양한 사용자들
6567116-1-0,지원 프로그램
6567116-1-1,언어를 개발할 때
6567116-1-2,세이전트의 고객들
6567123-1-0,"개발할 때에도 ""루비"
6567123-1-1,기능성
6466869-2-0,프루이트와 아드린
6466869-2-1,상호소통
6567116-2-0,위한 상호소통
6567116-2-1,제품 개발에 있어서
6567123-2-0,이해를 위한 상호소통
6567123-2-1,프루이트와 아드린
6601749-0-0,특이점이라
6601749-0-1,것이
6601749-0-2,이음으로써
6260956-0-0,보아도 무방한 만큼
6260956-0-1,미래학자나
6480893-0-0,특이점이라
6480893-0-1,것)이나
6601749-1-0,초지능
6601749-1-1,어빙 존 굿이
6601749-1-2,근본적
6260956-1-0,기술적
6260956-1-1,근본적
6480893-1-0,주장한 미래학자
6480893-1-1,1965년
6480893-1-2,기하급수적인
6601749-2-0,특이점주의자
6601749-2-1,부르는 사람들이
6260956-2-0,기술적
6260956-2-1,이해함과 동시에
6480893-2-0,Singularitarians)라
6480893-2-1,미래학자
6480893-2-2,트랜스 휴먼
6601749-3-0,전부 데이터로서
6601749-3-1,이미지 캡처
6601749-3-2,아시모프
6260956-3-0,같은 회사는 쉬운
6260956-3-1,질문」에서는 이렇게
6480893-3-0,사이
6480893-3-1,전부 데이터로서
6480893-3-2,62%
6601749-4-0,같은 난치병들 중에는 세포
6601749-4-1,이용해여
6260956-4-0,거부반응
6260956-4-1,그치
6480893-4-0,세포의 변이나 사멸로
6480893-4-1,따르면
6480893-4-2,기술을 이용한
6601749-5-0,영국의 철학자이자
6601749-5-1,철학과 교수
6601749-5-2,대해 앤더스 샌드버그
6260956-5-0,철학자이자
6260956-5-1,철학과 교수
6260956-5-2,있고 또 그렇게
6480893-5-0,Extropy
6480893-5-1,철학과 교수
6480893-5-2,주장하는 철학적
6601749-6-0,물리적
6601749-6-1,인간임과 동시에
6601749-6-2,한다고
6260956-6-0,포스트
6260956-6-1,결국 트랜스
6480893-6-0,신인류’로
6480893-6-1,세계관과 철학에
6480893-6-2,이러한 미래학적
6601749-7-0,하버드
6601749-7-1,하나의 우상이 되고
6260956-7-0,말해왔다”며
6260956-7-1,대해 회의적인
6480893-7-0,하버드
6480893-7-1,일리노이대
6601749-8-0,유명한
6601749-8-1,불과하다고
6601749-8-2,빈곤
6260956-8-0,토머스
6260956-8-1,18세기
6480893-8-0,인구론」에서 비판한 바
6480893-8-1,멜서스
6480893-8-2,자원의 부족
6601749-9-0,판가름하
6601749-9-1,심리적 과정이라
6260956-9-0,때문에 기술이 아무리
6260956-9-1,튜링 테스트
6480893-9-0,널리 채용해
6480893-9-1,규정하려는 행동주의
6601749-10-0,5단계
6601749-10-1,이러한
6260956-10-0,이러한
6260956-10-1,지적 기능은 인간
6480893-10-0,우수할 수도 있지만
6480893-10-1,이성적 판단을 내릴
6548884-0-0,밝히기를 자위행위
6548884-0-1,일부에서 빌리 조엘
6176494-0-0,늪> 역시
6176494-0-1,Masturbates
5886467-0-0,물벼락
5886467-0-1,2016년 3월까지
5886467-0-2,중 하나로 임원
6554893-0-0,물벼락
6554893-0-1,올랐던
6554893-0-2,제9조는 '국내·국제항공운송사업
6595615-0-0,올랐던 것으로 확인되어
6595615-0-1,진에어
5886467-1-0,대한항공에 모두
5886467-1-1,운영을 주력
5886467-1-2,개인회사인 셈이다
6554893-1-0,대한항공 기내면세점
6554893-1-1,보유하던
6554893-1-2,2014년
6595615-1-0,싸이버스카이
6595615-1-1,매출 49억300만
5886467-2-0,조현민은 광고대행사와의 회의
5886467-2-1,광고대행업체 직원 8명
5886467-2-2,출국정지
6554893-2-0,회의
6554893-2-1,전무에 대해
6595615-2-0,전무에 대해
6595615-2-1,가운데 2명
6048536-0-0,슬라브
6048536-0-1,담론
6048536-0-2,nach Osten
6492628-0-0,이 용어는 19세기
6492628-0-1,슬라브
6579193-0-0,동부로 돌격
6579193-0-1,독일어
6579193-0-2,민족주
6048536-1-0,Meyer)
6048536-1-1,역사학자들
6579193-1-0,1990)
6579193-1-1,역사학자들
6048536-2-0,세계 대전
6048536-2-1,포츠담
6048536-2-2,18세기
6492628-2-0,인구통계학적 및 문화적
6492628-2-1,오데르-나이세
6579193-2-0,제2차 세계 대전
6579193-2-1,역사적
6504829-0-0,2006년
6504829-0-1,2기
6504829-0-2,2005년
6504865-0-0,2006년 1월
6504865-0-1,2005년
6411454-0-0,2005년
6411454-0-1,그리고
6504829-1-0,3기의 출발
6504829-1-1,2006년 5월
6504829-1-2,2006년
6411454-1-0,두드러지는데
6411454-1-1,2006년 5월
6504829-2-0,25일에 MBC 파업
6504829-2-1,15일에는 광복절특집
6504829-2-2,18일까지
6504865-2-0,25일
6504865-2-1,제국의 아이들
6504865-2-2,무도〉를 방송하며
6411454-2-0,직접 유튜브에
6411454-2-1,번째 멤버를 선발하
6411454-2-2,그러나 2017년 9월
6504829-3-0,궁서체
6504829-3-1,이러한 연출자가
6504829-3-2,2011년
6411454-3-0,겪을 시 해골
6411454-3-1,궁서체 자막
6504829-4-0,"하마찬토"""
6504829-4-1,1월 5일 방송된
6504829-4-2,"디노아라시"""
6411454-4-0,대표적인 예가
6411454-4-1,TBS
6504829-5-0,2009년
6504829-5-1,22일
6504829-5-2,이명박 대통령
6411454-5-0,이용해
6411454-5-1,화면을 두고
5888796-0-0,지주였던
5888796-0-1,테클리
6555421-0-0,그는 'John Hewson
6555421-0-1,John Bastwick
6595777-0-0,리차드
6595777-0-1,테클리
5888796-1-0,1644년
5888796-1-1,1629년
6555421-1-0,수장을 요청받
6555421-1-1,1644년 5월 16일
6595777-1-0,1649년
6595777-1-1,1619년
6595777-1-2,6개월
5888796-2-0,갖는 권리)
5888796-2-1,Agitatiors'
6555421-2-0,존 릴번은 후에
6555421-2-1,수평파'라고 낙인을 찍었으나
6595777-2-0,운동을 시작
6595777-2-1,갖는 권리)
6555421-3-0,7년
6555421-3-1,사용하면서
6595777-3-0,2주가 걸렸다
6595777-3-1,1649년 5월
5888796-4-0,3000유로
5888796-4-1,1652년 1월
6555421-4-0,Arthur
6555421-4-1,1651년
6595777-4-0,1649년
6595777-4-1,Hesilrige
6555421-5-0,군인들이
6555421-5-1,1654년 3월
6595777-5-0,Newgate Prison
6595777-5-1,군인들이
6555421-6-0,Dictionary
6555421-6-1,Dictionary
6585889-0-0,불법시위 선동자를 검거하려
6585889-0-1,등 3명
6585889-0-2,2008년
6521494-0-0,2010년
6521494-0-1,등 3명
6521494-0-2,서울종로경찰서에
6521512-0-0,2009년
6521512-0-1,피의자
6521512-0-2,광화문빌딩 앞
6162971-0-0,大元首
6162971-0-1,오명항(吳命恒
6547689-0-0,먼저 이인좌
6547689-0-1,대원수(大元首
6547692-0-0,병사(兵使
6547692-0-1,탄(坦)
6547692-0-2,최규서가
6488863-0-0,2012년
6488863-0-1,이데일리와의 인터뷰
6024132-0-0,교통사고로
6024132-0-1,박상록
6483661-0-0,생존 여부
6483661-0-1,아버지
6483661-0-2,2012년 3월
6529061-0-0,요즘
6529061-0-1,르네상스
6498134-0-0,12세기
6498134-0-1,근대 초기’
6656981-0-0,1975년
6656981-0-1,근대 초기’
6529061-1-0,사회 문화적인
6529061-1-1,페트라르카
6498134-1-0,리비우스'
6498134-1-1,리비우스'
6656981-1-0,단테보다
6656981-1-1,아니라 사회 문화적인
6656981-1-2,"재생""시켜야"
6529061-2-0,나체상이
6529061-2-1,반면에 휴머니즘
6498134-2-0,휴머니즘이
6498134-2-1,그 때까지 그
6656981-2-0,자연주
6656981-2-1,15세기
6529061-3-0,수 있었던
6529061-3-1,사보나롤라의 개혁에
6498134-3-0,발달할 수 있었던 것
6498134-3-1,2년 간 메디치
6656981-3-0,있었던 것
6656981-3-1,13세기
6656981-3-2,15세
6529061-4-0,15세기에서-16세기
6529061-4-1,5세 궁전이
6498134-4-0,1559년
6498134-4-1,이탈리아
6656981-4-0,플라테레스코
6656981-4-1,파사드
6656981-4-2,카를로스 5세
6529061-5-0,130년간
6529061-5-1,사실
6529061-5-2,아우구스티노회
6498134-5-0,크리스토발
6498134-5-1,마르틴 루터가
6656981-5-0,130년간
6656981-5-1,1492년
6656981-5-2,1517년
6051387-0-0,알려져
6051387-0-1,1554년
6051387-0-2,소설인 마테오 알레만(Mateo
6528934-0-0,1554년에
6528934-0-1,피카레스크 소설(Novela
6513320-0-0,1554년
6513320-0-1,Alemán)
6513320-0-2,Guzmán
6051387-1-0,pícaro
6051387-1-1,소설’
6051387-1-2,스페인
6528934-1-0,스페인
6528934-1-1,약간
6513320-1-0,스페인
6513320-1-1,전달해 주고 있다
6051387-2-0,그러나
6051387-2-1,토르메스…≫
6051387-2-2,찌르다’란
6528934-2-0,pico’에서 왔으며
6528934-2-1,형용사로서
6513320-2-0,왔으며
6513320-2-1,소설 연구자들이
6051387-3-0,우리는 이 소설
6051387-3-1,하층계급
6051387-3-2,우리는 이 소설
6528934-3-0,거의 모든
6528934-3-1,우리는 이 소설
6513320-3-0,는 보통 하층계급
6513320-3-1,방황’이
6051387-4-0,50여 년
6051387-4-1,위선적
6051387-4-2,50여 년
6528934-4-0,50여 년
6528934-4-1,에서 나타나
6513320-4-0,에서 나타나
6513320-4-1,허무주의적
6051387-5-0,토르메스…≫의 사실성
6051387-5-1,생생한
6051387-5-2,이라고 일컫
6528934-5-0,하나의 테크닉으로서 자전적
6528934-5-1,반드시 역사적
6513320-5-0,사실성
6513320-5-1,사실성
6051387-6-0,caro)’
6051387-6-1,이른바
6051387-6-2,이른바
6528934-6-0,있는 반면에
6528934-6-1,스페인
6513320-6-0,작가의 노력
6513320-6-1,느끼도록
6051387-7-0,움직이
6051387-7-1,강한 동정심
6051387-7-2,굶주림과
6528934-7-0,그리고
6528934-7-1,현실감이야말로
6513320-7-0,표현
6513320-7-1,기사소설이나
6513320-7-2,소일거리용
6051387-8-0,낙천주의적
6051387-8-1,보여주는 어둡고 악하고
6051387-8-2,삶을 통하여
6528934-8-0,여기
6528934-8-1,찾으려고 하는 사람에게
6513320-8-0,인생관이
6513320-8-1,그는 그
6051387-9-0,따라서
6051387-9-1,반승려주의(Anticlericalismo
6051387-9-2,비도덕적
6528934-9-0,따라서
6528934-9-1,객관적
6513320-9-0,반승려주의(Anticlericalismo
6513320-9-1,객관적
6051387-10-0,계열의 소설로
6051387-10-1,토르메스…≫는 출판된
6051387-10-2,1555년
6528934-10-0,1555년
6528934-10-1,이 작품
6513320-10-0,토르메스…≫
6513320-10-1,세르반테스
6513320-10-2,의 성공에
6051387-11-0,처음
6051387-11-1,사실주의적
6051387-11-2,Celestina
6528934-11-0,문학적 특성은 ≪라사리요
6528934-11-1,사실주의적
6513320-11-0,시드의 노래(Cantar
6513320-11-1,구분시키
6564696-0-0,당시
6564696-0-1,1986년 2월
6490729-0-0,DESIRE〉
6490729-0-1,1986년
6553993-0-0,1986년
6553993-0-1,B사이드
6553993-0-2,싱글을 내기
6490729-1-0,두드러지기 시작하였다고
6490729-1-1,더해가며 그
6553993-1-0,2단 구성이
6553993-1-1,CD 저널
6564696-2-0,이후 여러
6564696-2-1,믹싱되어 흥겨운 분위기
6490729-2-0,DESIRE -정열
6490729-2-1,101》(ヤングスタジオ101
6553993-2-0,스튜디오 101》(ヤングスタジオ101
6553993-2-1,이후 자신
6564696-3-0,1995년
6564696-3-1,1989년
6490729-3-0,대표곡 중 하나였던
6490729-3-1,대표곡
6490729-3-2,놀런스가 일본
6553993-3-0,대표곡
6553993-3-1,다카하시 마리코(髙橋真梨子
6557516-0-0,진화생물학
6557516-0-1,종의 변화에
6557516-0-2,공동으로 집필한
6557534-0-0,진화생물학
6557534-0-1,이 이론은 다윈
6557516-1-0,분야는 여러
6557516-1-1,로널드 피셔 등에
6557516-1-2,집단유전학이 제시한 유전자
6557534-1-0,유전자 부동
6557534-1-1,집단유전학
6557516-2-0,유전되는 특성은 DNA
6557516-2-1,종류의 뉴클레오타이드
6557516-2-2,염색체
6557534-2-0,멘델의 유전법칙
6557534-2-1,염색체
6557516-3-0,일어나
6557516-3-1,유지시켜주는 게놈에
6557534-3-0,또는 집단들 사이
6557534-3-1,유전자 교환
6557516-4-0,방사능
6557516-4-1,유전자의 기능이나
6557516-4-2,인간의 면역계
6557534-4-0,70%
6557534-4-1,과도한
6557516-5-0,대표적인
6557516-5-1,도메인
6557516-5-2,없게 되고 색각
6557534-5-0,유전자 중복
6557534-5-1,세포가 있어
6557516-6-0,유성생식을 하
6557516-6-1,유성생식
6557516-6-2,하는 생물에 비해
6557534-6-0,하는 양성 생물
6557534-6-1,유성생식
6557516-7-0,감수분열
6557516-7-1,지닐 수
6557534-7-0,대표적인
6557534-7-1,종분화가 이루어졌다 하더라도
6557516-8-0,이러한
6557516-8-1,거치면서
6557516-8-2,마지막
6557534-8-0,지향성 선택
6557534-8-1,방식은 분열성 선택
6557534-8-2,안정성 선택
6557516-9-0,발현빈도
6557516-9-1,대립형질
6557534-9-0,유전적 부동
6557534-9-1,표본 오차와
6557516-10-0,갑자기
6557516-10-1,이와 같이 집단
6557534-10-0,이와 같이 집단
6557534-10-1,멕시코 만에 있
6557516-11-0,대규모
6557516-11-1,소규모
6557516-11-2,일어나
6557534-11-0,현상
6557534-11-1,소규모
6557516-12-0,부수적인
6557516-12-1,압도적
6557534-12-0,단세포
6557534-12-1,미생물
6557516-13-0,적응
6557516-13-1,장기 진화 실험
6557516-13-2,심지어 플라보박테리움
6557534-13-0,대장균
6557534-13-1,박테리아
6557534-13-2,심지어 플라보박테리움
6557516-14-0,흔적만이
6557516-14-1,슈도진은 예전
6557534-14-0,이렇게
6557534-14-1,이러한
6557534-14-2,사랑니
6557516-15-0,경쟁과 협력
6557516-15-1,결과 일어나
6557534-15-0,이와 같이
6557534-15-1,도롱룡이
6557516-16-0,종분화
6557516-16-1,발현형질
6557534-16-0,종분화
6557534-16-1,이러한
6557534-17-0,이름만 비슷할
6557534-17-1,단편적인
6557516-18-0,일어난
6557516-18-1,나무는 더 이상
6557516-18-2,수평적
6557534-18-0,종은 종분화와
6557534-18-1,계통을 수형도
6557516-19-0,에디아카라
6557516-19-1,3억년
6557534-19-0,1천만 년경
6557534-19-1,1억 년
6557534-19-2,출현은 2억 년
6557516-20-0,이후 벌어진 논쟁
6557516-20-1,종에 나타나
6557516-20-2,이르러 아우구스트 바이스만
6557534-20-0,이르러 아우구스트 바이스만
6557534-20-1,그레고어
6557516-21-0,필수적인 육종학이다
6557516-21-1,단백질을 선택함으로써
6557534-21-0,단백질을 선택함으로써
6557534-21-1,생물의 유전형질
6557516-22-0,유전 질병
6557516-22-1,통해 축적된 지식
6557516-22-2,남극암치아목
6557534-22-0,시각이 사라지고
6557534-22-1,남극암치아목
6557516-23-0,노르웨이 출신의 이탈리아
6557516-23-1,출신의 컴퓨터
6557516-23-2,복잡한
6557534-23-0,이탈리아
6557534-23-1,독일의 컴퓨터
5999713-0-0,답변하기로
5999713-0-1,안규백 새정치민주연합 원내수석부대표
6601867-0-0,김재원
6601867-0-1,명쾌한
5999713-1-0,지시한데 대해서
5999713-1-1,민정수석의 출석 거부
6601867-1-0,김영한
6601867-1-1,이완구
5999713-2-0,말 그대로 정치
5999713-2-1,25년간 특별한 경우 외
6601867-2-0,25년간
6601867-2-1,문건유출
5999713-3-0,이르기까지
5999713-3-1,징계성 면직
6601867-3-0,문재인 후보
6601867-3-1,"아니다""라며"
6489871-0-0,150km
6489871-0-1,특정 해안에 모이
6487061-0-0,공화국
6487061-0-1,모든
6575642-0-0,2012년 2월
6575642-0-1,2012년
6575642-0-2,모든 열대
6489871-1-0,10cm
6489871-1-1,바로 뒤
6487061-1-0,폭이 1
6487061-1-1,고래상어는 폭이 1
6487061-1-2,분수공
6575642-1-0,350개
6575642-1-1,바로 뒤에 있다
6575642-1-2,분수공
6489871-2-0,유영동물
6489871-2-1,분리는 십자류
6487061-2-0,더불어 여과
6487061-2-1,요각류를 포함해
6487061-2-2,여과 섭식을 하거나
6575642-2-0,모습도 목격되었는데
6575642-2-1,십자류
6489871-3-0,오사카 가이유칸
6489871-3-1,2009년
6487061-3-0,있었으나
6487061-3-1,수족관에서 2마리
6575642-3-0,Yushan
6575642-3-1,일본에서는 오사카 가이유칸
6544214-0-0,연구되었고
6544214-0-1,뛰어난
6544218-0-0,귀도 다레초 등이
6544218-0-1,거부하면서
5836501-0-0,뛰어난
6544214-1-0,공공음악회와 출판문화
6544214-1-1,특히 포르켈
6544218-1-0,18세기 시민계층
6544218-1-1,처음
5836501-1-0,특히 포르켈
5836501-1-1,공식적인 음악역사의 기록
6544214-2-0,가운데에도 악경(樂經
6544214-2-1,전 영역에 걸쳐
6544218-2-0,마찬가지로
6544218-2-1,동양의 역사가들
5836501-2-0,기관
5836501-2-1,악경(樂經)이
6544214-3-0,사조(梁琴新譜
6544214-3-1,1959년
6544214-3-2,국립국악원이
6544218-3-0,한국음악연구>와
6544218-3-1,박헌봉(朴憲鳳)
5836501-3-0,연구하는 한국국악학회
5836501-3-1,근대적 인문학으로서
6511768-0-0,이승만
6511768-0-1,하지만 차지철과
6488496-0-0,틀림없이 부마항쟁이
6488496-0-1,알았지만 박정희
6488496-0-2,박정희도
6269946-0-0,하지만
6269946-0-1,300만
6269946-0-2,5대도시
6511768-1-0,주프랑스
6511768-1-1,7일 승용차로
6488496-1-0,전 중앙정보부장
6488496-1-1,뒤 낙옆
6488496-1-2,승용차로
6269946-1-0,김형욱
6269946-1-1,10만달러
6269946-1-2,1979년 10월 13일
6560051-0-0,6세 때
6560051-0-1,3학년
6560051-0-2,3월 러시아
6560069-0-0,6세 때 처음
6560069-0-1,초등학교 3학년
6560069-0-2,심석희
5899885-0-0,2015년
5899885-0-1,본격적
6531607-0-0,Orchestra
6531607-0-1,2018년
6531607-0-2,은하수관현악단
6136088-0-0,새롭게 선보였는데
6136088-0-1,확대 개편하여 김정
6535636-0-0,새롭게
6535636-0-1,종말 이후에 음악
6535636-0-2,중심으로 청봉악단
6531607-1-0,오가며 맹렬한 활약을 보여주고
6531607-1-1,남측 노래인
6531607-1-2,5월 평양학생소년예술단
6136088-1-0,북측 새해
6136088-1-1,김주향
6535636-1-0,오가며 맹렬한 활약
6535636-1-1,송영은 남측
6535636-1-2,일원으로 서울 예술의전당
6531607-2-0,장새납
6531607-2-1,결코 상상할
6531607-2-2,선우정혁과
6136088-2-0,좋아〉
6136088-2-1,정성조
6136088-2-2,송영·로경미는 짧은 핫팬츠
6535636-2-0,달려가자
6535636-2-1,자리에 출현한
6531607-3-0,담당하였던 김은하도 이
6531607-3-1,바이올린
6531607-3-2,27일 무대가 마지막이었던
6136088-3-0,마지막이었던
6136088-3-1,도움아래 〈사랑
6535636-3-0,백업 보컬
6535636-3-1,담당하였던 김은하도 이
6531607-4-0,6일에 진행되었으며
6531607-4-1,6일에 진행되었으며
6531607-4-2,자리
6136088-4-0,자리
6136088-4-1,참석하였다고
6535636-4-0,2013년
6535636-4-1,그 명맥을 잇
6531607-5-0,은하수관현악단이 있었지만
6531607-5-1,악장 문경진
6531607-5-2,받들어나가
6136088-5-0,문경진
6136088-5-1,조선인민군공훈국가합창단같
6535636-5-0,룩'(military
6535636-5-1,은하수관현악단
6531607-6-0,인류학자 클리포드 기어츠
6531607-6-1,theater state
6531607-6-2,클리포드 기어츠
6136088-6-0,theater state
6136088-6-1,영역에서 상징과 의례
6535636-6-0,theater state
6535636-6-1,극장국
6549309-0-0,유대인
6549309-0-1,그의 아버지
6549309-0-2,기술자였으며
6549322-0-0,산타모니카
6549322-0-1,방문하기도
6549322-0-2,고등학생 무렵
5860330-0-0,허블스페이스텔레스코
5860330-0-1,영화 《밥 로버츠
5860330-0-2,미스터쇼》에
6549309-1-0,2008년
6549309-1-1,또한 《쿵푸
6549309-1-2,10월
6549322-1-0,성우를 맡아
6549322-1-1,그는 이 영화
5860330-1-0,첫날인
5860330-1-1,에서 성우
5860330-1-2,일컬어지며
6549309-2-0,배우로
6549309-2-1,워싱턴흉내
6549309-2-2,톰고즈투메이여
6549322-2-0,아이스타트 어
6549322-2-1,볼 수 있는데
6549322-2-2,다른 미국
5860330-2-0,어섬타운》에서도
5860330-2-1,역시
5860330-2-2,다른 미국
6549309-3-0,에피소드 '허즈번드앤나이브스
6549309-3-1,2001년
6549309-3-2,2008년 12월 14일
6549322-3-0,밀로 역
6549322-3-1,주인 밀로 역
5860330-3-0,방송된
5860330-3-1,주요캐릭터인 로디 에디
5860330-3-2,방송 《요 가바가바
6549309-4-0,코미디
6549309-4-1,"Metal"""
6549309-4-2,"Metal"""
6549322-4-0,블랙은 록
6549322-4-1,기타히어로3
5860330-4-0,"JB), 혹"
5860330-4-1,"Metal"""
5860330-4-2,피크》
6388235-0-0,인터넷
6388235-0-1,Explorer
6388235-0-2,1995년
6548243-0-0,Internet
6548243-0-1,2003년
6548243-0-2,하지만 대한민국
6548255-0-0,엣지라
6548255-0-1,파이어폭스
6388235-1-0,2001년 8월
6388235-1-1,하지만 사용
6388235-1-2,익스플로러
6548243-1-0,2001년
6548243-1-1,25위
6548255-1-0,25위
6548255-1-1,윈도우
6388235-2-0,7은 오랜 공백
6388235-2-1,2006년
6388235-2-2,2016년 1월
6548243-2-0,2006년
6548243-2-1,2016년 1월
6548255-2-0,2006년
6548255-2-1,10과 같
6388235-3-0,2009년 3월
6388235-3-1,2016년 1월
6388235-3-2,10과
6548243-3-0,2009년 3월
6548243-3-1,액티브X
6548255-3-0,2009년
6548255-3-1,최소화시키기로 했으므로
6388235-4-0,2011년
6388235-4-1,2008을 지원하는 마지막
6388235-4-2,2020년 1월
6548243-4-0,2011년 3월 14일
6548243-4-1,11과 같이
6548255-4-0,2011년
6548255-4-1,그렇게 큰 문제
6388235-5-0,마이크로소프트
6388235-5-1,라스베이거스의 MIX
6388235-5-2,2023년
6548243-5-0,라스베이거스의 MIX
6548243-5-1,3주
6548255-5-0,개발에 3주
6548255-5-1,액티브X
6388235-6-0,빌드에는 탭
6388235-6-1,2013년
6388235-6-2,SPDY
6548243-6-0,2013년
6548243-6-1,2020년
6548255-6-0,R2를 지원하는 마지막
6548255-6-1,2013년 3월
6388235-7-0,매달 90
6388235-7-1,2011년 1월부터
6388235-7-2,대한민국
6548243-7-0,8월까지 대한민국
6548243-7-1,처음으로 90
6548255-7-0,2011년
6548255-7-1,브라우저
6388235-8-0,6부터 11
6388235-8-1,주의보를 내어
6388235-8-2,비상상황 대응
6548243-8-0,2014년
6548243-8-1,국토안보부
6548255-8-0,2014년
6548255-8-1,2014년
6511703-0-0,Grand
6511703-0-1,1904평방마일
6546020-0-0,그랜드 캐니언
6546020-0-1,수는 무려 600만
6546020-0-2,Grand
6490009-0-0,세계적인
6490009-0-1,국립공원의 면적은 1904평방마일(4930km
6511703-1-0,180m
6511703-1-1,까마귀에게는 불과 10
6546020-1-0,무려277마일
6546020-1-1,2300m
6546020-1-2,29km)밖에 안
6490009-1-0,1904평방마일
6490009-1-1,거리는 까마귀에게
6546020-2-0,65마일
6546020-2-1,유타주
6490009-2-0,하루에 한번씩
6490009-2-1,길은 사우스림(South
6511703-3-0,예약은 포레버리소트(Forever
6511703-3-1,플래그스태프(Flagstaff
6546020-3-0,6개의 호텔/숙소가
6546020-3-1,예약은 포레버리소트(Forever Resort
6546020-3-2,50여개
6490009-3-0,잔테라
6490009-3-1,공원밖에도 Ten-X
6511703-4-0,카이바브/림(Kaibab
6511703-4-1,Route)
6546020-4-0,4개
6546020-4-1,림에는 4개
6490009-4-0,4개
6490009-4-1,Kaibab/Rim
5940307-0-0,집집마다 돌며 Trick
5940307-0-1,Trick
5940307-0-2,위험성과 경기 침체로
6570212-0-0,Jack-o
6570212-0-1,미국
5940307-1-0,2000년대
5940307-1-1,대한민국
5940307-1-2,2000년대
6570212-1-0,2000년대
6570212-1-1,2010년대
6517023-0-0,시작되자 4월에 적국인
6517023-0-1,스위스
6517023-0-2,1918년
6530489-0-0,제국주의론》
6530489-0-1,시작되자
6122234-0-0,스위스에
6122234-0-1,제국주의론》
6517023-1-0,율리우스 마르토프
6517023-1-1,비롯한 '멘셰비키(당시
6530489-1-0,마르토프
6530489-1-1,1903년
6122234-1-0,제2차 당 대회에서 율리우스
6122234-1-1,런던과 제네바
6122234-1-2,마르토프와
6517023-2-0,2단계 과정
6517023-2-1,프롤레타리아가
6530489-2-0,에두아르트 베른슈타인
6530489-2-1,계급이 주도해야
6122234-2-0,2단계 과정
6122234-2-1,추진해야 하며
6517023-3-0,이데올로기에
6517023-3-1,프라하에서 볼셰비키만
6530489-3-0,부르주아 이데올로기
6530489-3-1,프라하
6122234-3-0,발표하였는데
6122234-3-1,1908)
6122234-3-2,1912년
6517023-4-0,상트페테르부르크
6517023-4-1,1917년
6517023-4-2,러시아의 수도
6530489-4-0,곧이어 노동자와
6530489-4-1,합류하여 니콜라이 2세
6530489-4-2,비롯한 32명
6122234-4-0,3일 늦은 밤에
6122234-4-1,내각수반
6122234-4-2,페트로그라드
6517023-5-0,10개항
6517023-5-1,준비한 10개항
6530489-5-0,도착하자마자 볼셰비키
6530489-5-1,10개항의 ‘4월
6122234-5-0,말하는 '4월
6122234-5-1,부르주아
6517023-6-0,처음
6517023-6-1,제국주의적인 케렌스키
6122234-6-0,5월이 되면서
6122234-6-1,프롤레타리아(무산층
6517023-7-0,전국
6517023-7-1,"10월, 핀란드에서 망명생활중이던"
6530489-7-0,얻으면서
6530489-7-1,적위대’
6122234-7-0,9월로 들어서자
6122234-7-1,적위대’
6517023-8-0,전시공산주
6517023-8-1,국유화
6530489-8-0,전시공산주
6530489-8-1,이에 볼셰비키
6122234-8-0,이에 볼셰비키 정권
6122234-8-1,농산물 교부를 거부하
6517023-9-0,제한적
6517023-9-1,눈부신
6530489-9-0,정책을 완화하고
6530489-9-1,1928년
6122234-9-0,NEP)
6122234-9-1,NEP)
6122234-9-2,NEP)
6517023-10-0,1922년
6517023-10-1,지명하였고
6530489-10-0,21일
6530489-10-1,당 중앙위원회에서만
6122234-10-0,스탈린의 해임
6122234-10-1,트로츠키
6483504-0-0,국정원장
6483504-0-1,특수활동비
6483504-0-2,6억원
6022573-0-0,대통령이었던
6022573-0-1,징역 3년
6490599-0-0,국정원장
6490599-0-1,남재준
6490599-0-2,시절 국정원 특수활동비
6483504-1-0,2013년 10월
6483504-1-1,원장의 지시
6483504-1-2,부회장
6022573-1-0,규탄하
6022573-1-1,현대제철 유럽공장에서 나오
6490599-1-0,참가자들을 종북 세력이라
6490599-1-1,현대제철 유럽공장
6490599-1-2,돈은 2년간
6490599-2-0,계룡대 육군본부
6490599-2-1,회의를 열어
6490599-2-2,무신정변)이
5782860-0-0,이 닫는 구간
5782860-0-1,단순한
5782860-0-2,에버렛은 이 닫
6472313-0-0,녹음되었다)로 된
6472313-0-1,짧은 기타 및
6477714-0-0,4박자
6477714-0-1,Thank You
5782860-1-0,Rain〉
5782860-1-1,음반인 《Revolver》
5782860-1-2,Revolver》
6472313-1-0,1966년
6472313-1-1,새로운 사운드와 효과
6472313-1-2,한편
6477714-1-0,1966년
6477714-1-1,당시 비틀즈는 스튜디오
6477714-1-2,1966년
5782860-2-0,부서
5782860-2-1,부서
5782860-2-2,Transient Overload Control
6472313-2-0,Automatic Transient Overload Control
6472313-2-1,루드비히
6477714-2-0,"장치 ""Automatic"
6477714-2-1,처음
5782860-3-0,비틀즈는 〈Rain〉
5782860-3-1,걷고
5782860-3-2,사운드
6472313-3-0,세 편
6472313-3-1,영화를 제작했다
6472313-3-2,6달 전인
6477714-3-0,세 편의 홍보
6477714-3-1,세 편의 홍보
5782860-4-0,그레이트풀
5782860-4-1,공연하였으며
5782860-4-2,쇼에서 〈Jeremy
6472313-4-0,그레이트풀
6472313-4-1,이 곡
6477714-4-0,그레이트풀
6477714-4-1,페스티벌
6572344-0-0,1997년
6572344-0-1,효과가 수백 배
6572344-0-2,3일째
6572355-0-0,1997년
6572355-0-1,진압하였으며
6572355-0-2,가스를 사용하여 인질
6572344-1-0,팔루자
6572344-1-1,2005년 11월
6572355-1-0,2005년
6572355-1-1,부르는 백린
6572344-2-0,10만여
6572344-2-1,1주일간
6572355-2-0,1주일간
6572355-2-1,10만여
6572344-3-0,NPT는 탈퇴했고
6572344-3-1,3위라
6572355-3-0,대부분
6572355-3-1,1987년
6433620-0-0,막대형
6433620-0-1,400g정도밖에
6510822-0-0,V-모양이나
6510822-0-1,안쪽
6510822-0-2,성인용 (5호
6510838-0-0,Y-자 모양이거나
6510838-0-1,플뢰레와
6510838-0-2,본체와 연결하
6433620-1-0,달려 있는데
6433620-1-1,집적형
6510822-1-0,사브르
6510822-1-1,절연식으로 되어 있어
6510822-1-2,기기가 유효타로
6510838-1-0,집적형
6510838-1-1,Fédération
6510838-1-2,전자 사브르
6433620-2-0,안착하거나
6433620-2-1,것이나
6510822-2-0,볼 수 없고
6510822-2-1,사브르 규정
6510822-2-2,볼 수 없고
6510838-2-0,플런지
6510838-2-1,상대적으로 빠른
6510838-2-2,플런지
6550784-0-0,1975년
6550784-0-1,한국전쟁 말기에 활약하고
6550784-0-2,第二十二步兵師團
5870572-0-0,1975년
5870572-0-1,1975년
5870572-0-2,재창설
6550783-0-0,1975년
6550783-0-1,第二十二步兵師團
5910562-0-0,반응을 알고 싶어하지
5910562-0-1,것은 이 표현이
6564785-0-0,시행한
6564785-0-1,"클릭""이라"
6564825-0-0,이에 반해
6564825-0-1,광고로부터
5910562-1-0,점차 감소하여
5910562-1-1,0
6564785-1-0,시작했을 때 5
6564785-1-1,상당히
6564785-1-2,1990년대
6564825-1-0,1990년대
6564825-1-1,광고주들
6593542-0-0,고등학교
6593542-0-1,내년에는 대학입시
6657633-0-0,1백50원에
6657633-0-1,1백50원에
6549878-0-0,통신강의록
6549878-0-1,2시간씩
6549878-0-2,1967년
6593542-1-0,근로기준법 조문
6593542-1-1,언론들도 외면했고
6657633-1-0,현장에서 발생하
6657633-1-1,언론들도 외면했고
6549878-1-0,위해 시청 근로감독관실
6549878-1-1,청계천
6549878-1-2,언론들도 외면했고
6593542-2-0,삼동친목회
6593542-2-1,9월
6657633-2-0,1970년
6657633-2-1,받아 '평화시장 피복제품상
6549878-2-0,바보회를 발전시킨 삼동친목회
6549878-2-1,라는 이름으로 노동청에
6549878-2-2,그는 근로조건개선
6593542-3-0,화형식
6593542-3-1,없었던 조영래
6657633-3-0,삼동회 회원들
6657633-3-1,조영래
6549878-3-0,평화시장
6549878-3-1,라이터를 켠
6549878-3-2,떨쳤던
6593542-4-0,추워서
6593542-4-1,근로감독관
6657633-4-0,이소선
6657633-4-1,5천 원짜리
6549878-4-0,앞치마
6549878-4-1,근로감독관
6593542-5-0,1988년
6593542-5-1,거리문화제'가
6593542-5-2,1988년
6657633-5-0,1972년
6657633-5-1,1985년
6657633-5-2,전태일
6549878-5-0,그의 어머니
6549878-5-1,1985년
6549878-5-2,거리'
6593542-6-0,김개남이라
6593542-6-1,조영래
6657633-6-0,붙였다
6657633-6-1,조영래
6549878-6-0,못하여
6549878-6-1,성냥불
6593542-7-0,있었으나 3분
6593542-7-1,법전들
6657633-7-0,있었으나 3분
6657633-7-1,서성거리고
6549878-7-0,그의 몸
6549878-7-1,3분 가량
6549878-7-2,도리어
6593542-8-0,내용을 보면 골자가
6593542-8-1,휴식할
6657633-8-0,그가 쓴 글
6657633-8-1,읽어보면
6549878-8-0,기업주들
6549878-8-1,일기가
6593542-9-0,자식들에
6593542-9-1,순덕이
6657633-9-0,딸(순옥)이
6657633-9-1,태삼이 그거
6549878-9-0,순덕이
6549878-9-1,딸(순옥)이
6593542-10-0,청계노조
6593542-10-1,얼마나
6549878-10-0,청계노조
6549878-10-1,그래도 떡이랑
6478415-0-0,움직이므로 '골격근'이라고도
6478415-0-1,맘대로근(수의근
6487962-0-0,움직이므로 '골격근'이라고도
6487962-0-1,콜라겐
6259652-0-0,있기에 '가로무늬근
6259652-0-1,많은 다발
6259652-0-2,힘줄이 있는데
6478415-1-0,근섬유초)으로 싸
6478415-1-1,탄력성
6487962-1-0,얇은 탄력성
6487962-1-1,광학적 성질
6487962-1-2,근질이라고 하는 겔
6259652-1-0,근질이라고 하는 반유동성 물질
6259652-1-1,사이는 근질
6478415-2-0,아르기닌인산
6478415-2-1,반응이
6487962-2-0,이와 같
6487962-2-1,ATP
6487962-2-2,대신하는 아르기닌인산이
6259652-2-0,선택적
6259652-2-1,이것은 직접
6478415-3-0,좀 더
6478415-3-1,근육이 수축했
6487962-3-0,정지(停止)
6487962-3-1,근복(筋腹)이다
6487962-3-2,뼈(슬개골)가
6478415-4-0,다관절근이라
6478415-4-1,있으면
6487962-4-0,있을 때
6487962-4-1,약 7개
6259652-4-0,있을 때
6259652-4-1,있을 때
6478415-5-0,협력근이라
6478415-5-1,손목이나
6487962-5-0,가장 기본적인
6487962-5-1,대항근(對抗筋) 또
6259652-5-0,대항근(對抗筋
6259652-5-1,이에 대해
6478415-6-0,미오넴
6478415-6-1,키노플라즈마
6487962-6-0,미오넴
6487962-6-1,파괴되면
6478415-7-0,있어서
6478415-7-1,"이에 비해, 곤충류인"
6487962-7-0,그것을 지탱하고 있
6487962-7-1,있어서
6259652-7-0,외골격
6259652-7-1,짧으므로
6555523-0-0,BASE》
6555523-0-1,솔로 활동
6555523-0-2,"콘서트 ""유리병편지"
6555528-0-0,BASE》
6555528-0-1,FM4U 푸른밤
6555528-0-2,2017년
5889725-0-0,BASE》의 발매
5889725-0-1,2017년 4월 24일
5889725-0-2,10일
5936907-0-0,한류’라
5936907-0-1,이후 K-POP으로 분야
5936907-0-2,Korean
6570044-0-0,대한민국 이외
6570044-0-1,주로 드라마
5936907-1-0,1987년
5936907-1-1,1987년 6·29 선언
5936907-1-2,본격적
6570044-1-0,1987년
6570044-1-1,제작사 ‘신씨네
5936907-2-0,베이징에서 공연을 하면서
5936907-2-1,1위에 오르는 성과
5936907-2-2,4위
6570044-2-0,1위
6570044-2-1,1위에 오르는 성과
5936907-3-0,말부터 중국
5936907-3-1,사랑이 뭐길래〉(愛情是什麼
5936907-3-2,데에 큰
6570044-3-0,1992년
6570044-3-1,발매되었다
5936907-4-0,욘사마(ヨン様)
5936907-4-1,이러한 공로로 배용준
5936907-4-2,겨울연가〉
6570044-4-0,주인공이었던
6570044-4-1,2005년
5986335-0-0,과학과 기술
5986335-0-1,실용과학) 분야에
6481044-0-0,등이 있고
6481044-0-1,종교학
6556969-0-0,거칠부
6556969-0-1,운영하였으며
6556969-0-2,551년
6556989-0-0,551년)까지로
6556989-0-1,550년)까지
6556989-0-2,받아들이
5894845-0-0,거칠부
5894845-0-1,550년
5894845-0-2,574년
6556969-1-0,지소태후
6556969-1-1,위화랑을 따라 영흥사(永興寺
6556969-1-2,지소태후
6556989-1-0,자신의 딸인
6556989-1-1,대원신통(大元神統)이었던
6556989-1-2,미실이
5894845-1-0,원화 제도
5894845-1-1,화랑세기》에
6176094-0-0,1994년
6176094-0-1,10경기서
6548833-0-0,1994년
6548833-0-1,마림포'로 불리기도
6548833-0-2,대타로 등장해
6548835-0-0,1994년
6548835-0-1,불리기도
6176094-1-0,쓰러졌을 당시
6176094-1-1,2004년
6548833-1-0,부정맥이라
6548833-1-1,20번
6548835-1-0,2000년 4월
6548835-1-1,3억 1천
6548835-1-2,2000년
6176094-2-0,내걸고
6176094-2-1,임수혁
6548833-2-0,500원
6548833-2-1,적립하여
6548835-2-0,500원
6548835-2-1,이날
6548835-2-2,"1,000만원"
6176094-3-0,18일
6176094-3-1,모은 수익금
6548833-3-0,18일
6548833-3-1,언제 그라운드
6548835-3-0,병상에 누워
6548835-3-1,4월 18일
6548835-3-2,한창이던 잠실야구장
6176094-4-0,6차례의 경매에서 얻
6176094-4-1,6차례
6548833-4-0,4100만
6548833-4-1,그 절반인 210
6548835-4-0,성금은 총 2천
6548835-4-1,4100만
6176094-5-0,가족들
6176094-5-1,나진균
6548833-5-0,8억 원
6548833-5-1,지급하
6548835-5-0,나진균
6548835-5-1,홈구단이었던
6176094-6-0,끝나기 전인
6176094-6-1,자이언츠
6548833-6-0,8억
6548833-6-1,끝나기
6548835-6-0,일일 고기집
6548835-6-1,지 얼마 안
6176094-7-0,5주기
6176094-7-1,일동은 5년이 되
6548833-7-0,5주기
6548833-7-1,일동은 5년이 되
6548835-7-0,일동은 5년
6548835-7-1,일동은 5년
6176094-8-0,서명운동까지
6176094-8-1,문제의 게시글
6548833-8-0,2008년
6548833-8-1,가족들
6470193-0-0,조지아가
6470193-0-1,저항과 의혹
6470193-0-2,국가 선언
6505286-0-0,공화국
6505286-0-1,1985년
6470253-0-0,더 이상 기존
6470253-0-1,1990년
6470253-0-2,이러한 활동들
6470193-1-0,"투병 중""이기"
6470193-1-1,것이
6505286-1-0,야나예프는 자신
6505286-1-1,아래있는 9개
6470253-1-0,이들은 크렘린
6470253-1-1,"투병 중""이기"
6470253-1-2,국가비상사태위원회
6470193-2-0,라디오의 매체들
6470193-2-1,이반 실라예프와
6505286-2-0,오전 7시
6505286-2-1,국가비상사태위원회
6505286-2-2,공화국
6470253-2-0,칸테미로프스카야
6470253-2-1,대부분
6470253-2-2,결과적
6470193-3-0,2시
6470193-3-1,빔펠 부대가 주
6505286-3-0,알파
6505286-3-1,부대의 지휘관
6470253-3-0,3개
6470253-3-1,국회의사당
6470253-3-2,아게예프
6470193-4-0,국회의사당
6470193-4-1,도착했지만 미하일 고르바초프
6505286-4-0,드미트리 고마르가
6505286-4-1,만나서
6470253-4-0,시도했으나
6470253-4-1,알파 부대와 빔펠
6470253-4-2,소련 검찰총장
6470193-5-0,단 한번
6470193-5-1,소비에트
6505286-5-0,권한
6505286-5-1,소비에트
6470253-5-0,연방 소비에트
6470253-5-1,각각의 연방
6470253-5-2,소비에트 경제 운영
6509888-0-0,2006년 5월
6509888-0-1,2007년
6509888-0-2,2008년
6509939-0-0,2006년
6509939-0-1,JYP
6509939-0-2,Rainism
6125768-0-0,제이튠
6125768-0-1,박진영
6125768-0-2,등 3개
6509888-1-0,"주연으로 ""닌자"
6509888-1-1,2009년
6509888-1-2,어워드(MTV Movie Awards
6509939-1-0,메이저
6509939-1-1,비가 최초이다
6509939-1-2,정말 대단하다며
6125768-1-0,어워드(MTV Movie Awards
6125768-1-1,헐리우드
6509888-2-0,열쇠부대
6509888-2-1,2011년 10월
6509888-2-2,2013년 7월
6509939-2-0,2011년
6509939-2-1,표창인 ‘존중상’도
6509939-2-2,14일 신병
6125768-2-0,받았으며
6125768-2-1,현재는 레인컴퍼니 1인
6578976-0-0,JAMA
6578976-0-1,사고는 1인
6047368-0-0,특별위원회에서 2인
6047368-0-1,2003년
6047368-0-2,특별위원회
6578976-1-0,전통 모자
6578976-1-1,탄 경찰관이
6578976-1-2,Communication)는 행정명령 1호
6513020-1-0,모터사이클
6513020-1-1,IRRI)
6513020-1-2,IRRI)
6047368-1-0,연구소(IRRI
6047368-1-1,Expressway)
6047368-1-2,남부루손고속도로
6578976-2-0,2001년
6578976-2-1,안되므로 통행금지
6578976-2-2,2000호가
6513020-2-0,2001년
6513020-2-1,유료도로의 운행
6513020-2-2,유료도로의 운행을 금지하
6047368-2-0,수백만명
6047368-2-1,알려진
6578976-3-0,기각하고
6578976-3-1,123호가
6578976-3-2,123호
6513020-3-0,모터사이클
6513020-3-1,123호가
6513020-3-2,즐거워하기
6047368-3-0,대법원
6047368-3-1,금지하
6578976-4-0,2003년
6578976-4-1,전역
6578976-4-2,시청과 입법원
6513020-4-0,일정표
6513020-4-1,모터사이클
6513020-4-2,일정표
6047368-4-0,모터사이클
6047368-4-1,모터사이클
6047368-4-2,2003년
6578976-5-0,제20조
6578976-5-1,250cc
6578976-5-2,통행이 가능하도록
6513020-5-0,가능하도록
6513020-5-1,가능하도록
6513020-5-2,549cc
6047368-5-0,타이완 기준
6047368-5-1,노랑색
6047368-5-2,고속공로
6578976-6-0,제92조
6578976-6-1,인청펑(중국어
6578976-6-2,민주진보당
6513020-6-0,이륜차운전자
6513020-6-1,것이
6513020-6-2,관련법규
6047368-6-0,운전자에게 위험하다는 이유
6047368-6-1,반대하
6587660-0-0,앵글로프리지아어
6587660-0-1,브리튼 섬
6587660-0-2,베네라빌리스
6465644-0-0,앵글로프리지아어와
6465644-0-1,Angles)
6465644-0-2,앵글족
6587606-0-0,잉글랜드(영어
6587606-0-1,앵글로프리지아어와
6587606-0-2,베다 베네라빌리스의 《잉글랜드
6587660-1-0,영어를 초기
6587660-1-1,그레이트브리튼
6465644-1-0,걸쳐
6465644-1-1,사용하
6465644-1-2,세계 곳곳에
6587606-1-0,초기 근대
6587606-1-1,영어 역시
6587660-2-0,핀란드
6587660-2-1,그레이트브리튼
6465644-2-0,등이 달라 서로
6465644-2-1,스코트어와 프리지아어
6587606-2-0,아프리칸스어와 북게르만어군
6587606-2-1,네덜란드어
6587660-3-0,라틴어와 프랑스어
6587660-3-1,는 라틴어
6465644-3-0,실제로 라틴어
6465644-3-1,관련된
6587606-3-0,실제로 라틴어
6587606-3-1,구문의 변화로
6587660-4-0,게르만어파와
6587660-4-1,"언어에서는 ""‑hood"
6465644-4-0,게르만어파와
6465644-4-1,접미사들이
6465644-4-2,독일어
6587606-4-0,Freiheit
6587606-4-1,"언어에서는 ""‑hood"
6587660-5-0,라틴어나
6587660-5-1,정치와 영어》라
6465644-5-0,영어에서도 대명사
6465644-5-1,분야
6465644-5-2,라틴어
6587606-5-0,정치와 영어》라
6587606-5-1,토박이말보다
6587606-5-2,유래한 것
6587660-6-0,survey
6587660-6-1,앵글로노르만어
6587660-6-2,뉘앙스와 같은 것
6465644-6-0,oversee
6465644-6-1,페르시아계
6465644-6-2,뉘앙스와
6587606-6-0,oversee 대신
6587606-6-1,앵글로노르만어
6587606-6-2,liberty
6587660-7-0,단어에
6587660-7-1,셰익스피어
6465644-7-0,같은 단어들이 있고
6465644-7-1,disenfranchise
6465644-7-2,중에
6587606-7-0,게르만어
6587606-7-1,wardrobe
6587606-7-2,중에는 셰익스피어
6587660-8-0,1883년
6587660-8-1,1886년
6587660-8-2,1886년
6465644-8-0,교육되기
6465644-8-1,1895년
6465644-8-2,교과 를 초등학교
6587606-8-0,1883년
6587606-8-1,1910년
6587606-8-2,일본이 조선에서
6551302-0-0,전주(全州
6551302-0-1,신분
6551302-0-2,공정대왕(恭靖大王
6551303-0-0,문신이자
6551303-0-1,공정대왕(恭靖大王
5876894-0-0,상왕(仁文恭睿
5876894-0-1,상왕(仁文恭睿
5876894-0-2,아우인 정안군(훗날
6551302-1-0,임명되어 나아가
6551302-1-1,대마도
6551302-1-2,"1380년, 이성계"
6551303-1-0,강경하게 대처하여
6551303-1-1,판군기감사
5876894-1-0,제30대
5876894-1-1,환조대왕이
5876894-1-2,1376년
6551302-2-0,親元派)
6551302-2-1,무명의 승려 신돈
6551302-2-2,권문세족 등의 반발
6551303-2-0,승려 신돈(辛旽
6551303-2-1,親元派)
6551302-3-0,개경으로 옮겼으나 다음
6551302-3-1,정안공
6551302-3-2,26일에 63세
6551303-3-0,한성
6551303-3-1,형제간
5876894-3-0,옮겼으나 다음
5876894-3-1,26일에 63세
5876894-3-2,1년(1419
6216459-0-0,2006년
6216459-0-1,Taylor
6216459-0-2,12살
6566019-0-0,12살부터
6566019-0-1,2번 탄
6566019-0-2,올린 가장 젊
6566029-0-0,Taylor
6566029-0-1,12살
6566029-0-2,2006년
6216459-1-0,Fearless
6216459-1-1,Speak
6216459-1-2,했고 다음
6566019-1-0,Fearless
6566019-1-1,Together
6566029-1-0,Fearless
6566029-1-1,Speak
6566029-1-2,2012년
6216459-2-0,로렉스
6216459-2-1,명예의 전당에
6216459-2-2,7번
6566019-2-0,로렉스》 (2012
6566019-2-1,로렉스》 (2012
6566019-2-2,포브스》
6566029-2-0,지금까지 7번
6566029-2-1,가지고
6566029-2-2,작곡가로서 내슈빌
6216459-3-0,Monster
6216459-3-1,"Lucky You""라"
6216459-3-2,350쪽
6566019-3-0,10살
6566019-3-1,외할머니 마조리
6566019-3-2,10살
6566029-3-0,오페라
6566029-3-1,1남 1녀
6566029-3-2,10살
6216459-4-0,Tim McGraw
6216459-4-1,91주
6216459-4-2,올해의 브레이크스루
6566019-4-0,스위프트는 2008
6566019-4-1,2007 CMT
6566029-4-0,6위
6566029-4-1,Tim McGraw
6566029-4-2,20주동안이나
6216459-5-0,음반 Fearless
6216459-5-1,400만장
6216459-5-2,Forever & Always
6566019-5-0,1위로 데뷔했다
6566019-5-1,또한 네이슨
6566029-5-0,2008년 11월 11일
6566029-5-1,사귀고
6566029-5-2,400만장
6216459-6-0,컨트리 가수로
6216459-6-1,받고나서
6566019-6-0,말하려
6566019-6-1,무대에 난입해 수상소감
6566029-6-0,받고나서
6566029-6-1,You Belong with
6566029-6-2,"유명인""이라"
6216459-7-0,그래미 올해
6216459-7-1,상 총
6216459-7-2,동시에 언론
6566019-7-0,그래미
6566019-7-1,받음과 동시
6566029-7-0,1월
6566029-7-1,Fearless로
6566029-7-2,"Rhiannon""과"
6216459-8-0,"Fairytale""이라"
6216459-8-1,16번째
6216459-8-2,앨범으로
6566019-8-0,2010년
6566019-8-1,"325,000"
6566019-8-2,Speak Now
6566029-8-0,이라는 노래
6566029-8-1,13시간
6566029-8-2,4일 앨범
6216459-9-0,2011년 2월
6216459-9-1,2011년
6216459-9-2,제54회 그래미
6566019-9-0,2011년
6566019-9-1,미국
6566019-9-2,"2011년 ""탑"
6566029-9-0,2011년 2월 9일부터
6566029-9-1,올림픽 체조
6566029-9-2,아시아를 방문하
6216459-10-0,기록하며
6216459-10-1,Red
6216459-10-2,2개
6566019-10-0,첫 번째
6566019-10-1,컨트리
6566029-10-0,2012년 8월
6566029-10-1,22
6566029-10-2,121
6216459-11-0,2014년 8월
6216459-11-1,비연속 4주
6216459-11-2,"Style"""
6566019-11-0,"Style"""
6566019-11-1,100에서 비연속 4주
6566029-11-0,2014년 8월
6566029-11-1,"Style"""
6566029-11-2,후 1주일동안
6216459-12-0,기록했으며
6216459-12-1,갑작스럽게
6216459-12-2,2017년 11월
6566019-12-0,Reputation
6566019-12-1,Reputation
6566029-12-0,갑작스럽게
6566029-12-1,2017년 11월
6216459-13-0,수상했으며
6216459-13-1,281개
6216459-13-2,3관왕
6566019-13-0,빌보드 뮤직 어워드
6566019-13-1,그래미
6566019-13-2,281개
6566029-13-0,6개
6566029-13-1,2009년에 아메리칸
6566029-13-2,2009년에
6565447-0-0,필리핀에 영향
6565447-0-1,후지와라
6565447-0-2,약해져
6565500-0-0,태풍 파마
6565500-0-1,필리핀에 영향
6565500-0-2,시간에 제18호 태풍인
6215918-0-0,필리핀
6215918-0-1,태풍 멜로르와
6215918-0-2,근접하면서
6565447-1-0,가오슝
6565447-1-1,위치한 헝춘 반도
6565447-1-2,55개
6565500-1-0,타이완에서는 약 2달전
6565500-1-1,인한 피해가
6215918-1-0,타이완을 강타해 3000
6215918-1-1,타이완에서는 약
6215918-1-2,10월 3일에
6565447-2-0,집계된 전체 피해액
6565447-2-1,증가했고
6565447-2-2,273억
6565500-2-0,필리핀
6565500-2-1,지방
6565500-2-2,필리핀
6215918-2-0,카탄두아네스
6215918-2-1,태풍경보 제3단계가
6215918-2-2,39개
6551175-0-0,884년
6551175-0-1,녹안홍이
6551175-0-2,이들은 함께
6551179-0-0,884년
6551179-0-1,녹안홍
5874641-0-0,山南東道
5874641-0-1,하여금
6551175-1-0,887년
6551175-1-1,그때까지도
6551175-1-2,그러나 이듬해인 888년
6551179-1-0,그곳을 함락시키고
6551179-1-1,함락시키고
5874641-1-0,25일
5874641-1-1,888년 4월
6551175-2-0,투항하면서
6551175-2-1,진종권
6551175-2-2,충의군(忠義軍
6551179-2-0,888년) 5월 6일에
6551179-2-1,蔡州四面行營副都統
5874641-2-0,선무군
5874641-2-1,蔡州四面行營副都統
6498341-0-0,2004년 12월
6498341-0-1,2008년 1월
6529071-0-0,2004년
6529071-0-1,2006년 5월 2일
6498288-0-0,같은 차종을 중형급으로
6498288-0-1,8월
6498288-0-2,적용되던 5단
6498341-1-0,3세대)의 플랫폼을 바탕
6498341-1-1,2012년 3월
6498341-1-2,프리미엄
6529071-1-0,2011년
6529071-1-1,2011년
6498288-1-0,컨셉트라는 차명
6498288-1-1,2011년 8월
6498288-1-2,19일부터
6498341-2-0,9월 2일에
6498341-2-1,스마트
6498341-2-2,취지로 의전차
6529071-2-0,2014년 9월
6529071-2-1,신성이라
6498288-2-0,신성이라
6498288-2-1,스마트
6498288-2-2,취지로 의전차
6366535-0-0,가까운 도시
6366535-0-1,Kong
6572248-0-0,헝공)
6572248-0-1,선전 시와 마카오이다
6572248-0-2,Kong
6572281-0-0,홍콩(중국어
6572281-0-1,선전 시와 마카오이다
6366535-1-0,중국과 영국 사이
6366535-1-1,1841년
6366535-1-2,행정구역
6572248-1-0,1839년
6572248-1-1,영국
6572248-1-2,영국군에
6572281-1-0,1841년
6572281-1-1,19세기의 홍콩
6366535-2-0,덩샤오핑이
6366535-2-1,14개
6366535-2-2,一國兩制)
6572248-2-0,대체로 영국
6572248-2-1,기본법은 덩샤오핑이
6572248-2-2,14개
6572281-2-0,덩샤오핑
6572281-2-1,세계무역기구(중국어
6366535-3-0,행정장관이
6366535-3-1,둥젠화
6366535-3-2,1996년
6572248-3-0,둥젠화
6572248-3-1,제2회
6572248-3-2,2005년
6572281-3-0,둥젠화
6572281-3-1,2012년 3월 25일
6366535-4-0,60명
6366535-4-1,현재 3차
6572248-4-0,홍콩 입법회(香港立法會
6572248-4-1,60명
6572248-4-2,15만 명
6572281-4-0,홍콩 입법회(香港立法會
6572281-4-1,입법부에 해당하
6366535-5-0,성립된 제3회
6366535-5-1,民建聯)이
6366535-5-2,선포하였지만 결국 시행하지
6572248-5-0,2004년
6572248-5-1,30석
6572248-5-2,밝히는 팀
6572281-5-0,2004년
6572281-5-1,2004년
6366535-6-0,뉴욕을 제치고
6366535-6-1,국내총생산
6366535-6-2,국제통화기금
6572248-6-0,15대
6572248-6-1,1인당 GDP)
6572248-6-2,"은 31,799달러"
6572281-6-0,국제통화기금
6572281-6-1,서비스업
6366535-7-0,받은 밀턴 프리드먼
6366535-7-1,발표한
6572248-7-0,프리드먼
6572248-7-1,경제학자로 노벨 경제학상
6572248-7-2,캐나다 프레이저
6572281-7-0,받은 밀턴 프리드먼
6572281-7-1,발표한 자유경제체제보고서
6366535-8-0,7일에 자유항이
6366535-8-1,함께
6366535-8-2,중국
6572248-8-0,1841년 6월
6572248-8-1,중화인민공화국
6572248-8-2,되었고
6572281-8-0,1841년 6월
6572281-8-1,개혁개방
6366535-9-0,1998년
6366535-9-1,홍콩에 대한
6366535-9-2,소폭의 회복을 거친
6572248-9-0,주었으며
6572248-9-1,1999년
6572248-9-2,드디어 6월
6572281-9-0,2002년
6572281-9-1,2006년 12월
6366535-10-0,주도의 홍콩
6366535-10-1,처리》에 따라
6572248-10-0,홍콩은 규제완화로
6572248-10-1,2004년
6572281-10-0,고부가 가치
6572281-10-1,2004년 6월 29일
6366535-11-0,샹강쯔
6366535-11-1,가우룽반도가
6366535-11-2,많은 인구가 거주함
6572248-11-0,샹강쯔
6572248-11-1,반도와 홍콩
6572248-11-2,"1,100"
6572281-11-0,샹강쯔
6572281-11-1,"1,100"
6366535-12-0,남서쪽에서 더운 공기가
6366535-12-1,봄과 가을로 변화무쌍하기
6572248-12-0,Cwa)에
6572248-12-1,계절도 여름이다
6572248-12-2,"1,948"
6572281-12-0,"1,948"
6572281-12-1,낮아지고 1년
6366535-13-0,1997년
6366535-13-1,파룬궁이 금지되었지
6366535-13-2,안드레아)신부
6572248-13-0,1997년
6572248-13-1,1999년
6572248-13-2,바다와
6572281-13-0,1997년
6572281-13-1,파룬궁
6366535-14-0,엄습한
6366535-14-1,25만여
6572248-14-0,2003년 7월
6572248-14-1,상황에서도 중환황후
6572248-14-2,2005년
6572281-14-0,2003년 7월
6572281-14-1,해도 50만여
6366535-15-0,"6,985"
6366535-15-1,한족
6366535-15-2,"6,985"
6572248-15-0,"6,985"
6572248-15-1,2008년
6572248-15-2,34세이다
6572281-15-0,"6,985"
6572281-15-1,95%
6572281-15-2,2011년
6366535-16-0,사용
6366535-16-1,홍콩의 교통은 매우
6366535-16-2,빨간색
6572248-16-0,지하철
6572248-16-1,Octopus
6572248-16-2,홍콩의 교통은 매우
6572281-16-0,옥토퍼스
6572281-16-1,빨간색
6572281-16-2,홍콩의 교통은 매우
6547981-0-0,자발적
6547981-0-1,20세기
6547992-0-0,예측하여 그
6547992-0-1,강주상
6547992-0-2,이용후’
6329268-0-0,110편
6329268-0-1,있으며
6329268-0-2,이용후’
6547981-1-0,화학공학과에
6547981-1-1,서울대학교
6547992-1-0,화학공학과에
6547992-1-1,수업을 받은 후
6547992-1-2,대한민국군
6329268-1-0,수석
6329268-1-1,10명씩
6547981-2-0,독학
6547981-2-1,과감하게 박차고
6547992-2-0,와중에 마침
6547992-2-1,물리학을 실컷 공부하지
6547992-2-2,문리과대학 물리학과로
6329268-2-0,부인회
6329268-2-1,오하이오
6329268-2-2,과감하게 박차고
6547981-3-0,70단위
6547981-3-1,1955년
6547992-3-0,오하이오 주
6547992-3-1,피츠버그
6547992-3-2,7시
6329268-3-0,학과장 등의 추천
6329268-3-1,피츠버그
6547981-4-0,피츠버그 대학교
6547981-4-1,클라인
6547992-4-0,박사 학위 자격시험
6547992-4-1,에이브러햄 클라인(Abraham Klein
6547992-4-2,해리슨 연구장학금(Harrison Fellowship
6329268-4-0,차점
6329268-4-1,12월에 《피지컬
6329268-4-2,Abraham Klein
6547981-5-0,자신의 박사 학위
6547981-5-1,25세였다
6547992-5-0,수행하면서
6547992-5-1,Doctor of Philosophy
6547992-5-2,펜실베이니아 대학교
6329268-5-0,받았는데
6329268-5-1,1961년
6547981-6-0,1년이었다
6547981-6-1,연구회원
6547992-6-0,프린스턴
6547992-6-1,조교수로
6547992-6-2,함께 기념 삼아
6329268-6-0,1961년도
6329268-6-1,이를 《리뷰
6547981-7-0,1962년 6월
6547981-7-1,아인슈타인도
6547992-7-0,이탈리아 트리에스테 이론물리학
6547992-7-1,모두 1970년대에 이르러서야
6547992-7-2,이휘소는 국제 원자력
6329268-7-0,주최하는 이탈리아 트리에스테
6329268-7-1,1970년대에 이르러서야
6547981-8-0,석학들을 찾아다니며
6547981-8-1,스탠퍼드
6547992-8-0,입자물리학
6547992-8-1,물리학 정보
6547992-8-2,운영하
6547981-9-0,11월에
6547981-9-1,지켜지기
6547992-9-0,피지컬 리뷰 레터
6547992-9-1,발표했고
6547992-9-2,게이지 대칭성
6329268-9-0,11월에
6329268-9-1,0이어야 한다
6547981-10-0,공과대학교
6547981-10-1,시카고 대학교
6547992-10-0,이론물리학
6547992-10-1,이론물리학
6547992-10-2,스탠퍼드 선형
6329268-10-0,9월에 페르미
6329268-10-1,23일자로
6547981-11-0,학계
6547981-11-1,와인버그-살람
6547992-11-0,17회 고에너지 물리학
6547992-11-1,때까지
6547992-11-2,학계
6329268-11-0,10일까지 개최된
6329268-11-1,와인버그-살람
6329268-11-2,1979년
6547981-12-0,억류될 것
6547981-12-1,자연스럽게
6547992-12-0,소비에트
6547992-12-1,물리학자로
6547992-12-2,출발하
6329268-12-0,소비에트 연방의 물리학자로
6329268-12-1,소비에트 연방의 물리학자로
6329268-12-2,보장이 되지 않으면
6547981-13-0,그럼
6547981-13-1,만전을 기하여
6547992-13-0,그럼
6547992-13-1,미국 대사관
6547992-13-2,그럼
6329268-13-0,일러두고서야
6329268-13-1,만전을 기하여
6547981-14-0,22분경에 마주
6547981-14-1,과학과 기술
6547992-14-0,박사〉라는 강경식
6547992-14-1,뉴욕 타임스
6547992-14-2,가족들
6329268-14-0,실린 〈내가 아
6329268-14-1,뉴욕 타임스
6547981-15-0,소설가 김진명에
6547981-15-1,소설
6547992-15-0,국민훈장 동백장
6547992-15-1,출판됐는데
6547992-15-2,명예의 전당
6329268-15-0,동백장에
6329268-15-1,김진명에 의하여
6547981-16-0,질량의 존재
6547981-16-1,스푸리온(Spurion)
6547992-16-0,자발적인 대칭성의 부서짐
6547992-16-1,이때까지 확립된
6547992-16-2,스푸리온(Spurion
6329268-16-0,클라인
6329268-16-1,이론
6547981-17-0,비가환
6547981-17-1,여름학교
6547992-17-0,있는 시그마
6547992-17-1,엇호프트는 이 업적
6547992-17-2,펠트만과 함께
6329268-17-0,1969년
6329268-17-1,프랑스령
6547981-18-0,하고 나서
6547981-18-1,베타 붕괴를 하면
6547992-18-0,베타 붕괴와
6547992-18-1,경우이지만
6547992-18-2,Gaillard
6329268-18-0,나서도
6329268-18-1,Gaillard
6547981-19-0,발견됨으로써
6547981-19-1,사용된
6547992-19-0,제이/프시
6547992-19-1,간접적
6547992-19-2,브룩헤븐 국립연구소
6329268-19-0,중간자가 발견됨으로써
6329268-19-1,USAID 평가위원
6547981-20-0,함께 〈무거운 뉴트리노
6547981-20-1,우주론적
6547992-20-0,경계치〉라
6547992-20-1,리-와인버그
6547992-20-2,상호작용
6329268-20-0,1977년
6329268-20-1,리-와인버그
6311605-0-0,리더십
6311605-0-1,남포등
6513846-0-0,당시 주워온 사과
6513846-0-1,초등학생
6513846-0-2,자를 함석
6498010-0-0,남포등
6498010-0-1,30여명
6498010-0-2,장인공(工
6311605-1-0,8평짜리
6311605-1-1,4억5000만원
6311605-1-2,4억5000만원
6513846-1-0,모스크바
6513846-1-1,천동초등학교에
6513846-1-2,KAIST
6498010-1-0,2007년
6498010-1-1,모스크바 국립공대
6498010-1-2,지식’까지도
6311605-2-0,상기 4개
6311605-2-1,의 2개
6513846-2-0,상기 4개
6513846-2-1,1011132420000
6498010-2-0,상기 4개
6498010-2-1,의 2개
6511477-0-0,7개월
6511477-0-1,유학하다가
6511477-0-2,2~3년만에
6140109-0-0,산본동에서 1남
6140109-0-1,말레이시아
6140109-0-2,유학하다가
6535901-0-0,이승환)
6535901-0-1,말레이시아
6511477-1-0,이승환과 이름이
6511477-1-1,이승환과
6511477-1-2,이름은 가수 이승환
6140109-1-0,예명
6140109-1-1,서프라이즈
6140109-1-2,몇편의 드라마
6535901-1-0,이승환
6535901-1-1,액터스리그
6511477-2-0,영화 《나
6511477-2-1,복불복》에
6511477-2-2,나애라(이민정
6140109-2-0,방과 후 복불복
6140109-2-1,출연한《수상한 가정부
6140109-2-2,나애라(이민정
6535901-2-0,출연한
6535901-2-1,출연한
6511477-3-0,드라마
6511477-3-1,서강준은 MBC 대하
6140109-3-0,화정》에
6140109-3-1,홍주원
6140109-3-2,매력남
6535901-3-0,피아노
6535901-3-1,11월
5937946-0-0,법률상으로
5937946-0-1,정황으로
6570101-0-0,1908년
6570101-0-1,1908년
6570103-0-0,1908년
6570103-0-1,지방자치제가
5937946-1-0,한성부민회
5937946-1-1,열고 유길준
5937946-1-2,한성부민회
6570101-1-0,교육문제에 대해서
6570101-1-1,이듬해
6570103-1-0,교육문제에 대해서
6570103-1-1,이듬해
5937946-2-0,방회(坊會)규약
5937946-2-1,규약에
6570101-2-0,의결기관
6570101-2-1,규약에 하부
6570103-2-0,이라는 제목
6570103-2-1,조직으로 방회
5924186-0-0,끼쳤으며
5924186-0-1,1989년
6568125-0-0,인민공화국
6568125-0-1,크렘린
6568125-0-2,소련
6568138-0-0,크렘린
6568138-0-1,끼쳤으며
6568138-0-2,1989년
5924186-1-0,1944년
5924186-1-1,조약에서 정한
6568125-1-0,독일이 점령한
6568125-1-1,소련 영토로
6568125-1-2,Stanisław
6568138-1-0,합의되었고
6568138-1-1,1944년 7월
5924186-2-0,가장하면서
5924186-2-1,16명
6568125-2-0,폴란드 인민해방위원회는 자신들
6568125-2-1,공명정대한
6568138-2-0,지역 자생
6568138-2-1,잡아가 그해 6월에
5924186-3-0,미코와이치크
5924186-3-1,3도 되지
6568125-3-0,할당된
6568125-3-1,개혁과 산업 국유화
6568138-3-0,미코와이치크
6568138-3-1,비에루트가 주도하
5924186-4-0,인민공화국이 공식적
5924186-4-1,우크라이나에
6568125-4-0,1946년
6568125-4-1,1949년 비민주적인 공산주의 국가인
6568125-4-2,동부 지역
6568138-4-0,1946년 10월
6568138-4-1,1947년 1월
6476359-0-0,1693)
6476359-0-1,파비오
6656721-0-0,마리오
6656721-0-1,베아트리체와
6656721-0-2,파비오
6480344-0-0,파비오
6480344-0-1,숙부인 교황에
6480344-0-2,혼인하여
6476359-1-0,베스트팔렌
6476359-1-1,사이에서 힘
6656721-1-0,1648년
6656721-1-1,1648년
6656721-1-2,1789년
6480344-1-0,30년 전쟁(1618
6480344-1-1,무가치하고
6480344-1-2,결과 30년
6656721-2-0,처음 몇
6656721-2-1,딱딱한 침대
6656721-2-2,해골들
6480344-2-0,교황직에
6480344-2-1,지나지 않아
6480344-2-2,부드러운
6476359-3-0,중 프란체스코 보로미니만
6476359-3-1,재위기간
6656721-3-0,갈레아초 베르니니였지
6656721-3-1,보기에 보로미니
6656721-3-2,이에 대한
6480344-3-0,보로미니
6480344-3-1,프란체스코
6480344-3-2,개인적으로 도시 계획과 건축
6476359-4-0,쥘 마자랭 추기경과
6476359-4-1,일시적
6656721-4-0,마자랭
6656721-4-1,콘클라베 중에 그
6656721-4-2,1662년
6480344-4-0,추기경과
6480344-4-1,1662년
6480344-4-2,아비뇽이
6476359-5-0,예수회
6476359-5-1,1656년
6656721-5-0,예수회
6656721-5-1,1606년
6656721-5-2,코르넬리우스
6480344-5-0,제국으로부터 크레타
6480344-5-1,10월
6480344-5-2,얀센주의자들
6476359-6-0,Ecclesiarum
6476359-6-1,제8항에서 비오
6656721-6-0,말함으로써
6656721-6-1,무류성에
6480344-6-0,Sollicitudo omnium Ecclesiarum)
6480344-6-1,형언할
6480344-6-2,제8항
6656804-0-0,확인한 이후부터
6656804-0-1,아돌프
6656804-0-2,반담배 운동
6488708-0-0,나치 독일의 금연
6488708-0-1,되었는데
6488722-0-0,있었던
6488722-0-1,가운데
6656804-1-0,1904년
6656804-1-1,1910년
6656804-1-2,1920년
6488708-1-0,비흡연자 보호
6488708-1-1,"단체인 ""독일인 담배"
6488722-1-0,1904년
6488722-1-1,"단체인 ""독일인 담배"
6656804-2-0,출산 장려
6656804-2-1,가져올 뿐만
6656804-2-2,아그네스 블룸의 지지
6488708-2-0,있다고
6488708-2-1,주장했는데 이러한
6488708-2-2,유명한
6488722-2-0,출산 장려
6488722-2-1,후티히
6488722-2-2,아그네스
6656804-3-0,Passivrauchen)이라
6656804-3-1,지원했으며 히틀러
6656804-3-2,맡고 있던
6488708-3-0,흡연(Passivrauchen)이라
6488708-3-1,있던
6488722-3-0,히틀러
6488722-3-1,히틀러
6488722-3-2,Passivrauchen
6656804-4-0,샤이러가 처음
6656804-4-1,갖고
6656804-4-2,나치당(NSDAP
6488708-4-0,뮐러는 독일
6488708-4-1,발표한 의학
6488722-4-0,샤이러가
6488722-4-1,뮐러는 독일의 저명한
6656804-5-0,1939년
6656804-5-1,깨끗한
6656804-5-2,Gesundes Volk
6488708-5-0,알코올·담배
6488708-5-1,잡지인 《쾌락
6488708-5-2,수백명
6488722-5-0,쾌락의 흥분》(Die
6488722-5-1,1939년
6656804-6-0,60개
6656804-6-1,1941년
6656804-6-2,1943년
6488722-6-0,도시가 노면 전차
6488722-6-1,담배 배급
6656804-7-0,국방군도
6656804-7-1,사탕이
6656804-7-2,80%에서 95
6488708-7-0,국방군도 흡연이 제한되었고
6488708-7-1,SS기갑사단
6488722-7-0,국방군도 흡연이 제한되었고
6488722-7-1,50개비
6488722-7-2,회원으로 구성된 12
6656804-8-0,진행하던
6656804-8-1,릴리 마를렌
6488708-8-0,게재되었으며
6488708-8-1,안데르센이
6488722-8-0,정부의 여성 흡연
6488722-8-1,진행하던
6488722-8-2,게재되었으며
6656804-9-0,1949년
6656804-9-1,1948년
6656804-9-2,"24,000"
6488708-9-0,반입했으며
6488708-9-1,20억 개비
6488708-9-2,"24,000"
6488722-9-0,4억 개비
6488722-9-1,1948년
6531867-0-0,HOT》을 발매하면서
6531867-0-1,발매해
6531867-0-2,컴퍼니라
6463309-0-0,2007년
6463309-0-1,쥬얼리로 돌아
6463309-0-2,컴퍼니라
6517609-0-0,첫 정규
6517609-0-1,One More Time〉
6531867-1-0,2002년
6531867-1-1,쥬얼리의 2집
6531867-1-2,15일 발매한 4집
6463309-1-0,Super Star〉
6463309-1-1,2002년
6517609-1-0,띄어 같은 해
6517609-1-1,1위를 가져다줬다
6531867-2-0,멤버 이지현이
6531867-2-1,출연했는데
6531867-2-2,역시 연기 활동
6463309-2-0,하지만
6463309-2-1,29일
6463309-2-2,속초
6517609-2-0,출연했는데
6517609-2-1,11월
6531867-3-0,녹음이 마무리되었다고 알렸고
6531867-3-1,받아 노출이 적
6531867-3-2,싶어해 〈가르쳐줘요〉로
6463309-3-0,앨범이자 솔
6463309-3-1,인기가요》
6517609-3-0,2007년 3월 5일
6517609-3-1,2007년 3월 5일
6531867-4-0,2008년 2월 20일
6531867-4-1,1위를 휩쓸었고
6531867-4-2,2》라
6463309-4-0,2월 20일
6463309-4-1,하루만에
6463309-4-2,바가지 머리(버섯머리로도 알려짐
6517609-4-0,동명
6517609-4-1,은 하루만에 각종
6531867-5-0,7월 23일
6531867-5-1,2009년 9월 5일
6463309-5-0,결혼 했어요》
6463309-5-1,했어요》
6463309-5-2,스타일》에
6517609-5-0,시기부터
6517609-5-1,카이스트》에
6531867-6-0,로맨스〉
6531867-6-1,2010년 6월
6531867-6-2,리듬속으로〉로
6463309-6-0,선공개했는데
6463309-6-1,THANK
6463309-6-2,2010년 12월
6517609-6-0,Lov-Elly》
6517609-6-1,"노래로, 평소"
6531867-7-0,나나리치 가방 론칭
6531867-7-1,애정만만세》
6531867-7-2,아랍에미리트
6463309-7-0,Lov-Elly
6463309-7-1,애정만만세》
6517609-7-0,서인영은 또한
6517609-7-1,두 번째 EP
6531867-8-0,8월부터는 뷰티
6531867-8-1,디스코
6463309-8-0,스타 뷰티 쇼》에
6463309-8-1,끝나고
6517609-8-0,컴퍼니
6517609-8-1,기획부터 홍보
6531867-9-0,가창력
6531867-9-1,2 - 전설
6517609-9-0,"경우다""라며"
6517609-9-1,"뉴스엔》에서는 ""많"
6531867-10-0,Hung Up〉
6531867-10-1,Marmalade
6463309-10-0,댄스 가수들
6463309-10-1,자주 선보였고
6517609-10-0,Hung Up〉
6517609-10-1,관심을 나타냈다
6531867-11-0,높은것으로 알려져 있는데
6531867-11-1,밤마다》에 출연해
6531867-11-2,"훌륭하다""고"
6463309-11-0,킬힐 마니아로도
6463309-11-1,2010년
6517609-11-0,높은것으로 알려져 있는데
6517609-11-1,컴백했을때
6531867-12-0,제이와 함께
6531867-12-1,크라운
6463309-12-0,함께 개미부부로
6463309-12-1,크라운
6517609-12-0,크라운
6517609-12-1,인터뷰365》
6491344-0-0,데드풀(Deadpool
6491344-0-1,또한 타노스
6491367-0-0,Deadpool
6491367-0-1,Deadpool
6293225-0-0,Deadpool
6293225-0-1,기니피그
6293225-0-2,2016년
6043996-0-0,곧이어 대리석과
6043996-0-1,貝殼石灰石)이
6492006-0-0,사용하게
6492006-0-1,돌의 표면에
6534011-0-0,모르타르
6534011-0-1,面)의 뛰어난
6492006-1-0,페스툼(고대
6492006-1-1,페스툼의 <포세이돈
6492006-1-2,일반적
6534011-1-0,적어도 도리스식
6534011-1-1,페스툼(고대
6043996-2-0,파르테논
6043996-2-1,기원전 447년
6492006-2-0,팔주식(八柱式
6492006-2-1,도리스식
6534011-2-0,팔주식(八柱式
6534011-2-1,이크티노스
6534011-2-2,도리스식
6594051-0-0,후 이승만에
6594051-0-1,박정희
5868390-0-0,1949년
5868390-0-1,1951년
5868390-0-2,1951년
6594051-1-0,1970년
6594051-1-1,1989년
5868390-1-0,노력하였으며
5868390-1-1,1973년
5868390-1-2,사회적인 물의
6594051-2-0,경원보통학교
6594051-2-1,그리고 일본사람들
5868390-2-0,혼자서
5868390-2-1,1922년
6594051-3-0,1945년 9월
6594051-3-1,모스크바로
5868390-3-0,1945년
5868390-3-1,KGB본부로
6594051-4-0,예정된 아이젠하워
6594051-4-1,한표욱이
5868390-4-0,1960년
5868390-4-1,주프랑스
6594051-5-0,사임하자 4월
6594051-5-1,1964년 8월
5868390-5-0,1964년
5868390-5-1,1964년
6594051-6-0,정인숙
6594051-6-1,바로 미국
5868390-6-0,자신은 물론
5868390-6-1,그러나 자신과도
6594051-7-0,미국에 있
6594051-7-1,하와이 스트라웁병원에
5868390-7-0,사이
5868390-7-1,1993년
6594051-8-0,국회의원
6594051-8-1,문익환이
5868390-8-0,1994년
5868390-8-1,문익환목사
6594051-9-0,틀림없다고
6594051-9-1,성일이란
5868390-9-0,1989년
5868390-9-1,정성일이
6594051-10-0,60~70년대 중정
6594051-10-1,넷째오빠
5868390-10-0,60~70년대
5868390-10-1,60~70년대
6594051-11-0,셋뿐이었기에 생전에
6594051-11-1,실제 4대
5868390-11-0,실제 4대
5868390-11-1,논란 역시
6594051-12-0,친자확인소송
6594051-12-1,91년 그가 한국에
5868390-12-0,91년
5868390-12-1,않았으니
6594051-13-0,노래의 가사를 개사하여
6594051-13-1,암살되면서 의혹은 미궁
5868390-13-0,1970년
5868390-13-1,가사를 개사하여
6548488-0-0,위한 조치로
6548488-0-1,1200t
6548488-0-2,전기적
6548557-0-0,중련 총괄 제어장치
6548557-0-1,엔드간
6548557-0-2,401및 402는 버니어
6331502-0-0,1200t
6331502-0-1,교차 관방식
6548488-1-0,차례차례
6548488-1-1,호쿠토세이' 등
6548557-1-0,차례차례
6548557-1-1,측면으로 '은의 유성
6548557-1-2,차상에서
6331502-1-0,빨강
6331502-1-1,은의 유성'
6548488-2-0,2003년부터
6548488-2-1,터널을 포함한 하타부
6548557-2-0,JR동일본
6548557-2-1,화물터미널간
6548557-2-2,야츠시로까지
6331502-2-0,2003년부터
6331502-2-1,2010년부터
6605577-0-0,1959년 7월
6605577-0-1,만주
6543184-0-0,1959년
6543184-0-1,1959년
6543184-0-2,류원지
6547636-0-0,백부가 면장
6547636-0-1,류태우와
6547636-0-2,백부가 면장
6605577-1-0,1980년
6605577-1-1,5·17
6543184-1-0,1980년
6543184-1-1,유시민
6547636-1-0,1980년
6547636-1-1,대표자격
6547636-1-2,신계륜
6605577-2-0,8부작《그것
6605577-2-1,때는 가명이 아닌
6543184-2-0,유지수'라
6543184-2-1,신용비어천가
6547636-2-0,유지수'라
6547636-2-1,베스트셀러극장
6547636-2-2,미니시리즈 8부작
6605577-3-0,"안된 분""이"
6605577-3-1,"관련해 ""문"
6543184-3-0,의원은 문국현
6543184-3-1,2007년
6547636-3-0,2007년 11월
6547636-3-1,"그는 ""문 후보"
6605577-4-0,2008년
6605577-4-1,무소속
6543184-4-0,수성구
6543184-4-1,2009년 4월
6547636-4-0,무소속
6547636-4-1,무소속
6547636-4-2,대통령에
6605577-5-0,당시 창당준비위원회
6605577-5-1,동교동
6543184-5-0,10일
6543184-5-1,대통령의 부인
6547636-5-0,2009년
6547636-5-1,방문해
6547636-5-2,대통령의 부인
6605577-6-0,차라리
6605577-6-1,국민참여당
6543184-6-0,유시민
6543184-6-1,2011년 12월
6547636-6-0,2005년
6547636-6-1,2011년
6547636-6-2,정치카페'라
6605577-7-0,2003년 3월
6605577-7-1,하지만 후에
6543184-7-0,개혁당원들과
6543184-7-1,개혁당원들과
6547636-7-0,2003년 3월
6547636-7-1,김선일씨가
6605577-8-0,사후처리에
6605577-8-1,1년6개월간
6543184-8-0,4학년이었던
6543184-8-1,방송통신대학
6547636-8-0,4학년이었던
6547636-8-1,4학년이었던
6605577-9-0,통합진보당
6605577-9-1,공동대표는 서기호
6543184-9-0,되는 것에 대해
6543184-9-1,민주노총
6547636-9-0,서기호가 통합진보당
6547636-9-1,공동대표는 서기호가
6547636-9-2,서기호가
6532884-0-0,187cm까지
6532884-0-1,7픽이라
6532884-0-2,2학년때
6465244-0-0,187cm까지
6465244-0-1,23경기
6465244-0-2,7픽이라
6604264-0-0,187cm
6604264-0-1,골든스테이트
6604264-0-2,23경기만
6532884-1-0,기존의 에이스였던
6532884-1-1,여담
6532884-1-2,못하다고
6465244-1-0,밀워키
6465244-1-1,판단이 현명했음이 입증되었으며
6465244-1-2,여담
6604264-1-0,했지만 리그
6604264-1-1,한편
6532884-2-0,47승
6532884-2-1,47승 35패로
6532884-2-2,47승
6465244-2-0,47승 35패로
6465244-2-1,47승 35패로
6465244-2-2,성공적인
6604264-2-0,47승
6604264-2-1,성적은 23
6532884-3-0,커리는 맹활약하면서
6532884-3-1,2016 시즌에는 골든스테이트
6532884-3-2,최고기록인 272개
6465244-3-0,2014-2015
6465244-3-1,72승 9패
6465244-3-2,최고기록인 272개
6604264-3-0,1위
6604264-3-1,한시즌 3점
5840006-0-0,Ewan Gordon McGregor
5840006-0-1,1996년
5840006-0-2,Ewan Gordon McGregor
6545823-0-0,Ewan Gordon McGregor
6545823-0-1,트레인스포팅》
6545823-0-2,오비완
6545825-0-0,1971년
6545825-0-1,1996년
6545825-0-2,1996년
5840006-1-0,콜린은 영국
5840006-1-1,교사
5840006-1-2,이유는 삼촌 데니스
6545823-1-0,원한다면
6545823-1-1,스튜어트
6545823-1-2,찰스 스튜어트
6545825-1-0,콜린은 영국
6545825-1-1,프라이드
6545825-1-2,네 살 무렵
5840006-2-0,당시에 새내기 감독이었던
5840006-2-1,선정되었다
5840006-2-2,수상하였고
6545823-2-0,대니 보일이 감독한
6545823-2-1,1994년
6545823-2-2,엠파이어상을 수상하였으며
6545825-2-0,당시에 새내기 감독이었던
6545825-2-1,에 마크 렌턴
6545825-2-2,감독한 스릴러
5840006-3-0,1999년
5840006-3-1,코미디
5840006-3-2,다운 위드
6545823-3-0,공개된
6545823-3-1,시인 크리스티앙
6545823-3-2,러네이 젤위거
6545825-3-0,1: 보이지
6545825-3-1,공개된
6545825-3-2,2003년
5840006-4-0,평을 받았으며
5840006-4-1,어린 에드워드
5840006-4-2,아일랜드》
6545823-4-0,"또한, 팀 버튼"
6545823-4-1,마찬가지로
6545823-4-2,요한슨과
6545825-4-0,클론의 습격》
6545825-4-1,목소리
6545825-4-2,스테이》에
5840006-5-0,결국
5840006-5-1,내이쳐》
5840006-5-2,내이쳐》
6545823-5-0,역할로 물망에 올랐으나
6545823-5-1,댄 브라운의 동명
6545823-5-2,제임스 본드
6545825-5-0,에는 동성애자인
6545825-5-1,물망에 올랐으나
6545825-5-2,2007년
5840006-6-0,프랑스의 프로덕션 디자이너인
5840006-6-1,맥그리거의 오른쪽 팔에는 아내의 이름
5840006-6-2,아내의 이름과 딸의 이름
6545823-6-0,Mavrakis
6545823-6-1,같이 4명
6545823-6-2,Jamiyan
6545825-6-0,오른쪽
6545825-6-1,오른쪽
6545825-6-2,가족과 함께 로스앤젤레스
6577155-0-0,노론
6577155-0-1,한구(韓構
6577155-0-2,金萬重)
6402579-0-0,김춘택이
6402579-0-1,謝氏南征記
6490572-0-0,金萬基
6490572-0-1,한구(韓構)
6490572-0-2,金萬重)
6577155-1-0,幼學) 김인(金寅
6577155-1-1,1695년(숙종 20년
6577155-1-2,민암이 숙종
6402579-1-0,하여금
6402579-1-1,불령한
6490572-1-0,숙원 최씨
6490572-1-1,幼學) 김인(金寅
6490572-1-2,김춘택·한중혁
6577155-2-0,그러나 소론과 남인
6577155-2-1,1697년
6577155-2-2,충문(忠文)
6402579-2-0,제주도(濟州道
6402579-2-1,고종시대에
6490572-2-0,제주도(濟州道
6490572-2-1,금천
6490572-2-2,김창집
6533427-0-0,강원도 화천
6533427-0-1,이용한
6457513-0-0,성신여대의 교직원들
6457513-0-1,전인범
6457513-0-2,300만원
6520051-0-0,축하파티
6520051-0-1,20여 명
6527510-0-0,아나스타시아디스
6527510-0-1,PAOK
6472301-0-0,아나스타시아디스가
6472301-0-1,98 시즌에는 매우
6472301-0-2,해임되었고
6479766-0-0,아나스타시아디스
6479766-0-1,돼서 또다시
6527510-1-0,요인으로
6527510-1-1,2달 출장
6472301-1-0,키프로스
6472301-1-1,유럽대항전 2달
6479766-1-0,불행히도
6479766-1-1,2-1
6527510-2-0,들어서
6527510-2-1,볼로냐
6472301-2-0,테오도로스 자고라키스가 볼로냐
6472301-2-1,두미트레스쿠가
6479766-2-0,과거 팀
6479766-2-1,볼로냐
6527510-3-0,5월말까지
6527510-3-1,파나티나이코스에
6472301-3-0,청천벽력같
6472301-3-1,얀니스 구메노스
6527510-4-0,페루자
6527510-4-1,상태였던
6472301-4-0,타격
6472301-4-1,2007년
6479766-4-0,보였고
6479766-4-1,페루자
6527510-5-0,시즌을 4위
6527510-5-1,2위를 차지해
6472301-5-0,1-0
6472301-5-1,2위
6479766-5-0,1-0
6479766-5-1,많은 루마니아인
6527510-6-0,보드진
6527510-6-1,보드진
6472301-6-0,그리스인
6472301-6-1,2012년
6479766-6-0,2012년
6479766-6-1,종료시키고 그리스인 요르고스
6527510-7-0,휘프 스테번스
6527510-7-1,휘프 스테번스를 신임
6472301-7-0,UEFA 유로파리그 3차
6472301-7-1,휘프 스테번스
6479766-7-0,0-2
6479766-7-1,2위
6481957-0-0,김영무
6481957-0-1,신고하여 법적으로
6481979-0-0,신고하여 법적으로
6481979-0-1,신고하여
5998428-0-0,신고하여 법적으로는 합동
5998428-0-1,신고하여 법적으로
5998428-0-2,김영무
6565752-0-0,고유한
6565752-0-1,자본주의적
5912958-0-0,아도르노가
5912958-0-1,현실로부터 도피
6565752-1-0,현대사회
6565752-1-1,아니라
6565752-1-2,광고
5912958-1-0,문화산업
5912958-1-1,그래서
6565752-2-0,따라서 대량생산되
6565752-2-1,이데올로기
5912958-2-0,표준화된
5912958-2-1,결단을 내리
6565752-3-0,비폭력을 주장하였다
6565752-3-1,후설에
6565752-3-2,영국 옥스퍼드대학
5912958-3-0,섭렵하였으며
5912958-3-1,배우기
5912958-3-2,현대 사회
6546955-0-0,그는 초상화로 알려졌고
6546955-0-1,본국의 회화
6515011-0-0,상(像
6515011-0-1,상(像
6534651-0-0,그러나
6534651-0-1,런던
6534651-0-2,따뜻한
6546955-1-0,1855년
6546955-1-1,1917)
6546955-1-2,모자(母子)
6515011-1-0,휘슬러
6515011-1-1,1855년
6515011-1-2,몰두하고
6534651-1-0,파리
6534651-1-1,그리는 데 몰두하고
6534651-1-2,프랑스
6546955-2-0,1913년
6546955-2-1,방'이라
6515011-2-0,개최되었는데
6515011-2-1,공포의 방
6515011-2-2,마르셀 뒤샹
6534651-2-0,규모의 전람회가 개최되었는데
6534651-2-1,공포의 방'이라
6546955-3-0,행위(액션
6546955-3-1,1952년
6546955-3-2,1952년
6515011-3-0,로젠버그가
6515011-3-1,명명(命名)한
6515011-3-2,1952년
6534651-3-0,표현양식
6534651-3-1,로젠버그가
6546955-4-0,그러나 미국
6546955-4-1,1960년대 초엽
6546955-4-2,파퓰러
6515011-4-0,초엽에 팝
6515011-4-1,1950년대
6515011-4-2,피에르 레스타니
6534651-4-0,출현하였다
6534651-4-1,약칭인데
6178094-0-0,2000년
6178094-0-1,김모씨로부터
6549088-0-0,증거부족
6549088-0-1,2004년
6549096-0-0,"징역 2년이, 남편"
6549096-0-1,징역 10년을 선고받고
6549096-0-2,집행유예
6548270-0-0,2014년
6548270-0-1,영국의 서사 공상
6548270-0-2,Interstellar
6591030-0-0,2014년
6591030-0-1,Interstellar
6591030-0-2,브라더스와 레전더리
5852653-0-0,2014년
5852653-0-1,Interstellar
6548270-1-0,태양계
6548270-1-1,자녀를 두고
6548270-1-2,딸과 아들
6591030-1-0,살아가면서도
6591030-1-1,태양계의 토성
5852653-1-0,NASA)도
5852653-1-1,살아가면서도
6548270-2-0,할리우드
6548270-2-1,아이디어
6548270-2-2,데이브 칼훈
6591030-2-0,인터스텔라
6591030-2-1,많은 부분
6548270-3-0,영화평론가 이동진
6548270-3-1,허지웅
6548270-3-2,SF 영화의 지평
6591030-3-0,우주
6591030-3-1,통해서
6591030-3-2,SF 영화의 지평
5852653-3-0,음악으로 가장
5852653-3-1,영화평론가 이동진
6548270-4-0,"8800만 달러, 다른"
6548270-4-1,6500만
6548270-4-2,7510만 달러
6591030-4-0,미국과 캐나다
6591030-4-1,전 세계적으로 1억
5852653-4-0,35개국
5852653-4-1,날 35개국 시장
6511701-0-0,1978년
6511701-0-1,21개 행정동
6511701-0-2,도농통합형
6257751-0-0,1977년
6257751-0-1,1500여 명
6257751-0-2,선산군
6476933-0-0,1995년 선산군
6476933-0-1,1978년
6476933-0-2,구미지구출장소를 설치하여
6511701-1-0,4공단
6511701-1-1,낙동강
6511701-1-2,돌파했고
6257751-1-0,4공단
6257751-1-1,2005년
6476933-1-0,초기에는 섬유나 가정용
6476933-1-1,4공단
6476933-1-2,있어 공업단지
6511701-2-0,경부선을 경유하
6511701-2-1,2010년
6511701-2-2,250억 원
6257751-2-0,2007년 6월
6257751-2-1,250억
6476933-2-0,2회씩
6476933-2-1,250억
6476933-2-2,김천(구미)역이
6511701-3-0,위해 공동관리위원회
6511701-3-1,있으며
6257751-3-0,2005년 7월
6257751-3-1,2004년
6476933-3-0,공동관리위원회
6476933-3-1,도착안내시스템 설치를 통해
6476933-3-2,2004년
6511701-4-0,105개
6511701-4-1,105개
6511701-4-2,앞에 1
6257751-4-0,40번대
6257751-4-1,1을
6476933-4-0,장천면을 시·종점
6476933-4-1,시·종점
6476933-4-2,80번대
6511701-5-0,삼국
6511701-5-1,3차에
6511701-5-2,조성되면서 3세기
6257751-5-0,2백여
6257751-5-1,205기
6476933-5-0,2백여
6476933-5-1,복원하고
6476933-5-2,원형대로 복원하고
6511701-6-0,아도화상
6511701-6-1,도리사
6511701-6-2,극락전
6257751-6-0,아도화상
6257751-6-1,아도화상이
6476933-6-0,아도화상
6476933-6-1,보여주
6476933-6-2,지역은 다양한
6511701-7-0,2006년 1월
6511701-7-1,8개
6511701-7-2,25개
6476933-7-0,영화관의 25개
6476933-7-1,원평동
6476933-7-2,원평동에 10개 상영관
6492102-0-0,총 9개
6492102-0-1,아래에서부터
6492102-0-2,460~250만
6492103-0-0,형성된 해양섬
6492103-0-1,총 9개
6492102-1-0,2005년
6492102-1-1,37종이
6492102-1-2,2013년
6492103-1-0,126종이다
6492103-1-1,괭이갈매기이었고
6492103-1-2,26과 37종이
6046192-1-0,개체수가
6046192-1-1,경비대
6492102-2-0,1974년
6492102-2-1,시마네현 다케시마 섬
6492103-2-0,바다사자(독도강치)
6492103-2-1,600엔)씩
6046192-2-0,"가지""로 불렀으며 이"
6046192-2-1,매년 가죽 800관(600엔
6469972-0-0,개성고) 앞
6469972-0-1,경찰에 의해
5780435-0-0,10일
5780435-0-1,1987년
6499551-0-0,결정하였다
6499551-0-1,1987년
6499551-0-2,일주일
6469972-1-0,350여
6469972-1-1,있는 350여
5780435-1-0,50m앞
5780435-1-1,보호하겠다
6499551-1-0,한편 명동성당
6499551-1-1,350여
6499551-1-2,계속되었으나
6469972-2-0,전국 37개
6469972-2-1,6·10
5780435-2-0,"3,467명이"
5780435-2-1,학생 항쟁
6499551-2-0,37개
6499551-2-1,467명
6499551-2-2,참여로 6월 항쟁
6482952-0-0,2003년
6482952-0-1,함께 웃음
6011879-0-0,2006년
6011879-0-1,1981년
6482938-0-0,뽑히면서
6482938-0-1,미녀 삼총사’
6560883-0-0,"cacique"")"
6560883-0-1,아콩카
6464200-0-0,Chili
6464200-0-1,"추운"""
6464200-0-2,chin
6560883-1-0,일주
6560883-1-1,프란시스코 피사로
6560883-1-2,프란시스코
6464200-1-0,1520년
6464200-1-1,도착한 유럽인
6464200-1-2,여겨지나 이 땅
6560883-2-0,1881년
6560883-2-1,1920년대
6464200-2-0,억압하면서
6464200-2-1,아타카마 사막)에는 초석이
6464200-2-2,1920년대
6560883-3-0,1924년
6560883-3-1,1952년
6464200-3-0,1924년
6464200-3-1,1927년
6464200-3-2,넘도록 대다수
6560883-4-0,인민연합
6560883-4-1,미국
6464200-4-0,공산당
6464200-4-1,시키고
6464200-4-2,위한
6560883-5-0,미국
6560883-5-1,1973년
6464200-5-0,1973년
6464200-5-1,가혹행위
6464200-5-2,나뭇잎
6560883-6-0,1988년
6560883-6-1,2006년초
6464200-6-0,운동으로 패하여
6464200-6-1,칠레 정치
6464200-6-2,미첼레 바첼레트
6560883-7-0,2009년
6560883-7-1,2011년
6464200-7-0,2009년
6464200-7-1,이는 3년
6560883-8-0,8개
6560883-8-1,"1,842"
6464200-8-0,2008년 5월
6464200-8-1,1907년
6560883-9-0,이 나라의 경제
6560883-9-1,보면 히스패닉계 밖
6464200-9-0,칠레로 들어온 이민자들
6464200-9-1,이 나라의 북부나
6560883-10-0,"350,000"
6560883-10-1,1848년
6464200-10-0,상인들
6464200-10-1,그리스인들도
6560883-11-0,의해 살해당하자
6560883-11-1,성만찬이 칠레
6464200-11-0,1973년 10월
6464200-11-1,정권
6464200-11-2,피노체트
6560883-12-0,제9주
6560883-12-1,링구아
6464200-12-0,등이다
6464200-12-1,Mapudungun
6464200-12-2,마푸체
6560883-13-0,2011년
6560883-13-1,2009년
6464200-13-0,2009년
6464200-13-1,일반적
6464200-13-2,900만원
6560883-14-0,2011년
6560883-14-1,펭귄이란 이름
6464200-14-0,대규모
6464200-14-1,펭귄이란
6565385-0-0,2003년
6565385-0-1,열대저기압
6599003-0-0,2003년
6599003-0-1,5급”
5911439-0-0,2003년
5911439-0-1,기준으로는 “맹렬한
5911439-0-2,맹렬한
6565385-1-0,태풍”으로서
6565385-1-1,제14호 태풍
6599003-1-0,45
6599003-1-1,6시간
5911439-1-0,최성기를 맞이한
5911439-1-1,그리고
5911439-1-2,세력
6565385-2-0,기존의 최대순간풍속
6565385-2-1,제12호
6599003-2-0,2000년
6599003-2-1,2000년
5911439-2-0,지역은 태풍
5911439-2-1,역대
5911439-2-2,고산 두 지점
6565385-3-0,시 45
6565385-3-1,반시계 방향
6599003-3-0,형국
6599003-3-1,일인 9월
5911439-3-0,특성상
5911439-3-1,특성상
5911439-3-2,중첩되어
6565385-4-0,발생
6565385-4-1,안전수칙
6599003-4-0,59년
6599003-4-1,10일 오후
5911439-4-0,발생
5911439-4-1,매우 미흡해
5911439-4-2,전년의 태풍 루사에
6565385-5-0,439
6565385-5-1,위치한
6599003-5-0,10명이
6599003-5-1,고조(高潮
6565385-6-0,m/s
6565385-6-1,경계심 부족이
6599003-6-0,145만여
6599003-6-1,약 4일
5911439-6-0,강풍에
5911439-6-1,해당했던
6565385-7-0,400
6565385-7-1,끝나기도
6599003-7-0,경상남도
6599003-7-1,400
5911439-7-0,지방
5911439-7-1,쏟아져
6486806-0-0,중국
6486806-0-1,다이아몬드원이다
6491185-0-0,중국
6491185-0-1,다이아몬드원이다
6491185-0-2,출연하여 9연승
6040267-0-0,한국
6040267-0-1,다이아몬드원이다
6040267-0-2,9연승
6490892-0-0,검찰은 미국 CCS사가
6490892-0-1,자료의 출처
6577692-0-0,자료의 출처
6577692-0-1,CCS사가
6577692-1-0,의원들
6577692-1-1,지난달 29일
6577692-2-0,"대해서도 ""조사했는지"
6577692-2-1,김승규
6490892-3-0,입장'과 관련한 통화내용
6490892-3-1,R-2를 이용해
6577692-3-0,R-2
6577692-3-1,감청장비인 R-2
6490892-4-0,장비인 '카스(CAS
6490892-4-1,그걸 알았다면 없앴
6577692-4-0,"검찰이 ""김은성"
6577692-4-1,받아본
6577692-5-0,임동원
6577692-5-1,없다'
6577692-6-0,무렵부터
6577692-6-1,4가지
6577692-7-0,형사1단독
6577692-7-1,그는 이날
6490892-8-0,11월 26일
6490892-8-1,김병두
6577692-8-0,"진술에서 또 ""9월"
6577692-8-1,왜 그랬느냐
6577692-9-0,대한민국
6577692-9-1,국정원
6015757-0-0,2009년
6015757-0-1,2009년
6488670-0-0,볼륨을 높여요》
6488670-0-1,2009년 10월
6488670-0-2,2009년
6483058-0-0,높여요》
6483058-0-1,높여요》
6483058-0-2,2010년 4월 19일
6488670-1-0,"Love"""
6488670-1-1,"공개되었으며, 7월"
6488670-1-2,8일
6483058-1-0,NARSHA》
6483058-1-1,후속곡 〈맘마미아〉
6483058-1-2,앞서 솔로앨범 수록곡
5837420-0-0,서화연구회원
5837420-0-1,대륙고무공업주식회사를 설립하자
6544496-0-0,대륙고무공업주식회사를 설립하자
6544496-0-1,대륙고무공업주식회사
6544496-0-2,1928년
6544557-0-0,창립발기인
6544557-0-1,1921년
5837420-1-0,조선실업구락부
5837420-1-1,이하영이 받은 자작
6544496-1-0,경성상공조합연합회
6544496-1-1,1937년
6544496-1-2,1929년
6544557-1-0,1929년
6544557-1-1,1931년
5837420-2-0,기념장
5837420-2-1,수록자
6544496-2-0,종3위
6544496-2-1,10주년
6544557-2-0,정4위에 서위되었으며
6544557-2-1,민족문제연구소
6544073-0-0,을사사화를 일으켰으며
6544073-0-1,정미사화
6544095-0-0,을사사화
6544095-0-1,사림을 정계
6544095-0-2,자신의 처외삼촌인
5835766-0-0,제거하기
5835766-0-1,정미사화
6544073-1-0,친척이었는데
6544073-1-1,윤사윤의 후손
6544095-1-0,문정왕후
6544095-1-1,후의 명종)
6544095-1-2,일파를 소윤
5835766-1-0,윤임이
5835766-1-1,친척이었는데
6544073-2-0,사사하였으며
6544073-2-1,윤백원
6544095-2-0,1548년
6544095-2-1,문정왕후가
6544095-2-2,점쟁이
5835766-2-0,윤백원
5835766-2-1,점쟁이의 말
6544073-3-0,1563년
6544073-3-1,1565년
6544095-3-0,1560년
6544095-3-1,벼슬을 잃고 방귀전리(放歸田里
6544095-3-2,정난정과
5835766-3-0,放歸田里
5835766-3-1,김씨의 계모 강씨가
6547767-0-0,보고 여성운동
6547767-0-1,수료하고
6163941-0-0,여성운동
6163941-0-1,제29기)
6590203-0-0,1992년
6590203-0-1,여성운동
6590203-0-2,1996년
6547767-1-0,충격을 받아
6547767-1-1,항쟁
6163941-1-0,선택했다
6163941-1-1,1990년
6590203-1-0,1987학년
6590203-1-1,6월 항쟁
6590203-1-2,1987년 3월
6547767-2-0,시민단체
6547767-2-1,참여정부
6163941-2-0,이라크 파병론을 제기하자
6163941-2-1,2005년
6590203-2-0,외에도 이라크 파병
6590203-2-1,동참하였고
6590203-2-2,파병론을 제기하자
6547767-3-0,재촉메일발송
6547767-3-1,드러난
6590203-3-0,사실상 유죄 선고
6590203-3-1,"치욕""이라며"
6547767-4-0,블로그에
6547767-4-1,경찰에서 3월
6590203-4-0,10일
6590203-4-1,"아니다""라며"
6547767-5-0,민간인 사찰
6547767-5-1,엄윤섭이 자신
6163941-5-0,2009년
6163941-5-1,증거 자료
6590203-5-0,민간인 사찰
6590203-5-1,내사한
6590203-5-2,서울 관악구에
6547767-6-0,통합진보당
6547767-6-1,발생하자 참여당 계열
6163941-6-0,결성될 때 참여하였고
6163941-6-1,진보당 개표부정
6590203-6-0,참여하였고
6590203-6-1,내분을 겪으면서 참여당계와
6590203-6-2,2012년
6547767-7-0,"경우 ""이정희"
6547767-7-1,전가하
6163941-7-0,전가하
6163941-7-1,이후 일명 '보수층
6590203-7-0,유수 일간지
6590203-7-1,대표직
6547767-8-0,대통령선거
6547767-8-1,사기혐의로 검찰에
6163941-8-0,정치자금법에
6163941-8-1,후보가 '먹고 튀었다
6590203-8-0,먹고 튀었다'며
6590203-8-1,국고보조금을 반환하지 않는다
6590203-8-2,27억
6547767-9-0,2011년
6547767-9-1,모으지
6163941-9-0,2010년
6163941-9-1,2010년 8월
6590203-9-0,KBS
6590203-9-1,KBS
6547767-10-0,촉구했으나
6547767-10-1,김희철의원과
6163941-10-0,단일화 경선관리위원회가
6163941-10-1,2007년
6590203-10-0,후보의 사퇴
6590203-10-1,이에 2012년 3월
6547767-11-0,이틀 동안
6547767-11-1,여성의원'
6163941-11-0,여성의원'이라
6163941-11-1,18일과 19일 이틀
6590203-11-0,18일과 19일 이틀
6590203-11-1,이라는 항목
6489413-0-0,또한 일정한 철칙
6489413-0-1,옮긴 이후로는 채팅방
6527894-0-0,번째로
6527894-0-1,유교 방송
6527894-0-2,유튜브로
6490841-0-0,하고 있으며
6490841-0-1,옮긴뒤
6490841-0-2,암부)를 몇 명
6533378-0-0,1912년 1월
6533378-0-1,민영이었던
6533378-0-2,난징에서 쑨원
6457494-0-0,중국혁명동맹회(중국동맹회
6457494-0-1,1912년 1월
6533360-0-0,중국혁명동맹회(중국동맹회)
6533360-0-1,민영이었던
6533378-1-0,시작되었는데
6533378-1-1,1913년
6457494-1-0,1913년
6457494-1-1,1911년
6533360-1-0,신해년(辛亥年)이라서
6533360-1-1,하려는 운동하면서
6533378-2-0,부국강병
6533378-2-1,同治中興 (동치중흥
6533378-2-2,1894년
6457494-2-0,同治中興 (동치중흥
6457494-2-1,1884년
6533360-2-0,군수산업
6533360-2-1,있었던
6533378-3-0,즉 제도상 개혁
6533378-3-1,수구파
6457494-3-0,캉유웨이는 본래 부강하려면
6457494-3-1,하급관리 캉유웨이
6533360-3-0,거쳐 소위 ‘무술변법
6533360-3-1,청일전쟁
6533378-4-0,생존하려
6533378-4-1,慈禧 (자희)
6533378-4-2,생존하려
6457494-4-0,변법자강운동
6457494-4-1,慈禧 (자희)
6533360-4-0,慈禧 (자희
6533360-4-1,서태후는 “외국
6533360-5-0,폐지를 반대하여
6533360-5-1,국외 유학도 반대해
6533378-6-0,1905년
6533378-6-1,일본이
6533378-6-2,1907년
6457494-6-0,1905년
6457494-6-1,1907년이
6533360-6-0,1905년
6533360-6-1,1905년
6533360-6-2,1907년
6533378-7-0,무위우군만
6533378-7-1,위안스카이가
6533378-7-2,무비학당(武備學堂
6457494-7-0,무위우군만 남고
6457494-7-1,북양(위안스카이
6533360-7-0,무위우군만 남고
6533360-7-1,8월에 무과
6533360-7-2,무비학당(武備學堂
6533378-8-0,일본이 승리한
6533378-8-1,1905년
6457494-8-0,는 양계초
6457494-8-1,입헌 운동도 전개됐다
6533360-8-0,일본이
6533360-8-1,역부족해서
6533378-9-0,흥중회’라
6533378-9-1,1895년
6533378-9-2,계획했으나
6457494-9-0,중국 공화 혁명
6457494-9-1,점령하려
6533360-9-0,중국 공화 혁명
6533360-9-1,홍콩에서도
6533378-10-0,소보’(蘇報
6533378-10-1,단속하는 규칙을 만든
6457494-10-0,진천화가
6457494-10-1,소보’(蘇報
6533360-10-0,시기
6533360-10-1,소보’(蘇報
6533378-11-0,중국동맹회로
6533378-11-1,1906년
6457494-11-0,는 4개
6457494-11-1,혁명의 동지
6533360-11-0,중국동맹회로
6533360-11-1,만주족
6533378-12-0,안휘성
6533378-12-1,1911년 4월
6457494-12-0,안휘성
6457494-12-1,황화강
6533360-12-0,전개한다는 3단계
6533360-12-1,황화강
6533378-13-0,사건’(新軍事件
6533378-13-1,가운데
6533378-13-2,유럽에서 귀국하
6457494-13-0,신식 육군
6457494-13-1,악왕회의 간부인
6533360-13-0,장병 가운데에는 쑨원
6533360-13-1,범전갑
6533378-14-0,광둥의 경우는 혁명파
6533378-14-1,예영전
6457494-14-0,예영전
6457494-14-1,탄약을 모두
6533360-14-0,탄약을 모두
6533360-14-1,광둥 성
6533378-15-0,보여주기
6533378-15-1,통과하
6533378-15-2,사건은 1910년 4월
6457494-15-0,동맹회 기관지
6457494-15-1,섭정왕인 순친왕
6533360-15-0,민보》
6533360-15-1,왕조명은 웅성기
6533360-15-2,사건은 1910년 4월
6533378-16-0,13명
6533378-16-1,우전부대신 성선회가
6533378-16-2,4명뿐
6457494-16-0,성선회가
6457494-16-1,4명뿐
6533360-16-0,청조정
6533360-16-1,13명
6533378-17-0,동지회’가
6533378-17-1,그 가운데
6457494-17-0,그리하여
6457494-17-1,그 가운데
6533360-17-0,장사(長沙)
6533360-17-1,가운데
6533378-18-0,20명
6533378-18-1,터졌고 이
6533378-18-2,포위하는 상황이었고
6457494-18-0,보로동지군’이
6457494-18-1,잠춘훤도
6533360-18-0,"9월, 무장"
6533360-18-1,상황이었고
6533378-19-0,호북 군정부’
6533378-19-1,리위안훙
6533378-19-2,"우창수의, 우창기의, 제1차"
6457494-19-0,호북 군정부
6457494-19-1,리위안훙
6533360-19-0,리위안훙
6533360-19-1,그리고
6533378-20-0,11월 2일에
6533378-20-1,돤치루이군
6457494-20-0,북양군
6457494-20-1,혁명군
6533360-20-0,청조로
6533360-20-1,대결하면서
6533378-21-0,그러나
6533378-21-1,1913년
6533378-21-2,1914년
6457494-21-0,3월 22일
6457494-21-1,강화시킨 ‘신약법’
6533360-21-0,국민당
6533360-21-1,혁명당’
6533378-22-0,부르주아 혁명'이라
6533378-22-1,全民革命)'
6533378-22-2,쑨원만 하더라도
6457494-22-0,부르주아
6457494-22-1,전민혁명'(全民革命
6533360-22-0,이른 바
6533360-22-1,중화민국 학계
6524997-0-0,뉴기니
6524997-0-1,1790년
6587749-0-0,"이름인 ""화이트청개구리"
6587749-0-1,다른 이름인
6587749-0-2,서식하
6541274-0-0,160여
6541274-0-1,홍채가 가로로 찢어져
6524997-1-0,caerulea
6524997-1-1,현지
6587749-1-0,caerulea)는 파란색
6587749-1-1,"개구리를 그냥 ""초록나무개구리"
6541274-1-0,방부제가
6541274-1-1,"그냥 ""초록나무개구리"
6524997-2-0,5 센티미터
6524997-2-1,가로로 찢어져 있는데
6524997-2-2,온도와 주위
6587749-2-0,가로로 찢어져 있는데
6587749-2-1,찢어져 있는데
6587749-2-2,3분
6541274-2-0,중에서 큰 편에
6541274-2-1,중에서 큰 편
6524997-3-0,잡혔던
6524997-3-1,여기 기어들어와
6587749-3-0,조명
6587749-3-1,떨어진
6541274-3-0,잡혔던
6541274-3-1,오스트레일리아청개구리는 인간을 잘 겁내지 않으며
6524997-4-0,과식
6524997-4-1,"dumpy)"" 표정"
6587749-4-0,지방층
6587749-4-1,머리와 몸통
6541274-4-0,과식하면 비만하기
6541274-4-1,머리와 몸통
6524997-5-0,키트리디오미코시스
6524997-5-1,일으키
6587749-5-0,호상균류에
6587749-5-1,"75,000"
6587749-5-2,뉴기니
6541274-5-0,치명적인
6541274-5-1,동물원들
6524997-6-0,허파를 가지고 있지
6524997-6-1,25종
6587749-6-0,허파를 가지고 있지
6587749-6-1,이러한
6587749-6-2,세룰레인(cerulein)도
6541274-6-0,과정이 원활히
6541274-6-1,이러한
6193059-0-0,정신분열병
6193059-0-1,통합실조증'
6193059-0-2,대한 무관심
6193059-1-0,검사로 이뤄지며
6193059-1-1,70%이며 지속적
6193059-2-0,아스트라제네카사
6193059-2-1,아리피프라졸(아빌리파
5892991-0-0,공급하고
5892991-0-1,투약한 혐의로
5892991-0-2,3년과 징역
6596034-0-0,공급하고
6596034-0-1,보호관찰 2년
6596034-0-2,2009년 5월
6608933-0-0,1898년
6608933-0-1,워터빌에
5860426-0-0,박사
5860426-0-1,1902년
5860426-0-2,1898년
6549325-0-0,1898년
6549325-0-1,전학했고
6549325-0-2,학비
6608933-1-0,"2,400"
6608933-1-1,처음
5860426-1-0,필라델피아 애슬레틱스와 워싱턴
5860426-1-1,선수단에
5860426-1-2,뒤인 7월
6549325-1-0,워싱턴
6549325-1-1,필라델피아 애슬레틱스와 워싱턴
6549325-1-2,세너터스
6608933-2-0,성공적인
6608933-2-1,성공적인
5860426-2-0,팀의 네
5860426-2-1,중견수 루브
5860426-2-2,3
6549325-2-0,부상
6549325-2-1,무리가 있
6549325-2-2,이어지다가
6608933-3-0,18경기에서 완투를 하며 데뷔 이후
6608933-3-1,이후 첫 3승
5860426-3-0,1909년
5860426-3-1,중부터 자신
6549325-3-0,3승
6549325-3-1,개막 이후
6549325-3-2,제구력에
6608933-4-0,비우는 사이에
6608933-4-1,45경기(선발
5860426-4-0,시즌 초 쿰스
5860426-4-1,53이닝 연속
5860426-4-2,완봉
6549325-4-0,그는 아이러
6549325-4-1,3안타만 내주
6549325-4-2,6주
6608933-5-0,1910년
6608933-5-1,내셔널 리그의 시카고
5860426-5-0,맞붙은 1910년
5860426-5-1,1910년
6549325-5-0,102승 48패
6549325-5-1,컵스와 맞붙
6549325-5-2,9피안타
6608933-6-0,47경기(선발
6608933-6-1,47경기(선발
5860426-6-0,47경기(선발
5860426-6-1,Kohinoor
5860426-6-2,12위에
6549325-6-0,12패
6549325-6-1,기사
6549325-6-2,12위에
6608933-7-0,1911년
6608933-7-1,자이언츠와
5860426-7-0,애슬레틱스
5860426-7-1,1911년
5860426-7-2,1911년
6549325-7-0,뉴욕 자이언츠와 맞붙
6549325-7-1,애슬레틱스
6549325-7-2,애슬레틱스의 투수진은 치프
6608933-8-0,이 경기가
6608933-8-1,개막전
5860426-8-0,줄어들었으나
5860426-8-1,선발보다
5860426-8-2,쿰스
6549325-8-0,잭 쿰스는 1912년
6549325-8-1,세인트루이스 브라운스
6549325-8-2,1912년 시즌 개막전
6608933-9-0,쿰스는 선발투수로
6608933-9-1,시즌 후인 12월
5860426-9-0,1913년
5860426-9-1,시즌 후인 12월
6549325-9-0,월드 시리즈에서 2년만
6549325-9-1,1913년
6549325-9-2,막판에야
6608933-10-0,1915년 1월
6608933-10-1,27경기(선발
5860426-10-0,1915년
5860426-10-1,58
5860426-10-2,에파 릭시
6549325-10-0,1915년
6549325-10-1,24경기)에
6549325-10-2,레인에 따르면
6608933-11-0,시리즈
6608933-11-1,94승
5860426-11-0,로빈스
5860426-11-1,1916년
5860426-11-2,시리즈에서 아메리칸
6549325-11-0,1916년
6549325-11-1,1916년
6549325-11-2,레드삭스는 5차전
6608933-12-0,141이닝
6608933-12-1,"4일, 그는 메이저"
5860426-12-0,마지막
5860426-12-1,4-0 승리를 거뒀는데
5860426-12-2,141이닝
6549325-12-0,141이닝
6549325-12-1,라이스
6549325-12-2,4-0 승리를 거뒀는데
6608933-13-0,1918년 12월 17일
6608933-13-1,17일
5860426-13-0,필라델피아 필리스
5860426-13-1,타이거스의 부름
6549325-13-0,필라델피아 필리스
6549325-13-1,17일
6549325-13-2,이 경기가 잭
6608933-14-0,Strategy
6608933-14-1,1931년
5860426-14-0,야구장
5860426-14-1,사용하고 있는 야구장
5860426-14-2,1987년
6549325-14-0,있는 야구장
6549325-14-1,1987년
6549325-14-2,야구장의 명칭
6522347-0-0,누운지 오래였던
6522347-0-1,랭스
6522347-0-2,루이즈 드
6457850-0-0,대관을 치르면서
6457850-0-1,1575년 2월
6522366-0-0,이듬해 5월 30일
6522366-0-1,병상에 누운지
6522366-0-2,랭스
6522347-1-0,그는 신성동맹
6522347-1-1,블루아
6522347-1-2,베르주라크
6457850-1-0,1577년
6457850-1-1,신성동맹
6522366-1-0,앙리였고 그
6522366-1-1,앙리였고 그는 신성동맹
6522366-1-2,1576년
6522347-2-0,많은 병력
6522347-2-1,없었고 결과적
6522347-2-2,느무르
6457850-2-0,느무르
6457850-2-1,나바라
6522366-2-0,죽으면서
6522366-2-1,매부이자 개신교도의 지도자였던
6522366-2-2,지도자였던
6522347-3-0,궤멸당하는 사태가 벌어지는등
6522347-3-1,드 기즈와 협상을 하
6457850-3-0,비롯한
6457850-3-1,일어나자 모후인
6522366-3-0,일어났음
6522366-3-1,총신인 국왕군 총지휘관인
6522366-3-2,12일 결국엔
6522347-4-0,실행해
6522347-4-1,동생인 로렌
6522347-4-2,위원회
6457850-4-0,삼부회
6457850-4-1,카트린 드 메디시스
6522366-4-0,동생인 로렌
6522366-4-1,시작했고 12월 23일
6522366-4-2,동생인 로렌
6522347-5-0,포위되는 와중에 브레앙
6522347-5-1,사람들
6522347-5-2,1589년
6457850-5-0,4세로 파리를 탈환한
6457850-5-1,가톨릭
6522366-5-0,파리가 포위되
6522366-5-1,Jacques
6522366-5-2,나바라에
6463313-0-0,1976년
6463313-0-1,매년 3월
6463313-0-2,IAK)에서 매년 3월
6517852-0-0,1976년
6517852-0-1,매년 3월
6517857-0-0,1976년부터 다양한 방식
6517857-0-1,협회(IAK)
6571222-0-0,2014년
6571222-0-1,국제시장>
6571222-0-2,2014년
6236637-0-0,기능하고 있다”라
6236637-0-1,활용하
6571239-0-0,2014년 12월
6571239-0-1,2014년 12월 24일
6489414-0-0,충분한 의석을 확보한
6489414-0-1,의석을 확보한 경우
6527912-0-0,2006년
6527912-0-1,경우에도 대연정이
6485465-0-0,2013
6485465-0-1,충분한 의석을 확보한
6520922-0-0,IMPERATOR
6520922-0-1,기원전
6520922-0-2,기원전 31년
6585254-0-0,14년 8월 19일)
6585254-0-1,자신의 외할머니
6585254-0-2,옥타비아누스
6657258-0-0,첫 번째
6657258-0-1,카이사르
6657258-0-2,기원전 43년
6520922-1-0,로마 공화정
6520922-1-1,독재권
6520922-1-2,원로원의 정적들
6585254-1-0,로마 공화정
6585254-1-1,칭호를 받
6585254-1-2,23년
6657258-1-0,대외적으로 로마
6657258-1-1,원로원
6520922-2-0,로마 제국
6520922-2-1,기록으로 남겼는데
6520922-2-2,통치는 로마
6585254-2-0,로마의 평화라
6585254-2-1,교통망
6585254-2-2,로마 근위대
6657258-2-0,지중해 세계
6657258-2-1,통치는 로마의 평화라
6657258-2-2,14년
6520922-3-0,Collegium Pontificum)에
6520922-3-1,카이사르가
6520922-3-2,"46년, 아티아"
6585254-3-0,기원전 51년
6585254-3-1,국가 사제단(Collegium Pontificum
6585254-3-2,히스파니아 원정
6657258-3-0,4년 뒤인
6657258-3-1,마그누스
6520922-4-0,군사들과 함께 마케도니아
6520922-4-1,살아 있
6520922-4-2,총애했기
6585254-4-0,기원전 44년 3월
6585254-4-1,군사들과 함께 마케도니아
6585254-4-2,루피아이라
6657258-4-0,군사들과 함께 마케도니아
6657258-4-1,카이사르(Gaius Julius
6520922-5-0,일부
6520922-5-1,치려고
6520922-5-2,조공을 공식적인 허가도 받지
6585254-5-0,무려 7억
6585254-5-1,마르쿠스 안토니우스
6585254-5-2,노병들의 마음
6657258-5-0,브룬디시움
6657258-5-1,파르티아와
6520922-6-0,복수를 외친
6520922-6-1,위험한
6520922-6-2,원로원으로부터
6585254-6-0,쉽지 않은 휴전
6585254-6-1,마르쿠스
6585254-6-2,원로원으로부터
6657258-6-0,연설
6657258-6-1,안토니우스
6520922-7-0,데키무스 브루투스가
6520922-7-1,43년 1월 1일
6585254-7-0,무티나에서 그
6585254-7-1,43년 1월 1일
6585254-7-2,43년 1월 1일
6657258-7-0,포룸 갈로룸 전투와 무티나
6657258-7-1,그러나
6520922-8-0,데키무스 브루투스
6520922-8-1,4만8천 명의 8개
6520922-8-2,親)카이사르파인 마르쿠스
6585254-8-0,데키무스
6585254-8-1,격파한
6585254-8-2,임명되었고
6657258-8-0,데키무스 브루투스
6657258-8-1,페디우스
6520922-9-0,열린 회담
6520922-9-1,평민들
6520922-9-2,제정하
6585254-9-0,독재 체제인 제2차
6585254-9-1,달리 평민들
6585254-9-2,300명
6657258-9-0,레피두스는 군사 독재
6657258-9-1,처음
6657258-9-2,세력을 구축하여
6520922-10-0,모으고
6520922-10-1,승리하고
6520922-10-2,아그리파
6585254-10-0,기원전 42년 1월
6585254-10-1,28개
6585254-10-2,28개
6657258-10-0,선포하고 ‘신성한
6657258-10-1,필리피
6657258-10-2,마케도니아
6520922-11-0,동쪽
6520922-11-1,병사를 정착시키기
6520922-11-2,도시가 그 땅
6585254-11-0,집정관들 사이
6585254-11-1,집정관들 사이
6585254-11-2,동쪽
6657258-11-0,집정관들 사이
6657258-11-1,서서
6520922-12-0,남동생이었던
6520922-12-1,풀케라와
6520922-12-2,그리스의 시키온
6585254-12-0,남동생이었던 루키우스
6585254-12-1,풀비아와 그녀의 첫
6585254-12-2,병사들
6657258-12-0,안토니우스의 아내가
6657258-12-1,루키우스와 공조했다
6520922-13-0,폼페이우스
6520922-13-1,스크리보니아와
6520922-13-2,유일한 적녀인
6585254-13-0,마그누스
6585254-13-1,시칠리아와 사르데냐
6585254-13-2,이혼하고
6657258-13-0,카이사르파가
6657258-13-1,이혼하고
6520922-14-0,옥타비아누스
6520922-14-1,브룬디시움
6520922-14-2,그러나
6585254-14-0,3명
6585254-14-1,이탈리아로
6585254-14-2,서명하였는데
6657258-14-0,백인대장들
6657258-14-1,확고한 동맹을 위해
6520922-15-0,있었기
6520922-15-1,배신하고 옥타비아누스
6520922-15-2,타렌툼(Tarentum
6585254-15-0,있었기
6585254-15-1,미세눔
6585254-15-2,2만 명
6657258-15-0,가지고 있었기 때문에
6657258-15-1,파르티아와 싸우려
6520922-16-0,기원전
6520922-16-1,폼페이우스
6520922-16-2,돌아오자 자신
6585254-16-0,아그리파
6585254-16-1,최고 제사장(pontifex maximus
6585254-16-2,재산권
6657258-16-0,아그리파
6657258-16-1,자신과 리비아
6520922-17-0,집정관에 선출되자
6520922-17-1,그리고 ‘여왕’인
6520922-17-2,기원전 32년
6585254-17-0,1월 1일
6585254-17-1,아르메니아가
6585254-17-2,클레오파트라에겐
6657258-17-0,아르메니아가
6657258-17-1,기원전 32년
6520922-18-0,31년 9월
6520922-18-1,클레오파트라
6520922-18-2,알렉산드리아
6585254-18-0,아드리아 해를 성공적
6585254-18-1,해제를 기도하기
6585254-18-2,악티움
6657258-18-0,있었는데
6657258-18-1,자살하였는데 독사가
6520922-19-0,내전이
6520922-19-1,"아우구스투스""라"
6520922-19-2,라는 칭호
6585254-19-0,기원전 31년부터 8년간
6585254-19-1,아그리파
6585254-19-2,자신에게 위임된 비정규적
6657258-19-0,비공식적이지만 로마
6657258-19-1,"뜻의 ""아우구스투스""라"
6520922-20-0,진정한
6520922-20-1,의 경우 원로원
6520922-20-2,아프리카
6585254-20-0,으로부터
6585254-20-1,10년
6657258-20-0,속주
6657258-20-1,진정한
6520922-21-0,시민관
6520922-21-1,고려되었지만
6520922-21-2,권위를 상징하
6585254-21-0,감격하였고
6585254-21-1,황금 방패에
6585254-21-2,augusto augurio
6657258-21-0,더불어 ‘길조’
6657258-21-1,임페라토르”라
6520922-22-0,동료 집정관이었던
6520922-22-1,동료 집정관인
6585254-22-0,집정관이었던 테렌티우스
6585254-22-1,관리하고
6585254-22-2,사유 재산만
6657258-22-0,무레나
6657258-22-1,아그리파
6520922-23-0,모든 모임
6520922-23-1,권한까지 손에
6520922-23-2,호민관
6585254-23-0,것은 기원전 5년
6585254-23-1,집정관의 명령권(proconsulare imperium
6585254-23-2,하지만 호민관
6657258-23-0,담당하고
6657258-23-1,proconsulare
6520922-24-0,개선식
6520922-24-1,7년에 게르마니아에서
6520922-24-2,기원전 13년에
6585254-24-0,지휘권”
6585254-24-1,티베리우스
6657258-24-0,가지고
6657258-24-1,게르마니아
6520922-25-0,담당관직(cura annonae
6520922-25-1,신설하여
6520922-25-2,결과권력은 공식적으로도
6585254-25-0,cura annonae)
6585254-25-1,annonae)이
6585254-25-2,기원전 19년에
6657258-25-0,겹쳐서 일반 서민들
6657258-25-1,때에
6520922-26-0,거두었고 3회
6520922-26-1,전쟁
6520922-26-2,왕국
6585254-26-0,개선장군을 뜻하는 “임페라토르
6585254-26-1,3회
6585254-26-2,제4장에
6657258-26-0,아우구스투스가
6657258-26-1,점령한
6520922-27-0,호라티우스
6520922-27-1,게르만족
6520922-27-2,형제가 이끄
6585254-27-0,로마의 속주
6585254-27-1,최종적
6585254-27-2,드루수스
6657258-27-0,벌이지 않고
6657258-27-1,자원은 이후
6520922-28-0,도나우 강
6520922-28-1,게르마니아
6520922-28-2,티베리우스
6585254-28-0,달마티아
6585254-28-1,3개 군단이
6585254-28-2,로마군은 라인 강
6657258-28-0,게르마니아
6657258-28-1,토이토부르크
6520922-29-0,누나의 아들인 마르켈루스
6520922-29-1,16살
6520922-29-2,아우구스투스
6585254-29-0,기원전 23년
6585254-29-1,아우구스투스
6585254-29-2,아그리파와
6657258-29-0,후계자 선정이라
6657258-29-1,아그리파
6520922-30-0,1400여
6520922-30-1,테오도시우스
6520922-30-2,업적록》(Res
6585254-30-0,카이사르
6585254-30-1,테오도시우스 1세
6657258-30-0,통치 시기에 수립된
6657258-30-1,삼을 때
6520922-31-0,아우구스투스는 로마의 황제
6520922-31-1,Romana
6520922-31-2,1천 명
6585254-31-0,리비아로부터
6585254-31-1,14개
6657258-31-0,아우구스투스
6657258-31-1,로마 제국은 많
6520922-32-0,구성된
6520922-32-1,서기 6년
6520922-32-2,서기 6년
6585254-32-0,17만 명
6585254-32-1,관찰장관”(praefectus vehiculorum
6585254-32-2,현역 및 퇴역
6657258-32-0,체계
6657258-32-1,군인의 연금
6520922-33-0,타키투스에 따르면
6520922-33-1,계승에 대한
6520922-33-2,2세기간 이어진
6585254-33-0,원수정
6585254-33-1,이어진 평화와 번영
6585254-33-2,Caesar Augustus
6657258-33-0,아니라
6657258-33-1,자신의 경험과
6520922-34-0,동시대인인
6520922-34-1,공개적
6520922-34-2,친절하고
6585254-34-0,원수정
6585254-34-1,타키투스는 〈연대기〉
6585254-34-2,디오 카시우스
6657258-34-0,비판받기도 하였다
6657258-34-1,교활한 방법
6520922-35-0,이유로 비판하였고 대영제국
6520922-35-1,올리버 크롬웰과
6520922-35-2,스코틀랜드
6585254-35-0,이유로 비판하였고
6585254-35-1,올리버 크롬웰과
6585254-35-2,of Augustus
6657258-35-0,Rome
6657258-35-1,마키아벨리
6520922-36-0,불러오
6520922-36-1,인구 조사
6520922-36-2,시에도 1퍼센트
6585254-36-0,이전 시대에는 널리
6585254-36-1,세제 개혁
6657258-36-0,세제 개혁
6657258-36-1,이전
6520922-37-0,내려오
6520922-37-1,이름이
6520922-37-2,율리우스력이
6585254-37-0,로마 원로원
6585254-37-1,왔는데
6657258-37-0,이후부터 8월
6657258-37-1,7월(July
6657258-37-2,"따르면, 이름이"
6520922-38-0,이집트로부터
6520922-38-1,카이사르
6520922-38-2,영묘
6585254-38-0,이집트로부터
6585254-38-1,판테온
6585254-38-2,아우구스투스
6657258-38-0,업적록》에
6657258-38-1,Augustae)과
6463490-0-0,2012년
6463490-0-1,청해진해운
6463490-0-2,"1,077톤"
6518129-0-0,청해진해운
6518129-0-1,"1,077톤)"
6536361-0-0,착복하고
6536361-0-1,2012년
6463490-1-0,선원법
6463490-1-1,이준석
6463490-1-2,인명피해
6518129-1-0,리더들의 판단착오와 책임감
6518129-1-1,대하여 사회윤리적
6536361-1-0,선장 이준석(69
6536361-1-1,5년
6463490-2-0,전 2시간가량
6463490-2-1,주장들
6518129-2-0,했는지 여부에
6518129-2-1,"지시했다""며 ""선장"
6536361-2-0,그러나
6536361-2-1,2시간가량
6463490-3-0,진술했으며
6463490-3-1,60도 전후
6518129-3-0,60도 전후로
6518129-3-1,안내방송
6536361-3-0,배가 60
6536361-3-1,보면 선장이 1항사
6463490-4-0,항해사가
6463490-4-1,우선 가서 노약자
6518129-4-0,대해서
6536361-4-0,항해사가
6536361-4-1,10명이서
6463490-5-0,제주
6463490-5-1,진입 보고'
6518129-5-0,가까운
6518129-5-1,16번
6536361-5-0,VTS)
6536361-5-1,16번
6463490-6-0,피고인 15명에
6463490-6-1,기소된
6518129-6-0,10일 오후
6518129-6-1,당분간
6536361-6-0,15명에
6536361-6-1,재판부
6463490-7-0,6월 17일)
6463490-7-1,승무원들이 권한이
6518129-7-0,과실'에
6518129-7-1,아닌 선사
6536361-7-0,6월 17일)
6536361-7-1,15명
6463490-8-0,30일 오후
6463490-8-1,어려운
6518129-8-0,오하마나호
6518129-8-1,배의 구조
6536361-8-0,오하마나호에
6536361-8-1,어려운
6463490-9-0,내려보내
6463490-9-1,안전교육을 받았느냐는 검사
6518129-9-0,비상 상황에 대비한
6518129-9-1,"B양도 ""어떤 아저씨들"
6463490-10-0,최씨
6463490-10-1,구조된
6463490-10-2,라이프보트
6518129-10-0,오른쪽
6518129-10-1,구조된
6536361-10-0,이날 오후엔 다치고
6536361-10-1,휠체어
6463490-11-0,현장에
6463490-11-1,공군 항공구조대
6518129-11-0,출동했지만
6518129-11-1,요원들
6536361-11-0,공군 항공구조대는 평시
6536361-11-1,반드시
6463490-12-0,2014년 10월 6일
6463490-12-1,OSC)이었던
6518129-12-0,OSC
6518129-12-1,아무런
6536361-12-0,OSC)이었던
6536361-12-1,2014년
6463490-13-0,3천만원
6463490-13-1,4년
6518129-13-0,수행한
6518129-13-1,3천만원
6536361-13-0,참여했다
6536361-13-1,금양98호
6463490-14-0,의혹에 대해 본격적인
6463490-14-1,수사의 핵심은 해경
6518129-14-0,유착 의혹
6518129-14-1,착수했고
6536361-14-0,6월 30일
6536361-14-1,3명
6463490-15-0,다른 관계자
6463490-15-1,"것일 뿐""이라며"
6463490-15-2,진도항
6518129-15-0,다른 관계자
6518129-15-1,팽목항에
6536361-15-0,정조시간에 주로 해경과
6463490-16-0,18년된
6463490-16-1,구명정이 접근하기 힘들
6463490-16-2,54만 1천원
6518129-16-0,25년
6518129-16-1,30년
6536361-16-0,25년
6536361-16-1,150대
6536361-16-2,54만 1천원
6463490-17-0,초기 무리한 증축
6463490-17-1,쌍둥이배'로
6518129-17-0,저하되었던 것이
6518129-17-1,지시했다
6536361-17-0,유병언
6536361-17-1,김한식
6536361-17-2,매각 대신
6463490-18-0,스태빌라이저나
6463490-18-1,인천항운노조는 컨테이너
6518129-18-0,결박
6518129-18-1,"결박될 뿐""이라며"
6463490-19-0,15분
6463490-19-1,2014년
6463490-19-2,18차례
6518129-19-0,박근혜
6518129-19-1,7시간
6536361-19-0,박근혜
6536361-19-1,7시간
6463490-20-0,검찰의 귀국
6463490-20-1,2018년 3월
6463490-20-2,기소하였으며
6518129-20-0,2018년 3월
6518129-20-1,대통령비서실장
6536361-20-0,2018년
6463490-21-0,10:22
6463490-21-1,국가안보실장
6518129-21-0,1보
6518129-21-1,이후
6536361-21-0,사무실
6536361-21-1,신인호로부터
6463490-22-0,세월호특조위 대응 전담팀'
6463490-22-1,문건을 보면 '여당추천위원
6518129-22-0,전담팀'
6518129-22-1,7시간
6536361-22-0,세월호특조위가
6536361-22-1,세월호특조위가
6597832-0-0,12주
6597832-0-1,175만장
6562271-0-0,12주
6562271-0-1,기록했고
6597832-1-0,Kinki Kids에
6597832-1-1,싱글 〈WON'T
6562271-1-0,중 가장 높
6562271-1-1,EXILE과
5905903-1-0,이은 4A 싱글
5905903-1-1,싱글 〈恋のつぼみ (사랑
6597832-2-0,동방신기가
6597832-2-1,뮤직 비디오
6562271-2-0,새 싱글 〈FREAKY
6562271-2-1,이 싱글
5905903-2-0,3》)
5905903-2-1,"발매했는데, 10만장"
6597832-3-0,2010년
6597832-3-1,Gossip Candy
6562271-3-0,weekly
6562271-3-1,Back」
5905903-3-0,46번째
5905903-3-1,Gossip
6597832-4-0,결혼 사실
6597832-4-1,MAMA」
6562271-4-0,코다는 자신
6562271-4-1,MAMA」
5905903-4-0,역동적인
5905903-4-1,확인되었고
6516582-0-0,강화군
6516582-0-1,1999년
6516582-0-2,1999년
6516601-0-0,대자보》신문
6516601-0-1,교육행정특보위원을 잠시 지낸
6111392-0-0,1994년
6111392-0-1,인물과 사상》
6111392-0-2,2003년부터
6516582-1-0,2002년
6516582-1-1,당선되고
6516582-1-2,노무현
6516601-1-0,남프라이즈
6516601-1-1,경상도 사람인
6111392-1-0,2002년
6111392-1-1,2002년
6516582-2-0,인선이 늦어지자
6516582-2-1,2003년
6516582-2-2,방안에 대한
6516601-2-0,라디오
6516601-2-1,신임 문화부 장관인
6111392-2-0,라디오 21
6111392-2-1,사람
6111392-2-2,3월에는 신임
6516582-3-0,장신기
6516582-3-1,서영석
6516582-3-2,2003년
6516601-3-0,같은 서프라이즈 논객
6516601-3-1,주최 '네티즌
6111392-3-0,2003년
6111392-3-1,서영석
6516582-4-0,2004년
6516582-4-1,신데렐라
6516582-4-2,이름쟁이와 함께 추미애의원
6516601-4-0,2004년
6516601-4-1,신데렐라
6111392-4-0,특임위원이었다가 사퇴 및
6111392-4-1,2004년
6111392-4-2,기획국장
6516582-5-0,2008년 5월
6516582-5-1,빅뉴스
6516582-5-2,2007년
6516601-5-0,언론매체 빅뉴스
6516601-5-1,한국인터넷미디어협회
6111392-5-0,2005년
6111392-5-1,비롯한
6111392-5-2,같은 시사토론 프로그램
6516582-6-0,2009년
6516582-6-1,서울지검에
6516582-6-2,변희재에 대한 허위사실
6516601-6-0,듣보잡’이라
6516601-6-1,법원은 진중권
6111392-6-0,2010년 2월 5일
6111392-6-1,전유경이‘듣보잡
6516582-7-0,와이텐뉴스
6516582-7-1,대해 '조폭 보스
6516601-7-0,조폭 보스'
6516601-7-1,전유경 아나운서
6111392-7-0,5월 27일
6111392-7-1,아나운서는 5월
6516582-8-0,말보다는 '실험성'
6516582-8-1,2003년 2월
6516601-8-0,"것"""
6516601-8-1,관련 공청회
6111392-8-0,2003년 2월
6111392-8-1,서프라이즈
6516582-9-0,위해서는 일선
6516582-9-1,개혁성
6111392-9-0,그는 'KBS
6111392-9-1,실험정신
6111392-9-2,장점인 '재미'
6516582-10-0,샛별중학교
6516582-10-1,수구세력
6516601-10-0,교육부총리
6516601-10-1,스카이대학 출신
6111392-10-0,"한국의 교육은 ""지금껏"
6111392-10-1,2003년 2월
6516582-11-0,빅뉴스의 홈페이지에
6516582-11-1,국민 세금
6111392-11-0,2009년 5월
6111392-11-1,"한다""는 취지"
6516582-12-0,비판하자 이에
6516582-12-1,된다”며
6516601-12-0,일”이라며 “망자
6516601-12-1,언론들이
6111392-12-0,언론들이
6111392-12-1,된다”며
6516582-13-0,차라리
6516582-13-1,3억대의 손해배상청구
6516582-13-2,사실에 기초하는지 알아보아야
6516601-13-0,발언을 했는데
6516601-13-1,전여옥
6111392-13-0,2008년
6111392-13-1,사실에 기초하는지 알아보아야
6111392-13-2,정진영은 미니홈피에
6516582-14-0,트위터에
6516582-14-1,말했으며
6516601-14-0,김민선과 정진영
6516601-14-1,트위터에
6111392-14-0,변희재는 “배우 김민선
6111392-14-1,이어서
6111392-14-2,박중훈이
6516582-15-0,김규리
6516582-15-1,하면서
6111392-15-0,김민선
6111392-15-1,하면서
6516582-16-0,이데일리와
6516582-16-1,2009년
6516582-16-2,그러나
6516601-16-0,박상록
6516601-16-1,종로
6111392-16-0,2013년
6111392-16-1,17년
6111392-16-2,박상록
6516582-17-0,진 교수
6516582-17-1,변TM'
6516601-17-0,충전되
6516601-17-1,변TM'
6111392-17-0,변TM'
6111392-17-1,제시하시죠
6516582-18-0,변희재는 이
6516582-18-1,당선 직후
6516601-18-0,6월 4일
6516601-18-1,6월 4일
6111392-18-0,이라고 하고 있는데
6111392-18-1,2013년 6월
6516582-19-0,보수대연합 발기인대회
6516582-19-1,뒤풀이때
6516582-19-2,300만원
6516601-19-0,자유대학생연합 등 25개
6516601-19-1,요청하였으나 식당측
6111392-19-0,2013년
6111392-19-1,25개
6111392-19-2,300만원
6516582-20-0,진행하
6516582-20-1,"트위터에 ""다음에"
6516601-20-0,600인의 고기도적'으
6516601-20-1,트위터에
6111392-20-0,겸임교수인
6111392-20-1,동양대교수
6516582-21-0,2014년
6516582-21-1,13차례
6516582-21-2,1억원
6516601-21-0,5월 15일 자신
6516601-21-1,서울지방경찰청
6111392-21-0,SNS에
6111392-21-1,서울지방경찰청 영등포경찰서에
6111392-21-2,1억원
6516582-22-0,2014년
6516582-22-1,페이스북에
6516601-22-0,발생했던
6516601-22-1,라는 글과 함께
6111392-22-0,2014년 4월
6111392-22-1,정몽준의 막내
6111392-22-2,고소하면서…”라는 글과
6516582-23-0,정관용이 방송
6516582-23-1,쇼맨으로 전락하고
6516582-23-2,앞장서서
6516601-23-0,언급하면서
6516601-23-1,역겹다
6111392-23-0,JTBC
6111392-23-1,시사평론가
6516582-24-0,오히려 새로운 시각
6516582-24-1,대해 마치
6516601-24-0,몇 개
6516601-24-1,그런데
6111392-24-0,표절대상
6111392-24-1,밝혔으며
6516582-25-0,하차하기까지
6516582-25-1,주장하려면
6516601-25-0,2013년
6516601-25-1,성균관대학교
6111392-25-0,CBS
6111392-25-1,2013년 10월
6516582-27-0,선거운동원
6516582-27-1,도우기
6111392-27-0,선거운동원
6111392-27-1,새정치민주연합
6578232-0-0,2010년
6578232-0-1,2015년 10월
6578232-0-2,Stormy Friday
6491237-0-0,"구성된 ""Ambition Music"
6491237-0-1,3월
6491237-0-2,Money 5》에
6290580-0-0,Record
6290580-0-1,설립하였고
6290580-0-2,"구성된 ""Ambition Music"
6549575-0-0,"이름인 ""H"
6549575-0-1,성단(플레이아데스성단 같
6593119-0-0,전리수소영역
6593119-0-1,수천 개의 별들
6593119-0-2,초신성
6657632-0-0,"이름인 ""H"
6657632-0-1,"이름인 ""H"
6549575-1-0,오리온
6549575-1-1,같은 일부
6593119-1-0,윌리엄
6593119-1-1,관측에 이어
6657632-1-0,1774년
6657632-1-1,통해 헬륨
6549575-2-0,다음에야
6549575-2-1,보크 구상체
6549575-2-2,천문학자
6593119-2-0,그러한
6593119-2-1,복사를 통해
6593119-2-2,대규모의 항성생성
6657632-2-0,뜨겁고
6657632-2-1,생겨난다고 주장한
6549575-3-0,자기 주위의 대략적
6549575-3-1,형성되면
6593119-3-0,대략적
6593119-3-1,복수의 별들이 만드
6593119-3-2,공간구조에
6657632-3-0,영역을 이온화시키고
6657632-3-1,604가 이런
6460508-0-0,Shouters
6460508-0-1,정죄하고
6571934-0-0,Shouters
6571934-0-1,작고한
6460508-1-0,홍위병들
6460508-1-1,1973년
6571934-1-0,홍위병들
6571934-1-1,1966년
6571934-1-2,교화소로
6460508-2-0,역사적으로 종교
6460508-2-1,1954년
6571934-2-0,후에 덩샤오핑
6571934-2-1,1978년
6571934-2-2,오래 전인
6460508-3-0,새로운 정부
6460508-3-1,1950년대
6571934-3-0,우야오쭝
6571934-3-1,삼자애국운동(TSPM)
6571934-3-2,지나지 않아서
6460508-4-0,1979년
6460508-4-1,1979년
6571934-4-0,1979년
6571934-4-1,TSPM
6571934-4-2,현대주
6460508-5-0,대표하는 소수
6460508-5-1,1981년 10월
6571934-5-0,하는 이들
6571934-5-1,자신들
6571934-5-2,10월에 상하이
6460508-6-0,매를 맞거나
6460508-6-1,동의하지 않고
6571934-6-0,초판본
6571934-6-1,방해하도록 사주했고
6571934-6-2,장소에 불시에
6571934-7-0,동안
6571934-7-1,TSPM의 관점과
6460508-8-0,sect)라
6460508-8-1,경멸적인
6571934-8-0,칭펑>(Ching
6571934-8-1,the Shouters
6571934-8-2,莫樹恩)
6460508-9-0,Lambert)
6460508-9-1,지하 교회에
6571934-9-0,내지선교회)에
6571934-9-1,Lambert)
6571934-9-2,관점”이라
6460508-10-0,TSPM
6460508-10-1,따라서
6571934-10-0,1983년 2월호
6571934-10-1,2월호
6571934-10-2,따라서 '호함파'라
6460508-11-0,최신의 서방의 글들
6460508-11-1,전략들에 기인한다”는 점
6571934-11-0,최신의 서방
6571934-11-1,Edmond
6571934-11-2,강경 전략들에 기인한다
6460508-12-0,체포된
6460508-12-1,이익에 부합하
6571934-12-0,1956년
6571934-12-1,동안에 노동교화소
6571934-12-2,Council)
6460508-13-0,제재하
6460508-13-1,반혁명적
6571934-13-0,자신들
6571934-13-1,종교적으로 이단임
6571934-13-2,광범위하게
6460508-14-0,거짓되고 명예훼손이라
6460508-14-1,Spiritual
6571934-14-0,Witness
6571934-14-1,40쪽
6571934-14-2,God-Men
6460508-15-0,실행했던
6460508-15-1,거절하면
6571934-15-0,덩샤오핑이
6571934-15-1,폭넓게 '호함파'로
6571934-15-2,"책은 ""TSPM"
6460508-16-0,내용은 미국
6460508-16-1,1984년 5월
6571934-16-0,전해진
6571934-16-1,대한 수감 자료
6571934-16-2,그 내용은 미국
6460508-17-0,호함파'
6460508-17-1,1995년 3월
6571934-17-0,1995년
6571934-17-1,중국
6571934-17-2,혹은 발기인에
6460508-18-0,2006년
6460508-18-1,활동들
6571934-18-0,호함파'라는 복음주의적인
6571934-18-1,호함파'
6444921-0-0,이 정책에 따라
6444921-0-1,구르카스
6444921-0-2,마하라슈트라
6532248-0-0,확장하기 위한
6532248-0-1,군벌의 휘하에
6532248-0-2,구르카스
6532252-0-0,동인도 회사
6532252-0-1,제후국이나
6532252-0-2,1850년
6444921-1-0,힌두교나 이슬람교를 신봉하였는데
6444921-1-1,세 곳
6532248-1-0,시작되자
6532248-1-1,20만 명
6532248-1-2,세 곳으로 뭄바
6532252-1-0,1857년 5월
6532252-1-1,20만 명
6532252-1-2,주요 주둔지는 세
6444921-2-0,사회적
6444921-2-1,카스트가
6532248-2-0,1772년
6532248-2-1,방지할 목적
6532252-2-0,헤이스팅스
6532252-2-1,목적
6532252-2-2,이러한
6444921-3-0,일반 복무 규정〉때문이었다
6444921-3-1,규정함으로써
6444921-3-2,일종의 가업
6532248-3-0,1856년
6532248-3-1,마드라스
6532248-3-2,해당할
6532252-3-0,또 다른
6532252-3-1,1856년 7월
6532252-3-2,벵골
6444921-4-0,때문에 생긴 문제가
6444921-4-1,문제
6444921-4-2,자신의 카스트 지위
6532248-4-0,위하여
6532248-4-1,동물성 지방
6532248-4-2,1857년
6532252-4-0,"좋아할 것""이라며"
6532252-4-1,위해 종이에
6532252-4-2,1853년식
6444921-5-0,인해 잃게된
6444921-5-1,콜카타
6532248-5-0,귀족들이었고
6532248-5-1,인정하지 않았고
6532248-5-2,이러한
6532252-5-0,귀족들이었고
6532252-5-1,영향력을 통해
6532252-5-2,영국 동인도
6444921-6-0,바하두르 샤 2세
6444921-6-1,시크교도와 펀자브
6532248-6-0,바하두르 샤
6532248-6-1,이러한
6532248-6-2,시크교도와
6532252-6-0,바하두르 샤
6532252-6-1,새겨진 주화
6532252-6-2,무슬림 치하로
6444921-7-0,투입되었던 병력
6444921-7-1,지휘하던
6532248-7-0,패퇴하여
6532248-7-1,병력을 이란
6532248-7-2,갖춘 영국
6532252-7-0,이란을 통해
6532252-7-1,2개월
6532252-7-2,전투에서 바들리 케
6444921-8-0,뿐만아니라
6444921-8-1,사람들
6532248-8-0,1857년
6532248-8-1,나나 사히브
6532248-8-2,비비가르로
6532252-8-0,봉기하여
6532252-8-1,탈출에 성공할
6532252-8-2,나나 사히브
6444921-9-0,휴 로즈가 이끄
6444921-9-1,락슈미 바이
6444921-9-2,쟌다르크
6532248-9-0,1858년
6532248-9-1,6월 락슈미
6532248-9-2,쟌다르크와
6532252-9-0,1857년
6532252-9-1,규합하여
6532252-9-2,1858년 6월
6547733-0-0,353일만
6547733-0-1,2월 5일
6547733-0-2,가운데
6547742-0-0,부장판사)
6547742-0-1,2018년
5841345-0-0,2018년
5841345-0-1,부장판사)
5873459-0-0,해당하는 비남성에
5873459-0-1,문제 해결
5873459-0-2,생존자
6594514-0-0,여성이다
6594514-0-1,가부장적 정치·경제
6594522-0-0,정치·경제
6594522-0-1,범죄이기
5873459-1-0,여성차별철폐협약
5873459-1-1,1990년대
5873459-1-2,공직자들이
6594514-1-0,여성에 대한 폭력
6594514-1-1,1990년대
6594522-1-0,여성에 대한
6594522-1-1,성인지적
5900415-0-0,2008년
5900415-0-1,2017년
5900415-0-2,최초로 신인여우상과 여우주연상
6560385-0-0,2009년
6560385-0-1,박열(이제훈
6560424-0-0,2017년
6560424-0-1,2009년
6560424-0-2,유창한
6513922-0-0,Ringo Starr)로
6513922-0-1,Ringo Starr)로
6314792-0-0,Ringo Starr)로
6314792-0-1,획득했다
6546611-0-0,Ringo Starr)로
6546611-0-1,Garden
6513922-1-0,비틀즈가 결성됐
6513922-1-1,1960년
6513922-1-2,자신의 가장
6314792-1-0,1960년
6314792-1-1,1962년
6546611-1-0,1960년 비틀즈가 결성됐
6546611-1-1,시리즈 《샤이닝
6513922-2-0,1998년
6513922-2-1,롤링 스톤
6513922-2-2,1988년
6314792-2-0,받았으며
6314792-2-1,5번째
6546611-2-0,롤링 스톤》 독자에
6546611-2-1,대한 창조적 공헌
6513922-3-0,"6세, 맹장염이 악화되기"
6513922-3-1,1953년
6314792-3-0,일상적
6314792-3-1,개인교습
6546611-3-0,여기서
6546611-3-1,폐결핵에 걸려
6513922-4-0,재학하게
6513922-4-1,그리고
6314792-4-0,"라자루스""라"
6314792-4-1,그레이브스와
6546611-4-0,"그를 ""라자루스""라"
6546611-4-1,세인트
6314792-5-0,"묘사하기를 ""디킨스"
6314792-5-1,이곳
6546611-5-0,밥 스피츠가
6546611-5-1,살아가
6314792-6-0,1955년
6314792-6-1,1986년
6513922-7-0,합류해
6513922-7-1,합류해
6314792-7-0,지하저장실
6314792-7-1,끼고 빨래판
6546611-7-0,지하저장실
6546611-7-1,합류해
6513922-8-0,반주를 넣음으로써
6513922-8-1,카이저스켈러
6314792-8-0,허리케인스
6314792-8-1,그들에게 기회를 제공했고
6513922-9-0,셰리던에
6513922-9-1,피트 베스트
6513922-9-2,1962년
6314792-9-0,8월 14일 레논이
6314792-9-1,8월 14일
6546611-9-0,1962년
6546611-9-1,베스트
6513922-10-0,일원으로서
6513922-10-1,앤디 화이트
6513922-10-2,싱글이 되
6314792-10-0,가진
6314792-10-1,4인조
6546611-10-0,탬버린
6546611-10-1,마라카스
6314792-11-0,1961년 11월
6314792-11-1,"파장"""
6546611-11-0,송스로부터
6546611-11-1,1961년
6513922-12-0,쇼》 출연은 7
6513922-12-1,데이즈 나이트》를 제작했
6513922-12-2,싱글 〈Please
6314792-12-0,Please
6314792-12-1,Please
6546611-12-0,하드 데이즈 나이트》
6546611-12-1,Please Please
6513922-13-0,뉴질랜드로
6513922-13-1,멜버른
6513922-13-2,8월
6314792-13-0,이 당시
6314792-13-1,딜런과 만났
6546611-13-0,도중 레논
6546611-13-1,뉴질랜드로
6513922-14-0,만남을 가졌던 모린
6513922-14-1,멜로디 메이커》가 출간한
6314792-14-0,비틀즈
6314792-14-1,비틀즈
6546611-14-0,만남을 가졌던 모린
6546611-14-1,비틀마니아
6513922-15-0,되는 《Revolver》
6513922-15-1,참여한 〈Yellow Submarine
6513922-15-2,샌프란시스코 캔들스틱
6314792-15-0,1966년
6314792-15-1,Yellow Submarine
6546611-15-0,되는 《Revolver》
6546611-15-1,샌프란시스코 캔들스틱
6513922-16-0,음반 《Sgt
6513922-16-1,을 발표
6546611-16-0,레논-매카트니 작품
6546611-16-1,스타는 자기
6048697-0-0,무천도사와의 약속을 기억하고
6048697-0-1,들어온
6048697-0-2,의문의 노인
6513084-0-0,천하제일무술대회
6513084-0-1,그는 사실 제자들
6492643-0-0,드래곤볼은 흩어지고 피라후
6492643-0-1,크리링
6492643-0-2,런치와 함께
6048697-1-0,우주
6048697-1-1,구하기
6048697-1-2,의해 살아날
6513084-1-0,납치된
6513084-1-1,오공은 자신이
6492643-1-0,행성 베지터
6492643-1-1,구하기
6492643-1-2,싸움
6048697-2-0,원기옥
6048697-2-1,노계왕신
6048697-2-2,원기옥
6513084-2-0,파워업해서 마인
6513084-2-1,만들어진 원기옥
6492643-2-0,고등학생이
6492643-2-1,태어난
6492643-2-2,만들어진
6048697-3-0,39년만
6048697-3-1,파괴신
6513084-3-0,사이어인 갓
6513084-3-1,되지만 슈퍼 사이야인3
6492643-3-0,39년만
6492643-3-1,사이어인
6048697-4-0,비루스
6048697-4-1,비루스는 7우주
6048697-4-2,바로스
6513084-4-0,가지고
6513084-4-1,비루스는 7우주
6513084-4-2,비루스 행성
6492643-4-0,비루스 행성
6492643-4-1,자랑친
6048697-5-0,반군
6048697-5-1,자마스
6048697-5-2,과거의 오공
6513084-5-0,블랙
6513084-5-1,마이)
6492643-5-0,블랙>이라
6492643-5-1,트랭크스
6048697-6-0,끝내는 것 자체가
6048697-6-1,이야기
6048697-6-2,용인하지
6513084-6-0,80
6513084-6-1,마쥬니어
6492643-6-0,끝내는 것 자체가
6492643-6-1,직접적으로 미치는 영향뿐만이
6048697-7-0,오리지널
6048697-7-1,원작과
6492643-7-0,오리지널
6492643-7-1,진행이 원작진행
6492643-8-0,아키라
6492643-8-1,아키라
6048697-9-0,후지 TV
6048697-9-1,4위
6048697-9-2,애니메이션인
6513084-9-0,애니메이션
6513084-9-1,각각 4위
6492643-9-0,사자에상》
6492643-9-1,20% 이상을 기록하면서
6048697-10-0,대부분
6048697-10-1,토리코
6513084-10-0,더빙했기에
6513084-10-1,상영하는 첫
6492643-10-0,투니버스가
6492643-10-1,상영관에서 상영하
6048697-11-0,속편으로서
6048697-11-1,나뉘며
6513084-11-0,등장하지만 외전의 성격
6513084-11-1,스페셜 1화
6492643-11-0,최종화
6492643-11-1,는 'Grand Touring
6048697-12-0,연재종료20주년
6048697-12-1,97화 모두 대원방송
6513084-12-0,연재종료20주년
6513084-12-1,연재종료20주년을 기념하여
6492643-12-0,연재종료20주년을 기념하여
6492643-12-1,연재종료20주년을 기념하여 《드래곤볼Z
6048697-13-0,Mister
6048697-13-1,"로오시""에 역시"
6048697-13-2,헤라클레스)
6513084-13-0,영어에 기원
6513084-13-1,헤라클레스)
6492643-13-0,vegetable
6492643-13-1,헤라클레스)
6048697-14-0,기본적으로 기독교나
6048697-14-1,기본적으로 기독교나
6048697-14-2,이집트의 아누비스
6513084-14-0,아누비스를 모델
6513084-14-1,인도의 힌두교적인
6492643-14-0,기본적
6492643-14-1,아누비스
6518410-0-0,조광윤이
6518410-0-1,1125년
6518410-0-2,16주
6584205-0-0,16주
6584205-0-1,조광윤이 건국하였다
6584205-0-2,1125년
6518418-0-0,거란족
6518418-0-1,황제인
6518410-1-0,지금의 난징인 건강
6518410-1-1,편성하여
6518410-1-2,조병
6584205-1-0,이복동생인
6584205-1-1,항저우인 임안(臨安
6584205-1-2,조병으로 시호인 소제(少帝
6518418-1-0,난징인 건강에서 송
6518418-1-1,임안을 제국
6518410-2-0,황제’(皇帝
6518410-2-1,시호로 불리었고
6518410-2-2,29개
6584205-2-0,皇朝)인
6584205-2-1,206년
6584205-2-2,29개
6518418-2-0,황제’(皇帝
6518418-2-1,예컨대 후금
6518410-3-0,황제는 조정
6518410-3-1,사대부들
6518410-3-2,사대부들이
6584205-3-0,시대부터 황제
6584205-3-1,사대부들이
6584205-3-2,사대부들이
6518418-3-0,사대부들이
6518418-3-1,전시(殿試)에
6518410-4-0,시대에서 대두되었던
6518410-4-1,각지에서 생겨났는데
6518410-4-2,인하여 그들의 자녀들
6584205-4-0,대두되었던 절도사
6584205-4-1,이들이 바로 신사층이었으며
6584205-4-2,이르러
6518418-4-0,문치주의
6518418-4-1,바로 신사층이었으며
6518410-5-0,王道)를 통달하여
6518410-5-1,여러 계획을 구체화
6518410-5-2,13년간
6584205-5-0,이렇게
6584205-5-1,국자감
6584205-5-2,신법을 모두
6518418-5-0,재상급
6518418-5-1,사회를 안정시키리라
6518410-6-0,Mote)는 대부분
6518410-6-1,주류에서는 주
6584205-6-0,Mote)
6584205-6-1,송나라가 이로
6518418-6-0,Mote)
6518418-6-1,중국의 어느 왕조보다
6518135-0-0,부동산
6518135-0-1,이루어졌으며
6518135-0-2,당시
6465206-0-0,그룹(당시
6465206-0-1,2003년
6465206-0-2,2006년
6603770-0-0,있어서
6603770-0-1,"箱根山戦争)""이라"
6603770-0-2,부동산
6518135-1-0,그룹(현
6518135-1-1,그룹(현
6518135-1-2,TOMONY
6465206-1-0,그룹(현
6465206-1-1,등장한
6603770-1-0,그룹(현
6603770-1-1,패밀리
6518135-2-0,가와고에 철도(川越鉄道
6518135-2-1,무사시노 수전(武蔵水電
6465206-2-0,川越鉄道)라
6465206-2-1,구메가와(지금
6603770-2-0,철도(川越鉄道
6603770-2-1,무사시노 수전(武蔵水電
6518135-3-0,長官) 인
6518135-3-1,분뇨
6465206-3-0,거기서
6465206-3-1,트럭으로 해안깢 운송하여
6603770-3-0,분뇨 수송
6603770-3-1,21일
6518135-4-0,부흥은 다른
6518135-4-1,운행하는데서
6603770-4-0,2차 세계대전 후
6603770-4-1,제2의 국철
6518135-5-0,디자인인 “쇼난
6518135-5-1,말할 수 있
6518135-5-2,새롭게 제작되었지만
6465206-5-0,501계)
6465206-5-1,말한다면
6603770-5-0,湘南デザイン)”
6603770-5-1,질보다는 양”으
6518135-6-0,노란 전동차
6518135-6-1,912량
6518135-6-2,이 중 97
6465206-6-0,번째가 되는 101계
6465206-6-1,1985년
6603770-6-0,1969년
6603770-6-1,101계
6470431-0-0,데이비드
6470431-0-1,My Way〉로
6470431-0-2,관련해 다음과
6470441-0-0,My Way〉로
6470441-0-1,쓰기로 결심하였고
5783162-0-0,1968년
5783162-0-1,1967)
6470431-1-0,작업실은 긴
6470431-1-1,넘쳐있
6470431-2-0,더 웨이브》(1996
6470431-2-1,2004)년
6470441-2-0,에필로그
6470441-2-1,에필로그
5783162-2-0,1996)의 에필로그
5783162-2-1,1996)
5783162-2-2,1996)의 에필로그
6519082-0-0,1위
6519082-0-1,2363년
6519084-0-0,"오리지널 시리즈""로부터"
6519084-0-1,트로이(머리나 서티스
6519084-0-2,100년
6465241-0-0,1위
6465241-0-1,100년
6519082-1-0,1991년
6519082-1-1,시스코(사령관
6519084-1-0,로덴베리가
6519084-1-1,나인'(Star
6465241-1-0,시리즈
6465241-1-1,창시자
6519082-2-0,256광속)가
6519082-2-1,조나단
6519084-2-0,2005년
6519084-2-1,원래 제목
6465241-2-0,2005년
6465241-2-1,2151년
6592307-0-0,1990년
6592307-0-1,200여
6592307-0-2,2012년
6548916-0-0,1990년
6548916-0-1,64개
6548916-0-2,84개국
6548919-0-0,1990년
6548919-0-1,ICLEI
6548919-0-2,ICLEI
6592307-1-0,동대문디자인플라자(DDP
6592307-1-1,12월
6592307-1-2,박원순
6548916-1-0,"3,000여명"
6548916-1-1,박원순 서울특별시장이
6548916-1-2,2015년 4월 8일
6548919-1-0,주회의장인 동대문디자인플라자
6548919-1-1,12일
6548919-1-2,파리
6592307-2-0,ICLEI
6592307-2-1,창원시가
6548916-2-0,현재 독일 본에
6548916-2-1,법적
6548916-2-2,생태교통 연맹(ecomobility aliance
6548919-2-0,창원시가
6548919-2-1,창원생태교통총회 때 지속가능한
6550788-0-0,2002년 6월
6550788-0-1,第二延坪海戰)
6550788-0-2,13명
6550791-0-0,북방한계선
6550791-0-1,13명
6550788-1-0,NLL 인근 해상
6550788-1-1,NSC
6550788-1-2,경계 강화령
6550791-1-0,편대를 NLL
6550791-1-1,김대중
6550788-2-0,전사자
6550788-2-1,36배
6550791-2-0,받았던
6550791-2-1,전사자 사망
6550788-3-0,2010년
6550788-3-1,국방부는 공식적
6550791-3-0,발의되었으나
6550791-3-1,3억5900
6498876-0-0,스미스
6498876-0-1,제24사단
6498876-0-2,오산 전투
5781923-0-0,진격에 최초 충격
5781923-0-1,제24사단
5781923-0-2,7월 20일까지
6470861-0-0,제24사단은 몇 주
6470861-0-1,제24사단
6470861-0-2,도착하기
6498876-1-0,부산을 제외하면
6498876-1-1,낙동강
5781923-1-0,사령관
5781923-1-1,서남쪽
5781923-1-2,낙동강
6470861-1-0,부산을 제외하면
6470861-1-1,제2군단의 제1사단과
6470861-1-2,월튼 워커 대장
6498876-2-0,언덕
6498876-2-1,대구로 통하
5781923-2-0,올라가면 왜관의 도로망
5781923-2-1,타고 내려오면
5781923-2-2,남쪽과 북쪽
6470861-2-0,자고산
6470861-2-1,미군
6470861-2-2,결정적
6498876-3-0,인민군
6498876-3-1,수중교
5781923-3-0,연대가 수중교
5781923-3-1,소화기
6470861-3-0,계속했고 한국
6470861-3-1,제1사단이
6470861-3-2,인민군 1개
6498876-4-0,허드스페스(Jack Hudspeth
6498876-4-1,31명
5781923-4-0,허드스페스
5781923-4-1,박격포소대원들이
5781923-4-2,한 발 맞지
6470861-4-0,박격포소대원들
6470861-4-1,허드스페스
6470861-4-2,303고지 주변
6498876-5-0,105기갑사단이
6498876-5-1,틈타 탈출했으나
5781923-5-0,생존자들은 이것이
5781923-5-1,모래사장
5781923-5-2,허드스페드
6470861-5-0,뉴먼 중위는 밤
6470861-5-1,삼일 동안
6470861-5-2,낙동강
6498876-6-0,303고지
6498876-6-1,알았기에
5781923-6-0,알았기에
5781923-6-1,죽이라고 하
5781923-6-2,700여 명
6470861-6-0,한 명인 로이
6470861-6-1,1개 대대 700여
6470861-6-2,하루종일
6498876-7-0,8월 17일 아침
6498876-7-1,인민군
5781923-7-0,박격포격이
5781923-7-1,제2대대
6470861-7-0,제70전차대대
6470861-7-1,위병들
6470861-7-2,45명
6498876-8-0,이루어져
6498876-8-1,26명
5781923-8-0,부하들
5781923-8-1,걸리 안
5781923-8-2,장소를 모두
6470861-8-0,일부는 위병
6470861-8-1,41명
6470861-8-2,인민군
6498876-9-0,또는 잔학행위
6498876-9-1,있는 귀국
6498876-10-0,미국
6498876-10-1,찾아보았고
5781923-10-0,왜관에
5781923-10-1,이루어진
5781923-10-2,1985년
6470861-10-0,비롯한
6470861-10-1,주둔지인
6470861-10-2,그래서 캥거스
6498876-11-0,1990년
6498876-11-1,그리고 나머지
5781923-11-0,1999년
5781923-11-1,한국
5781923-11-2,2003년 8월 17일
6470861-11-0,세웠던
6470861-11-1,있지 않다는 이유로
6470861-11-2,세 명
6470401-0-0,다혈질로
6470401-0-1,이진석
6470401-0-2,15년형
6470414-0-0,용역청년
6470414-0-1,시위현장
5866772-0-0,15년형
5866772-0-1,얼굴이 하얗게 질리고
5866772-0-2,검사들 사이에선 다혈질로
6470401-1-0,범죄자
6470401-1-1,이름
6470401-1-2,하던 젊
6470414-1-0,몇번이나
6470414-1-1,9번방 영감님'이라
6470414-1-2,치원은 그런
5866772-1-0,검사일
5866772-1-1,똑같
5866772-1-2,늘어놓고 숨쉬는것
6541455-0-0,황제(재위
6541455-0-1,13년
6525595-0-0,제5대
6525595-0-1,제5대
6541455-1-0,붕어하자
6541455-1-1,윤아
6525595-1-0,감금하는 등 철저히
6525595-1-1,강희제가
6541455-2-0,발언권
6541455-2-1,내각대학사(內閣大學士
6525595-2-0,부정부패
6525595-2-1,내각대학사(內閣大學士
6541455-3-0,德妃) 오아씨에게서
6541455-3-1,上書房)
6525595-3-0,영화궁(永和宮
6525595-3-1,永和宮
6541455-4-0,흠차대신
6541455-4-1,50만 냥밖에
6525595-4-0,황하가 크게
6525595-4-1,和碩親王)
6541455-5-0,내몽골의 여러
6541455-5-1,남쪽으로 순행
6525595-5-0,47년)에
6525595-5-1,강희제가
6541455-6-0,일조하였는데
6541455-6-1,그러나
6525595-6-0,그러나
6525595-6-1,어머니
6541455-7-0,윤상(胤祥
6541455-7-1,융과다를 매수하고
6525595-7-0,4황자
6525595-7-1,자신의 파당
6541455-8-0,경쟁자들
6541455-8-1,관리였던
6525595-8-0,官家百醜圖)라
6525595-8-1,관리였던
6541455-9-0,그러나 황장자
6541455-9-1,싫어하고 윤사
6525595-9-0,그러나
6525595-9-1,정치
6541455-10-0,창춘원(暢春園)에
6541455-10-1,당시에
6525595-10-0,창춘원(暢春園
6525595-10-1,강희제
6541455-11-0,성격이 치밀하고
6541455-11-1,강희제 시해
6525595-11-0,여기고
6525595-11-1,하나 이 역시
6541455-12-0,1723년
6541455-12-1,12월
6525595-12-0,아닌 윤제라
6525595-12-1,사황자(四皇子)로
6541455-13-0,12월
6541455-13-1,옹정(雍正)이라
6525595-13-0,뜻하니 옹정
6525595-13-1,유조
6541455-14-0,반대하던
6541455-14-1,황태후
6525595-14-0,옹정제
6525595-14-1,형제들
6541455-15-0,윤상
6541455-15-1,동복아우
6525595-15-0,설상가상
6525595-15-1,윤상은 이친왕(怡親王
6541455-16-0,패륵 홍시
6541455-16-1,2년)에야
6525595-16-0,옹정 5년)에
6525595-16-1,뺏기고 가택에
6541455-17-0,年羹堯)
6541455-17-1,건륭제
6525595-17-0,옹정제는 아직도
6525595-17-1,연갱요(年羹堯
6541455-18-0,7년) 군수방(軍需房
6541455-18-1,태화전
6525595-18-0,다시 육부로
6525595-18-1,의정왕대신회의(議政王大臣會議
6541455-19-0,있던 붉은 먹
6541455-19-1,보냈고
6525595-19-0,4시까지밖
6525595-19-1,주필(朱筆)로
6541455-20-0,강건성세(康乾盛世
6541455-20-1,은자 6천만
6525595-20-0,강건성세(康乾盛世
6525595-20-1,명군
6541455-21-0,들려 분노한
6541455-21-1,서준(徐駿)
6525595-21-0,査嗣庭)이
6525595-21-1,참수형에
6541455-22-0,비난하고 남송
6541455-22-1,대의각미록》(大義覺迷錄
6525595-22-0,절강총독
6525595-22-1,절강총독으로 있던 악종기(岳鍾琪
6541455-23-0,과로로 인하여
6541455-23-1,58세
6525595-23-0,13년) 10월
6525595-23-1,옹정제
6541455-24-0,선물하였다
6541455-24-1,오히려
6525595-24-0,강희제와
6525595-24-1,학문
6541455-25-0,군신지간임
6541455-25-1,찾는데에
6525595-25-0,군신지간임
6525595-25-1,지방이나 현장에서의 목소리까지
6541455-26-0,비난하건 칭송하건
6541455-26-1,중정인화’(中正仁和
6525595-26-0,날이 없
6525595-26-1,좌우명
6541455-27-0,관련된
6541455-27-1,61년과
6525595-27-0,옹정제는 아버지 강희제
6525595-27-1,여가를 즐겼으나
6541455-28-0,또는 교살하고
6541455-28-1,패륜아
6525595-28-0,패륜아
6525595-28-1,강희제
6541455-29-0,어유에허(二月河
6541455-29-1,대한
6525595-29-0,명군
6525595-29-1,영화로
6541455-30-0,강희제
6541455-30-1,歐陽俊
6525595-30-0,亞洲電視)
6525595-30-1,歐陽俊
6519236-0-0,캘러머주
6519236-0-1,5살 때
6519236-0-2,2년
6547159-0-0,1983년
6547159-0-1,한국에서 건축가로
6547159-0-2,캐나다 서스캐처원 주
6457319-0-0,1983년 12월
6457319-0-1,1983년
6457319-0-2,연(한국
6590722-0-0,1992년
6590722-0-1,NWA
6590722-0-2,프로레슬링
6548069-0-0,동부지역
6548069-0-1,NWA
5850759-0-0,레슬링(Eastern Championsip Wrestling
5850759-0-1,Eastern
6590722-1-0,주었지
6590722-1-1,지휘하에 하드코어적인
6590722-1-2,일임함으로써 ECW
6548069-1-0,주었지만
6548069-1-1,ECW 아레나
6548069-1-2,1996년
5850759-1-0,토너먼트 결승전
5850759-1-1,헤이먼
6590722-2-0,못했던
6590722-2-1,NWA
6548069-2-0,차별화된 하드코어
6548069-2-1,스캐폴드경기 등
6590722-3-0,WWE
6590722-3-1,WWE의 3대 브랜드로써
6590722-3-2,엑스포츠를 통하여
6548069-3-0,2003년
6548069-3-1,Sci Fi
5850759-3-0,2003년
5850759-3-1,2006년
6564111-0-0,하인리히
6564111-0-1,퓌어스텐베르크에
6564111-0-2,1113년
6564116-0-0,주교 서임
6564116-0-1,불면서 번개가 그가
6564116-0-2,하인리히
5909378-0-0,1113년
5909378-0-1,살고자 크산텐
5909378-0-2,1115년
6564111-1-0,1118년
6564111-1-1,금욕주의
6564111-1-2,2세를 알현하여
6564116-1-0,금욕주의
6564116-1-1,1118년
6564116-1-2,알현하여
5909378-1-0,1118년
5909378-1-1,알현하여
5909378-1-2,타락한 성직자들
6564111-2-0,1119년
6564111-2-1,1119년 10월 랭스
6564111-2-2,1120년
6564116-2-0,프랑스
6564116-2-1,그리하여
6564116-2-2,1125년
5909378-2-0,1119년
5909378-2-1,안에 봉안할 성유해들을 얻기
5909378-2-2,1125년
6564111-3-0,그리하여
6564111-3-1,앤트워프의 사도’라
6564116-3-0,테오발드
6564116-3-1,1122년
6564116-3-2,참여해
5909378-3-0,프레몽트레회에
5909378-3-1,하얀색 수도복
5909378-3-2,참여해
6564111-4-0,1134년 6월
6564111-4-1,마그데부르크
6564111-4-2,1134년
6564116-4-0,마그데부르크
6564116-4-1,의전사제단
6564116-4-2,전면이 유리
5909378-4-0,1134년
5909378-4-1,의전사제단
5909378-4-2,전면이 유리로
6526264-0-0,연합뉴스를 통해 12월
6526264-0-1,2016년
6526268-0-0,날짜보다 3일 늦춰진
6526268-0-1,연합뉴스
6547572-0-0,제17대
6547572-0-1,연합뉴스
6547572-0-2,예정 날짜보다 3일
6526264-1-0,노무현
6526264-1-1,이인규
6526268-1-0,독대한 자리
6526268-1-1,권양숙과
6526268-1-2,우병우가
6547572-1-0,대통령 노무현
6547572-1-1,제16대
6547572-1-2,중앙수사1과장에
6526264-2-0,기흥컨트리클럽
6526264-2-1,정강중기
6526268-2-0,이상달에게서
6526268-2-1,3년형
6547572-2-0,기흥컨트리클럽
6547572-2-1,1993년
6547572-2-2,받아 정강중기
6526264-3-0,1300억
6526264-3-1,2017년 4월
6526268-3-0,민정수석
6526268-3-1,2017년
6547572-3-0,회장이 자신
6547572-3-1,그럼으로써
6547572-3-2,2017년 4월 17일
6526264-4-0,2016년
6526264-4-1,도나도나'라
6526268-4-0,활동하였는데
6526268-4-1,1년
6547572-4-0,변호사
6547572-4-1,떠나 청와대
6547572-4-2,관해서
6483302-0-0,장려상
6483302-0-1,2008년
6483302-0-2,명감독으로서
6483306-0-0,2008년
6483306-0-1,제6회 대한민국 영상대전
6483306-0-2,2010년
6019825-0-0,제6회 대한민국 영상대전
6019825-0-1,단편 《한(汗
6019825-0-2,2008년
6590288-0-0,그는 처음에는 축구
6590288-0-1,제3회
6547804-0-0,1학년 때 '자이언츠
6547804-0-1,1998년 9월
6547804-0-2,체육학과(1999학번
6547838-0-0,축구
6547838-0-1,2순위로 현대 유니콘스
6547838-0-2,체육학부 체육학과(1999학번
6590288-1-0,두산 베어스
6590288-1-1,트리플 크라운을 달성한
6547804-1-0,2006년
6547804-1-1,벌여서
6547804-1-2,10일
6547838-1-0,유격수
6547838-1-1,2006년
6547838-1-2,류현진
6590288-2-0,중견수
6590288-2-1,그는 외야수
6547804-2-0,감독 추천
6547804-2-1,350표
6547804-2-2,6천만
6547838-2-0,주로 중견수
6547838-2-1,1번 타자였던
6547838-2-2,안영명
6590288-3-0,베스트 10에
6590288-3-1,MVP
6547804-3-0,올스타전 올스타전 6차
6547804-3-1,98득점
6547804-3-2,6득점의 맹활약
6547838-3-0,그에게 2번
6547838-3-1,외야수였던 정수근이
6547838-3-2,202표
6590288-4-0,등으로 조금
6590288-4-1,2009년 시즌
6547804-4-0,3루타를 쳐내면서
6547804-4-1,일명 '검투사
6547838-4-0,전에 WBC
6547838-4-1,3 cm
6547838-4-2,스파이크에
6590288-5-0,자세를 배트를 꼿꼿이
6590288-5-1,라이온즈가 3승
6547804-5-0,30도루
6547804-5-1,34안타
6547804-5-2,155표
6547838-5-0,2년 연속 3위
6547838-5-1,3연승
6547838-5-2,3천만원
6590288-6-0,2006년
6590288-6-1,감독이었던 김경문
6547804-6-0,2006년
6547804-6-1,500만원에 2012
6547838-6-0,이글스전
6547838-6-1,500만원에
6547838-6-2,등의 우여곡절
6590288-7-0,2군 감독이었던
6590288-7-1,자이언츠에게 4차전
6547804-7-0,시즌 초반인 4월
6547804-7-1,7월 27일
6547804-7-2,9700만원에
6547838-7-0,겹치며 0
6547838-7-1,송재박이
6547838-7-2,페넌트레이스 3위를 기록하며
6590288-8-0,4위로 포스트시즌에
6547804-8-0,2억원)
6547804-8-1,19경기
6547838-8-0,자유 계약 선수
6547838-8-1,올스타전
6547838-8-2,선언하였으나
6590288-9-0,"503,389표"
6590288-9-1,김태군
6547804-9-0,계약금 28억원과
6547804-9-1,"503,389표"
6547804-9-2,126안타
6547838-9-0,28억원과
6547838-9-1,2루타를 치면서
6547838-9-2,9월 9일
6590288-10-0,시즌에 이호준
6590288-10-1,경기에서 신재웅
6547804-10-0,2015년
6547804-10-1,성공하면서
6547804-10-2,63득점
6547838-10-0,시즌에 이호준의 뒤
6547838-10-1,2루 도루를 성공하면서
6547838-10-2,이호준
6590288-11-0,74번째
6590288-11-1,박석민
6547804-11-0,74번째
6547804-11-1,박석민
6547804-11-2,134경기 출장해
6547838-11-0,74번째
6547838-11-1,74번째
6547838-11-2,박석민
6590288-12-0,3월에 두산
6590288-12-1,4-3
6547804-12-0,30일에 아시아
6547804-12-1,2008년 3월
6547804-12-2,1패)로
6547838-12-0,11회
6547838-12-1,터뜨리며
6547838-12-2,선수권
6590288-13-0,중국
6590288-13-1,1회 볼넷
6547804-13-0,같은 팀 김현수와
6547804-13-1,5-3
6547838-13-0,3안타)
6547838-13-1,베네수엘라와
6547838-13-2,5-3
6590288-14-0,테이블
6590288-14-1,노래는 플로 라이더
6547804-14-0,212개
6547804-14-1,시의
6547804-14-2,옹박)’이라
6547838-14-0,도루 능력
6547838-14-1,2011년
6547838-14-2,Ayer'라
6590288-15-0,체육학과(1999학번)
6590288-15-1,시종회’
6547804-15-0,서울면목초등학교
6547804-15-1,2007년
6547804-15-2,근성을 갖자’이다
6547838-15-0,양유정씨와
6547838-15-1,결혼했으며
6547838-15-2,근성을 갖자’이다
6513675-0-0,특히 디즈니
6513675-0-1,유전자지도는 초기상태
6053701-0-0,바다에 뛰어드는 장면
6053701-0-1,착각해서
6594317-0-0,다음은 미국
6594317-0-1,다음은 미국
6594317-0-2,다음은 미국
6550872-0-0,다음은 미국
6550872-0-1,다음은 미국
6550953-0-0,채스테인은 E
6550953-0-1,파치노와 《살로메》와
6594317-1-0,헬프》로
6594317-1-1,이 역할로 미국
6594317-1-2,라이프》
6550872-1-0,라이프》
6550872-1-1,헬프》로
6550953-1-0,헬프》로
6550953-1-1,서티》에서 CIA 요원
6550953-1-2,출연했다
6594317-2-0,2012년
6594317-2-1,2014)와
6550872-2-0,연기하며 그녀
6550872-2-1,의지를 가진
6550953-2-0,연기하며 그녀
6550953-2-1,인터스텔라
6507863-0-0,dɪlən
6507863-0-1,1965년
6507863-0-2,1965년
6657114-0-0,Dylan
6657114-0-1,1941년
6657114-0-2,1965년
6106033-0-0,1960년대
6106033-0-1,dɪlən
6507863-1-0,엔딩 투어로
6507863-1-1,1994년
6507863-1-2,일곱 권
6657114-1-0,50년
6657114-1-1,엔딩 투어로
6657114-1-2,위치해 있지만
6106033-1-0,넓은 범위를 아우르며
6106033-1-1,평가되는 것은 작곡·작사다
6507863-2-0,1941년 5월
6507863-2-1,집안
6507863-2-2,외에 샤브타이 자이셀
6657114-2-0,유대인
6657114-2-1,1941년
6657114-2-2,제임스
6106033-2-0,1941년
6106033-2-1,1941년
6507863-3-0,1961년
6507863-3-1,결심했고
6507863-3-2,딜런은 그가 숭배한
6657114-3-0,1961년
6657114-3-1,그리니치빌리지에
6657114-3-2,1961년
6106033-3-0,1961년
6106033-3-1,버스를 타고 자신
6507863-4-0,콜롬비아
6507863-4-1,Dylan》(1962
6507863-4-2,사내가 딜런
6657114-4-0,외양적으로도 그와
6657114-4-1,콜롬비아
6657114-4-2,Bob
6106033-4-0,그리니치빌리지
6106033-4-1,Bob
6507863-5-0,The Freewheelin
6507863-5-1,The Freewheelin
6507863-5-2,The Freewheelin
6657114-5-0,The Freewheelin
6657114-5-1,Blowin
6657114-5-2,평가하는 글
6106033-5-0,The Freewheelin
6106033-5-1,뉴욕타임스》는 그
6507863-6-0,Festival)에서 록 밴드
6507863-6-1,이듬해
6507863-6-2,1965년 11월
6657114-6-0,록이라는 새로운
6657114-6-1,치르고
6657114-6-2,1966년
6106033-6-0,치르고
6106033-6-1,1966년
6507863-7-0,모터사이클
6507863-7-1,투어를 마치고 뉴욕
6507863-7-2,몰고 가던 중
6657114-7-0,1974년
6657114-7-1,키우면서 마치
6657114-7-2,4년
6106033-7-0,뉴욕
6106033-7-1,아이들을 키우면서
6507863-8-0,조지 해리슨이
6507863-8-1,연이어 발표한
6507863-8-2,Planet Waves》가 무려
6657114-8-0,시작한 콘서트 투어로부터
6657114-8-1,Concert
6657114-8-2,다시금 예전 활력
6106033-8-0,조지 해리슨이
6106033-8-1,1971년
6507863-9-0,허리케인 카터
6507863-9-1,퍼포먼스로 호평을 얻었으며
6507863-9-2,시작하게
6657114-9-0,허리케인 카터
6657114-9-1,그 여세를 몰아
6106033-9-0,허리케인 카터
6106033-9-1,필 오크스
6507863-10-0,가스펠을 노래하
6507863-10-1,종교에
6507863-10-2,1978년
6657114-10-0,딜런은 종교에
6657114-10-1,1978년
6657114-10-2,기독교 원리주의에 심취해
6106033-10-0,1979년
6106033-10-1,1978년
6507863-11-0,그는 쉴 새
6507863-11-1,그는 쉴 새
6507863-11-2,그는 쉴 새
6657114-11-0,미발표 곡
6657114-11-1,1979년
6657114-11-2,예전의 동료들
6106033-11-0,음반 《Traveling
6106033-11-1,장짜리
6507863-12-0,We Are
6507863-12-1,1985년
6507863-12-2,트래블링 윌버리스'
6657114-12-0,마이클
6657114-12-1,트래블링 윌버리스'
6657114-12-2,불렸던 다이어 스트레이츠
6106033-12-0,Are The World
6106033-12-1,1988년
6507863-13-0,105회
6507863-13-1,콤비를 짜고
6507863-13-2,103회에
6657114-13-0,105회
6657114-13-1,7년
6657114-13-2,mind》는 블루스
6106033-13-0,105회
6106033-13-1,스튜디오에서 7년
6507863-14-0,살의 이탈리아계 수즈
6507863-14-1,살의 이탈리아계 수즈
6507863-14-2,메리는 수즈
6657114-14-0,부르던 시절
6657114-14-1,4번가 근처에
6657114-14-2,이탈리아로
6106033-14-0,스물한
6106033-14-1,지망생이었다
6507863-15-0,1961년 4월
6507863-15-1,뉴욕 그리니치 빌리지
6507863-15-2,1963년 8월
6657114-15-0,그리니치
6657114-15-1,1965년
6657114-15-2,1965년
6106033-15-0,1965년
6106033-15-1,바에즈를 처음 만난 그
6507863-16-0,Restless Farewell
6507863-16-1,파이프-이-오
6507863-16-2,"Paggy-O"""
6657114-16-0,미국 포크
6657114-16-1,Blowing
6657114-16-2,통기타
6106033-16-0,가수이다
6106033-16-1,Blowing
6561799-0-0,Katy Perry
6561799-0-1,가스펠
6209726-0-0,Katy Perry
6209726-0-1,1984년
6209726-0-2,1984년
6597628-0-0,Katy Perry
6597628-0-1,1984년
6597628-0-2,캐피틀레코드와
6561799-1-0,동성애
6561799-1-1,Teenage Dream》을 발매해
6209726-1-0,Kissed
6209726-1-1,Dream》
6209726-1-2,Prism》
6597628-1-0,2010년
6597628-1-1,Teenage
6597628-1-2,Prism》
6561799-2-0,오순절교
6561799-2-1,겪었는데
6209726-2-0,캘리포니아
6209726-2-1,캘리포니아
6209726-2-2,캘리포니아
6597628-2-0,캘리포니아
6597628-2-1,캘리포니아
6597628-2-2,캘리포니아
6561799-3-0,시리얼
6561799-3-1,서핑
6209726-3-0,럭키 참스(Lucky Charms
6209726-3-1,9살때
6209726-3-2,처음
6597628-3-0,페리는 주로 가스펠
6597628-3-1,페리는 9살때
6597628-3-2,13살 생일때
6561799-4-0,잠시 동안 이탈리아어
6561799-4-1,글렌 발라드와
6209726-4-0,또한
6209726-4-1,2001년
6209726-4-2,글렌 발라드와
6597628-4-0,아카데미에 등록해 잠시
6597628-4-1,앨범을 내며
6597628-4-2,2003년
6561799-5-0,자바
6561799-5-1,페리는 택시라
6209726-5-0,레코드와
6209726-5-1,2004년
6597628-5-0,2004년
6597628-5-1,경영진 팀 데이빈
6561799-6-0,2005년
6561799-6-1,Now〉
6209726-6-0,Simple〉은 2005년
6209726-6-1,블렌더》
6209726-6-2,참여했으며 뮤직비디오
6597628-6-0,2005년
6597628-6-1,Hard〉에
6597628-6-2,Now〉
6561799-7-0,제이슨 플롬
6561799-7-1,끝에 〈I
6209726-7-0,4월 인수했던 레이블사
6209726-7-1,Restless Style》에
6209726-7-2,컬럼비아와 헤어진
6597628-7-0,2007년 4월 인수했던
6597628-7-1,Girl〉과
6597628-7-2,2008년 3월
6561799-8-0,갈리는 평을 받았고
6561799-8-1,in Vegas〉가
6209726-8-0,2008년
6209726-8-1,발매되었는데
6209726-8-2,페리의 성공
6597628-8-0,2008년
6597628-8-1,평을 받았고
6597628-8-2,2009년
6561799-9-0,최우수
6561799-9-1,200
6209726-9-0,2008년
6209726-9-1,One
6209726-9-2,노다웃의 Summer
6597628-9-0,2008년 11월
6597628-9-1,2009년
6597628-9-2,노다웃의 Summer
6561799-10-0,예전부터 사귀어왔던
6561799-10-1,라자스탄
6209726-10-0,Kissed a Girl〉
6209726-10-1,2008년
6209726-10-2,인도 라자스탄
6597628-10-0,종교 측
6597628-10-1,2008년 12월
6597628-10-2,2008년
6561799-11-0,첫 번째 싱글
6561799-11-1,디지팩으로 된
6209726-11-0,첫 번째
6209726-11-1,"192,000"
6209726-11-2,영국
6597628-11-0,게스트
6597628-11-1,첫 번째
6597628-11-2,2010년
6561799-12-0,참여한
6561799-12-1,Dream
6209726-12-0,같은 달
6209726-12-1,오스트레일리아
6209726-12-2,"퍼르""라"
6597628-12-0,네 번째
6597628-12-1,핫 100
6597628-12-2,빌보드 핫 100
6561799-13-0,데뷔했는데
6561799-13-1,선정한 올해의 아티스트
6209726-13-0,2011년
6209726-13-1,12월 《포브스》
6209726-13-2,2012년
6597628-13-0,2011년
6597628-13-1,2011년 8월
6597628-13-2,2012년 1월
6561799-14-0,전했는데
6561799-14-1,번째 싱글 〈Unconditionally
6209726-14-0,Prism
6209726-14-1,Roar〉가
6597628-14-0,2012년 11월
6597628-14-1,2013년
6597628-14-2,2013년 10월
6561799-15-0,2015년 10월
6561799-15-1,오르며
6209726-15-0,로스앤젤레스
6209726-15-1,2014년
6209726-15-2,9월 27일
6597628-15-0,1위로
6597628-15-1,Dark Horse
6597628-15-2,2013년 8월
6561799-16-0,표현의 자유 프로젝트
6561799-16-1,쥬랜더 리턴즈》
6209726-16-0,2》
6209726-16-1,Bitch I'm Madonna
6209726-16-2,Tour》라
6597628-16-0,생애와 경력
6597628-16-1,전 남편 러셀
6597628-16-2,2016년 2월
6561799-17-0,새 싱글 〈rise
6561799-17-1,2016년
6209726-17-0,rise〉
6209726-17-1,2016년
6597628-17-0,2016년
6597628-17-1,2016년
6597628-17-2,2016년
6561799-18-0,"Queen""을 들었는데"
6561799-18-1,퀸(Killer Queen
6209726-18-0,"Queen""을 들었는데"
6209726-18-1,이름으로 킬러 퀸(Killer
6209726-18-2,열한 번째
6597628-18-0,가스펠로
6597628-18-1,킬러 퀸(Killer
6561799-19-0,페리는 앨러니스 모리세트
6561799-19-1,마돈나
6209726-19-0,Pill
6209726-19-1,마돈나
6597628-19-0,페리는 앨러니스
6597628-19-1,"싶다""라고 말하며"
6561799-20-0,성과 사랑 등
6561799-20-1,Prism
6209726-20-0,Teenage
6209726-20-1,Dream
6597628-20-0,Boys와
6597628-20-1,Dream에서 10대
6597628-20-2,가사적인 부분에서는 개인적
6561799-21-0,페리는 비통에
6561799-21-1,"Girl"""
6209726-21-0,페리는 자신 삶
6209726-21-1,작곡 과정에
6209726-21-2,테블로이드판 《데일리
6597628-21-0,실제로
6597628-21-1,활동하는데
6561799-22-0,스타카토로
6561799-22-1,페리는 콘트랄토
6209726-22-0,콘트랄토
6209726-22-1,Prism 콘서트
6597628-22-0,롭 셰필드
6597628-22-1,의 대런 하비
6561799-23-0,유머스럼
6561799-23-1,유머스러함
6209726-23-0,컨셉을 합친 것이다
6209726-23-1,보그》
6209726-23-2,글래머》
6597628-23-0,페퍼민트 소용돌이
6597628-23-1,가지고 있
6561799-24-0,모두 인도 라자스탄
6561799-24-1,아이 문제
6209726-24-0,2008년
6209726-24-1,2009년
6597628-24-0,2008년
6597628-24-1,모두 인도 라자스탄
6597628-24-2,2012년
6561799-25-0,Dark Horse
6561799-25-1,Roar〉
6209726-25-0,동안 4번
6209726-25-1,14번의 피플스
6209726-25-2,돌파하면서
6597628-25-0,14번
6597628-25-1,오르며
6597628-25-2,Dark Horse
6531623-0-0,설립인가
6531623-0-1,30일에 상지대학교로
6531627-0-0,설립인
6531627-0-1,1963년
6531627-0-2,1989년
6463146-0-0,원홍묵에
6463146-0-1,신입생 모집이
6463146-0-2,4일 학교법인
6531623-1-0,총장으로 취임하였다
6531623-1-1,중국 천진공업대학과
6531627-1-0,김찬국
6531627-1-1,한완상
6531627-1-2,2009년
6463146-1-0,총장으로 취임하였다
6463146-1-1,천진공업대학과
6463146-1-2,2014년
6531623-2-0,1989년
6531623-2-1,관선이사로 부임한
6531627-2-0,1973년
6531627-2-1,1974년
6531627-2-2,1993년
6463146-2-0,임시이사회
6463146-2-1,김문기 반대
6511412-0-0,다시
6511412-0-1,만들었고
6511412-0-2,따라 선선한 기후
6531709-0-0,4000 헥타르
6531709-0-1,Institut
6139006-0-0,샤블리’라
6139006-0-1,샤르도네
6511412-1-0,샤르도네
6511412-1-1,석회 토양 및
6511412-1-2,보관 기간이
6531709-1-0,샤르도네
6531709-1-1,샤블리
6139006-1-0,샤르도네
6139006-1-1,부각시키고자
6139006-1-2,돌의 향을 가지고 있는데
6511412-2-0,약 40개
6511412-2-1,보편적
6531709-2-0,보편적
6531709-2-1,40개
6139006-2-0,약 40개
6139006-2-1,약 0
6534018-0-0,4년마다
6534018-0-1,4년마다
6656930-0-0,4년마다
6656930-0-1,4년마다
6656930-0-2,4년마다
6047160-0-0,은 4년마다
6047160-0-1,4년마다
6534018-1-0,안트베르펜
6534018-1-1,의회
6656930-1-0,안트베르펜
6656930-1-1,안트베르펜
6656930-1-2,개최지를 프랑스로 결정하면서
6047160-1-0,안트베르펜
6047160-1-1,1925년
6047160-1-2,샤모니
6534018-2-0,따내면서
6534018-2-1,1932년
6656930-2-0,2개월
6656930-2-1,252명
6656930-2-2,처음으로 유럽 밖
6047160-2-0,1932년
6047160-2-1,1932년
6047160-2-2,따내면서
6534018-3-0,생모리츠
6534018-3-1,1920년
6656930-3-0,스위스의 생모리츠
6656930-3-1,중립국
6656930-3-2,제2차
6047160-3-0,생모리츠
6047160-3-1,"1948년, 스위스"
6047160-3-2,안트베르펜
6534018-4-0,성화주자 귀도 카롤리가
6534018-4-1,1944년에
6656930-4-0,1944년에
6656930-4-1,1944년에
6656930-4-2,1960년
6047160-4-0,1956년
6047160-4-1,2위에 올라 일본
6047160-4-2,1960년
6534018-5-0,우승하였으며
6534018-5-1,200
6656930-5-0,프랑스의 그르노블
6656930-5-1,프랑스의 그르노블
6656930-5-2,프랑스
6047160-5-0,1968년
6047160-5-1,35개
6047160-5-2,200만
6534018-6-0,1972년
6534018-6-1,일본 삿포로
6656930-6-0,일본 삿포로
6656930-6-1,출신으로는 처음이자
6656930-6-2,1972년
6047160-6-0,1972년
6047160-6-1,삿포로에서 열렸는데 북미
6534018-7-0,다시 한번 오스트리아
6534018-7-1,또 소련
6656930-7-0,다시 한번
6656930-7-1,인스부르크
6534018-8-0,1932년
6534018-8-1,한편으로 미국의 에릭
6656930-8-0,1932년
6656930-8-1,개최한 전력이
6656930-8-2,한편으로 미국의 에릭
6047160-8-0,대회에서는 처음
6047160-8-1,한편으로 미국의 에릭
6534018-9-0,유치전
6534018-9-1,두번째
6656930-9-0,유치전 당시
6656930-9-1,모스크바
6656930-9-2,유치전
6047160-9-0,라벨의 <볼레로
6047160-9-1,1980년
6047160-9-2,1980년 모스크바
6534018-10-0,7개월
6534018-10-1,스피드스케이팅
6656930-10-0,캐나다 캘거리에서 16일간
6656930-10-1,캘거리에서 16일간
6656930-10-2,캐나다 캘거리에서 16일간
6047160-10-0,캘거리
6047160-10-1,1994년
6534018-11-0,토니 니에미넨
6534018-11-1,김윤만이
6656930-11-0,올림픽은 하계
6656930-11-1,올림픽은 하계
6656930-11-2,따냈고
6047160-11-0,1992년
6047160-11-1,불과 16살
6047160-11-2,알파인스키 여자
6534018-12-0,경쟁자 토냐 하딩
6534018-12-1,대회였다고
6656930-12-0,1986년
6656930-12-1,확정하였고
6656930-12-2,확정하였고
6047160-12-0,릴레함메르에서 열린 이
6047160-12-1,13세
6534018-13-0,일본 나가노
6534018-13-1,차지하면서
6656930-13-0,일본 나가노
6656930-13-1,"2,000명"
6656930-13-2,동계
6047160-13-0,처음
6047160-13-1,분리형
6047160-13-2,3관왕
6534018-14-0,대회였기
6534018-14-1,미국의 안톤 오노
6656930-14-0,미국 유타
6656930-14-1,미국
6656930-14-2,동계
6047160-14-0,남자 1
6047160-14-1,5연속
6047160-14-2,유타 주 솔트레이크시티
6534018-15-0,이탈리아
6534018-15-1,2006년 동계 올림픽은 이탈리아의 토리노
6656930-15-0,동계
6656930-15-1,6개
6656930-15-2,이탈리아
6047160-15-0,2006년
6047160-15-1,2010년
6047160-15-2,획득하였는데
6534018-16-0,2003년 IOC
6534018-16-1,2003년 IOC
6656930-16-0,IOC 총회에서 캐나다
6656930-16-1,250만의 대도시로
6656930-16-2,2003년 IOC
6047160-16-0,일본의 아사다
6047160-16-1,총메달수로는 6위
6047160-16-2,2위에
6498868-0-0,2008년
6498868-0-1,1위
6498868-0-2,하나
6602591-0-0,Tha Carter
6602591-0-1,Carter 3]
6602591-0-2,13위를 차지했고
6580160-0-0,"1,700,000"
6580160-0-1,R&B가수 바비
6498868-1-0,랩퍼 에미넴
6498868-1-1,2010년 11월
6498868-1-2,Carter IV
6602591-1-0,2010년
6602591-1-1,랩퍼 에미넴이
6602591-1-2,1위
6580160-1-0,에미넴
6580160-1-1,감형되면서
6580160-1-2,Rebirth
6498868-2-0,"964,000"
6498868-2-1,시각으로 8월
6602591-2-0,2011년
6602591-2-1,그의 차기
6602591-2-2,"964,000"
6580160-2-0,2011년
6580160-2-1,"964,000"
6480804-0-0,용도 및 특성
6480804-0-1,유사한 보병전투차
6480804-0-2,기본 차체를 이용하여 다양한
6377400-0-0,차체를 이용하여 다양한
6377400-0-1,장갑차가
6601719-0-0,기갑전투차량(AFV
6601719-0-1,기본 차체를 이용하여 다양한
6480804-1-0,제1차
6480804-1-1,수송하겠다
6480804-1-2,사용했고
6377400-1-0,탑승하여
6377400-1-1,궤도식이나 바퀴식
6601719-1-0,갖춘
6601719-1-1,시도한 것
6480804-2-0,소련
6480804-2-1,만큼의 격렬한 기갑전투
6480804-2-2,가치가
6377400-2-0,소련에서 처음
6377400-2-1,가치가 다시
6601719-2-0,BMP-1
6601719-2-1,현대 보병전투차는 소련
6480804-3-0,Ports)
6480804-3-1,시리즈
6480804-3-2,30mm
6377400-3-0,강화되었다는 점
6377400-3-1,동축 기관총
6601719-3-0,자랑하는데 100mm
6601719-3-1,총안구(Gun Ports
6480804-4-0,수준이었으지만
6480804-4-1,전투실에 벽과 지붕이 없
6480804-4-2,염가형
6377400-4-0,대부분
6377400-4-1,155mm포
6601719-4-0,M109
6601719-4-1,없는 오픈탑
6049885-0-0,47분(UTC)에
6049885-0-1,충돌기를 혜성으로 낙하시키
6049885-0-2,성공적
6534065-0-0,18시 47분(UTC
6534065-0-1,충돌기를 혜성
6534065-0-2,많고 얼음
6049885-1-0,또한 2개
6049885-1-1,가시광
6049885-1-2,Medium
6534065-1-0,또한 2개
6534065-1-1,백업용
6534065-1-2,HRI
6049885-2-0,공군
6049885-2-1,발사되었고
6049885-2-2,1년 후까지
6534065-2-0,17번
6534065-2-1,3일 탐사선이
6534065-2-2,370
6049885-3-0,14일과 6월 22일
6049885-3-1,100km
6534065-3-0,이후(22일
6534065-3-1,탐사선
6534065-3-2,100km
6049885-4-0,충돌구'
6049885-4-1,13일 동안
6534065-4-0,13일
6534065-4-1,10만~25
6049885-5-0,분광기
6049885-5-1,모래보다
6534065-5-0,활석 가루와
6534065-5-1,때 물
6049885-6-0,2007년 7월 3일
6049885-6-1,200
6534065-6-0,2007년
6534065-6-1,200
6534065-7-0,해변
6534065-7-1,라며 강한
6049885-8-0,300만 달러
6049885-8-1,10cm
6534065-8-0,마리나
6534065-8-1,러시아의 점성가 마리나
6534065-8-2,10cm
6049885-9-0,임무
6049885-9-1,임무
6534065-9-0,5천 명
6534065-9-1,탐사선에 히치하이킹
5914551-0-0,1905년
5914551-0-1,普成專門學校)가
5914551-0-2,경영난에 빠진
6533861-0-0,普成專門學校)가
6533861-0-1,普成專門學校)가
6533861-0-2,1910년
6474998-0-0,기관으로 기록 된
6474998-0-1,普成專門學校)가
5914551-1-0,타임즈》지가 발표한 세계대학순위
5914551-1-1,86위에
5914551-1-2,86위에
6533861-1-0,2006년
6533861-1-1,150위에
6533861-1-2,189명
6474998-1-0,가운데
6474998-1-1,2009년
5914551-2-0,200~225위
5914551-2-1,36개
5914551-2-2,225위를 기록했다
6533861-2-0,2015년
6533861-2-1,2015년
5914551-3-0,2017년
5914551-3-1,자유전공학부
5914551-3-2,사이버국방학과는 정보대학
6533861-3-0,5개
6533861-3-1,17개
6533861-3-2,2009학년도
6474998-3-0,로스쿨)이
6474998-3-1,법과대학
6474998-3-2,사이버국방학과
5914551-4-0,자비유학과
5914551-4-1,자비유학과
6533861-4-0,갈래로 SEP(Student
6533861-4-1,협정이 체결된 외국
6533861-4-2,것이 VSP
5914551-5-0,2학년 진급시
5914551-5-1,제2전공 중 하나
5914551-5-2,이수하였으나
6533861-5-0,경우 2학년
6533861-5-1,대개 5과목
6474998-5-0,학부제로 모집을 하며
6474998-5-1,전과제도
5914551-6-0,창조캠퍼스라는 이름
5914551-6-1,인문사회계지역
5914551-6-2,창조캠퍼스라는 이름
6533861-6-0,"3,500억"
6533861-6-1,창조캠퍼스라는 이름
6533861-6-2,세종특별자치시에
6474998-6-0,정도를 신축
6474998-6-1,창조캠퍼스라는 이름
5914551-7-0,2015년
5914551-7-1,고려대학교
5914551-7-2,1971년
6533861-7-0,1971년
6533861-7-1,신규 단과대학인
6533861-7-2,2015년
6474998-7-0,이곳에 위치했으나
6474998-7-1,Center
5914551-8-0,사거리
5914551-8-1,주요한
5914551-8-2,지하철 6호선
6533861-8-0,6호선
6533861-8-1,이전 초기
5914551-9-0,기준
5914551-9-1,군사정권에 의해 강제로 학도호국단
5914551-9-2,지원을 담당하고
6533861-9-0,1965년
6533861-9-1,1984년
6533861-9-2,48대
6474998-9-0,1984년
6474998-9-1,학생복지위원회 라는 별도
6474998-9-2,지음’이
5914551-10-0,학부 신입생들
5914551-10-1,185개
5914551-10-2,되는데
6533861-10-0,학부 신입생들
6533861-10-1,매년 3월
6533861-10-2,185개
6474998-10-0,모두 185개
6474998-10-1,동아리 박람회(-博覽會
5914551-11-0,기념하기 위해
5914551-11-1,1969년
5914551-11-2,매년 4월 18일
6533861-11-0,위해 4·18
6533861-11-1,위해 4·18
6533861-11-2,매년 4월 18일
6474998-11-0,구국대장정
6474998-11-1,1969년
5914551-12-0,석탑대동제(石塔大同祭
5914551-12-1,개교기념일
5914551-12-2,대동제’라
6533861-12-0,정도로 ‘대동제’라
6533861-12-1,2000년대
6533861-12-2,대동제 기간
5914551-13-0,입실렌티
5914551-13-1,칼마시’는 카를 마르크스다
6533861-13-0,입실렌티
6533861-13-1,이처럼
6533861-13-2,이처럼
6474998-13-0,이처럼
6474998-13-1,알렉산드로스
5914551-14-0,고연전은 애교심
5914551-14-1,연세대학교와 승부
5914551-14-2,고연전
6533861-14-0,양교
6533861-14-1,매년 9월
6533861-14-2,케임브리지
6474998-14-0,매년 9월
6474998-14-1,아이스하키부
6569816-0-0,8일에 열린북한방송
6569816-0-1,입당제의
6359464-0-0,이러한
6359464-0-1,20대
6359464-0-2,열린북한방송을 개국하고
6569816-1-0,방문하여
6569816-1-1,5월
6359464-1-0,국제형사재판소
6359464-1-1,동의를 받아냈고
6569816-2-0,5월 6일
6569816-2-1,국제사법재판소(ICC)에
6359464-2-0,유엔 인권이사회(UNHRC
6359464-2-1,1일 '보편적
6569816-3-0,2005년
6569816-3-1,2번을 받
6359464-3-0,열린세상
6359464-3-1,법원 판결로
6569816-4-0,정치적 이익
6569816-4-1,"개탄스럽다""며"
6359464-4-0,"개탄스럽다""며"
6359464-4-1,공개했을 때 우리
6569816-5-0,생활화학제품회사
6569816-5-1,생활화학제품회사
6359464-5-0,2016년
6359464-5-1,피해 신청자의 질환력(疾患歷
6359464-5-2,헨켈홈케어코리아>가
6569816-6-0,2005년
6569816-6-1,1
6359464-6-0,하태경
6359464-6-1,49건
6657051-0-0,나가사카
6657051-0-1,첫등장은 제5화 되고
6588881-0-0,서포트한
6588881-0-1,제5화
6657051-1-0,V3」와
6657051-1-1,20
6657051-1-2,아폴로가이스트
6588881-1-0,20%
6588881-1-1,아폴로가이스트
6588881-1-2,35화로
6657051-2-0,아버지
6657051-2-1,때문에 제9화 전반에
6588881-2-0,아버지
6588881-2-1,료코의 행동에
6588881-2-2,케이스케(神 啓介
6588881-3-0,요주의 인물」
6588881-3-1,역대의 라이더로부터도
6657051-4-0,크루저 어택(「괴인
6657051-4-1,의해서
6588881-4-0,700km
6588881-4-1,적색과 흰색
6657051-5-0,아폴로가이스트
6657051-5-1,노로이(저주
6588881-5-0,노로이(저주
6588881-5-1,전선기지(GOD
6657051-6-0,미야모토 박사(기계
6657051-6-1,디자인상
6588881-6-0,투척용의 무기이기도
6588881-6-1,은빛의 선이
6657051-7-0,세트해 날뛸 예정이었지만
6657051-7-1,31화
6588881-7-0,스스로
6588881-7-1,에서는 GOD
6657051-8-0,독일군
6657051-8-1,대신 깃털
6588881-8-0,검정)라
6588881-8-1,깃털를 달았다
6358308-0-0,It Came
6358308-0-1,2011년
6569346-0-0,2011년
6569346-0-1,비해 상승
6569379-0-0,1천 명
6569379-0-1,200
6358308-1-0,26개
6358308-1-1,2010년
6569346-1-0,2010년 4월
6569346-1-1,26개
6569346-1-2,에피소드에
6569379-1-0,2010년 4월
6569379-1-1,26개
6569379-1-2,Loyalty
6358308-2-0,제작 및
6358308-2-1,8비트
6569346-2-0,버뱅크
6569346-2-1,또한 대한민국
6569346-2-2,열여섯
6569379-2-0,캘리포니아 주
6569379-2-1,of Sunshine〉
6569379-2-2,Guardians
6358308-3-0,에피소드
6358308-3-1,프레드레이터
6569346-3-0,벤턴 코너
6569346-3-1,패트릭 맥헤일이
6569379-3-0,패트릭
6569379-3-1,스토리보드
6358308-4-0,참여한
6358308-4-1,대표적
6569346-4-0,작품에
6569346-4-1,제이크의 여자
6569346-4-2,리치(The Lich
6569379-4-0,작품에 참여한
6569379-4-1,워드(Bettie
6569379-4-2,시즌에서는 작품
6358308-5-0,이사벨라 에이커스가
6358308-5-1,에서는 샘 마린(Sam
6569346-5-0,마틴 올슨이 마르셀린
6569346-5-1,Blades〉
6569346-5-2,에이커스가
6569379-5-0,마틴 올슨이 마르셀린
6569379-5-1,프린세스 의사(Doctor
6569379-5-2,어린 버블검
6358308-6-0,250만 명이 시청한
6358308-6-1,1천 명
6569346-6-0,10월
6569346-6-1,"연령대에서 732,000명"
6569346-6-2,2부작
6569379-6-0,2010년 10월
6569379-6-1,254만
6569379-6-2,클리프행어로 제작된
6358308-7-0,이 편이
6358308-7-1,가리켜
6569346-7-0,나온 펭귄에
6569346-7-1,It Came from
6569346-7-2,2011년
6569379-7-0,도중에 나온
6569379-7-1,명작’(classic
6569379-7-2,프라임타임 에미상 ‘뛰어난
6569346-8-0,부문에 《어드벤처
6569346-8-1,포스터
6569379-8-0,Broadnax)
6569379-8-1,타일러 포스터
6358308-9-0,2013년 6월 4일
6358308-9-1,아마존닷컴
6569346-9-0,워너 홈 비디오
6569346-9-1,2013년 6월 4일
6569346-9-2,에피소드가
6569379-9-0,2013년 6월 4일
6569379-9-1,2014년 3월
6569379-9-2,훌루
6592429-0-0,1797년
6592429-0-1,관련된
6592429-0-2,발행했고
6548931-0-0,피슈그뤼
6548931-0-1,Condé) 사이
6548931-0-2,Leoben)의 사전
6548933-0-0,관련된
6548933-0-1,뒤늦게 모로
6548933-0-2,발행했고
6592429-1-0,이탈리아에
6592429-1-1,전사하자
6592429-1-2,돌아오자 모로
6548931-1-0,이탈리아에
6548931-1-1,전투
6548931-1-2,뤽상부르 궁전(Luxembourg Palace
6548933-1-0,퇴역했지만 1799년
6548933-1-1,바르텔레미 카트린
6548933-1-2,전사하자
6592429-2-0,재임명했고
6592429-2-1,야심만만한
6592429-2-2,품은
6548931-2-0,그 보답으로 나폴레옹
6548931-2-1,크리올
6548931-2-2,모았다
6548933-2-0,그 보답으로 나폴레옹
6548933-2-1,Hullot)라
6548933-2-2,불만을 품
6592429-3-0,1806년
6592429-3-1,대통령
6592429-3-2,유럽으로 돌아가기로
6548931-3-0,1806년
6548931-3-1,1806년
6548931-3-2,매디슨 대통령
6548933-3-0,1806년
6548933-3-1,매디슨 대통령
6592429-4-0,시작했다:이전
6592429-4-1,27일 드레스덴
6592429-4-2,하사받았으나
6548931-4-0,드레스덴
6548931-4-1,1813년 8월
6548931-4-2,카타리나
6548933-4-0,1813년 8월 27일
6548933-4-1,원수(maréchal
6548933-4-2,"변절자"" 라며"
6550893-0-0,측정하
6550893-0-1,윌리엄
6550956-0-0,맨체스터에
6550956-0-1,1847년
6550893-1-0,그리고
6550893-1-1,1840년
5871785-1-0,전자기에
5871785-1-1,매니저
5871785-1-2,1838년
6550956-1-0,1838년
6550956-1-1,매니저 일을 했었는데
6550893-2-0,5백
6550893-2-1,열이라는 것을 측정한 열
6550956-2-0,줄은 1843년
6550956-2-1,이루어져있다
6504781-0-0,오슈(奥州)로도
6504781-0-1,엔기시키》에
6087592-0-0,무쓰노쿠니)
6087592-0-1,중국풍
6504781-1-0,국(道奧國
6504781-1-1,처음
6087592-1-0,미치노쿠(陸奧)로
6087592-1-1,구니노미야쓰코
6514665-1-0,국(常陸國)
6514665-1-1,10개였으며
6087592-2-0,기쿠다 군은 그대로
6087592-2-1,와도(和銅
6514665-2-0,의 3개
6514665-2-1,720년
6504781-3-0,무츠아제치(陸奥按察使)가
6504781-3-1,고쿠후인 타
6087592-3-0,통괄을 맡았으며
6087592-3-1,엔랴쿠(延曆) 21년
6514665-3-0,무츠아제치(陸奥按察使)가
6514665-3-1,鎭守府)가
6504781-4-0,헤이안
6504781-4-1,사금은 조정
6504781-4-2,천황(聖武天皇
6087592-4-0,9백 냥
6087592-4-1,있었고
6514665-4-0,와메이뤼쥬쇼
6514665-4-1,제외하고
6514665-5-0,十三湊)
6514665-5-1,奧州藤原氏
6504781-6-0,고다이고 천황(後醍醐天皇
6504781-6-1,奧州探題)가
6087592-6-0,義良) 친왕(훗날
6087592-6-1,다테씨
6514665-6-0,고다이고 천황(後醍醐天皇
6514665-6-1,오사키(大崎
6513897-0-0,위치한
6513897-0-1,위치한
6064886-0-0,몽고메리
6064886-0-1,프랑스군
6513897-1-0,카리용 요새
6513897-1-1,공격하고
6064886-1-0,제17 보병연대
6064886-1-1,대부분 세인트
6513897-2-0,마르티니크 섬
6513897-2-1,바베이도스
6064886-2-0,격파할
6064886-2-1,절망적임
6513897-3-0,스페인
6513897-3-1,조인된
6064886-3-0,스페인
6064886-3-1,조인된
6528125-0-0,크리스
6528125-0-1,크리스를 편하게
6528125-0-2,만들고
6470628-0-0,가정부
6470628-0-1,최면을 걸어 마비된 상태
6527229-0-0,안드레이 헤이워드
6527229-0-1,부모인 딘과 미시
5900463-0-0,8월 15일
5900463-0-1,73일째
5900463-0-2,고속도로가
6560473-0-0,명절로서 설날
6560473-0-1,송편은 추석
6560473-0-2,이를 흔히 '민족대이동
6560505-0-0,송편은 추석
6560505-0-1,명절로서 설날
5900463-1-0,여기
5900463-1-1,사신(辭神)과
5900463-1-2,사당제(祠堂祭
6560473-1-0,다소 차이는 있으나
6560473-1-1,진찬(進饌)과
6560505-1-0,사신(辭神)과
6560505-1-1,진설(陳設
5900463-2-0,신위(神位)라
5900463-2-1,이동 축일로
6560473-2-0,위령미사
6560473-2-1,펴낸 《상장
6560505-2-0,2003년
6560505-2-1,신위(神位)라
6532634-0-0,1935년
6532634-0-1,1991년에 5개
6532634-0-2,182개
6537159-0-0,1982년
6537159-0-1,1998년
6519025-0-0,순천공립농업학교로
6519025-0-1,1982년
6519025-0-2,설립하였고
6532634-1-0,1991년에 5개
6532634-1-1,45개
6532634-1-2,21기관
6537159-1-0,10개
6537159-1-1,45개
6519025-1-0,21기관
6519025-1-1,5개
6519025-1-2,45개
6532634-2-0,1979년
6532634-2-1,1979년
6532634-2-2,2001년
6537159-2-0,1991년
6537159-2-1,2001년
6519025-2-0,1979년
6519025-2-1,개가제
6532634-3-0,"7,400여"
6532634-3-1,강운 최승효 유족
6532634-3-2,변경하였으며
6537159-3-0,"7,400여"
6537159-3-1,6000여
6519025-3-0,"7,400여"
6519025-3-1,개정 순천대학
6519025-3-2,1987년 9월
6532634-4-0,고고전시실과
6532634-4-1,고고전시실
6532634-4-2,"6,000점"
6537159-4-0,고고전시실과
6537159-4-1,동부지역
6519025-4-0,고(故
6519025-4-1,尹德熹)의 《송하노승도
6532634-5-0,1978년
6532634-5-1,1982년
6532634-5-2,청운관
6537159-5-0,78명이었다
6537159-5-1,1982년
6519025-5-0,난봉관)로 개사
6519025-5-1,2002년
6532634-6-0,2003년 7월
6532634-6-1,지하1층
6532634-6-2,우석홀이라 부르기도
6537159-6-0,86억원을 투자해
6537159-6-1,86억원
6519025-6-0,개교 70주년
6519025-6-1,우석홀이라
6532634-7-0,2012년 10월
6532634-7-1,600일
6532634-7-2,기탁하여 개관식
6537159-7-0,2015년
6537159-7-1,2012년
6519025-7-0,국제문화컨벤션관
6519025-7-1,개관식과 함께
6519025-7-2,혁성실업(주
6532634-8-0,언어교육팀
6532634-8-1,위탁교육실시
6532634-8-2,전라도권
6537159-8-0,국제심포지엄
6537159-8-1,역량 인증대학'에 선정되어
6519025-8-0,국제심포지엄
6519025-8-1,전라도권
6532634-9-0,향림취업향상포인트는 학생들
6532634-9-1,장학금
6532634-9-2,학생들에게 저학년 때부터
6537159-9-0,돕기 위한 제도
6537159-9-1,30
6519025-9-0,향림취업향상포인트
6519025-9-1,학생들에게 장학금
6532634-10-0,2007년
6532634-10-1,경제활동
6537159-10-0,여대생커리어개발센터
6537159-10-1,13개
6519025-10-0,2007년
6519025-10-1,2007년
6532634-11-0,종교
6532634-11-1,존재하며
6537159-11-0,존재하며
6537159-11-1,존재하며
6519025-11-0,학술분과
6519025-11-1,"아랑훼즈, 크레파스"
6519025-11-2,위해서는 동아리회에 의해
6532634-12-0,1982년
6532634-12-1,2002년
6532634-12-2,1996년
6537159-12-0,1965년
6537159-12-1,1996년
6519025-12-0,1982년
6519025-12-1,2002년
6532634-13-0,인쇄전자공학과
6532634-13-1,2013년
6537159-13-0,능력을 교육하는 학제간
6537159-13-1,교육과학기술부
6519025-13-0,일반대학원 인쇄전자공학과
6519025-13-1,2009년
5865047-0-0,electronic
5865047-0-1,반사광
6593370-0-0,일반적인
6593370-0-1,반응속도가
6549657-0-0,종이보다 덜 휘지만
6549657-0-1,전통적인
5865047-1-0,앞면으로 이동했을 경우에
5865047-1-1,이동했
6593370-1-0,경우에
6593370-1-1,경우에
6549657-1-0,이산화타이타늄
6549657-1-1,경우에
6549657-1-2,경우에
6593370-2-0,표면 앤커링
6593370-2-1,균일한
6549657-2-0,쌍안정 네마틱 전자종이
6549657-2-1,Uniform
6549657-2-2,"반사율, 200"
5865047-3-0,제작되었더라
5865047-3-1,어떤 디스플레이보다
6593370-3-0,장점은 다른
6593370-3-1,낮은 전력소비
6549657-3-0,티셔츠같
6549657-3-1,휨성은 전자 소자로
6484808-0-0,허용하
6484808-0-1,호크스전
6484808-0-2,18경기에
6028947-0-0,마쓰다에
6028947-0-1,18경기에
6484808-1-0,1993년
6484808-1-1,오릭스
6484808-1-2,컨디션 저하에
6028947-1-0,라쿠텐전에
6028947-1-1,1978년
6484808-2-0,소프트뱅크전
6484808-2-1,기록하면서 6월
6484808-2-2,이름이 담겨져 있
6028947-2-0,3이닝
6028947-2-1,담겨져 있
6484808-3-0,오른쪽
6484808-3-1,10월 8일
6484808-3-2,쾌거였고
6028947-3-0,9월 23일
6028947-3-1,통증
6490425-0-0,부장판사
6490425-0-1,노동조합
6481522-0-0,2016년
6481522-0-1,8월을 선고하여
6481522-0-2,사건
5995897-0-0,2002년
5995897-0-1,2015년
6524509-0-0,지구자기위도 65∼70도
6524509-0-1,구성되는데
6657423-0-0,65∼70도의 범위로서
6657423-0-1,2종류
6541249-0-0,일반적
6541249-0-1,관측장치의 감도부족
6524509-1-0,초고층대기
6524509-1-1,상부가 진홍빛
6657423-1-0,발광하
6657423-1-1,따라서 활동적인
6541249-1-0,디스펙트럼
6541249-1-1,대표적인 빛은 산소원자가
6524509-2-0,주간에서 저녁때
6524509-2-1,점차
6657423-2-0,남향 (지구의 북극
6657423-2-1,저녁때를 거쳐
6541249-2-0,급속하게
6541249-2-1,내에 큰
5842758-0-0,1860년대에
5842758-0-1,1860년대
5842758-0-2,오스트레일리아까치는 많은 오스트레일리아
6524880-0-0,스포츠팀
6524880-0-1,스포츠팀
6524880-0-2,1860년대
6541265-0-0,1860년대에
6541265-0-1,수컷들
6541265-0-2,구축하여 현재
5842758-1-0,잉글랜드
5842758-1-1,Roller
5842758-1-2,카락(carrak
6524880-1-0,것은 잉글랜드
6524880-1-1,기재한
6524880-1-2,"종명은 ""피리"
6541265-1-0,1802년
6541265-1-1,"종명은 ""피리"
6541265-1-2,bell-magpie)라
5842758-2-0,오스트레일리아까치
5842758-2-1,분리되고
5842758-2-2,1914년
6524880-2-0,까마귀과에
6524880-2-1,그러나 유라시아
6524880-2-2,Cracticidae)로
6541265-2-0,이름은 유라시아
6541265-2-1,1914년
6541265-2-2,검은백정새(Cracticus quoyi
5842758-3-0,강인하고 다부진
5842758-3-1,제법 강인하고
6524880-3-0,제법 강인하고 다부진
6524880-3-1,푸르스름한
6524880-3-2,검은색
6541265-3-0,전체적으로 푸르스름한
6541265-3-1,목덜미
6541265-3-2,성체의 눈
5842758-4-0,35종
5842758-4-1,시 까치에서 성숙한
6524880-4-0,35종
6524880-4-1,살면 사람
6524880-4-2,poodle”
6541265-4-0,시 까치
6541265-4-1,poodle”
5842758-5-0,음계를 노래하
5842758-5-1,시끄러운
5842758-5-2,4 킬로헤르츠
6524880-5-0,70분
6524880-5-1,노래를 녹음한 결과 70분
6524880-5-2,각인시키거나
6541265-5-0,막바지가
6541265-5-1,특히 시끄러운
6541265-5-2,겨울철과 봄철
5842758-6-0,1951년
5842758-6-1,뉴질랜드
5842758-6-2,1951년
6524880-6-0,태즈메이니아
6524880-6-1,호크스베이
6524880-6-2,1874년
6541265-6-0,1860년대
6541265-6-1,260마리
6541265-6-2,호크스베이
5842758-7-0,들판 같은 개활지나
5842758-7-1,들판 같
6524880-7-0,땅바닥
6524880-7-1,땅바닥에
6524880-7-2,가뭄
6541265-7-0,개활지
6541265-7-1,개체수
6541265-7-2,1930년대
5842758-8-0,종류마다
5842758-8-1,"캐럴""을 전략적"
6524880-8-0,또 침입자
6524880-8-1,과시(negotiating display
6524880-8-2,경우엔 파수꾼
6541265-8-0,집합한 까치떼가
6541265-8-1,앞으로 나서서
6541265-8-2,모든 까치들이 날아와서
5842758-9-0,것과 날개
5842758-9-1,적대적
5842758-9-2,어울려
6524880-9-0,엎드려서
6524880-9-1,그 개체를 쫓아가면서
6541265-9-0,내는 것과 날개
6541265-9-1,건네주
5842758-10-0,대개 땅 위
5842758-10-1,부리를 이용해
5842758-10-2,심지어
6524880-10-0,심지어
6524880-10-1,연구
6524880-10-2,말벌류
6541265-10-0,사탕수수두꺼비
6541265-10-1,쇠똥구리
6541265-10-2,삼키기
5842758-11-0,긴 편
5842758-11-1,바로 아래에
5842758-11-2,흔함)가
6524880-11-0,긴 편
6524880-11-1,지역에서는 1월
6524880-11-2,둥지에 탁란하는데
6541265-11-0,바로 아래에
6541265-11-1,유칼립투스이지
6541265-11-2,홈부리뻐꾸기(Scythrops novaehollandiae
5842758-12-0,연한 파란색 또
5842758-12-1,발이 크고
6524880-12-0,초록색의 알을 2
6524880-12-1,2 ~ 5개
6524880-12-2,파란색 또
6541265-12-0,5개 낳는다
6541265-12-1,이후 1주일
6541265-12-2,넙대대하고
5842758-13-0,10월 초 번식기
5842758-13-1,일어나는지
5842758-13-2,자랄수록
6524880-13-0,개체들이 인간
6524880-13-1,개체들은 거의 모두(99
6524880-13-2,부화하면서
6541265-13-0,10월
6541265-13-1,보행자
6541265-13-2,자전거
5842758-14-0,귀소본능이
5842758-14-1,54항
6524880-14-0,보호받
6524880-14-1,일부 주
6541265-14-0,귀소본능이
6541265-14-1,뒤에는 공격성이
5842758-15-0,할람 테니슨
5842758-15-1,1901년
5842758-15-2,FC 콜링우드
6524880-15-0,할람 테니슨
6524880-15-1,흰등오스트레일리아까치
6524880-15-2,놈들의 건방지고 거만한
6541265-15-0,채택했고
6541265-15-1,FC 콜링우드
6541265-15-2,"까치)""라"
6532114-0-0,추축국과
6532114-0-1,작전으로써 소련
6532114-0-2,추축국
6517980-0-0,제2차
6517980-0-1,1941년
6463472-0-0,10월부터
6463472-0-1,1942년
6463472-0-2,제2차
6532114-1-0,세바스토폴
6532114-1-1,추축국
6532114-1-2,세계
6517980-1-0,소련군
6517980-1-1,발사할
6463472-1-0,석회암질
6463472-1-1,추축국
6532114-2-0,크림반도가
6532114-2-1,9월 17일
6532114-2-2,제11군의 지휘관이 된
6517980-2-0,상급대장
6517980-2-1,주도인 심페로폴
6463472-2-0,만슈타인
6463472-2-1,통총은 남진하라
6532114-3-0,세바스토폴
6532114-3-1,"32,000명"
6532114-3-2,오데사
6517980-3-0,노보로시스크로
6517980-3-1,7개
6463472-3-0,있는 3개
6463472-3-1,루마니아군
6477336-0-0,6월 28일 오전
6477336-0-1,6월 28일
6477344-0-0,국민의당
6477344-0-1,못했으며
6477344-0-2,최고위원 사이에 오간
5972568-0-0,SBS와의 인터뷰
5972568-0-1,주거지
5972568-0-2,사이에 오간
6567346-0-0,마찬가지로 3인칭
6567346-0-1,이용해
6567346-1-0,7세대
6567346-1-1,다섯 개
6567346-2-0,2014년
6567346-2-1,게임플레이
6567346-3-0,3세대 작품군
6567346-3-1,상승시킴으로써
6567346-4-0,루비·사파이어
6567346-4-1,3세대의 소프트웨어
6567346-5-0,주인공의 고향인
6567346-5-1,야생 찌르꼬
6567346-6-0,태홍이 디아루가와
6567346-6-1,추출하여 전설
6567346-7-0,2006년
6567346-7-1,2004년
6567346-8-0,이시하라
6567346-8-1,라이언
6567346-9-0,585개
6567346-9-1,액세서리
6567346-10-0,루비·사파이어
6567346-10-1,루비·사파이어
6567346-11-0,"게임의 ""가장"
6567346-11-1,"특히, 온라인 플레"
6567346-12-0,427
6567346-12-1,2013년
6567346-13-0,엠브렐라사가
6567346-13-1,1000
6507641-0-0,10-11
6507641-0-1,상대했으나
6507645-0-0,8일
6507645-0-1,없이 7연패라
6104990-0-0,2011년
6104990-0-1,7연패
6507641-1-0,프로리그가
6507641-1-1,2011년 11월
6507645-1-0,2011년
6507645-1-1,프로리그가 소속팀
6104990-1-0,신동원에 패한 뒤
6104990-1-1,10-11
6507641-2-0,클럽데이 온라인
6507641-2-1,드라군
6507645-2-0,클럽데이 온라인
6507645-2-1,클럽데이 온라인
6104990-2-0,출전한
6104990-2-1,경기초반 전진
6471630-0-0,예금보험공사
6471630-0-1,특히 예금보험공사와 자산관리공사
6479325-0-0,부실채권 매입
6479325-0-1,금융위원회
6479325-0-2,한하여
6657791-0-0,2008년
6657791-0-1,유기적인
6471630-1-0,해당금융기관
6471630-1-1,따라 정리금융공사
6657791-1-0,출연·예금대지급
6657791-1-1,공적자금 회수업무를 원활히
6471630-2-0,ABS)발행
6471630-2-1,무담보채권
6471630-2-2,관리하고 있고
6657791-2-0,매각함으로써
6657791-2-1,다양한
6471630-3-0,조기종결
6471630-3-1,운영경비
6657791-3-0,433개
6657791-3-1,효율적
6536952-0-0,발행
6536952-0-1,있어야 하며
6536952-1-0,어음과 동일한
6536952-1-1,입질배서(어음
6536952-2-0,특정하여
6536952-2-1,표시되어
6536952-3-0,후 10일
6536952-3-1,70일
6536952-3-2,39조
6536952-4-0,제기하여
6536952-4-1,경우
6536952-5-0,후일(장래
6536952-5-1,상환청구권
6536952-6-0,줄(2조)
6536952-6-1,相計)·어음교환
6536952-6-2,인정하지
6536952-7-0,줄(2조)
6536952-7-1,수표이다(수표
6536952-8-0,위하여 인정된
6536952-8-1,함은 수표계약
6536952-9-0,가계수표(家計手票)
6536952-9-1,일반가계수표의 경우
6536952-9-2,500만원
6536952-10-0,지급보증이라
6536952-10-1,후 1년
6536952-11-0,의사여하를 불문하고 발행인
6536952-11-1,제외하고는 보증인으로서
6509370-0-0,1975년
6509370-0-1,2001년
6509370-0-2,피플〉
6509377-0-0,1997년
6509377-0-1,2009년
6509377-0-2,피플〉
6583508-0-0,앨리어스》와
6583508-0-1,2005년
6583508-0-2,엘리펀트
6509370-1-0,홀마크
6509370-1-1,맡아 6개
6509370-1-2,크래셔》
6509377-1-0,모건 머피 역
6509377-1-1,맡아 6개
6509377-1-2,텔레비전
6583508-1-0,는 홀마크 채널
6583508-1-1,2004년
6509370-2-0,2005년
6509370-2-1,크리스틴
6509370-2-2,"또한, 미스터리"
6509377-2-0,2005년
6509377-2-1,2006년 3월
6509377-2-2,미스터리
6583508-2-0,이 시트콤은 앤서니
6583508-2-1,트레인》
6583508-2-2,스리 데이스 오브
6509370-3-0,2009년
6509370-3-1,2010년
6509370-3-2,2010년
6509377-3-0,6천만 달러
6509377-3-1,2010년
6509377-3-2,코미디
6583508-3-0,크게 흥행에 성공하여
6583508-3-1,TV 온 더
6583508-3-2,불럭과 같이
6509370-4-0,2010년 게리
6509370-4-1,템플턴
6509370-4-2,2010년
6509377-4-0,공개된
6509377-4-1,마셜이 감독한 로맨틱
6509377-4-2,1만 달러
6583508-4-0,2010년
6583508-4-1,A-특공대》
6509370-5-0,공개된
6509370-5-1,에서 로켓 라쿤
6509370-5-2,3개월
6509377-5-0,촬영을 위해 3개월
6509377-5-1,에서 로켓 라쿤
6509377-5-2,17kg
6583508-5-0,로렌스와 3번째로
6583508-5-1,가디언즈 오브 갤럭시》
6583508-5-2,한 것
6509370-6-0,골수 기증
6509370-6-1,캔서(Delete Blood Cancer
6509370-6-2,쿠퍼는 또한
6509377-6-0,2015년
6509377-6-1,2015년
6509377-6-2,찍었으며
6583508-6-0,"이후, 스폰서"
6583508-6-1,딜리트
6514246-0-0,13세
6514246-0-1,영국군에 지원했으나
6501286-0-0,13세
6501286-0-1,아버지
6501286-0-2,영국군에
6657017-0-0,마칸지와 13세에
6657017-0-1,잠자리
6657017-0-2,영국군에 지원했으나
6514246-1-0,3년간
6514246-1-1,힌두교
6501286-1-0,아버지
6501286-1-1,격렬하게
6501286-1-2,1891년
6657017-1-0,사밀러스
6657017-1-1,1891년
6657017-1-2,영국
6514246-2-0,영국
6514246-2-1,1919년
6501286-2-0,영국
6501286-2-1,롤래트
6501286-2-2,발생했지만 400명
6657017-2-0,체포영장 발부
6657017-2-1,1919년
6514246-3-0,Mahatma)’로
6514246-3-1,1918년
6501286-3-0,1918년
6501286-3-1,영혼’이라
6501286-3-2,영국의 식민통치에
6657017-3-0,아힘사(무상해)였고
6657017-3-1,1918년
6657017-3-2,Mahatma)’로
6514246-4-0,힘없는 여성과
6514246-4-1,봉사하
6501286-4-0,자본가들
6501286-4-1,제도)를 받아들여
6501286-4-2,침체시켰는데
6657017-4-0,1917년
6657017-4-1,1935년
5845462-0-0,이것은 아민파
5845462-0-1,우간다 내부
6526192-0-0,반아민 피난민들
6526192-0-1,카게라 지방이
6526193-0-0,무스타파 아드리시가
6526193-0-1,국민해방군(UNLA)
6526193-0-2,표적
5845462-1-0,퇴각을 개시했는데
5845462-1-1,독재자였던
6526192-1-0,독재자였던
6526192-1-1,이들
6526193-1-0,이디 아민
6526193-1-1,개시했는데
6526193-1-2,"2,500명"
5845462-2-0,캄팔라
5845462-2-1,에티오피아
6526192-2-0,12일까지의 야간전투
6526192-2-1,팔레스타인
6526193-2-0,201여단과
6526193-2-1,1979년
6526193-2-2,팔레스타인
5845462-3-0,오보테가
5845462-3-1,독재정치를 폈기에 이에
6526192-3-0,밀턴 오보테가
6526192-3-1,무세베니가
6526193-3-0,1980년
6526193-3-1,탄자니아의 지원하에 밀턴
6526193-3-2,1980년
6024229-0-0,생김새와
6024229-0-1,잡아먹은 이
6024229-0-2,회색조를 띠고 하관이 길었으며
6511999-0-0,되었는데
6511999-0-1,부류는 바다에 사
6511999-0-2,회색조를 띠고 하관이 길었으며
6024229-1-0,코리브리컨의 스톰
6024229-1-1,벗어나면
6024229-1-2,주민들
6511999-1-0,이렇게 좁은 지역에만
6511999-1-1,민속학자이자
6511999-1-2,방문했던
6024229-2-0,스코틀랜드
6024229-2-1,아프리카까지 진출해서
6024229-2-2,비롯된 것
6511999-2-0,에드워드 드웰리
6511999-2-1,이 점에 착안해
6510936-0-0,황무지
6510936-0-1,생겨나거나
6510936-0-2,헬리오스라
6583642-0-0,황무지 위에 도시가 생겨나거나
6583642-0-1,바탕
6583642-0-2,제거하고
6657185-0-0,거대한
6657185-0-1,헬리오스라
6510936-1-0,공격할
6510936-1-1,E키
6510936-1-2,Space(SP
6583642-1-0,특수기술로 있
6583642-1-1,Shift
6583642-1-2,체력을 회복시켜주
6657185-1-0,마우스로
6657185-1-1,웨슬리
6657185-1-2,Space(SP
6510936-2-0,Tab키
6510936-2-1,게임을 시작하고
6510936-2-2,테크트리
6583642-2-0,키(Tab바로
6583642-2-1,게임을 시작하고 5분뒤
6583642-2-2,Tab키
6657185-2-0,Tab키
6657185-2-1,59초가 되면
6510936-3-0,아이템
6510936-3-1,캐릭터
6510936-3-2,킷트류
6583642-3-0,캐릭터
6583642-3-1,캐릭터
6583642-3-2,등 부위별로 특화되어
6657185-3-0,부위별로
6657185-3-1,부위별로 특화되어
6510936-4-0,저돌적인 크라서스와
6510936-4-1,저돌적인 크라서스와
6510936-4-2,트루퍼
6583642-4-0,90초
6583642-4-1,지 5분
6583642-4-2,시작하면서
6657185-4-0,폭렬의 사이어스가 있으며
6657185-4-1,90초이다
6510936-5-0,10판
6510936-5-1,10판의 배치고사
6510936-5-2,Joker
6583642-5-0,Ace등급
6583642-5-1,5단계
6583642-5-2,10판
6657185-5-0,2015년 12월
6657185-5-1,티어
6510936-6-0,사랑하는(속칭
6510936-6-1,토마스가
6510936-6-2,캐릭터를 사랑하는(속칭
6583642-6-0,2013년
6583642-6-1,2013년
6657185-6-0,사랑하는(속칭
6657185-6-1,Joker팀
6510936-7-0,HOYA>가 각각 주관하
6510936-7-1,5857이
6510936-7-2,3:1
6583642-7-0,9월 1일까지
6583642-7-1,3:1로
6583642-7-2,액션토너먼트 2회
6657185-7-0,2013년
6657185-7-1,차순위인 5857팀
6510936-8-0,끝나고
6510936-8-1,밴(Ban)규칙
6510936-8-2,1월 6일부터
6583642-8-0,던전앤파이터와
6583642-8-1,필승(문성진
6583642-8-2,밴(Ban
6657185-8-0,어디서개수작>과
6657185-8-1,265(이선호
6510936-9-0,방식으로 8강과 3-4위전
6510936-9-1,3판
6510936-9-2,문성진과 변재성
6583642-9-0,4강과 결승전
6583642-9-1,3:2로
6657185-9-0,29일까지
6657185-9-1,전국 클랜
6510936-10-0,업데이트
6510936-10-1,11월 21일
6510936-10-2,바꾼다
6583642-10-0,직업 아이콘 중
6583642-10-1,2013년 11월
6583642-10-2,2013년
6657185-10-0,2013년
6657185-10-1,캐릭터
6510936-11-0,유니크부스터
6510936-11-1,되자 JOKER팀
6510936-11-2,4시 이후로 접속하
6583642-11-0,서버관리에
6583642-11-1,이벤트
6583642-11-2,등의 행위를 하였으며
6657185-11-0,이벤트
6657185-11-1,있는 유저들
6510936-12-0,상품화하여 판매한다
6510936-12-1,2015년
6510936-12-2,보이스(ex
6583642-12-0,이 사건
6583642-12-1,시작으로 기존
6657185-12-0,2015년
6657185-12-1,소셜 보이스를 상품화하여
6596153-0-0,1888년에는 〈스콧
6596153-0-1,갱신되었으며
6596153-0-2,1902년
6342477-0-0,1884년
6342477-0-1,스콧 법〉이 시행되면서
6342477-0-2,게리 법〉에
6596153-1-0,주토이
6596153-1-1,항의해서
6596153-1-2,1894년
6342477-1-0,"10,000명"
6342477-1-1,탄원자
6342477-1-2,1905년
6596153-2-0,1885년
6596153-2-1,캐나다는 자국에
6596153-2-2,1923년
6342477-2-0,미국 이민법
6342477-2-1,인두세
6342477-2-2,1923년
6596153-3-0,차이나타운)
6596153-3-1,1924년
6596153-3-2,빠르게
6342477-3-0,1924년
6342477-3-1,수 밖에 없었고
6342477-3-2,1924년
6024455-0-0,후타바샤에
6024455-0-1,랭킹〉 1위
6024455-0-2,5일 시점
6483757-0-0,소설 투고 사이트
6483757-0-1,5일 시점
6483757-0-2,데뷔작
6483759-0-0,58만 부
6483759-0-1,약 200만부
6022976-0-0,청량산(497m)과
6022976-0-1,동쪽
6022976-0-2,서쪽 저지
6483536-0-0,강한 경기변성암
6483536-0-1,서고동저
6483536-0-2,동쪽에는 또다른
6488800-0-0,남한산
6488800-0-1,서고동저의 기복을 형성하며
6022976-1-0,늘어나면서
6022976-1-1,빈번해지자
6483536-1-0,45개
6483536-1-1,고산지대인
6483536-1-2,5천주
6488800-1-0,산성천이라 불리
6488800-1-1,인해
6022976-2-0,광주는 신라의 삼국통일과
6022976-2-1,경덕왕
6022976-2-2,1627년
6483536-2-0,주군제를 실시함으로써
6483536-2-1,한산군에
6483536-2-2,함께 한산주
6488800-2-0,주군제를 실시함으로써
6488800-2-1,받아들여
6022976-3-0,241가구
6022976-3-1,446호
6483536-3-0,446호
6483536-3-1,1917년
6483536-3-2,"1,402명"
6488800-3-0,의병운동이
6022976-4-0,세종실록지리지에
6022976-4-1,"3,823평"
6483536-4-0,"16,269결"
6483536-4-1,경지는 논 3
6488800-4-0,세종실록지리지에
6022976-5-0,5군영
6022976-5-1,정비되면서 수어청이
6022976-5-2,올라온
6483536-5-0,5군영
6483536-5-1,있던 9개
6488800-5-0,수어청이
6488800-5-1,승군
6488800-5-2,병기고와 화약고가
6022976-6-0,그러나
6022976-6-1,지리 관련 문헌에
6022976-6-2,풍납토성
6483536-6-0,그러나
6483536-6-1,홍경모만이 유형원
6483536-6-2,송파구
6488800-6-0,것은 고려
6488800-6-1,오늘날 학계
6022976-7-0,번째 설은 신라
6022976-7-1,인조 당시 개축할
6483536-7-0,최초 축성에 대해서
6483536-7-1,50m가량
6488800-7-0,주장은《삼국사기》
6488800-7-1,쌓게
6022976-8-0,이성산성과 남한산성이지만
6022976-8-1,고려 시대
6488800-8-0,몽고군
6488800-8-1,언급된
6022976-9-0,상세하게
6022976-9-1,조선 태종 때
6483536-9-0,중요성
6483536-9-1,1401년
6483536-9-2,이용하기
6488800-9-0,조선 태종
6488800-9-1,기록이 있는데
6022976-10-0,본격적
6022976-10-1,1624년
6022976-10-2,친명배금
6483536-10-0,광해군
6483536-10-1,장악하면서 친명배금
6483536-10-2,1624년
6488800-10-0,크게
6488800-10-1,것은 인조
6022976-11-0,탄천 부근에
6022976-11-1,삼궤구고두
6483536-11-0,삼궤구고두
6483536-11-1,45일
6488800-11-0,삼궤구고두
6488800-11-1,45일
6022976-12-0,이승만
6022976-12-1,1971년
6022976-12-2,제57호
6483536-12-0,이승만 대통령이
6483536-12-1,1971년
6483536-12-2,제57호
6488800-12-0,성벽 5
6488800-12-1,1999년
6022976-13-0,3∼7ｍ이다
6022976-13-1,2355m에
6483536-13-0,"7,545m다"
6483536-13-1,"8,888m"
6488800-13-0,막돌쌓기를 하였는데
6488800-13-1,3∼7ｍ이다
6022976-14-0,여장은 성위
6022976-14-1,하부는 석재
6022976-14-2,하부는 석재
6483536-14-0,여장
6483536-14-1,"석재로, 상부"
6483536-14-2,여장 규모
6488800-14-0,여장은 성위
6488800-14-1,축조한 평여장이다
6022976-15-0,본래 장대
6022976-15-1,2층
6022976-15-2,이기진이
6483536-15-0,관찰하며 지휘했던 당시에
6483536-15-1,수원시
6483536-15-2,총 5개
6488800-15-0,본래 장대
6488800-15-1,1896년 유수
6022976-16-0,남한행궁
6022976-16-1,19kg
6022976-16-2,19kg
6483536-16-0,1626년 6월
6483536-16-1,1999년 부터 한국토지공사
6488800-16-0,남한행궁
6488800-16-1,한국토지공사
6022976-17-0,府尹) 이세화(李世華
6022976-17-1,홑처마
6022976-17-2,관어정이라
6483536-17-0,지수당(池水堂)
6483536-17-1,이세화
6483536-17-2,동쪽
6488800-17-0,지수당(池水堂)
6488800-17-1,팔작지붕이다
6022976-18-0,현존하
6022976-18-1,지여진
6483536-18-0,존재했던
6483536-18-1,빠지자
6488800-18-0,1624년
6488800-18-1,대웅전이
6246005-0-0,광견병에 기인하여 두려움
6246005-0-1,하였지만
6572454-0-0,회색늑대
6572454-0-1,세계
6572454-0-2,"연맹은 ""관심 필요"
6246005-1-0,게르만어파
6246005-1-1,"wulf""라"
6572454-1-0,"wulf""로"
6572454-1-1,앵글로색슨
6572454-2-0,북아메리카
6572454-2-1,텍사스
6572454-2-2,50만 년 전
6572454-3-0,혈통은 카슈미르
6572454-3-1,80만 년
6572454-3-2,티벳늑대
6572454-4-0,늑대로 이는 플라이스토세
6572454-4-1,hattai)
6246005-5-0,현대 늑대는 란촐라브린(Rancholabrean
6246005-5-1,이미 8천
6572454-5-0,Canis
6572454-5-1,다이어늑대의 멸종과 함께
6246005-6-0,개는 늑대
6246005-6-1,10% 더
6572454-6-0,개는 늑대
6572454-6-1,1번
6572454-7-0,매년
6572454-7-1,개와 늑대
6572454-7-2,흑색늑대가
6572454-8-0,코요테
6572454-8-1,자칼의 미토콘드리아
6572454-9-0,회색늑대
6572454-9-1,5개
6246005-10-0,혈액량
6246005-10-1,생겼으나 하이에나
6572454-10-0,머리는 넓
6572454-10-1,"1,500psi"
6572454-10-2,나머지
6246005-11-0,크기는 세계적
6246005-11-1,2~4
6572454-11-0,38
6572454-11-1,"45 kg, 인도와"
6246005-12-0,긴 털은 봄에
6246005-12-1,가을에
6572454-12-0,늙은 늑대
6572454-12-1,회색늑대
6246005-13-0,42마리
6246005-13-1,10–54달
6572454-13-0,42마리
6572454-13-1,사망 후 무리
6246005-14-0,35Km²
6246005-14-1,일반적
6572454-14-0,6개월
6572454-14-1,35Km²
6572454-14-2,알래스카
6246005-15-0,10개월
6246005-15-1,2년이라
6572454-15-0,10개월
6572454-15-1,회색늑대
6572454-15-2,3주
6246005-16-0,5~6마리가
6246005-16-1,9–12일
6246005-16-2,달 후
6572454-16-0,실명과 청각
6572454-16-1,새끼는 3주
6572454-16-2,30배
6246005-17-0,늑대는 굴에서
6246005-17-1,"실제로, 굴"
6572454-17-0,"실제로, 굴"
6572454-17-1,상대적
6572454-17-2,공개적인
6572454-18-0,미바르트가
6572454-18-1,King of Currumpaw)
6246005-19-0,썰매개로
6246005-19-1,"자연사"""
6572454-19-0,수신호에
6572454-19-1,생물학자 에릭
6572454-19-2,제임스 오듀본
6246005-20-0,몰아내면서
6246005-20-1,경우
6572454-20-0,처음에는 엘크사슴만
6572454-20-1,다른 무리를 몰아내면서
6572454-20-2,서툴렀지
6246005-21-0,순록 같은 대형
6246005-21-1,늑대는 가끔 과잉 살해
6572454-21-0,부드러운
6572454-21-1,살해에 가장
6572454-21-2,때에도 과잉
6246005-22-0,일반적
6246005-22-1,일반적
6246005-22-2,몸무게의 15–19
6572454-22-0,모든 방향
6572454-22-1,새끼
6246005-23-0,꼬리를 척추
6246005-23-1,것은 친절
6246005-23-2,친절을 표시하
6572454-23-0,의사소통
6572454-23-1,회음의 냄새
6572454-23-2,것은 친절
6246005-24-0,할 수 있도록
6246005-24-1,베이스
6572454-24-0,늑대는 보통
6572454-24-1,음절을 강조하
6572454-24-2,옥타브의 O 소리로 짖고
6246005-25-0,320–904Hz
6246005-25-1,낑낑거리
6572454-25-0,904Hz
6572454-25-1,먹이 문제
6246005-26-0,늑대의 후각
6246005-26-1,아포크린선이
6246005-26-2,조사에서 지배적인
6572454-26-0,늑대의 후각은 가장
6572454-26-1,배뇨는 늑대
6572454-26-2,RLU
6246005-27-0,대형 유제류
6246005-27-1,가축이나
6572454-27-0,유제류
6572454-27-1,북미의 늑대가 선호하
6246005-28-0,대형 유제류
6246005-28-1,인간은 거
6572454-28-0,무리는 카스피 해
6572454-28-1,연어
6246005-29-0,관계이지만
6246005-29-1,관계이지만
6572454-29-0,큰곰과
6572454-29-1,멕시코 북부
6572454-30-0,없으며
6572454-30-1,최소 4건
6246005-31-0,1770년
6246005-31-1,1647년
6246005-31-2,1900년
6572454-31-0,북유럽
6572454-31-1,브리튼 섬
6572454-31-2,1647년
6246005-32-0,조직적인 사냥과
6246005-32-1,1934년
6246005-32-2,louveterie
6572454-32-0,1772년
6572454-32-1,1899년
6572454-32-2,카롤루스 대제에
6246005-33-0,1930년 펠로폰네소스
6246005-33-1,WEC
6572454-33-0,"4,600마리"
6572454-33-1,남부
6572454-33-2,WEC
6246005-34-0,이후 8백-9백마리
6246005-34-1,보호받지만
6572454-34-0,1976년
6572454-34-1,연중 내내 허가
6246005-35-0,1940년대
6246005-35-1,1940년
6572454-35-0,거의 모든
6572454-35-1,늑대 2
6572454-35-2,영국령 인도
6246005-36-0,이스라엘뿐이다
6246005-36-1,이스라엘
6572454-36-0,이스라엘
6572454-36-1,이스라엘뿐이다
6572454-37-0,1980년대
6572454-37-1,중국
6572454-37-2,환경부
6246005-38-0,북미의 늑대
6246005-38-1,캐나다
6572454-38-0,1920년대
6572454-38-1,1850년
6246005-39-0,원주민
6246005-39-1,있지만
6572454-39-0,원주민
6572454-39-1,28개
6572454-39-2,1974년
6246005-40-0,아리스토텔레스
6246005-40-1,"도시의 늑대""라"
6572454-40-0,아리스토텔레스
6572454-40-1,"도시가 ""도시"
6572454-40-2,Schwarz)
6246005-41-0,광견병에
6246005-41-1,8일-21일
6246005-41-2,개코로나바이러스
6572454-41-0,몇 달 동안
6572454-41-1,개코로나바이러스
6246005-42-0,잡아먹으며 돼지브루셀라증(Brucella suis
6246005-42-1,렙토스피라증
6572454-42-0,돼지브루셀라증(Brucella suis
6572454-42-1,렙토스피라증
6572454-42-2,소결핵균
6246005-43-0,위험한 네오스포라개구충
6246005-43-1,수척해지는 등
6572454-43-0,알라리아흡혈충은 늑대
6572454-43-1,거대신충
6572454-43-2,선모충
6246005-44-0,일본
6246005-44-1,신화에서 나오
6246005-44-2,"마찬가지로, 칠코틴"
6572454-44-0,로키의 아들
6572454-44-1,로마 신화
6246005-45-0,경전 《아베스타》
6246005-45-1,인페르노》
6572454-45-0,그녀에게 그녀
6572454-45-1,의도적
6572454-45-2,한국
6572454-46-0,팔리 모왓이
6572454-46-1,줄리에의 늑대》(Julie
6246005-47-0,데미늑대(demi-wolf
6246005-47-1,늑대는 스페인
6572454-47-0,부크약늑대
6572454-47-1,또한 유고슬라비아
6572454-47-2,데미늑대(demi-wolf
6246005-48-0,가축 포식
6246005-48-1,포식에 가장 취약한 여름
6572454-48-0,없어서 늑대
6572454-48-1,포식에 가장 취약한 여름
6246005-49-0,일반적
6246005-49-1,크로아티아
6246005-49-2,크로아티아
6572454-49-0,러시아
6572454-49-1,러시아
6572454-49-2,해리어
6246005-50-0,6-8월
6246005-50-1,일어나지만 6
6572454-50-0,사지를 물면서
6572454-50-1,더욱
6246005-51-0,광견병의 경우
6246005-51-1,봄과 가을철에
6572454-51-0,물렸을 경우 15배
6572454-51-1,합쳐지기 때문에
6246005-52-0,역사(oral history
6246005-52-1,일어난
6572454-52-0,80회
6572454-52-1,북아메리카
6572454-52-2,연구
6246005-53-0,가시도가 높기 때문
6246005-53-1,독수리
6572454-53-0,역사적
6572454-53-1,전화를 이용하여
6246005-54-0,북미늑대가
6246005-54-1,대부분
6572454-54-0,파웨니 족(Pawnee people
6572454-54-1,병사의 얼굴
6572454-54-2,3만 벌
6572454-55-0,자바이칼
6572454-55-1,늑대고기
6246005-56-0,본능(prey drive
6246005-56-1,심각한
6572454-56-0,심각한 포비아
6572454-56-1,백내장에
5833774-0-0,1981년 6월
5833774-0-1,장교양성교육
5833774-0-2,62개
6543574-0-0,1981년 6월
6543574-0-1,632명
6543574-0-2,육군학생군사학교
6543607-0-0,도입하여 매년 2개
6543607-0-1,16주간
6543607-0-2,육군학생군사학교
5833774-1-0,1950년
5833774-1-1,1951년
5833774-1-2,여군학교는2002년10월31일자로
6543574-1-0,제2훈련소
6543574-1-1,1951년
6543574-1-2,서울 서빙고에
6543607-1-0,조직된 학도호국단
6543607-1-1,예속
5833774-2-0,정관계
5833774-2-1,"10,000여"
5833774-2-2,"10,000여"
6543574-2-0,정양석(1기
6543574-2-1,"3,000여"
6543607-2-0,대부분
6543607-2-1,2017년
5833774-3-0,떠난 지 수십
5833774-3-1,2011년 3월
5833774-3-2,2011년4월
6543574-3-0,지난 2011년 3월
6543574-3-1,2011년 3월
6543607-3-0,"3,200km"
6543607-3-1,3월 1일
6503709-0-0,인해 최원정
6503709-0-1,10시 10분에
6580581-0-0,2012년
6580581-0-1,토요일 밤
6503582-0-0,2011년
6503582-0-1,김홍희로
6503582-0-2,1년
6549838-0-0,하며
6549838-0-1,1년
5865150-0-0,1919년
5865150-0-1,신흥학교 학생들이
5865150-0-2,현재 신흥학교 교문
6593502-0-0,"만세운동"""
6593502-0-1,신흥학교와 기전학교
6593502-0-2,태극기
6549838-1-0,1930년 1월
6549838-1-1,신흥학교
5865150-1-0,1930년 1월
5865150-1-1,최고 29일
6593502-1-0,1930년 1월
6593502-1-1,박문수(후의 이름은 박철웅
6593502-1-2,이재영(후
6549838-2-0,세워진
6549838-2-1,Fulton Declaration
6549838-2-2,1937년
5865150-2-0,1937년
5865150-2-1,해외선교부
6593502-2-0,강하게 나타내면서
6593502-2-1,유일신론에
6593502-2-2,주체인
6549838-3-0,유신잔당 척결
6549838-3-1,5·27
5865150-3-0,5·18
5865150-3-1,제적·정학
6593502-3-0,1500여
6593502-3-1,1500여
6593502-3-2,있은지 30년만에
6549838-4-0,유사하다
6549838-4-1,전주신흥중학교
5865150-4-0,경희대학교의 전신)
5865150-4-1,1910년대
6593502-4-0,만주에서 활약하던
6593502-4-1,서간도에서 개교한
6593502-4-2,김대중
6549838-5-0,건축비
6549838-5-1,지원하면서 1927년
5865150-5-0,지정학교라
5865150-5-1,1927년
6593502-5-0,지정학교라
6593502-5-1,교사 신축을 추진하였고
6593502-5-2,노스캐롤라이나 주의 리차드슨
6549838-6-0,희현당(希顯堂
6549838-6-1,있다가 이곳에
5865150-6-0,학당이었던 희현당(希顯堂
5865150-6-1,김시걸
6593502-6-0,희현당(希顯堂
6593502-6-1,26년(1700
6593502-6-2,김시걸
6505013-0-0,발표된
6505013-0-1,깊고도 폭넓
6505013-0-2,하나님께
6505051-0-0,대부
6505051-0-1,Abraham
6505051-0-2,Abraham
6090188-0-0,연구되고 발표된
6090188-0-1,화란의 아브라함
6090188-0-2,인류의 문화
6505013-1-0,사상
6505013-1-1,받아서 ‘낙관적인
6505051-1-0,최대한으로 발휘하고
6505051-1-1,변종길
6090188-1-0,하나는 ‘씨(kiem
6090188-1-1,최대한
6090188-1-2,lderlin
6505013-2-0,1977
6505013-2-1,Herman
6505051-2-0,최용준에
6505051-2-1,형성력(formative
6090188-2-0,여기서 도예베르트
6090188-2-1,즉 문화란 주어진
6121033-0-0,1975년
6121033-0-1,23인 중
6509407-0-0,1975년
6509407-0-1,하나인 내각
6516974-0-0,하나인 내각 연대
6516974-0-1,것인지에 관한 국민투표
6121033-1-0,50조에 따르면 유럽
6121033-1-1,이러한
6509407-1-0,리스본 조약 50조
6509407-1-1,2년
6516974-1-0,50조
6516974-1-1,이러한
6516974-1-2,만족시키
6458146-0-0,cc였다
6458146-0-1,전형적인 경매입찰
6458146-0-2,때마다 100cc
6586998-0-0,cc였다
6586998-0-1,올라오는 것이 보통이었지
6523642-0-0,우유의 단위
6523642-0-1,우유
6458146-1-0,당초의 기대
6458146-1-1,따른
6586998-1-0,C2C
6586998-1-1,스타'로
6586998-1-2,32만명
6523642-1-0,C2C
6523642-1-1,9월 첫째주
6458146-2-0,2003년 10월
6458146-2-1,정책을 전면 무료화하
6586998-2-0,정책을 전면 무료화하
6586998-2-1,100cc
6586998-2-2,바로가기
6523642-2-0,2003년
6523642-2-1,결국 NHN
6458146-3-0,한게임과
6458146-3-1,80만
6586998-3-0,한게임과
6586998-3-1,2004년 12월
6586998-3-2,80만
6523642-3-0,한게임
6523642-3-1,하나였던
6498964-0-0,형성된
6498964-0-1,마드라사(مدرسة)’
6498964-0-2,미드라샤(midrasha)
6498976-0-0,마드라사라
6498976-0-1,마드라사가
6498976-0-2,자미아(جامعة)’
6546635-0-0,마드라사라
6546635-0-1,미드라샤(midrasha
6546635-0-2,자미아(جامعة)’
6498964-1-0,영어
6498964-1-1,기억하도록
6498976-1-0,히프즈(ḥif
6498976-1-1,울라마(ʿālim
6498976-1-2,1세에 의해
6546635-1-0,완전한
6546635-1-1,슐레이만
6498964-2-0,마크타부와
6498964-2-1,마드라사
6511009-0-0,農奴的)인
6511009-0-1,주로 농업을 주된
6511017-0-0,상하없
6511017-0-1,인생에 대해서
6134247-0-0,農奴的)인
6134247-0-1,주된 산업
6511009-1-0,범인간적(凡人間的)이란
6511009-1-1,물질 그 자체가
6511017-1-0,물질적 풍요가
6511017-1-1,그러나
6134247-1-0,물질적 풍요가
6134247-1-1,따라서
6511009-2-0,속에는 현격한 빈부
6511009-2-1,명실상부하게
6511017-2-0,격심한
6511017-2-1,감에 따라
6134247-2-0,제거하
6134247-2-1,명실상부하게
6511009-3-0,1968년
6511009-3-1,러시아혁명이
6511017-3-0,1917년
6511017-3-1,그러니까
6134247-3-0,프랑스혁명은 이런
6134247-3-1,그러나 이때
6511009-4-0,하늘처럼 섬겼다(사인여천
6511009-4-1,동학도들끼리
6511017-4-0,6월민중항쟁
6511017-4-1,군사적으로
6134247-4-0,사회복지
6134247-4-1,고사하고
6511017-5-0,그렇지 않고 불평등하면
6511017-5-1,악법과 굳어진 관습
6429844-0-0,벨기에
6429844-0-1,덴마크에서 처음
6509976-0-0,후반 벨기에
6509976-0-1,1890년 스위스의 티치노
6509976-0-2,1890년
6509983-0-0,비례대표제
6509983-0-1,빅토르
6509983-0-2,1890년
6429844-1-0,득표율
6429844-1-1,3
6509976-1-0,비례대표제
6509976-1-1,채택할 경우
6509976-1-2,3% 미만인
6509983-1-0,득표율에
6509983-1-1,3% 미만인 정당
6509976-2-0,명부식의 경우
6509976-2-1,정당에 대해서만
6509983-2-0,경우
6509983-2-1,경우
6509983-2-2,이양식 방법
6465074-0-0,30초
6465074-0-1,선수보다
6502102-0-0,30초
6502102-0-1,선수들
6502105-0-0,선수들은 30초
6502105-0-1,보통 이전 기록
6526634-0-0,침입해
6526634-0-1,캇센(文永合戦
6526634-0-2,무로마치
6526659-0-0,1281년
6526659-0-1,원구(元寇
5847544-0-0,이테키」(異賊
5847544-0-1,三韓征伐
6526634-1-0,고려의 김방경(金方慶
6526634-1-1,1년)11월
6526659-1-0,김방경(金方慶)이
6526659-1-1,1년)11월 제
5847544-1-0,1년)11월
5847544-1-1,태풍으로 인해 지속적인
6526634-2-0,정동행중서성
6526634-2-1,5) 반원(反元
6526659-2-0,일본정벌
6526659-2-1,대변하
5847544-2-0,정동행중서성
5847544-2-1,반원(反元)정책
6463546-0-0,솔로대첩
6463546-0-1,15곳
6518373-0-0,2012년
6518373-0-1,2012년
6518373-0-2,밝히면서
6518390-0-0,사용하는 유태형씨가
6518390-0-1,연애를 시작하셨습니다’
6463546-1-0,시작되었으나
6463546-1-1,서울특별시
6518373-1-0,박지선 역시
6518373-1-1,서울특별시
6518373-1-2,"1,000명"
6518390-1-0,"1,000명"
6463546-2-0,"3,000명"
6463546-2-1,행사에 참가했던
6463546-2-2,멤버인 해이가
6518373-2-0,하얀색
6518373-2-1,"3,000명"
6518373-2-2,2012년
6518390-2-0,2012년
6518390-2-1,따르면 이날
6518390-2-2,2012년
6227985-0-0,하노버 엽병
6227985-0-1,10만
6227985-0-2,제한된
6569701-0-0,제10엽병대대의 대대장으로서 당시
6569701-0-1,10만
6569704-0-0,엽병 대대에 입대하였으며
6569704-0-1,제3무선통신
6227985-1-0,불리던
6227985-1-1,"브랸스크, 비얀지마에서 2중"
6569701-1-0,에리히 호프너
6569701-1-1,구데리안
6569704-1-0,구데리안
6569704-1-1,시베리아
6227985-2-0,1945년 5월
6227985-2-1,미군
6227985-2-2,1945년
6569701-2-0,1945년 5월
6569701-2-1,육군
6569701-2-2,1945년 5월
6569704-2-0,10일 미군에 항복해
6569704-2-1,전쟁 범죄자로서
6569704-2-2,1945년 5월
6560812-0-0,614개
6560812-0-1,보수세력이
5901183-0-0,김모(48)씨
5901183-0-1,이들
6597063-0-0,2018년
6597063-0-1,드루킹
6597063-0-2,614개
6560812-1-0,보도되면서
6560812-1-1,동원하면서
5901183-1-0,전인권
5901183-1-1,친문 댓글부대
6597063-1-0,불렸으나 19대
6597063-1-1,문재인 지킴이’
6341444-0-0,유일했다
6341444-0-1,유일했다
6553782-0-0,유일했다
6553782-0-1,유일했다
6553553-0-0,2000년
6553553-0-1,중의 한 명
6341444-1-0,한 선수가 다른
6341444-1-1,프로토스
6553782-1-0,올킬'(7전
6553782-1-1,전까지12:2라
6553553-1-0,올킬'(7전
6553553-1-1,프로토스
6341444-2-0,그의 꾸준하면서도
6341444-2-1,당시 떠오르
6553782-2-0,꾸준하면서도
6553782-2-1,2004년
6553553-2-0,2004년
6553553-2-1,스타리그에서 이윤열에게 패하며
6341444-3-0,1로 제압하고
6341444-3-1,이윽고
6553782-3-0,KTF 매직엔스
6553782-3-1,약 3년
6553553-3-0,이윽고
6553553-3-1,1로 제압하고
6341444-4-0,8월부터 벌어진
6341444-4-1,MSL
6553782-4-0,2006년 8월
6553782-4-1,10회
6553553-4-0,8월부터
6553553-4-1,10회
6465586-0-0,6개를 모두
6465586-0-1,6개
6465586-0-2,이 영화
6522945-0-0,6개를 모두
6522945-0-1,영화
6522947-0-0,크리스토퍼 마커스
6522947-0-1,6개를 모두
6522947-0-2,영화
5836625-0-0,대한제국
5836625-0-1,아들
5836625-0-2,1897년
6589822-0-0,1907년
6589822-0-1,1920년
6589848-0-0,1907년
6589848-0-1,1910년
6589848-0-2,1926년
5836625-1-0,현재 우리은행
5836625-1-1,1902년
5836625-1-2,제2대
6589822-1-0,1902년
6589822-1-1,내장원경
6589848-1-0,1902년
6589848-1-1,8000원
6589848-1-2,3만원
5836625-2-0,해 8월 7일에
5836625-2-1,"결정되었고, 8월"
5836625-2-2,이강
6589822-2-0,1907년
6589822-2-1,9월 7일에
6589848-2-0,1906년
6589848-2-1,1907년 3월 11일에
6589848-2-2,이강은 순종
5836625-3-0,황귀비
5836625-3-1,메이지
5836625-3-2,안중근에
6589822-3-0,엄주명
6589822-3-1,어학문소가
6589848-3-0,경학원
6589848-3-1,엄주명
6589848-3-2,15일
5836625-4-0,1910년
5836625-4-1,1911년 1월
5836625-4-2,같은 해 7월
6589822-4-0,1910년
6589822-4-1,1학년
6589848-4-0,1910년
6589848-4-1,격하되었으며
6589848-4-2,이은도 황태자
5836625-5-0,다이쇼
5836625-5-1,4월 28일에
5836625-5-2,서상일(徐相日
6589822-5-0,적자(賊子)
6589822-5-1,4월 28일에
6589848-5-0,1918년 12월
6589848-5-1,같은 해 12월
6589848-5-2,위하여
5836625-6-0,마사코
5836625-6-1,덕수궁 석조전
5836625-6-2,숭인원(崇仁園)으
6589822-6-0,1922년 4월
6589822-6-1,1922년
6589848-6-0,제35기생
6589848-6-1,1921년
6589848-6-2,장남과
5836625-7-0,대조전
5836625-7-1,대조전
5836625-7-2,10일에 순종의 제사
6589822-7-0,천황의 칙령에
6589822-7-1,조선군사령부
6589848-7-0,1926년 3월
6589848-7-1,덕혜옹주와
6589848-7-2,4월 25일에
5836625-8-0,요코하마
5836625-8-1,중국 상하이에
5836625-8-2,1927년
6589822-8-0,이은이 중국 상하이에
6589822-8-1,정부는 국제적
6589848-8-0,1927년 5월 24일
6589848-8-1,백작 부부로
6589848-8-2,대한민국 임시
5836625-9-0,1928년 8월 11일
5836625-9-1,교육총감부
5836625-9-2,2·26
6589822-9-0,1936년
6589822-9-1,참모본부
6589848-9-0,보병 제2연대
6589848-9-1,1930년 12월
6589848-9-2,1936년
5836625-10-0,1937년
5836625-10-1,1937년
5836625-10-2,십삼송당일기》(十三松堂日記
6589822-10-0,국립중앙박물관에
6589822-10-1,귀국하였을 때에는 화신백화점
6589848-10-0,1937년
6589848-10-1,1937년
6589848-10-2,에이사쿠
5836625-11-0,12일에 이은은 도쿄
5836625-11-1,8월 15일에
5836625-11-2,3점이다
6589822-11-0,없다는 이유로
6589822-11-1,1947년
6589848-11-0,1945년 8월 12일에 이은
6589848-11-1,참의원
6589848-11-2,1947년
5836625-12-0,1948년
5836625-12-1,시볼드와
5836625-12-2,10월 12일에
6589822-12-0,인정받지
6589822-12-1,최고사령부
6589848-12-0,1948년
6589848-12-1,같은 해 이
6589848-12-2,"또한, 이은"
5836625-13-0,학습원 교수 블라이드와
5836625-13-1,교수 블라이드와
5836625-13-2,1952년
6589822-13-0,교수 블라이드와
6589822-13-1,발발하자
6589848-13-0,연합군 최고사령부
6589848-13-1,전쟁이 발발하자
6589848-13-2,김용주
5836625-14-0,이 제정되어
5836625-14-1,1957년
5836625-14-2,1957년
6589822-14-0,1960년
6589822-14-1,1954년
6589848-14-0,1954년
6589848-14-1,1957년
6589848-14-2,16일에
5836625-15-0,대한민국
5836625-15-1,이은은 이구가 머물고
5836625-15-2,상태가 악화되어
6589822-15-0,제안하였지만
6589822-15-1,박정희
6589848-15-0,제안하였지만
6589848-15-1,대한민국
6589848-15-2,국가재건최고회의 의장
5836625-16-0,환국하여 곧장
5836625-16-1,요셉이었다
5836625-16-2,1963년 3월
6589822-16-0,1963년
6589822-16-1,1963년
6589848-16-0,1961년에 도쿄
6589848-16-1,1963년
6589848-16-2,30분에
5836625-17-0,대조전
5836625-17-1,장례는 황태자
5836625-17-2,황태자
6589822-17-0,장례는 황태자
6589822-17-1,부묘제(祔廟祭
6589848-17-0,9일장
6589848-17-1,있었고
6589848-17-2,양주군
5836625-18-0,남조선과도입법의원
5836625-18-1,2009년
5836625-18-2,2009년
6589822-18-0,2009년
6589822-18-1,남조선과도입법의원
6589848-18-0,발간한 민족문제연구소
6589848-18-1,이은이
6589848-18-2,반민족행위처벌법〉을 토의할
5836625-19-0,받았었고
5836625-19-1,때 이홍직은 회원들
5836625-19-2,1949년
6589822-19-0,이화회(李花會)
6589822-19-1,1949년
6589848-19-0,이홍직
6589848-19-1,제사를 이유로
6589848-19-2,미나미
5836625-20-0,1922년 4월
5836625-20-1,1931년
5836625-20-2,전주이씨대동종약원
6589822-20-0,1922년
6589822-20-1,장남 이원이
6589848-20-0,이방자와
6589848-20-1,1921년에
6589848-20-2,1931년 12월에
6549036-0-0,2013년
6549036-0-1,23일
6549041-0-0,23일 프로포폴
6549041-0-1,25일 서울중앙지방법원
6549041-0-2,탓인지
5857639-0-0,2013년 1월 23일
5857639-0-1,500만원에
5857639-0-2,징역 8월
6539605-0-0,건널목 사고'라
6539605-0-1,아마가사키
6470376-0-0,중이었으나
6470376-0-1,중이었으나
6470376-0-2,5량이
5783280-0-0,5량이
5783280-0-1,신오사카
5783280-0-2,열차 방호 무선
6539605-1-0,잭나이프
6539605-1-1,2번째와 4번째에
6539605-2-0,동시에 실시되었으며
6539605-2-1,2량째
6470376-2-0,버너나 전동
6470376-2-1,Z16편성
5783280-2-0,이용하지
5783280-2-1,4월 28일
6539605-3-0,2005년 7월
6539605-3-1,참가한
6470376-3-0,반대편
6470376-3-1,1명에
6539605-4-0,2006년 2월
6539605-4-1,구라우치 노리타카
6470376-4-0,퇴임하고
6470376-4-1,외부(스미토모 전기공업
5783280-4-0,덧붙여
5783280-4-1,인책 사임한
6519593-0-0,쓴 1999년 미국
6519593-0-1,최우수 작품상
6519593-0-2,"9,300만"
6519608-0-0,나이트
6519608-0-1,오스먼트)와
6519608-0-2,웰메이드 스릴러로
6519593-1-0,크로우(브루스 윌리스
6519593-1-1,크로우(브루스 윌리스
6519593-1-2,난 콜 시어(헤일리
6519608-1-0,심리학자
6519608-1-1,정신상담
6519593-2-0,엄마(토니
6519593-2-1,뿐만 아니라
6519608-2-0,부모의 이혼
6519608-2-1,이해하려
6570759-0-0,발견하고 병원으로 데려가
6570759-0-1,도로시
6570759-0-2,교회의 창문
6570833-0-0,발견하고
6570833-0-1,허리띠
6570833-0-2,해롤드
5941850-0-0,도로시와
5941850-0-1,교회의 창문
5941850-0-2,허리띠
6570759-1-0,잭슨 기지에
6570759-1-1,하웰 하사
6570833-1-0,훈련을 받던
6570833-1-1,불이익
6570833-1-2,도로시
5941850-1-0,말하고 도스
5941850-1-1,정신병
5941850-1-2,같은 소대원들
6571852-0-0,140만년전
6571852-0-1,올두바이 협곡
6571852-0-2,130~150cm였으며
6571869-0-0,호모 하비리스(Homo
6571869-0-1,Homo Habilis
6571869-0-2,생물(파란트로푸스
6571852-1-0,리키
6571852-1-1,4명
6571852-1-2,500~600cc였다
6571869-1-0,1959년부터 올두바이 조지
6571869-1-1,지오그래픽 지에
6571869-1-2,리키
6571852-2-0,두개골은 800cc
6571852-2-1,800cc
6571852-2-2,남자
6571869-2-0,루이스의 차남 리처드 리키
6571869-2-1,탄자니아
6571869-2-2,화석들은 모두
5899613-0-0,영화《애자》도
5899613-0-1,야간비행》
5899613-0-2,2012년 11월
6559872-0-0,모습으로 이른바 ‘최강희
6559872-0-1,영화《애자》도
6559872-0-2,최강희의 야간비행》
6559983-0-0,야간비행》의 진행
6559983-0-1,영화《애자》도
6472020-0-0,심리술
6472020-0-1,이용해서
5782890-0-0,친밀한
5782890-0-1,이용해서
5782890-0-2,gaslighting)
6472046-0-0,gaslighting
6472046-0-1,공감능력
6472046-0-2,구사자들
6230870-0-0,능력을 갖추어
6230870-0-1,우진산전
6230870-0-2,1C4M 방식
6569943-0-0,1C4M
6569943-0-1,GTO 사이리스터
6569971-0-0,사용하는 1C4M
6569971-0-1,사용하고
6230870-1-0,1993년
6230870-1-1,당시 6량
6569943-1-0,1996년까지
6569943-1-1,1995년
6569971-1-0,34101~34125편성(변경
6569971-1-1,6량
6230870-2-0,부르는 차량
6230870-2-1,한국철도차량(KOROS
6569943-2-0,변경 전 77
6569943-2-1,변경 전
6569971-2-0,대비하여
6569971-2-1,341x27~341x30편성
6572424-0-0,1998년
6572424-0-1,7월 가시와 레이솔에
6572424-0-2,2003년 2월
6572438-0-0,오사카로 이적하여
6572438-0-1,드래곤즈
6572438-0-2,2003년 2월
6572424-1-0,아시안컵 일본과의 경기
6572424-1-1,폴란드전
6572424-1-2,또한 예선 2차전
6572438-1-0,아시안컵 일본과
6572438-1-1,대한민국
6572438-1-2,수비수인 프랭키
6572424-2-0,2011
6572424-2-1,2013년
6572424-2-2,2013
6572438-2-0,부임하였고
6572438-2-1,거두며
6572424-3-0,2016년 6월 21일
6572424-3-1,감독 재임 시절에 이어
6572438-3-0,후임이자 FC 서울
6572438-3-1,박주영
6465835-0-0,한나라당
6465835-0-1,야권연대에
6486148-0-0,한나라당
6486148-0-1,패배하였다
6486148-0-2,패배하였다
6577846-0-0,한나라당
6577846-0-1,당명을 새누리당
6465835-1-0,당초 우려와 여론조사와
6465835-1-1,야권의 정권심판론이
6577846-1-0,서울
6577846-1-1,김형태가
6465835-2-0,한명숙
6465835-2-1,적극적
6486148-2-0,대체로 한명숙
6486148-2-1,받아들이겠다
6577846-2-0,민주통합당
6577846-2-1,이전보다 적극적
5908238-0-0,1721년
5908238-0-1,재임기간동안
5908238-0-2,1721년 12월
6598570-0-0,1744년
6598570-0-1,효율성을 위해서
6598579-0-0,1721년
6598579-0-1,1744년
6598579-0-2,도움이 없었다면 《앙시클로페디
5908238-1-0,즉위함과
5908238-1-1,9달 동안
6598570-1-0,르네 니콜라 드
6598570-1-1,9달 동안
6598579-1-0,1771년
6598579-1-1,16세가 즉위함
6598579-1-2,1771년부터
5908238-2-0,1776년
5908238-2-1,상황이 점점
6598570-2-0,1750년
6598570-2-1,1787년
6598579-2-0,1787년
6598579-2-1,1750년
6598579-2-2,스위스
6581275-0-0,이퀄(Equal
6581275-0-1,제7회 서울국제청소년영화제
6581275-0-2,2006년
6534780-0-0,비밀의 교정》
6534780-0-1,왕과 나》
6534780-0-2,2012년
6416570-0-0,2005년
6416570-0-1,2006년
6581275-1-0,1990년
6581275-1-1,1990년
6581275-1-2,공연영화학부 연극전공 2008년
6534780-1-0,1990년 2월
6534780-1-1,대성여자상업고등학교
6534780-1-2,1990년
6416570-1-0,1990년
6416570-1-1,가지게
6581275-2-0,증평여중
6581275-2-1,인형'연기
6581275-2-2,제7회 서울국제청소년영화제
6534780-2-0,모교인
6534780-2-1,이퀄(Equal
6416570-2-0,뜰'이라는 동아리
6416570-2-1,수업료로 날리
6581275-3-0,2008년
6581275-3-1,영화 개봉
6581275-3-2,스타의 연인》
6534780-3-0,미혼모
6534780-3-1,2008년
6416570-3-0,2008년
6416570-3-1,하지만
6581275-4-0,830만 명에
6581275-4-1,등 8개
6534780-4-0,830만 명에
6534780-4-1,830만
6416570-4-0,등 8개
6416570-4-1,2008년
6581275-5-0,휴메인엔터테인먼트
6581275-5-1,휴메인엔터테인먼트
6581275-5-2,2년간
6534780-5-0,휴메인엔터테인먼트
6534780-5-1,2년간 뜻하지
6534780-5-2,2010년 9월
6416570-5-0,2년간 뜻하지
6416570-5-1,이 후 박보영은 힘들었던 2년간
6581275-6-0,2012년
6581275-6-1,1분가량의 롱테이크를 찍었
6581275-6-2,김태경
6534780-6-0,복귀작인 《미확인
6534780-6-1,김태경
6416570-6-0,2011년
6416570-6-1,2011년
6581275-7-0,2012년
6581275-7-1,늑대소년》 시나리오
6534780-7-0,"닮았다""며"
6534780-7-1,만났을 때 마치
6416570-7-0,개봉한 《늑대소년》
6416570-7-1,돌멩이
6581275-8-0,700만명
6581275-8-1,8위(순위권 중 유일한
6581275-8-2,남자와 여자가
6534780-8-0,700만명
6534780-8-1,8위(순위권
6416570-8-0,2012년
6416570-8-1,페스티벌
6581275-9-0,2014년 2월
6581275-9-1,맨 처음 캐스팅된
6581275-9-2,영화는 167만명
6534780-9-0,2014년 2월
6534780-9-1,2월
6534780-9-2,맨 처음 캐스팅된
6416570-9-0,2014년
6416570-9-1,흡연과 욕설
6581275-10-0,장면에선 어울리고
6581275-10-1,2015년 6월
6581275-10-2,2015년
6534780-10-0,2015년 6월
6534780-10-1,2015년
6534780-10-2,35만명
6581275-11-0,2015년
6581275-11-1,음탕한
6581275-11-2,박보영
6534780-11-0,7월
6534780-11-1,음탕한
6581275-12-0,1위라
6581275-12-1,그 당시
6534780-12-0,그 당시
6534780-12-1,1위라
6416570-12-0,응답하라1994》-《미생
6416570-12-1,수치
6581275-13-0,2015년 10월
6581275-13-1,2015년
6581275-13-2,2015년
6534780-13-0,2015년
6534780-13-1,2015년
6416570-13-0,2015년
6416570-13-1,출연했다고
6581275-14-0,이야기인 《열정같은소리하고있네》가
6581275-14-1,영화의 원작은 이혜린
6581275-14-2,11월
6534780-14-0,한국의 소설
6534780-14-1,12위
6534780-14-2,19위(순위권
6416570-14-0,한국의 소설
6416570-14-1,12위
6581275-15-0,2017년
6581275-15-1,백미경
6581275-15-2,타이틀롤
6534780-15-0,2월부터 4월까지 인기리에
6534780-15-1,타이틀롤
6581275-16-0,우여곡절 끝에
6581275-16-1,3
6581275-16-2,9
6534780-16-0,2013년
6534780-16-1,2013년
6534780-16-2,2013년
6416570-16-0,우여곡절 끝에
6416570-16-1,발리로
6581275-17-0,드라마 평론가
6581275-17-1,이형민
6581275-17-2,대중문화평론가
6534780-17-0,충남대
6534780-17-1,연출을 맡은 이형민
6416570-17-0,연출을 맡은 이형민
6416570-17-1,줄 수 있
6457869-0-0,처음으로 3할 대
6457869-0-1,2002년에는 두
6457869-0-2,최하위(4위
6522582-0-0,1999년
6522582-0-1,데쓰로와
6522582-0-2,야마다 가쓰히코
6522583-0-0,처음으로 3할 대
6522583-0-1,당시
6522583-0-2,1999년
6457869-1-0,자리는 이가와
6457869-1-1,2003년에는 대학
6522582-1-0,히로시마
6522582-1-1,글러브
6522582-1-2,6월 17일
6522583-1-0,2003년
6522583-1-1,골든 글러브상
6457869-2-0,138경기
6457869-2-1,17개
6457869-2-2,2006년
6522582-2-0,2004년
6522582-2-1,2004년
6522582-2-2,같은 해 시즌
6522583-2-0,2004년
6522583-2-1,이듬해인
6522583-2-2,본인으로서
6457869-3-0,종반
6457869-3-1,4할대
6522582-3-0,1군
6522582-3-1,16일
6522583-3-0,"여름에 후지카와, 아라"
6522583-3-1,참가하
6522583-3-2,2군
6457869-4-0,2일에 현역
6457869-4-1,고시엔 구장에서도
6522582-4-0,20년
6522582-4-1,20년
6522583-4-0,인해 8경기
6522583-4-1,표명하겠다
6522583-4-2,경기 직후
6481543-0-0,1919년
6481543-0-1,김명순(金明淳
6481543-0-2,전영택의 소개로
6481543-1-0,광랑(狂浪
6481543-1-1,생명의 과실'이라
6481543-1-2,뇌병원
6481543-2-0,김희경은 구한말
6481543-2-1,탄실(彈實)
6481543-2-2,이름이 산월(山月
6481543-3-0,필진
6481543-3-1,재정난으로 4호
6481543-3-2,1920년 7월
6481543-4-0,그는 '인생
6481543-4-1,朝鮮文壇
6481543-4-2,朝鮮文壇
6481543-5-0,캐스팅되어
6481543-5-1,1927년
6481543-5-2,1927년
6481543-6-0,묘사하였고
6481543-6-1,묘사하였고
6481543-6-2,작가로서뿐
6481543-7-0,있다고
6481543-7-1,그는 자유연애의 근대적
6481543-7-2,신여성이
6541057-0-0,1884년
6541057-0-1,조선 정부에
6541057-0-2,1885년
6458470-0-0,1884년
6458470-0-1,25일에 고종
6458470-0-2,되었는데
6524049-0-0,되었는데
6524049-0-1,재동(齋洞)에
6541057-1-0,병원(Severance Memorial Hospital
6541057-1-1,변경하였으며
6541057-1-2,신촌
6524049-1-0,Severance
6524049-1-1,1955년 3월
6524049-1-2,의술개업인허장이
6541057-2-0,개교하였는데
6541057-2-1,Chosun Christian College
6541057-2-2,Underwood)
6458470-2-0,Stimson
6458470-2-1,진행되었지만 일제
6458470-2-2,적산(敵産)이
6524049-2-0,개교하였는데
6524049-2-1,1919년 3월
6524049-2-2,京城工業經營專門學校)로
6541057-3-0,1946년 8월 15일
6541057-3-1,백낙준(白樂濬
6541057-3-2,개강하였으며
6458470-3-0,운영권을 미군정청
6458470-3-1,1946년 8월 15일
6458470-3-2,백낙준(白樂濬
6524049-3-0,1946년 8월 15일
6524049-3-1,백낙준(白樂濬
6524049-3-2,단행하였으며
6541057-4-0,경영학과 2학년에
6541057-4-1,제5공화국
6541057-4-2,같은 해 8월에
6458470-4-0,이한열이 전경이
6458470-4-1,학부제 및
6458470-4-2,김대중도서관
6524049-4-0,말기인
6524049-4-1,2011년 5월
6541057-5-0,신촌캠퍼스(新村
6541057-5-1,존 토마스
6541057-5-2,"190,320평"
6458470-5-0,50 (신촌동)에
6458470-5-1,있었고
6458470-5-2,치원관(致遠館
6524049-5-0,에비슨이 기부금
6524049-5-1,치원관(致遠館)
6541057-6-0,위치에 있고
6541057-6-1,한경관과 핀슨관이
6458470-6-0,뒤편으로 사회과학대학
6458470-6-1,초석을 이룬
6458470-6-2,학생기숙사) 5개동
6524049-6-0,백양로의 끝에는 대학
6524049-6-1,한경관
6541057-7-0,학교본부
6541057-7-1,양해각서(MOU
6541057-7-2,"6,500억원"
6458470-7-0,國際-)는 인천광역시
6458470-7-1,양해각서(MOU
6458470-7-2,1학년을 국제캠퍼스
6524049-7-0,학교본부
6524049-7-1,2008년
6541057-8-0,레지덴셜칼리지(Residential College
6541057-8-1,두 학기
6458470-8-0,국제캠퍼스의 건립
6458470-8-1,2014년부터
6524049-8-0,학번이었던
6524049-8-1,의무적
6541057-9-0,김우중 전 대우그룹
6541057-9-1,회장이 기증한
6458470-9-0,165만여m
6458470-9-1,마주보고 있으며
6458470-9-2,청송관
6524049-9-0,김우중 전 대우그룹
6524049-9-1,청송관과
6541057-10-0,101주년이
6541057-10-1,1983년
6541057-10-2,용인세브란스병원
6458470-10-0,1983년
6458470-10-1,1983년
6458470-10-2,1993년
6524049-10-0,26개
6524049-10-1,1983년
6524049-10-2,1993년
6541057-11-0,1949년
6541057-11-1,1949년
6541057-11-2,학생회’
6458470-11-0,총학생회
6458470-11-1,구성되었고
6458470-11-2,지원을 담당하고
6524049-11-0,1961년 1월
6524049-11-1,다시 학도호국단으로 재편되지
6541057-12-0,총여학생회
6541057-12-1,2016년
6541057-12-2,여성인력개발연구원이
6458470-12-0,총여학생회
6458470-12-1,문제를 고민하고
6458470-12-2,여성인력개발연구원
6524049-12-0,1988년
6524049-12-1,2002년
6541057-13-0,延高戰)은 애교심을 고양하고
6541057-13-1,연고전’이라는 명칭
6458470-13-0,연고전(延高戰)
6458470-13-1,기간에 열리
6458470-13-2,등 5개
6524049-13-0,고려대학교와
6524049-13-1,대학교 스포츠
6524049-13-2,매년 9월
6541057-14-0,Visiting Student Program)
6541057-14-1,파견되어
6541057-14-2,이와 상관 없이
6458470-14-0,Visiting Student Program
6458470-14-1,상관 없이 다수
6458470-14-2,Program)
6524049-14-0,SAP(Study Abroad Program
6524049-14-1,수 있
6541057-15-0,2007년
6541057-15-1,151위를 기록하였으며
6541057-15-2,2014년
6458470-15-0,9월에는 교육인적자원부
6458470-15-1,2010년
6458470-15-2,KABEA
6524049-15-0,151위
6524049-15-1,"2,450여명에"
6534755-0-0,1993년
6534755-0-1,보(寶)와
6530163-0-0,1993년
6530163-0-1,1993년
6530163-0-2,검(劍) 자로
6516084-0-0,1993년
6516084-0-1,목동에서 2남
6516084-0-2,유아스포츠단
6534755-1-0,2011년
6534755-1-1,주방옥
6530163-1-0,2011년
6530163-1-1,시각장애인
6530163-1-2,KBS
6516084-1-0,2011년
6516084-1-1,자신을 직접 발탁한
6516084-1-2,자신
6534755-2-0,2014년
6534755-2-1,신승환
6530163-2-0,고등학교
6530163-2-1,강동석(이서진
6530163-2-2,강동석(이서진
6516084-2-0,외모를 소유한
6516084-2-1,등장하며 그
6534755-3-0,2015년
6534755-3-1,배종병
6530163-3-0,이전의 역할과 이미지
6530163-3-1,이전부터
6530163-3-2,차이나타운》
6516084-3-0,명량’의 수봉이
6516084-3-1,구현해냈고
6534755-4-0,응답하라 1988》에
6534755-4-1,2015년
6530163-4-0,2015년 5월
6530163-4-1,에 캐스팅
6530163-4-2,2015년
6516084-4-0,응답하라 1988》에
6516084-4-1,에 캐스팅
6534755-5-0,2016년
6534755-5-1,"2,500여"
6530163-5-0,2016년
6530163-5-1,2016년
6530163-5-2,KBS스포츠월드
6516084-5-0,2016년
6516084-5-1,아프리카
6534755-6-0,드라마
6534755-6-1,이진희
6530163-6-0,드라마
6530163-6-1,천재 군주
6530163-6-2,해 3월 박보검
6516084-6-0,캐스팅 되어
6516084-6-1,드라마
6530163-7-0,다음 '인물
6530163-7-1,12월
6530163-7-2,10월
6516084-7-0,박보검
6516084-7-1,2016년
5972482-0-0,2002년
5972482-0-1,구혜선(具惠善
5972482-0-2,유쾌한 도우미》
6477318-0-0,유쾌한 도우미》
6477318-0-1,소아과의 환아들
6477318-0-2,또한 SNS
6477256-0-0,1984년 11월 9일
6477256-0-1,유쾌한 도우미》
6477256-0-2,연예계에
5849814-0-0,1972년
5849814-0-1,생계를 위해
5849814-0-2,생계를 위해
6547929-0-0,선포를 계기로
6547929-0-1,1974년
6547929-0-2,1978년
6547933-0-0,휴교령이
6547933-0-1,"않느냐""며 질책"
6547933-0-2,민청학련
5849814-1-0,1995년
5849814-1-1,만65세에서 만62세로
6547929-1-0,만65세
6547929-1-1,1995년
6547933-1-0,학생과 학부모
6547933-1-1,학생과 학부모
5849814-2-0,성과급
5849814-2-1,고용해고조치
5849814-2-2,주는 제도
6547929-2-0,성과급
6547929-2-1,IMF
6547933-2-0,교직원에게도 성과급
6547933-2-1,역시
5849814-3-0,35명
5849814-3-1,한국교원단체총연합회
5849814-3-2,모의고사
6547929-3-0,한국교원단체총연합회(교총
6547929-3-1,한국교원단체총연합회(교총)
6547933-3-0,추진하였으나
6547933-3-1,"만들겠다""고"
5849814-4-0,19일 헝가리
5849814-4-1,19일 헝가리
5849814-4-2,안기부
6547929-4-0,진보정상회
6547929-4-1,이날 베를린
6547933-4-0,총리는 이날 베를린
6547933-4-1,특파원들과
5849814-5-0,2006년 3월
5849814-5-1,참석하지
5849814-5-2,10일에는 청와대
6547929-5-0,노무현
6547929-5-1,부산지역 상공인들
6547933-5-0,부산지역 상공인들과 골프모임
6547933-5-1,재임기간동안
6542089-0-0,관중들
6542089-0-1,프로듀서들
6542091-0-0,Charley Douglass
6542091-0-1,프로듀서들
6526436-0-0,1960년
6526436-0-1,수집해서 그들만
6542089-1-0,저절로 따라
6542089-1-1,엘리사베타
6542091-1-0,때뿐만 아니라 동작
6542091-1-1,관계가 있는데
6526436-1-0,보면
6526436-1-1,유사한 예로
6542089-2-0,때(웃음 더빙
6542089-2-1,때문에 남자
6542091-2-0,때(웃음 더빙
6542091-2-1,강화시켜주기
6526436-2-0,사회적
6526436-2-1,결속력
6542089-3-0,Alvin
6542089-3-1,또한
6542091-3-0,제작자인 Ross Bagdasarian
6542091-3-1,사용한다면
6526436-3-0,새로운
6526436-3-1,순수한
6551328-0-0,22년만에
6551328-0-1,조대
6392948-0-0,건물의 형상이
6392948-0-1,조대
6392948-0-2,조대
6551328-1-0,明治大学)
6551328-1-1,1946년
6392948-1-0,창립준비위원회가
6392948-1-1,民立大學設立運動)
6392948-1-2,전라남도지사였던 서민호
6551328-2-0,1946년
6551328-2-1,1988년
6392948-2-0,양성”이라는 설립 이념
6392948-2-1,미군정청
6392948-2-2,光州夜間大學園)이
6551328-3-0,1980년
6551328-3-1,조선대학교 내에 진주하면서
6392948-3-0,1980년
6392948-3-1,5·17
6392948-3-2,1997년
6551328-4-0,학부모까지 가세하여 '박철웅
6551328-4-1,2명
6392948-4-0,7시에
6392948-4-1,私有化
6392948-4-2,113일간
6551328-5-0,2009년
6551328-5-1,2012년
6392948-5-0,2009년 3월
6392948-5-1,22년만
6392948-5-2,2012년
6551328-6-0,375m로
6551328-6-1,2003년
6392948-6-0,375m로
6392948-6-1,1954년
6392948-6-2,한국대학신문
6551328-7-0,조선대학교 졸업생인
6551328-7-1,있으며 제3전시실
6392948-7-0,1992년
6392948-7-1,전시하고 있으며
6392948-7-2,460점
6551328-8-0,광주광역시
6551328-8-1,2005년
6392948-8-0,광주광역시
6392948-8-1,광주광역시
6392948-8-2,광주광역시
6551328-9-0,1980년
6551328-9-1,민주조선》 교지편집위원회
6392948-9-0,The Chosun World
6392948-9-1,민주조선》 교지편집위원회
6392948-9-2,새내기호'와
6551328-10-0,개설된 비만 프로그램
6551328-10-1,1988년
6392948-10-0,1988년
6392948-10-1,설립되었는데
6392948-10-2,비만 프로그램
6551328-11-0,장미축제와
6551328-11-1,2011년
6392948-11-0,다양한
6392948-11-1,장미원(ROSE
6392948-11-2,백악의 향기라
6551328-12-0,2001년
6551328-12-1,2010년
6392948-12-0,1987년
6392948-12-1,2001년
6392948-12-2,가지고
6551328-13-0,1999년 7월 23일
6551328-13-1,없다'며
6392948-13-0,23일 전남대학교
6392948-13-1,교육부 장관이
6392948-13-2,없다'며 '조선대학교
6551328-14-0,2009년
6551328-14-1,200명
6392948-14-0,전남대·전북대·원광대
6392948-14-1,200명
6392948-14-2,제출하였으나
6551328-15-0,10일 사학분쟁위원회
6551328-15-1,2010년
6392948-15-0,1·8
6392948-15-1,들어 정이사 체제로
6392948-15-2,2009년 12월
6542650-0-0,없어짐)
6542650-0-1,편집장 래리 생어
6526965-0-0,누구나 참여할
6526965-0-1,운영하려는 여러 시도들이
6542650-1-0,이러한
6542650-1-1,2013년
6145459-1-0,"49,000"
6145459-1-1,수가 4
6145459-1-2,사소한
6526965-1-0,많이 사용되
6526965-1-1,2013년
6542650-2-0,이코노믹 타임즈》에
6542650-2-1,2억 번
6145459-2-0,12
6145459-2-1,2014년
6526965-2-0,에 투고한 글
6526965-2-1,2014년
6542650-3-0,결국 이 문제
6542650-3-1,편집하였다가
6145459-3-0,신뢰성
6145459-3-1,"5,500"
6145459-3-2,편집하였다가
6526965-3-0,편집하였다가
6526965-3-1,공동창립자인
6542650-4-0,관심사
6542650-4-1,15일
6145459-4-0,위키컨퍼런스와 같은 오프라인
6145459-4-1,이탈리아의 에시노라리오
6145459-4-2,한국위키미디어협회
6526965-4-0,매년 세계적인 컨퍼런스인
6526965-4-1,2016년
6542650-5-0,편집인 헨리
6542650-5-1,익명성
6145459-5-0,익명성
6145459-5-1,크라우드 소싱이라는 이름
6145459-5-2,"아웃사이더""에"
6526965-5-0,2009년
6526965-5-1,이러한
6542650-6-0,가장 큰
6542650-6-1,커뮤니티
6145459-6-0,정책과 지침
6145459-6-1,문서의 중립성
6145459-6-2,2004년
6526965-6-0,시작된지
6526965-6-1,2005년
6542650-7-0,프론트엔드
6542650-7-1,분산 메모리 캐시
6145459-7-0,"25,000~60"
6145459-7-1,프론트엔드
6145459-7-2,렌더링
6541836-0-0,1930년
6541836-0-1,프랑크푸르트
6525997-0-0,귄츠부르크
6525997-0-1,인류학
6525997-0-2,1935년
5844379-0-0,1938년
5844379-0-1,귄츠부르크
6541836-1-0,돌격대(SA)에
6541836-1-1,1937년
6541836-1-2,쇤바인(Irene
6525997-1-0,1931년
6525997-1-1,1933년
6525997-1-2,준군사
5844379-1-0,1931년
5844379-1-1,1937년
6541836-2-0,수용소에 도착한
6541836-2-1,가족인 이들
6541836-2-2,염색약
6525997-2-0,Ovitz
6525997-2-1,대상
6525997-2-2,Ovitz
5844379-2-0,Lilliput Troupe)이라
5844379-2-1,1943년 10월경
6541836-3-0,아르헨티나
6541836-3-1,사망하였는데
6525997-3-0,1985년
6525997-3-1,상파울루
5844379-3-0,1959년
5844379-3-1,상파울루
5885698-0-0,안에는 친러
5885698-0-1,안에는 친러
6595129-0-0,명(2008년
6595129-0-1,안에는 친러
6595129-0-2,국가들로부터
6595159-0-0,안에는 친러
6595159-0-1,국가들로부터
5885698-1-0,러시아식
5885698-1-1,1936년
6595129-1-0,있었는데 그
6595129-1-1,1917년
6595129-1-2,출신이었던 스탈린
6595159-1-0,"철의 남자""로"
6595159-1-1,그러나
6595159-1-2,출신이었던
5885698-2-0,완전히
5885698-2-1,1990년
6595129-2-0,1991년 4월
6595129-2-1,소련 외무장관이
6595129-2-2,1990년
6595159-2-0,한편으로
6595159-2-1,고르바초프
6595159-2-2,트빌리시
5885698-3-0,즈비아드 감사후르디아
5885698-3-1,셰바르드나제
6595129-3-0,즈비아드 감사후르디아
6595129-3-1,1995년
6595129-3-2,등의 혐의로 장미
6595159-3-0,즈비아드
6595159-3-1,1995년
6595159-3-2,장미 혁명
5885698-4-0,니카라과와
5885698-4-1,의원내각제형태
6595129-4-0,2008년 8월
6595129-4-1,1994년
6595159-4-0,외교관계
6595159-4-1,의원내각제형태
5885698-5-0,38
5885698-5-1,아제르바이잔
6595129-5-0,산림지역은 2
6595129-5-1,국경이고 두
6595159-5-0,흑해의 동쪽
6595159-5-1,38
6595159-5-2,160여종
5885698-6-0,철학적 토스트를 통해서
5885698-6-1,조지아)에
6595129-6-0,조지아)에
6595129-6-1,조지아의 음식
6595159-6-0,철학적 토스트를 통해서
6595159-6-1,khinkali
5780995-0-0,김일성
5780995-0-1,윤공흠
5780995-0-2,1956년말
6528196-0-0,윤공흠 등
6528196-0-1,1956년말에 최창익
6470091-0-0,영도를 부정하고
6470091-0-1,반대한다고
5780995-1-0,박헌영
5780995-1-1,제외한 인물들
5780995-1-2,1925년
6528196-1-0,동북항일연군
6528196-1-1,박헌영
6470091-1-0,동북항일연군
6470091-1-1,남조선로동당
6470091-1-2,가장 친한
5780995-2-0,갈등은 필연적이었고
5780995-2-1,스파이'라는 명분
5780995-2-2,주장했던
6528196-2-0,박헌영
6528196-2-1,필연적이었고
6470091-2-0,인천상륙작전
6470091-2-1,빨치산론을 주장했던
5780995-3-0,경공업 우선
5780995-3-1,1955년
5780995-3-2,좌지우지하
6528196-3-0,1955년
6528196-3-1,강경하게
6470091-3-0,강경하게 중공업
6470091-3-1,주장했고
5780995-4-0,같이 비교적
5780995-4-1,개인숭배
5780995-4-2,퍼져 헝가리
6528196-4-0,1956년
6528196-4-1,정적 트로츠키를 제치고
6470091-4-0,구축했고
6470091-4-1,잘못을 낱낱이 파헤치고
5780995-5-0,인정하고
5780995-5-1,미코얀과 팽덕회가
5780995-5-2,8월 종파사건
6528196-5-0,1956년 12월
6528196-5-1,소련의 미코얀
6470091-5-0,떠나자
6470091-5-1,본격적
6481182-0-0,2012년
6481182-0-1,1005명
6576723-0-0,징계를 하지 않기
6576723-0-1,민간 업체
6576723-0-2,"새누리당은 ""한국전쟁"
6464946-0-0,2012년
6464946-0-1,것은 사실이었고
6566701-0-0,섬이지만
6566701-0-1,작은섬에
6566701-0-2,1895년
6566707-0-0,면적이 1
6566707-0-1,지명의 유래
5918057-0-0,1994년
5918057-0-1,1895년(고종32
5918057-0-2,때에는 태안군에서 서산군
6566701-1-0,고종32
6566701-1-1,金谷里)
6566701-1-2,일찍부터 삼과
6566707-1-0,추학리(秋鶴里
6566707-1-1,소길리(小吉里)로
5918057-1-0,고종32
5918057-1-1,2개리
6566701-2-0,구도(舊島)라
6566701-2-1,인천 간에
6566701-2-2,섬모양
6566707-2-0,같은 호리지만
6566707-2-1,1600년대)까지
5918057-2-0,3면이
5918057-2-1,정기여객선이
6566701-3-0,때 진산리가 추가되어
6566701-3-1,때 진산리가 추가되어
6566701-3-2,진산리
6566707-3-0,동이면
6566707-3-1,榛山里)의 '진
5918057-3-0,1895년(고종32
5918057-3-1,榛山里)
6491753-0-0,극우파
6491753-0-1,모두
6491753-0-2,평가하며
6491753-1-0,1996년
6491753-1-1,1952년
6491753-1-2,1996년
6043133-1-0,세계
6043133-1-1,미국
6043133-1-2,유니버스
6491753-2-0,레슬매니아 23
6491753-2-1,도널드
6491753-2-2,맥맨과 도널드
6043133-2-0,당시 이 경기
6043133-2-1,2007년
6043133-2-2,발단
6491753-3-0,내야한다고
6491753-3-1,성원하였으나 나토와 태평양
6491753-3-2,내야한다고 요구하였고
6600262-0-0,야간에 공격하
6600262-0-1,1944년 9월
6600262-0-2,후쿠도메 시게루
6567261-0-0,소에무는 부대 운용에
6567261-0-1,1944년
6600262-1-0,미해군
6600262-1-1,"12일, 미해군"
6567261-1-0,1944년 10월
6567261-1-1,"1,378대"
6567261-1-2,54대
6600262-2-0,캔버라
6600262-2-1,제3함대
6567261-2-0,10월 14일
6567261-2-1,380기
6600262-3-0,벙커힐
6600262-3-1,CV-18)나
6567261-3-0,10월 19일
6567261-3-1,레이테
6572695-0-0,2010년
6572695-0-1,2011년
6572695-0-2,나나 역
6572738-0-0,Push Push》로
6572738-0-1,씨스타
6572738-0-2,내겐 너니까
6572695-1-0,음악을 좋아했었고
6572695-1-1,크리스티나 아길레라의 〈Hurt
6572738-1-0,1등
6572738-1-1,임효찬
6572738-1-2,1등
6572695-2-0,제1회
6572695-2-1,함께 씨스타
6572738-2-0,버라이어티 꽃다발 뮤지컬
6572738-2-1,여자
6572738-2-2,결성해 〈Ma
6572695-3-0,2012년
6572695-3-1,12학번
6572738-3-0,OST 《Super
6572738-3-1,같은 해에 팀
6572738-3-2,슈퍼주니어
6572695-4-0,멜론 기준
6572695-4-1,11월 26일에 마침내
6572738-4-0,있다 없으니까
6572738-4-1,2013년
6572695-5-0,Life》곡
6572695-5-1,3위
6572738-5-0,에 정준하와 윤상의《My
6572738-5-1,네티즌들
6572695-6-0,DARK PANDA
6572695-6-1,18일 스타쉽엑스
6572738-6-0,함께 신발브랜드
6572738-6-1,스타쉽엑스
6572695-7-0,승리하면서 2라운드에
6572695-7-1,정인
6572738-7-0,제치고
6572738-7-1,선택했다며
6572695-8-0,3년만
6572695-8-1,두번째 선공개곡 <One
6572738-8-0,드디어
6572738-8-1,4곡에 작사
6508071-0-0,하와이
6508071-0-1,카피올라니
6108839-0-0,태어났다
6108839-0-1,1960년
6108839-0-2,케냐로
6581697-0-0,시니어
6581697-0-1,2살이던
6581697-0-2,1964년
6108839-1-0,"일이 자신의 ""최대의 도덕적"
6108839-1-1,2008년
6581697-1-0,2008년
6581697-1-1,마리화나
6508071-2-0,옥시덴탈
6508071-2-1,옥시덴탈
6508071-2-2,컬럼비아
6108839-2-0,1979년 로스앤젤레스
6108839-2-1,specialty
6108839-2-2,1983년
6581697-2-0,1979년
6581697-2-1,1979년 로스앤젤레스
6581697-2-2,1981년에는 뉴욕
6508071-3-0,교구
6508071-3-1,개메일리얼
6108839-3-0,운동가(community organizer
6108839-3-1,DCP)에
6108839-3-2,1명
6581697-3-0,community organizer)로
6581697-3-1,"12,000달러"
6581697-3-2,운동가(community organizer
6508071-4-0,로리뷰
6508071-4-1,흑인으로
6108839-4-0,하버드
6108839-4-1,1학년
6108839-4-2,1992년 10월
6581697-4-0,하버드
6581697-4-1,1988년
6581697-4-2,시카고로 돌아갔다
6508071-5-0,챌린지(Chicago Annenberg Challenge
6508071-5-1,시카고 공공
6108839-5-0,동맹(Public Allies
6108839-5-1,2002년
6581697-5-0,1993년
6581697-5-1,1993년
6581697-5-2,1992년
6508071-6-0,팔머 의원의 뒤
6508071-6-1,양당 합동 행정
6108839-6-0,팔머 의원의 뒤를 이어 일리노
6108839-6-1,윤리 및 의료
6581697-6-0,1996년
6581697-6-1,및 의료 입법
6581697-6-2,2001년
6108839-7-0,다가오는 미국
6108839-7-1,2003년
6581697-7-0,2003년
6581697-7-1,의료 및 인간
6581697-7-2,2004년
6108839-8-0,2002년 5월
6108839-8-1,2003년 1월
6108839-8-2,15명
6581697-8-0,2002년
6581697-8-1,2002년
6508071-9-0,자료를 토대로
6508071-9-1,등재하였으며
6508071-9-2,org
6108839-9-0,되었으며
6108839-9-1,다섯
6108839-9-2,오바마를 '성실한 민주당원
6581697-9-0,2005년
6581697-9-1,다섯
6508071-10-0,붙인 두 법안
6508071-10-1,붙인 두 법안
6508071-10-2,강화 법안'
6108839-10-0,2005년
6108839-10-1,넌-루가
6581697-10-0,2005년
6581697-10-1,2005년
6108839-11-0,존경하고 링컨
6108839-11-1,150년이나
6581697-11-0,링컨
6581697-11-1,1865년
6108839-12-0,큰 정부'에
6108839-12-1,공화당
6581697-12-0,오사마
6581697-12-1,공화당
6108839-13-0,때문에 민주당
6108839-13-1,65세
6581697-13-0,강력한
6581697-13-1,같은 시간 오바마
6508071-14-0,를 통해 한반
6508071-14-1,오바마는 자신이 속한
6108839-14-0,않은' 자신
6108839-14-1,자동차시장 분야에
6581697-14-0,대한민국
6581697-14-1,2월 11일
