id,EAP,HPL,MWS
id12024,0.7845170648886125,0.21522048032219254,0.00026245478919504175
id15178,0.47336384684546085,0.4629771174940961,0.06365903566044306
id18559,0.01924377450135374,0.9098252824706519,0.07093094302799446
id21414,0.9873357454532925,0.001483954559746351,0.011180299986961172
id25439,0.9462553495096786,0.00037123417779412807,0.05337341631252731
id02609,0.0004033429849649203,0.014736119161094564,0.9848605378539406
id03193,0.010675770623097646,0.46181634130067006,0.5275078880762323
id00572,2.8412445474101836e-05,1.999996185347669e-06,0.9999695875583405
id03663,0.004482996386850459,0.9924080972590731,0.0031089063540764876
id13447,0.14905215315054507,0.7426946050707385,0.10825324177871641
id18580,0.998362965773714,0.0004832101479128608,0.001153824078373086
id04722,0.0008423393030246226,0.9981804664785447,0.0009771942184307301
id15665,0.0011591281114360918,0.9981308011329302,0.0007100707556338246
id20036,1.9999933857603518e-06,0.9999960000132284,1.9999933857603518e-06
id07791,0.9984511445965197,0.0002302739374664129,0.0013185814660138144
id20816,0.12973722291130374,0.5276159510630349,0.3426468260256613
id01105,0.44154308850501234,0.18207212254764876,0.3763847889473388
id26541,0.00021531960647549166,8.107485379221518e-05,0.9997036055397323
id10041,0.07509601531785103,8.625963631207897e-05,0.9248177250458369
id24482,0.0019895833129005436,0.0018741860585484266,0.9961362306285511
id10754,0.00045402810789223376,2.3881832269422485e-06,0.9995435837088809
id04170,0.000172551418978022,0.9998249662396154,2.4823414066222215e-06
id08135,0.6279484409408016,0.36186724437622714,0.010184314682971237
id24619,0.6620338440975605,0.0697892314458292,0.2681769244566103
id09334,0.0035779366724517482,7.989854000123063e-05,0.9963421647875471
id07593,0.5908434484142869,0.10311382335674585,0.30604272822896733
id13943,0.6567762001428054,0.3115694968902737,0.031654302966921045
id16286,0.7398397403114338,0.0693092731344797,0.19085098655408647
id11783,0.18842294935528212,0.008547427954156325,0.8030296226905614
id01480,0.8247298071023781,0.021913245634098008,0.15335694726352378
id23607,0.0008946135980165165,0.9990976708092585,7.715592725012155e-06
id05964,0.008581389378005863,0.9524834788177923,0.038935131804201814
id03036,0.1948819946836292,0.07040081804610233,0.7347171872702686
id07623,0.7711312953207973,0.00017313689407912752,0.22869556778512357
id27953,0.33899736599426145,0.03992497997518621,0.6210776540305525
id02499,0.0001995194870096574,2.2725958068526732e-06,0.9997982079171835
id07870,0.995795712978491,0.004101174810056872,0.0001031122114519962
id17679,0.3479146381129117,0.00104276384273335,0.651042598044355
id16336,0.009873900588871604,0.0011163774399796222,0.9890097219711488
id14960,0.8957918442232602,0.09801087548274144,0.006197280293998366
id24401,0.001065552959950436,0.9972368730076584,0.001697574032391063
id19240,9.43066160505195e-05,0.9985827744626913,0.0013229189212582869
id21443,0.8674695363003361,0.09749698657094144,0.03503347712872253
id09307,0.013767196093775011,4.117133862444238e-05,0.9861916325676006
id18158,0.46991031172856845,0.4346498062881144,0.0954398819833172
id08671,0.999985471512338,1.252848868601098e-05,1.999998976105071e-06
id13351,0.9989456100739854,0.00046899765220401944,0.0005853922738105919
id00014,0.30869504864017405,0.028180218533513813,0.6631247328263122
id13551,0.992458206724366,0.006091213582128044,0.0014505796935059202
id09841,0.000755413884963182,8.681662794212311e-05,0.9991577694870947
id09386,0.10824017882906384,0.5537387692531546,0.3380210519177816
id07293,0.12977408909005952,0.8560626758242701,0.014163235085670484
id19757,0.9789712643147254,0.01016022170232975,0.010868513982944764
id14602,0.03325699947455579,0.9597474481707328,0.006995552354711403
id13281,0.20987749950699996,0.19995247574397038,0.5901700247490297
id17489,0.00322436273512415,3.7072142753009704e-05,0.9967385651221229
id00799,0.9955832604441527,4.6831663506439854e-05,0.004369907892340852
id10869,0.7383762016579797,0.02874113979842485,0.23288265854359544
id21594,0.9142804462241112,0.021962582438007403,0.06375697133788144
id14060,0.9239662969714506,0.0027006361364844958,0.07333306689206491
id19089,0.9976811769961649,0.0003780214701183849,0.0019408015337168587
id27841,0.017985724072846813,0.9793030869340402,0.0027111889931128973
id06581,1.9999967673324347e-06,5.3274035081376076e-05,0.9999447259681513
id03827,0.07481744726711734,0.021693375942348006,0.9034891767905348
id09963,0.9865469872334813,0.00016064254110763183,0.013292370225411076
id18190,0.1480719025676637,0.0003509030303943911,0.8515771944019419
id00508,0.9184508681992286,0.009309993268304641,0.0722391385324668
id04308,2.2947174982027612e-05,0.007764581319236008,0.992212471505782
id08077,0.018497371454555996,0.7438718007315072,0.23763082781393688
id15486,0.32880244025012617,0.015977604239560468,0.6552199555103133
id15348,0.5053424026207191,0.017666242364933565,0.4769913550143474
id27623,0.8825147350458575,0.11155762112981531,0.005927643824327233
id06423,0.9910810031769242,0.00020837745095754722,0.00871061937211815
id05453,0.9973618832243574,3.94215648024115e-06,0.002634174619162323
id21114,0.009699304670872246,5.967295183112296e-05,0.9902410223772966
id07194,0.0003134119421961995,0.9989864875926755,0.0007001004651282935
id02522,0.7542501915649726,0.21147788731565795,0.03427192111936948
id15222,0.9939436208101073,0.0011378602800594857,0.004918518909833246
id24100,0.8506930362831969,0.1470547721507933,0.002252191566009744
id14726,0.5614160030593337,0.34437338701199927,0.09421060992866705
id03297,0.0026238754885716037,0.9973225473183099,5.357719311848307e-05
id18202,0.8318617328799557,0.024820692413441908,0.14331757470660234
id20182,0.9537899560408702,0.03786843070581787,0.008341613253311855
id08228,0.04507882149586986,0.947665577115215,0.0072556013889151505
id17776,0.018894301185633816,0.14906786662034321,0.8320378321940229
id10348,0.2694909789233856,0.07318373968715473,0.6573252813894597
id22443,0.9663350956185733,0.01632755399818615,0.01733735038324047
id09217,0.0031015058722320046,0.0021597666334069567,0.994738727494361
id17318,0.0015113364580144545,0.000684533622170254,0.9978041299198153
id25418,0.9990191773362488,0.00044634850631111744,0.0005344741574400682
id05690,0.000963916900944266,0.9988158823545386,0.00022020074451723203
id10734,0.024019848481683922,0.0007615267482918371,0.9752186247700243
id06128,0.990783285524656,0.00019412811080420837,0.009022586364539788
id19706,0.8577721409081114,0.038677172503181104,0.10355068658870752
id23891,0.610325421022836,0.323281849917588,0.066392729059576
id00425,0.7484394392914138,0.07394692540551409,0.17761363530307217
id10230,0.16849267854099076,0.07725631111060821,0.7542510103484011
id13293,0.6536115718732989,0.23627012005540177,0.11011830807129931
id03765,1.2993804924410588e-05,0.9999622954405551,2.471075452051065e-05
id06092,0.8556113472822141,0.09185364761213916,0.05253500510564681
id26416,0.9908317559584429,0.006397008675451086,0.002771235366105993
id26725,0.021407636814994697,0.014800739180165603,0.9637916240048398
id22870,0.9166299431399374,0.02684382178868516,0.05652623507137746
id11403,0.803553406683654,0.19627239073912653,0.00017420257721949902
id24696,0.9934835571253052,0.004554829441891968,0.001961613432802811
id03774,0.0033624415971650274,0.01457525856294002,0.982062299839895
id20609,0.04470806134965002,0.025926891835007192,0.9293650468153428
id07820,0.6909624540723057,0.0007761041605969873,0.3082614417670973
id15287,0.6473257428264594,0.3520289549983805,0.0006453021751600877
id10557,7.875139507031189e-05,0.9999192486068827,1.9999980469848764e-06
id26477,0.911265846893641,7.282868833351157e-05,0.08866132441802559
id01411,0.1859410468106823,0.008378390594686511,0.8056805625946313
id13999,0.005532296037485928,0.9347319682565065,0.05973573570600761
id19336,0.9801893116412803,0.0004210539214386259,0.019389634437281013
id08540,0.9588771934014259,0.03338131125342454,0.007741495345149516
id09485,0.9928806745779685,0.0002632608369827131,0.00685606458504882
id05476,0.6828643056560448,0.30975259321782417,0.007383101126130935
id03130,0.0008507389699635748,0.002015918410840915,0.9971333426191956
id07895,0.0018306721093032767,4.696089449130969e-05,0.9981223669962054
id05747,0.000792016987330744,0.9990675254378755,0.0001404575747938169
id19227,0.8225304315259427,0.1492991041977943,0.028170464276263033
id16240,0.9962047248480592,0.001845316339317913,0.0019499588126227212
id10304,0.014012355618170226,0.9835479785067947,0.002439665875035037
id12715,0.8129519757615562,0.17684858264933614,0.010199441589107731
id17748,5.9433630994839195e-05,0.9994946101025548,0.0004459562664503814
id20281,0.9461892263557353,0.04707553434217748,0.006735239302087189
id02115,0.010263409765188535,0.0034314244454370924,0.9863051657893743
id02514,0.9317310223661576,0.002675171301140319,0.0655938063327021
id00786,0.998839137699198,0.0007828571350936156,0.0003780051657084571
id12255,0.005686611308646132,0.9940162749133967,0.00029711377795713545
id07835,0.9645051025539639,0.021664934909669132,0.013829962536366971
id21769,0.9736431347166279,0.02616786806597876,0.00018899721739347778
id07710,0.0042250885905198874,0.9950620359329264,0.0007128754765537874
id13948,0.9999829922753212,1.9999981315475086e-06,1.500772654742763e-05
id01233,1.3524555353315468e-05,0.9999351230958398,5.1352348807012014e-05
id08628,0.8026720194498416,0.09643534847565854,0.10089263207449987
id12142,0.5712522456373231,0.27333912786948056,0.15540862649319626
id20913,0.8982717495448415,0.08624045942655874,0.015487791028599733
id11436,0.9228101975987452,0.02774961472313496,0.04944018767811992
id19228,0.9953823897532457,0.0002784776598491284,0.0043391325869052075
id13280,0.2801188422534244,0.5802380086832503,0.13964314906332537
id08953,0.670365777867845,0.0004820938728380739,0.3291521282593169
id19041,0.10239894727221402,0.04206624635327813,0.8555348063745079
id22732,0.9998025966000487,3.0922777406813624e-06,0.00019431112221071148
id21729,0.4975522870470116,0.04646184257109606,0.45598587038189226
id11281,0.48073274181416803,0.045626748266579704,0.4736405099192522
id13410,0.5368665357063995,0.041017411316742435,0.4221160529768581
id04874,0.03997432576001847,0.007615346540821365,0.9524103276991601
id21755,0.133279755879335,9.040809315986851e-05,0.8666298360275051
id25694,0.009519835339774869,0.9860867308367767,0.004393433823448465
id01373,0.027736593742890604,0.00018539135131372188,0.9720780149057957
id22394,0.6244547399666653,0.033761759922983074,0.3417835001103517
id06553,0.9899645674100026,0.006801793493185185,0.003233639096812209
id08837,0.9669446908466367,0.021341945488562553,0.011713363664800825
id16387,0.9920372387720774,0.006564679975790113,0.0013980812521323794
id14967,0.014397840339901147,0.9310641407238718,0.05453801893622717
id27387,0.715982152398848,0.03262360130320803,0.251394246297944
id24900,0.9971208307563617,0.00018987094610433452,0.0026892982975339767
id13379,0.0005387672022878367,0.999300131441379,0.00016110135633313845
id14887,0.7700346454273042,0.221085201449904,0.00888015312279188
id11095,5.510616350690755e-05,0.9969192274136824,0.0030256664228106725
id06036,0.5665520083840642,0.1551286453872031,0.2783193462287327
id23702,0.9906710786172406,0.004374624175186979,0.004954297207572405
id04260,0.03253522883316723,0.0032244569160296732,0.9642403142508031
id24191,1.999996066838939e-06,0.9998875265083872,0.0001104734955461343
id24874,0.9106213062019122,0.06240156681592028,0.02697712698216764
id12542,0.9015214712057698,0.01565831543850151,0.08282021335572873
id26775,0.41437788326488845,0.584325168672861,0.0012969480622506352
id14496,1.7308165095659655e-05,8.51392121229707e-05,0.9998975526227813
id17805,0.11853154180875813,0.8569690702683382,0.024499387922903588
id20997,0.9015987368916454,0.01123086970064085,0.08717039340771385
id22311,0.9999951486427647,2.8513605800767396e-06,1.9999966553195328e-06
id08125,0.00011260470253992979,0.9998116239071564,7.577139030373966e-05
id12360,0.9590072616755305,0.01762739415442103,0.02336534417004854
id16392,0.00029105437873716897,0.962863050740273,0.036845894880989855
id25854,0.8398195151370961,0.047006036804623265,0.11317444805828077
id27158,0.9997810866579905,0.00020806369682965274,1.084964517980727e-05
id03347,0.9973615720698062,0.00035026810816986986,0.002288159822023864
id12161,0.3861450475193129,0.512394010223562,0.10146094225712506
id02231,6.291341776041209e-05,9.87830039067695e-05,0.9998383035783328
id25191,0.9611688468673197,0.03202121981611501,0.006809933316565224
id07424,0.9993527651124353,0.000639886157851253,7.348729713467056e-06
id09267,0.0013898165237702373,0.9977447931838516,0.0008653902923782435
id25517,1.999992658657999e-06,0.9999960000146827,1.999992658657999e-06
id17245,0.910333616216747,0.024711380535439698,0.06495500324781323
id22844,0.033790956934338985,0.9513904608630678,0.014818582202593305
id04209,1.571243722536257e-05,0.9996088716252363,0.0003754159375383927
id02254,7.2278254017027364e-06,4.050626903068283e-06,0.9999887215476952
id07402,0.05869329745504517,0.8982547031567049,0.043051999388250044
id10548,0.0005194976775886766,0.9993962782874525,8.422403495892082e-05
id13708,0.05681047509370738,0.16455311550474258,0.7786364094015501
id06398,0.9964124648357472,0.0034368976437655963,0.00015063752048709436
id23998,0.9503696254963185,0.038494589167731436,0.01113578533595009
id20193,0.9999728551857473,2.260525622539405e-05,4.539558027276376e-06
id03256,0.0018994309804650394,0.048135902451606545,0.9499646665679284
id14351,0.9691677207169646,0.006304828806520394,0.024527450476515014
id22351,0.02111828011816788,0.9758972410360491,0.0029844788457830066
id11871,0.3190221311739295,0.6671548374186074,0.013823031407463077
id18082,0.9942424906330054,0.0003109521728664755,0.005446557194128159
id26884,0.9944033176157134,0.0003870848208321352,0.005209597563454416
id09600,0.9775786881161523,0.021158716208238604,0.0012625956756091026
id18184,0.0012840274539118726,0.00025783307866180185,0.9984581394674263
id19512,0.027478751584994954,0.5324490715580968,0.44007217685690825
id03746,1.999998923092618e-06,6.5924281493697664e-06,0.9999914075729275
id08957,0.8052474556966933,0.041047730816273116,0.15370481348703355
id24827,1.9791812986538283e-05,0.9983937226847301,0.001586485502283388
id22988,0.03980249120073123,0.9412791794425475,0.018918329356721386
id13425,0.9709913032591496,0.010815850041243712,0.01819284669960653
id23295,0.9053519132541366,0.08963409135677777,0.00501399538908569
id09062,0.00038594250938067155,0.9958210608891048,0.0037929966015145178
id05040,0.3577792766559041,0.22999163575417078,0.4122290875899252
id19334,0.0006127284786725563,0.7024785547435185,0.29690871677780895
id27301,0.9883555077432362,0.007142867890372828,0.004501624366390969
id12584,0.00035528216243298807,0.0004051674559460842,0.9992395503816209
id15198,0.09522433471044076,0.7104676754290489,0.19430798986051045
id02476,0.050295052237497195,0.012603775362471703,0.9371011724000311
id03474,0.17330477894965088,0.822088753872895,0.004606467177454091
id06044,0.9890654021197948,0.0005179919100205152,0.010416605970184728
id18696,0.9965090986451951,0.0009861657786257604,0.0025047355761791544
id03832,0.5460997610669822,0.4179978102828079,0.035902428650210025
id02977,0.4088821553155474,0.5283395619014579,0.06277828278299478
id03966,0.002004601468035726,0.00311725421047097,0.9948781443214934
id18136,0.7210974013208901,0.08061905404340984,0.19828354463570008
id20099,0.19257996094357369,0.002981782082656228,0.80443825697377
id17249,0.010279308764773969,0.036092758598288185,0.9536279326369378
id06656,0.821292060515088,0.022244832268524414,0.15646310721638762
id13867,0.9788449913201,0.004582941766382646,0.01657206691351737
id10814,0.010165435420433178,0.9743964224294752,0.015438142150091679
id06144,0.7277644344314734,0.11024280027365224,0.16199276529487425
id10428,0.024579104517782332,0.014193050954208366,0.9612278445280094
id13298,0.00012057442392372764,0.9998738677006782,5.5578753980501804e-06
id08922,0.951877039573713,0.04222780467127108,0.005895155755015939
id03097,0.5396096143100616,0.004053005639247987,0.4563373800506903
id17902,0.041221690346081016,0.9394984977947229,0.01927981185919607
id08093,0.14612133502232563,0.4196582842432493,0.43422038073442504
id01222,0.0022029881783690946,0.001865930206212248,0.9959310816154187
id26037,0.9287841669435705,0.06786645944074533,0.0033493736156842003
id22814,0.37090664282705976,0.4743313771335285,0.15476198003941177
id10463,1.9999945976356657e-06,0.9999960000108046,1.9999945976356657e-06
id21533,0.3127341264693179,0.6667928552281229,0.020473018302559164
id07346,0.787970337394408,0.1471408530596072,0.06488880954598464
id07481,0.3616554932134099,0.6362559189027632,0.0020885878838269164
id11721,0.9579711258407245,0.019564858734602716,0.022464015424672905
id14560,0.753663563205213,0.17760425351613573,0.06873218327865124
id18730,0.5998705598074148,0.3432331272443872,0.05689631294819812
id17434,0.9165846203736994,0.02528066742861333,0.05813471219768731
id05511,0.010943608981235814,0.014201910132872716,0.9748544808858916
id25952,0.0006351371799916683,0.9991577051718163,0.00020715764819200037
id01035,0.005486436137353714,0.9940858635374153,0.00042770032523094736
id13844,0.6692659252331319,0.054608615708663114,0.27612545905820496
id14300,0.9714444314800895,0.00032422283574132086,0.02823134568416923
id24733,1.99999275563243e-06,0.9999960000144886,1.99999275563243e-06
id26191,0.0002954682345787676,2.361926750740214e-05,0.9996809124979139
id08633,0.897929080871213,0.07572098157509917,0.02634993755368773
id18450,0.008443211810464559,0.01625356346428416,0.9753032247252513
id25274,0.43581268102640064,0.4992362049130539,0.0649511140605455
id04929,0.006969204791630321,0.9928959890145274,0.000134806193842416
id04268,0.0026179031642077502,6.50925802293288e-05,0.9973170042555629
id27277,0.0009473545080879567,0.0004965652633054182,0.9985560802286066
id11071,0.9934547106189651,7.43742597656436e-05,0.006470915121269254
id01515,0.7677686871529019,0.02221138689477075,0.21001992595232727
id20558,0.009366060026556381,0.9626994683305931,0.027934471642850525
id07336,0.0011539928755456015,0.9659662208972618,0.03287978622719251
id23188,0.9997257781492545,0.0001742447919946702,9.997705875095985e-05
id22448,0.3268217289518878,0.06873868613644986,0.6044395849116624
id26708,0.8609883406157671,0.1352386568548068,0.0037730025294260786
id18635,0.08507442832840259,0.8693288857159938,0.04559668595560357
id14562,0.9726561028466966,0.009125123506106664,0.01821877364719683
id26449,0.5208279531602604,0.4120915401122507,0.06708050672748898
id10978,0.3879257939242699,0.0946167386962233,0.5174574673795068
id10322,0.9996383746385056,7.401547595713064e-05,0.0002876098855373711
id12966,0.04564864329156794,0.022878300444158044,0.9314730562642741
id06317,1.99999702339181e-06,0.9999960000059532,1.99999702339181e-06
id06199,0.030126596334613953,0.0008294414777054827,0.9690439621876805
id07537,0.00031781670987569046,0.0026692912589793057,0.9970128920311451
id17085,0.9994068268509582,0.00011625160334817777,0.0004769215456937125
id20691,0.1791725581292222,0.0663837207937371,0.7544437210770408
id13965,0.02427301392619091,0.9739069527549009,0.001820033318908215
id02181,0.9990315111131053,4.132643855253325e-05,0.0009271624483421923
id13360,0.05868108283666719,0.004023774428145257,0.9372951427351875
id24822,0.00048350248946351385,0.9994775598641025,3.8937646434013926e-05
id04948,0.00025107132306663845,0.00046734578633217643,0.9992815828906012
id11677,0.9999155099160499,3.756164390657868e-05,4.692844004349477e-05
id01259,0.001587558952289579,2.925261200466186e-05,0.9983831884357057
id04598,0.9571703770338356,0.025075660527962625,0.017753962438201765
id10762,0.984764395252175,0.0025831411954074404,0.012652463552417554
id04573,0.001683101813941302,0.9981717155061639,0.0001451826798948645
id14898,0.029700838393348784,0.9648354868497347,0.005463674756916461
id17605,0.16241639870807026,0.003454751063274205,0.8341288502286556
id21507,0.054700553546178865,0.03627179987429523,0.909027646579526
id07204,0.9990671678410588,0.0006269240690322213,0.00030590808990908167
id08792,0.9976924710245092,0.0023026233723557493,4.905603135078243e-06
id03468,0.04129207452849742,0.00497287398395241,0.9537350514875502
id05641,0.3583680002564402,0.06354172751728619,0.5780902722262735
id18770,2.1876843238895432e-06,0.9999958123195811,1.9999960950638183e-06
id16430,3.0165740447174223e-05,0.9998403319832946,0.00012950227625827535
id12289,0.9716319547277324,0.027753189145029944,0.000614856127237655
id09644,0.40537589229712134,0.13315350991039868,0.46147059779248006
id23443,0.0014533522913067324,0.00017111103418401374,0.9983755366745093
id25968,0.9740366575601616,0.023031249347703765,0.002932093092134688
id25436,0.17213146478118957,0.6776139902282062,0.1502545449906042
id12591,0.5840669048640331,0.12285459071610963,0.29307850441985733
id18826,0.9815255940809268,0.016047575608758025,0.002426830310315245
id11793,0.4093218336622034,0.025333036449143514,0.565345129888653
id18311,0.027367185667776527,0.000384418257302142,0.9722483960749214
id20778,0.0021096534018195624,0.0005565438510804491,0.9973338027471
id08557,0.0016148474230487126,0.00026934985727226685,0.9981158027196789
id25402,2.670911213898026e-05,0.9999416469020207,3.164398584028797e-05
id12128,0.02912974093129853,0.0005870450293542823,0.9702832140393473
id11417,0.9896432107516613,0.008553967855920882,0.0018028213924178819
id05572,0.5430711577165527,0.26598901306994355,0.19093982921350383
id03630,0.7126840984219934,0.1287577599246579,0.15855814165334872
id16192,0.008003003084298332,0.009994738134189118,0.9820022587815126
id16129,0.7533979010939043,0.1833967650535361,0.06320533385255968
id26388,0.0361819552919504,0.00027269968249281075,0.9635453450255568
id15058,0.0008064967215045963,0.9954617110200517,0.003731792258443757
id23011,0.0017086650824430375,4.9557220663760254e-05,0.9982417776968932
id17176,0.5455149725347356,0.009178728315256856,0.44530629915000763
id03828,0.27278513643548563,0.020124982629600396,0.707089880934914
id08318,0.0015562096319443656,0.00022870182569302702,0.9982150885423626
id00073,7.236926828583336e-06,1.9999960629609142e-06,0.9999907630771085
id08084,0.99337470875509,0.0018976985749393602,0.004727592669970663
id22656,0.004061309246549921,0.9939842688940114,0.0019544218594387806
id22189,0.9608977240572933,0.03646777049252965,0.0026345054501769553
id07292,0.4743261508800216,0.26706971488349823,0.2586041342364802
id12785,0.004782902740483565,2.1339060276954987e-05,0.9951957581992394
id04213,0.46225751893843015,0.3284030158809281,0.20933946518064178
id18824,0.9619832574627297,0.01353269617255301,0.024484046364717228
id15095,0.43081773393032896,0.03385695696376465,0.5353253091059064
id11369,0.20785899324974835,0.049876075404716065,0.7422649313455355
id03060,0.9788436921243151,0.012596031376794952,0.008560276498890016
id17473,0.9969412046132161,0.0011802963218671407,0.00187849906491681
id17441,0.4931881674332513,0.2971307982336661,0.20968103433308258
id15118,0.9376860061067374,0.010943364491234512,0.05137062940202819
id09193,0.9969931248686724,0.0003146930885861402,0.0026921820427414167
id04676,0.299360124817844,0.02842595490970426,0.6722139202724517
id09799,0.9640718877205554,0.017777771479041228,0.018150340800403234
id14285,0.00023156687801161453,5.979806037871063e-06,0.9997624533159505
id08736,0.8224587319301057,0.009943735121553176,0.16759753294834104
id04863,0.14747954101886393,0.06216323192061891,0.7903572270605171
id25645,0.8640269960957958,0.12426752828190364,0.011705475622300544
id23870,0.02848613627556395,0.10228264385833262,0.8692312198661035
id27447,0.0006054668941939208,0.9735231561624391,0.02587137694336683
id15787,0.5030487758932007,0.002813919802942163,0.49413730430385705
id06462,0.896425904668063,0.10008209920731403,0.0034919961246230036
id08678,9.700705586245496e-06,0.9999882992968052,1.9999976084537963e-06
id25183,0.9947951365796951,0.00494597954689007,0.0002588838734148357
id10848,0.9222263375887781,0.061409969541591954,0.016363692869629957
id22736,0.9998297349806629,0.00012583964028599318,4.442537905111267e-05
id14838,0.24460347653946055,0.025807941239873785,0.7295885822206657
id07063,0.014770930927589444,0.479339405479297,0.5058896635931135
id00974,7.0055197162555634e-06,0.9996797616507256,0.0003132328295582156
id14048,2.1449274582087397e-06,0.9999869398692961,1.0915203245671539e-05
id01397,0.7953207821224874,0.0017259310888900826,0.2029532867886225
id10432,0.9576290331072522,0.038895199258803116,0.003475767633944583
id01003,4.016827568813808e-05,2.5788571843329633e-06,0.9999572528671276
id15286,0.8946162673426993,0.0967068862766914,0.008676846380609305
id06628,0.9886471169021858,0.009615651555915964,0.0017372315418983063
id25224,0.8569560442159422,0.07103940202685731,0.07200455375720057
id02625,0.16391636487769162,0.7823519287042559,0.05373170641805261
id12132,0.0006021903323390674,2.6338382903161524e-06,0.9993951758293707
id17259,0.6018523419585963,0.2533941274153582,0.14475353062604562
id09719,0.016798039302719284,0.8182903546951534,0.1649116060021273
id26910,0.010099221708258362,0.0010532519443773615,0.9888475263473642
id13044,0.20065496424408436,0.14656196692529905,0.6527830688306165
id13047,0.0011114334135367357,1.9999997122640677e-06,0.998886566586751
id02557,0.9091035323623691,0.030043711895497413,0.060852755742133606
id02819,0.7319376975026327,0.1808218952494566,0.08724040724791077
id25559,0.10567799316825939,0.0004237329833421267,0.8938982738483985
id22722,0.0013247762920498688,0.9986021453578412,7.307835010894469e-05
id09161,0.11600517527044014,0.21170314720834676,0.6722916775212131
id15759,0.2742560588204639,0.030724375390796713,0.6950195657887394
id14746,0.0042253569575888125,0.9943750500517715,0.0013995929906395266
id22320,0.03145155825910171,0.8917468254574465,0.0768016162834517
id26646,0.9864819498399332,0.0011819742666985362,0.012336075893368376
id08419,0.12563003724879204,0.010444635464681894,0.8639253272865262
id09437,0.03049882031478987,0.6466952874075742,0.32280589227763595
id07299,1.3994799601997948e-05,1.9999994998962743e-06,0.9999840052008981
id01137,0.009941433102675081,0.008216118608737734,0.9818424482885872
id25561,0.9934107718060448,0.0024554485221668695,0.004133779671788451
id16805,0.34548154666776687,0.6156520772488023,0.03886637608343077
id03971,0.9982733862832966,0.00011208016021554532,0.0016145335564877006
id01036,0.9924002509652112,0.00048488848653787856,0.007114860548250957
id25707,3.6542435198426304e-05,1.9999977946207e-06,0.9999614575670068
id06193,0.9802637048105053,0.015940145627967407,0.003796149561527281
id24907,4.794721147505845e-05,0.9999360638383915,1.5988950133451747e-05
id11249,0.19994215887750583,0.3769939116671402,0.4230639294553539
id10435,0.0011535609361661328,1.404203693180784e-05,0.9988323970269021
id17438,7.563574679989786e-05,4.644776539403248e-05,0.9998779164878061
id22994,0.00014105317902534956,0.0037893140906656037,0.996069632730309
id00182,0.8779419964873898,0.08728611571304429,0.03477188779956597
id11127,0.03638757101808569,0.963608101971007,4.327010907321617e-06
id27701,0.15578916366256365,0.8416966098438212,0.0025142264936152446
id12411,0.8901747983968052,0.021137079156651327,0.08868812244654346
id03408,1.9999981724247795e-06,0.9999956630829897,2.3369188379930547e-06
id21297,0.5392771895000369,0.007747289537239763,0.4529755209627234
id03904,1.9999925201121835e-06,0.9999960000149598,1.9999925201121835e-06
id12781,0.9940161013994923,0.0012935086546684994,0.004690389945839297
id17319,0.31488292945446683,0.08014130384407481,0.6049757667014584
id08835,0.998272540458903,1.999997561168786e-06,0.0017254595435358757
id00538,0.003526453597722957,0.9963911590683815,8.238733389550284e-05
id26415,0.13285266335784507,0.8561997685775656,0.01094756806458925
id25322,0.0716754374816265,0.023892596682396915,0.9044319658359766
id03927,0.0009971806026029203,0.0021874016791473636,0.9968154177182498
id01669,0.9989232415194355,0.00011504646966983846,0.0009617120108946242
id13398,0.2964786996478968,0.012073238328663943,0.6914480620234392
id01015,0.9269884856239702,5.2875117278649036e-05,0.07295863925875117
id06712,0.0004650712552270702,1.9999961148561945e-06,0.999532928748658
id17788,0.020917100445530534,0.9786347134051405,0.0004481861493288672
id21103,0.004057151632613607,0.9947134570597436,0.0012293913076428565
id15915,1.99999671611764e-06,3.2291077721430863e-06,0.9999947708955117
id05887,8.328444208241405e-05,0.00012467227194467063,0.9997920432859729
id10645,0.9892703210652846,0.004171933192488747,0.006557745742226668
id27649,0.7584230608697324,0.05319694045858206,0.1883799986716855
id18729,0.007346743175926807,0.9865496836083676,0.006103573215705665
id05632,0.5647413474486092,0.24242733165938815,0.1928313208920028
id02472,0.9985538397071331,0.00013965991592716296,0.0013065003769397248
id21469,0.16558157595740794,0.7647149164276841,0.06970350761490803
id14093,0.9280933043694976,0.06027908798937271,0.011627607641129637
id02005,0.6882614458010007,0.12122400333416718,0.1905145508648322
id23876,0.9967812545647087,0.003093400585646333,0.00012534484964502228
id06598,0.9387084363680209,0.04976859792037832,0.011522965711600686
id15132,0.00013702572843874306,0.0002014822708630749,0.9996614920006982
id10893,0.00099604860324209,0.9975232557702164,0.0014806956265415
id01984,0.024574229597248837,0.0003770307827941868,0.9750487396199571
id03287,3.754331401284231e-05,0.9995581170135971,0.00040433967239006087
id06629,0.9979956615347173,0.0010974099549484009,0.0009069285103342716
id24161,0.8599584126882764,0.12357201277823164,0.01646957453349191
id22525,0.9800474109184524,0.001066266206222354,0.01888632287532536
id01896,0.9195089597986602,0.03672565773203314,0.04376538246930662
id21931,0.9557806916725485,0.009792842713031909,0.034426465614419435
id11579,0.7835101234731707,0.2111911806431364,0.005298695883692863
id21756,0.9998630153762907,0.0001315093730046949,5.475250704679748e-06
id12614,0.7611006892948949,0.01996748904791667,0.2189318216571884
id02127,0.0001242891738932063,0.9998737108295247,1.9999965820630447e-06
id14792,0.00047120321322468813,0.9966214529433238,0.002907343843451537
id03317,0.0029383762077056677,0.9887719317272287,0.008289692065065751
id14702,0.982694905876291,0.004250082316733761,0.013055011806975235
id03786,0.0023107446658467952,0.9964057425005882,0.0012835128335649262
id02915,0.003590596457046623,0.9214835092929697,0.0749258942499836
id25230,0.9608996696845861,0.03573947859850032,0.0033608517169135556
id05727,0.0017598380524772937,0.9635058597440733,0.03473430220344935
id13957,0.0031322266488126907,0.00027967692027069474,0.9965880964309165
id00867,0.9650675721428773,0.03183247438984768,0.00309995346727502
id16862,0.16114703531956515,0.6741786070109659,0.16467435766946908
id26989,0.002365162026224279,0.9589338498243536,0.03870098814942208
id13255,0.005524740709140258,0.9919628531275887,0.002512406163271128
id24475,0.0003386710283134939,0.00595641475818028,0.9937049142135063
id16308,6.738596185876255e-06,3.3759996824455714e-06,0.9999898854041317
id06295,0.9895447423558061,0.0009504136359852444,0.009504844008208559
id11455,0.00012822789284082354,1.1291961894692194e-05,0.9998604801452645
id10461,0.0004076171166876686,1.8330346058764194e-05,0.9995740525372536
id15212,0.9999672164579945,2.9784483833798236e-05,2.999058171667506e-06
id01676,0.9855736741332145,0.012482020043042772,0.0019443058237426653
id27034,1.999993443652548e-06,0.9999960000131127,1.999993443652548e-06
id16278,0.9999101436179898,5.23726484994558e-05,3.7483733510648454e-05
id11207,0.8733656515129585,0.0004203653281188091,0.12621398315892257
id08604,0.9688359832601204,0.030188576630985463,0.0009754401088941156
id10116,0.9256166874322598,0.043178524183721194,0.031204788384019064
id20499,0.08316013907729387,0.021542585771798763,0.8952972751509074
id23565,0.9999525701680462,2.4233572261363743e-05,2.319625969246603e-05
id18418,0.0022653984076377934,0.09041433959727709,0.9073202619950852
id18432,0.09284948115098629,0.9051922719906358,0.001958246858377981
id00146,0.9982460880903794,0.00012720896845680446,0.0016267029411638628
id22345,0.0016072872820706958,6.847297332181505e-05,0.9983242397446075
id05858,0.03954697292602273,0.9594217377312434,0.0010312893427338753
id07412,2.711745480984696e-05,0.9999665887852663,6.293759923767759e-06
id00562,0.9857629652414918,0.012506306563325142,0.0017307281951829418
id04559,0.9910600181342758,0.0002352051847270556,0.008704776680997133
id14572,2.0083425412745575e-05,0.9999779165779733,1.9999966139517887e-06
id23582,0.9496528973681299,0.02265780633914282,0.027689296292727286
id18490,0.7600030566282889,0.015375354114801048,0.22462158925691003
id08798,0.8886569604438778,0.05866006211518703,0.05268297744093526
id21331,0.8781674809045138,0.11475903922614304,0.007073479869343129
id09058,0.5244052882865154,0.47013711225361754,0.005457599459867042
id26705,0.9945908299512373,0.0018328599830049904,0.00357631006575774
id09181,0.9888495343533921,0.0013443178126640223,0.009806147833943926
id09319,0.000982985673864036,0.9974343228154173,0.0015826915107185714
id13485,0.0011472415836209639,0.0031135774388171287,0.995739180977562
id26354,0.06964291361582035,0.7784511139198493,0.15190597246433038
id16768,2.1335081740337712e-05,4.559641189703029e-06,0.99997410527707
id07129,0.9938131660142053,0.00012409278493795076,0.006062741200856733
id14859,0.08256237038249362,0.011513044420809616,0.9059245851966967
id05483,0.0010425257640516718,0.6257942635529333,0.373163210683015
id25301,0.008238877047495857,0.9916225280112011,0.000138594941303091
id02432,0.011578614361126411,0.9880229555541579,0.00039843008471569563
id10587,0.008743003403758118,0.9909549375499193,0.00030205904632258843
id03371,0.02310547638840913,0.9768621811663234,3.234244526753128e-05
id27790,0.002657037693528803,0.00022552668351828164,0.997117435622953
id22690,0.9962825122793478,0.0029169754261084576,0.0008005122945437089
id22642,0.14723852155450382,0.37964113450428366,0.47312034394121255
id10292,0.09036126849561513,0.5484799690631771,0.3611587624412078
id08360,0.022879585266035084,0.9667244164097395,0.010395998324225471
id27599,0.0001280077750991676,0.9994406197654317,0.0004313724594691847
id09326,0.10507646609628218,0.8890583288101029,0.0058652050936148815
id07048,0.0408792236599107,0.0129164881825323,0.946204288157557
id23621,0.026551713353423826,0.9696640477613165,0.0037842388852596036
id01547,0.9972731963203367,0.001963960343190819,0.000762843336472428
id27886,0.3018756888977718,0.24555476600945397,0.4525695450927743
id26750,0.9994934279654986,2.202184308764255e-05,0.0004845501914137628
id04538,0.003397511859128128,0.00026151650654377117,0.9963409716343281
id25915,0.02954025112418688,0.9688789796621736,0.0015807692136395712
id03411,1.999992683908433e-06,1.999992683908433e-06,0.9999960000146322
id21367,0.027126142152394905,0.0013766787354431208,0.971497179112162
id19753,0.5638579605202675,0.15093263809741908,0.2852094013823135
id18935,0.9688698218989384,0.010853123278436495,0.020277054822625065
id21641,0.8106906910199586,0.11544625062836393,0.07386305835167749
id11555,0.9996926528965018,0.0002529601104825835,5.4386993015669046e-05
id09655,0.9479488465524366,0.047952318769147836,0.004098834678415536
id13457,0.99992070582483,7.729417694688672e-05,1.9999982232334964e-06
id10852,0.843747996348341,0.000912824331175087,0.1553391793204839
id07634,0.9247739857844268,0.020270693644497056,0.054955320571076216
id19773,0.7646549710733858,0.18490541639042055,0.0504396125361938
id04800,0.04905466639720236,0.017321573560051148,0.9336237600427465
id08708,0.9987790595265035,0.00016889420678890276,0.0010520462667076241
id11577,0.03009836964046488,0.9633929606012854,0.006508669758249652
id08465,0.0015007476803880647,0.9980057446782566,0.0004935076413552667
id19208,0.999325890112871,1.3650892328851356e-05,0.000660458994800131
id27316,0.00017052942210437803,0.9998227352635338,6.735314361687891e-06
id26343,0.001264684716194069,0.03130525973080218,0.9674300555530038
id21645,0.01698737207410131,0.0005257984394497039,0.9824868294864489
id18760,0.004191845789604511,0.9946830869738339,0.0011250672365616175
id19786,0.10455775280280176,0.0050482042659686045,0.8903940429312296
id05328,0.8869968417943556,0.0038650162648075736,0.10913814194083687
id27244,0.824522567488722,0.0016768901367513222,0.17380054237452672
id00972,0.7125952686509929,0.2733451633262383,0.014059568022768873
id01250,0.9998557590103329,9.559573203856298e-05,4.864525762864083e-05
id07902,0.9798348209224038,7.183246605426091e-05,0.020093346611541864
id05377,0.05079895270062693,0.9490844016976671,0.00011664560170609445
id27823,0.00252879169175355,0.041349089368776716,0.9561221189394697
id24604,0.00011143094046914601,0.9975418507309783,0.0023467183285524546
id02392,0.05066178684136206,0.2109872714425391,0.7383509417160989
id17261,0.021265939751380938,0.9781597089723961,0.0005743512762230222
id18693,0.3648486505031295,0.6075752884198121,0.027576061077058327
id13643,9.211642254004386e-05,1.9999966790323192e-06,0.999905883580781
id21679,0.05506437185859063,0.0004673483628827253,0.9444682797785267
id03394,0.9227821398831244,0.0197441475454932,0.05747371257138229
id05063,0.00036210058046479745,0.00041614232142893565,0.9992217570981063
id17463,0.6548305074779781,0.011343215185483637,0.33382627733653825
id04768,1.99999301428507e-06,0.9999960000139713,1.99999301428507e-06
id18678,0.06974989276132824,0.01569133136421787,0.9145587758744539
id25823,0.01067950205878906,0.0014006433034619429,0.987919854637749
id11510,0.0017395113621990177,0.030287589770257015,0.967972898867544
id19785,0.0735686913478795,0.8913373973018327,0.03509391135028784
id09106,0.15288689224416718,0.7917960423885256,0.055317065367307204
id19657,0.001515055075916182,0.00900656821174747,0.9894783767123364
id03772,0.09563457131232161,0.7991048601369026,0.10526056855077569
id03146,0.0029801113505101193,1.150586030725073e-05,0.9970083827891826
id14778,0.9985977902944966,0.0012724241285694252,0.00012978557693397574
id03496,0.14726211976030584,0.6807819365343818,0.17195594370531236
id03477,0.9181538657555981,0.00027718908837738067,0.08156894515602464
id19590,0.7889760584198882,0.14926025563841575,0.06176368594169615
id18717,0.13681019632086996,0.8622544841564918,0.0009353195226382574
id05368,0.02210726727512998,0.015786341687703858,0.9621063910371661
id06307,0.4887140947344801,0.24943911792193818,0.26184678734358174
id03353,0.01666634083319507,0.0032131486051310562,0.9801205105616738
id06597,1.999993687337621e-06,0.9999960000126253,1.999993687337621e-06
id12029,0.6123831033413408,0.1381508385403045,0.24946605811835462
id22278,0.9927929494065587,0.00038502804310877137,0.006822022550332557
id24281,0.16279010947080924,0.021917358725167622,0.8152925318040232
id13165,0.0003230693527253182,0.0007036001705425266,0.9989733304767322
id04767,0.0019021638801342926,0.996283671514997,0.0018141646048687472
id27378,0.3772769638794659,0.5145769222619986,0.10814611385853563
id18513,0.1517133138078373,0.4574495003516236,0.390837185840539
id00039,0.017762653999712413,0.9547648744376576,0.027472471562630076
id20215,0.0036385164590502367,0.0002518249265597534,0.99610965861439
id10866,0.9972314843699189,0.00020742467477427912,0.0025610909553067697
id21300,0.9279853811838404,0.015801468252522842,0.056213150563636745
id23195,0.014404430795766483,0.0010937659674364792,0.9845018032367971
id10395,4.4755223578356025e-06,1.9999973845793334e-06,0.9999935244802576
id24591,0.014661836560730912,0.9848588419737472,0.00047932146552192244
id11451,0.010936541766284143,0.9815236485196305,0.0075398097140854095
id06368,0.946002876958388,0.0369617459805633,0.017035377061048726
id08652,0.00892810143366046,0.0060565599142052085,0.9850153386521343
id09531,0.0021675983554634783,0.00014668984786618064,0.9976857117966704
id18276,0.2594274198768631,0.5703495398057634,0.17022304031737356
id13581,0.9977883769661998,0.0005056715084514383,0.001705951525348686
id04016,0.006121958604193116,0.9937009711979246,0.00017707019788240473
id20146,0.9959525534003721,0.0022043996403693644,0.0018430469592585735
id00662,0.0073815574903955,0.903106046374052,0.08951239613555248
id18612,0.12674044067244486,0.8395981140634556,0.0336614452640996
id13097,0.0025420064019034947,3.312732329655271e-06,0.9974546808657668
id04565,0.3503698207848774,0.003867214570018085,0.6457629646451045
id13278,0.03570578553264826,0.05217579417875997,0.9121184202885918
id15049,0.12358439619789671,0.00118774007249218,0.8752278637296111
id00813,0.23724772898690324,0.011863111956112985,0.7508891590569837
id08487,0.9998824823416791,2.8006422579181983e-05,8.951123574169634e-05
id00232,0.009544377390586393,0.9715974181236993,0.018858204485714302
id08431,0.05876893389305811,0.5263409520162903,0.4148901140906516
id21970,0.03302930770019819,0.7617211148562647,0.20524957744353697
id10993,0.1992024500268876,0.00468291935990707,0.7961146306132053
id19688,0.8279693414801256,0.14962037183918056,0.022410286680693853
id24335,0.004293757122751134,0.9948103852793311,0.0008958575979177567
id19921,0.4062080619543805,0.002894001693823408,0.5908979363517961
id05722,0.12400657890853047,0.875877769927755,0.00011565116371447178
id22968,0.05344224991977925,0.5645613227450673,0.38199642733515354
id17352,0.021842295729580023,0.001561651026170269,0.9765960532442497
id14763,0.16859057327796675,0.014211451515662598,0.8171979752063706
id19161,0.9996784007232284,0.00018780712445607995,0.00013379215231551077
id06529,0.5743840679542687,0.006629172811756671,0.41898675923397477
id04591,1.9999964323160052e-06,0.9999789275533789,1.9072450188831424e-05
id26679,5.2836070237805007e-05,0.00018435376826274753,0.9997628101614995
id20758,0.5005681981276255,0.009256741336115612,0.49017506053625887
id18412,0.001558679099682272,0.9959670728047739,0.0024742480955437848
id11139,0.46383356434559475,0.0023455924664168887,0.5338208431879883
id24947,0.002663686464161567,0.8201128196565106,0.1772234938793278
id25587,0.9287606107600294,0.0007574959769031126,0.07048189326306757
id20415,0.9616893152425975,0.01579763502950291,0.02251304972789963
id17526,9.430914169326398e-05,0.9998996140237257,6.076834580965839e-06
id15636,0.007117259071806017,0.0012300907371256653,0.9916526501910684
id22417,0.0009775233259145149,0.9988115131478715,0.00021096352621388385
id23248,0.08281090429649315,0.00010259276497322506,0.9170865029385337
id20053,0.013499949951318284,0.0016238176632083633,0.9848762323854734
id07860,1.90967186219181e-05,0.9999178824358301,6.302084554800205e-05
id01943,0.8570818159498536,0.07140024823314227,0.07151793581700422
id06083,0.057496457017364666,0.00852290932326199,0.9339806336593734
id08055,0.9983658292370092,0.0015557803678597354,7.83903951309904e-05
id04535,0.7413433480517602,0.13021887594359155,0.12843777600464826
id14822,0.9328076220012234,0.0066085428987194,0.06058383510005728
id14672,0.5064165726943881,0.37284595342536614,0.12073747388024576
id00384,0.0013434547196300107,0.998096897092916,0.0005596481874539105
id21987,0.9834027292223156,0.0068005854494455386,0.009796685328238875
id18355,6.384211113623222e-05,0.9999208585573724,1.5299331491435986e-05
id04752,0.10754054055799137,0.014520324240312153,0.8779391352016964
id09508,0.11647952937802182,0.8347379242765212,0.04878254634545698
id04970,0.0002960118685328017,0.002242778458995249,0.997461209672472
id10077,0.9825160036604702,0.0017683924792810954,0.015715603860248718
id18380,0.28860518597166107,0.0003407501442121199,0.7110540638841267
id16265,0.09202213719329659,0.881216802585907,0.026761060220796495
id16691,0.5143923133921607,0.0011890579336555828,0.4844186286741838
id19119,4.049071475385443e-05,0.9990625032781676,0.0008970060070785781
id23948,0.9238346272198336,0.06197143217382925,0.014193940606337201
id13829,0.0019554534074985395,0.9978644781524239,0.00018006844007759865
id00341,0.00010382945937818597,0.9978635818108804,0.002032588729741424
id22970,0.9692438172638682,0.030689108499765312,6.707423636639416e-05
id15701,0.00524040149825066,0.8479966647674062,0.14676293373434315
id20251,0.3342475389646508,0.05676817477657674,0.6089842862587725
id14639,0.9999614861805803,3.4780996340331055e-05,3.7328230793375177e-06
id00677,0.024904678426626418,0.9745437995379536,0.0005515220354200245
id17582,0.1332753842167358,0.21671387857227192,0.6500107372109922
id27458,0.9990532118189583,0.0005266625565416086,0.0004201256245000715
id22950,0.9517973255796786,0.03629619222881127,0.011906482191510116
id20869,0.024172276026794202,0.9682835801996459,0.007544143773559932
id21303,0.008816228421279911,0.9464711410150788,0.04471263056364128
id18468,0.00046707565636291547,2.681064322310814e-05,0.999506113700414
id03707,0.5150496347714356,0.48141478752395084,0.003535577704613519
id08971,0.0092112210941519,0.0038554649674222684,0.9869333139384258
id06528,0.9988525530658057,0.0009192501364881525,0.00022819679770618746
id12269,0.9964072081891803,0.0009215791509612491,0.0026712126598585034
id15671,0.6394065214550025,0.35842817176548464,0.00216530677951284
id23598,0.07814029834644065,0.699632790554886,0.2222269110986733
id09785,0.01843260547740369,0.9065883558566038,0.07497903866599255
id17986,1.4826184272433162e-05,0.9999831738190732,1.999996654403807e-06
id10783,0.674184056133876,0.05667325962125566,0.2691426842448683
id13254,0.8310402954577357,0.0016236881256366227,0.16733601641662768
id11172,0.7469784302450792,0.1840830115453867,0.06893855820953414
id11173,0.604671413416425,0.0021723069317476015,0.3931562796518273
id10194,0.9821883579908666,0.011771581564990707,0.00604006044414273
id20978,0.25977983001643,0.021939242227140134,0.7182809277564298
id16621,0.0008368956160008368,0.00030862221122921,0.99885448217277
id22431,6.021349323978327e-06,1.5107551799092123e-05,0.999978871098877
id06777,0.022997766259754696,0.015641103650406323,0.961361130089839
id26513,0.9865696885706154,0.000856948142307149,0.012573363287077385
id01367,0.016664404415418818,0.0059816805106594805,0.9773539150739217
id04147,0.9965192701242204,0.001606535478669004,0.0018741943971107141
id05179,0.9475074955765256,0.051311257022198714,0.0011812474012756569
id18358,0.9995937989879344,9.615376709378442e-05,0.0003100472449717783
id07618,0.0005209444927176724,4.546081228595196e-06,0.9994745094260536
id12256,0.9999937080678318,2.8997060073235334e-06,3.392226160809213e-06
id08161,0.003254589561823455,0.0010265096177824653,0.9957189008203942
id22119,0.8802119467897193,0.0014974970241065264,0.11829055618617418
id01189,0.3006985127423436,0.002908225644793371,0.6963932616128631
id02092,0.0038296613855635536,0.0003011490086071003,0.9958691896058294
id23335,0.0006623169185835625,0.023321659979441092,0.9760160231019754
id11935,0.08209202067785447,0.9066522024142324,0.011255776907913234
id16683,0.0002850955935289279,0.0003938338250960831,0.9993210705813751
id03304,0.5903144487113308,0.00763797731584836,0.4020475739728208
id02462,0.8579921281376303,0.01023394693982369,0.131773924922546
id02317,0.5732030868622588,0.044334060764628966,0.3824628523731122
id26557,0.10060524924825422,0.896914958791919,0.0024797919598268745
id10939,0.0029878953684467813,2.2826072730461283e-05,0.9969892785588228
id20612,0.44781089892580245,0.00020807052178720397,0.5519810305524104
id14812,0.9880328882063851,0.0075988097595701765,0.004368302034044659
id01791,0.005490977758588686,5.7777793434154694e-05,0.9944512444479771
id11781,0.9841915610386816,0.0005100728780702467,0.015298366083248197
id00742,0.9478115232127057,0.04617672334215056,0.006011753445143864
id22940,0.0032577239342808473,0.9958810946405319,0.0008611814251872988
id13487,0.0008249860897489211,0.0006726592849104576,0.9985023546253406
id17300,0.12945875955714994,0.6713168533160185,0.19922438712683144
id09499,0.8427910531353718,0.009765220435616343,0.1474437264290119
id10171,0.997809128220266,0.0007511005199481601,0.0014397712597858123
id06209,0.9287320174674606,0.009500674547266113,0.061767307985273204
id09665,0.018401500084380358,0.01586960163463233,0.9657288982809874
id03362,0.9941249212480092,0.00370374224316914,0.0021713365088216197
id14396,0.9956056871754931,0.0010558781468898893,0.0033384346776169737
id16245,0.001400383341612251,0.9983236396368094,0.0002759770215782613
id26422,4.487255092776018e-06,0.9999935127486669,1.999996240303197e-06
id26205,0.0031015590233697105,0.9956393575160879,0.0012590834605424614
id18260,0.4467097911062392,0.000656248057958779,0.552633960835802
id13043,0.991804553292433,0.001562836074293803,0.006632610633273213
id15512,4.4314499756298064e-06,1.9999978978547446e-06,0.9999935685521266
id05669,0.9001692970417711,0.06993494306779331,0.02989575989043566
id01979,0.001974873413898378,0.9961553777101761,0.0018697488759255242
id00264,0.03490342025520077,0.9558993250681598,0.009197254676639484
id16978,0.0004892488501657117,0.9995062792143979,4.4719354364301645e-06
id15537,0.9989749578653061,0.0003413649265270988,0.0006836772081668083
id06912,0.9944670463004186,0.0005115840185994262,0.005021369680982019
id16722,0.9333703138195872,0.03635975971149236,0.030269926468920454
id21076,0.10207306161979908,0.2902351428133691,0.6076917955668318
id17729,0.006627894409385324,0.00013830867955560557,0.9932337969110592
id07151,0.9987902111025839,0.0006668391442620165,0.0005429497531540192
id10920,0.10551070785813539,0.00025247404792101414,0.8942368180939436
id13472,0.002765995625770889,0.8994555782330214,0.0977784261412078
id14511,0.004866879683247276,0.00014341430371449203,0.9949897060130383
id09724,4.6462069110308266e-05,0.999942034293839,1.1503637050698251e-05
id02086,1.999993360158791e-06,0.9999960000132796,1.999993360158791e-06
id03491,0.6525935935432168,0.06919218846249539,0.27821421799428786
id01443,0.008428253200834969,0.9894871167448369,0.0020846300543280855
id25975,0.014866206117925081,0.02443319292837263,0.9607006009537022
id13427,0.987202995657711,0.011922273197067257,0.0008747311452216826
id24638,0.9944695153192223,0.0021912037057284883,0.0033392809750492445
id12324,0.5748703329795807,0.40905734021127965,0.016072326809139725
id08372,0.45440560375343514,0.005619681816807964,0.539974714429757
id12804,0.793789031900441,0.19293593604538833,0.013275032054170665
id08782,0.08896576923127135,0.8995843931198604,0.01144983764886836
id13806,0.6419622466494193,0.03047935191543227,0.32755840143514847
id05363,0.8963564140185033,0.01598104326325153,0.08766254271824517
id04346,0.1167330278290083,0.31013368676576625,0.5731332854052255
id09301,0.333748661884697,0.011299672112194067,0.654951666003109
id07236,0.0009530174244575942,0.9989910067081512,5.5975867391254415e-05
id24458,0.998802323111196,1.94727277465018e-05,0.0011782041610575967
id27266,0.6830999580246944,0.3148674690872718,0.0020325728880339036
id16234,0.9999883604049347,1.9999999972335937e-06,9.639595068147107e-06
id01165,1.9999936179335717e-06,0.999996000012764,1.9999936179335717e-06
id14717,1.3921132928117872e-05,2.948839582090287e-06,0.9999831300274898
id11547,0.9985557653638946,0.001169005154792117,0.0002752294813133207
id19270,0.020343913962986515,0.018197953693153215,0.9614581323438602
id25484,5.3162849640763687e-05,0.0001479781929239609,0.9997988589574353
id16305,0.8747090273577346,0.00045358226129243133,0.12483739038097284
id08377,0.06661331007809264,0.04969859841289241,0.883688091509015
id12457,0.42595204483375426,0.4596877208055921,0.11436023436065366
id07764,0.8115191062697629,0.07683384183757161,0.11164705189266551
id06811,0.4634597364102513,0.10393478713017436,0.4326054764595744
id15510,0.038330397947604046,0.918503564651615,0.04316603740078101
id16871,0.9563484657844248,0.0009814092108709517,0.04267012500470435
id27521,0.0022902852051810453,0.004280890218001888,0.9934288245768171
id03446,0.4890525906186486,0.019440573914906226,0.49150683546644525
id21485,0.0005899551210825528,0.9994003531791582,9.691699759333312e-06
id07573,0.9818396998286422,0.00048120888097699416,0.017679091290380804
id11351,0.4003178528004329,0.00034510822753163064,0.5993370389720354
id05073,0.998325009844151,3.0644026402742683e-05,0.0016443461294462568
id25370,0.1303522321593448,0.0005226682206248848,0.8691250996200303
id01287,0.2925793086895456,0.047033014242452584,0.6603876770680017
id22738,0.018759316800562385,0.9699469955609561,0.011293687638481494
id06358,0.7152368577744675,0.10254926887690294,0.18221387334862954
id20987,0.9938952313633093,0.0010178417202950211,0.005086926916395687
id05728,0.0012995728132853593,0.0002446492056544442,0.9984557779810602
id18851,0.7432318311702348,0.22777454009544332,0.028993628734321784
id20812,0.8782355777810333,0.027201059949088446,0.09456336226987824
id26807,0.49752544305113927,0.0008393125567782379,0.5016352443920825
id08877,0.9987210168404512,0.0012500548292454002,2.89283303033005e-05
id27719,0.04795531397496884,0.9082057376546958,0.043838948370335216
id12814,0.9983430400201057,0.0008298341948659116,0.0008271257850283048
id20737,0.8002463154671258,0.016725990657645268,0.183027693875229
id19599,0.02167131480142994,0.9643544919726796,0.013974193225890412
id22581,0.9949433038866262,0.0008571432518186835,0.0041995528615549884
id17367,0.06391503306075667,0.08242787099677214,0.8536570959424712
id19052,0.9999713945746928,1.5305356955546993e-05,1.3300068351584886e-05
id19714,0.018544039077432174,0.018371576468685594,0.9630843844538823
id15346,0.2650503529689167,0.3406047727280147,0.3943448743030686
id20943,0.15319492422273165,0.8267047735202118,0.020100302257056637
id00839,0.7186685637874732,0.2806278330835893,0.0007036031289374806
id17616,0.8936289298529234,6.705905982536505e-05,0.10630401108725127
id16607,0.7671515858942884,0.06367854962181596,0.16916986448389565
id11222,1.9999931517521184e-06,0.9999960000136965,1.9999931517521184e-06
id01327,0.04602841154383117,0.1932111109573736,0.7607604774987953
id09153,9.164646741335456e-05,9.273675929361521e-05,0.9998156167732931
id03263,0.9979208946776081,0.00046484986822909705,0.0016142554541627593
id02022,0.8472982090195821,0.049308212377327444,0.10339357860309054
id10248,0.1277595277487503,0.00026995574215113335,0.8719705165090986
id16844,0.05617753168217852,0.0036885357090876755,0.9401339326087338
id20889,1.999992269870095e-06,0.9999960000154602,1.999992269870095e-06
id07906,0.9909661395313849,0.0029254800576611764,0.006108380410954039
id08420,0.9346831049305264,0.009620820203838781,0.05569607486563486
id21359,0.8591122148425355,0.12390903537352789,0.016978749783936622
id19412,0.3594308425346878,0.004306355768483046,0.6362628016968291
id15431,0.9396058349518323,0.05614158117159589,0.004252583876571721
id11725,0.0017356551797199124,2.543062276139992e-05,0.9982389141975186
id22979,0.9900450084720722,0.004719424667210796,0.005235566860716982
id05089,0.20804671846780282,0.1328388393574719,0.6591144421747254
id03340,0.8085683494258429,0.04258321202212522,0.1488484385520319
id04987,0.0033357945717582232,0.9822993620141588,0.01436484341408297
id17874,1.3973698804863554e-05,0.9999212267531723,6.479954802281748e-05
id27885,0.007656066564783344,0.9446203839777445,0.047723549457472245
id18437,0.9988229505210608,0.0007355128710880591,0.00044153660785104063
id09554,0.007040512811689296,0.030387599541038677,0.9625718876472721
id10424,8.734687760177963e-05,0.9997892231211348,0.000123430001263273
id07212,0.9796848053816309,0.010734610610927566,0.009580584007441542
id01521,0.00026675119948191153,0.999708729265366,2.4519535152136635e-05
id08328,0.14571678653332368,0.8385342791080036,0.015748934358672802
id04240,0.08663349769032337,0.2575593603605279,0.6558071419491488
id19159,0.08162667780490596,0.0034137292089559735,0.914959592986138
id23430,0.05145080756158755,5.6836162919408666e-05,0.948492356275493
id15808,0.9880473889533689,0.00019537061382738377,0.011757240432803705
id17944,0.0003270391418861311,0.9944862323423481,0.005186728515765723
id17117,0.16633273963790193,0.005754985513711753,0.8279122748483864
id11847,0.006372740547274032,0.9936017097469302,2.554970579581067e-05
id20860,2.7654645600111982e-05,0.0010637613191443972,0.9989085840352555
id05042,0.005565757376535383,0.009438481082152374,0.9849957615413122
id01454,0.935406866573601,0.015387559274313001,0.049205574152086005
id24691,0.027587243053378986,0.8171760520194322,0.1552367049271888
id18909,0.00025370582344148726,0.9997351943495072,1.1099827051191397e-05
id03977,3.4516165326693538e-06,0.9999945483873609,1.999996106409448e-06
id18706,0.9999923618426276,5.638157953101313e-06,1.9999994192870845e-06
id09585,0.8692322498195432,0.010658273375218241,0.12010947680523869
id21204,0.04756139870145993,0.010623638844585953,0.9418149624539541
id03237,0.0004868422161252255,0.9994810551570914,3.210262678339327e-05
id02227,0.12771210076076883,0.5534729479889475,0.31881495125028364
id12092,0.07319981917123868,0.7703842907666976,0.1564158900620638
id22442,0.3558702985520479,0.002235775524405871,0.6418939259235462
id21612,0.9867807675417285,0.01072403261859706,0.0024951998396743665
id18281,0.9998729006093583,0.00012509939454301047,1.9999960987062903e-06
id04165,0.8889868880462182,0.01527652011913127,0.09573659183465055
id05997,0.06877587507922474,0.006221520602049248,0.925002604318726
id05740,0.3281244979689834,0.0034334302147245744,0.6684420718162921
id27088,0.001296020585224879,0.00022020786008632984,0.9984837715546888
id07035,0.0018863484116287534,0.00031643809736238584,0.9977972134910089
id03752,5.859270402114609e-05,0.9992219921845371,0.0007194151114416812
id17486,1.9999945996944128e-06,0.9999960000108005,1.9999945996944128e-06
id05171,0.13551390126899931,0.11804339386128525,0.7464427048697154
id26259,0.5075657307540001,0.4587792704115695,0.03365499883443031
id04499,0.990752304071034,0.0017343000250037187,0.007513395903962296
id21190,0.2103244900663055,0.038351880677531015,0.7513236292561635
id24639,0.9982837098205904,0.0005670505641750997,0.0011492396152344689
id27331,0.9924599648186071,0.004127505572458837,0.003412529608934052
id21843,0.01708575267971248,0.02316662676366078,0.9597476205566268
id03814,0.5900758907947333,0.10215670150743227,0.30776740769783434
id18027,0.8352998970560377,0.019115235478482366,0.14558486746548002
id01409,0.13896062007555823,0.01145383430152292,0.8495855456229189
id09457,0.4935287881403415,0.3947722745444754,0.11169893731518317
id21146,0.009408538420523095,0.9287219197447902,0.06186954183468664
id14214,0.9794064810745523,0.015082172664919164,0.005511346260528568
id11322,0.8178606458759746,0.0064991518267137754,0.17564020229731156
id24632,0.9978386686060551,0.002048261420808796,0.00011306997313604185
id25647,0.999673870743039,1.1169300960850636e-05,0.00031495995600006656
id24705,0.12062645865023108,0.004291130093191317,0.8750824112565776
id12948,0.6946435514450818,0.06132534551413416,0.24403110304078407
id17970,0.3358840836433342,0.5186473417168292,0.1454685746398367
id14307,0.3945335052347945,0.020985871566201634,0.584480623199004
id05319,0.9061199642219302,0.08669287964899378,0.007187156129076058
id08869,0.9891163929899645,1.147358257566334e-05,0.010872133427459903
id14750,0.0021764869143048185,0.9961914947218844,0.0016320183638107164
id17625,0.04124362177545199,0.9508152281136102,0.007941150110937888
id00539,0.9364044042032941,0.056138010143418106,0.007457585653287838
id11803,0.999957174051864,3.510588601346744e-05,7.720062122490453e-06
id01720,0.9706051669819961,0.005271882552888818,0.024122950465115194
id18124,1.9999924001186205e-06,0.9999960000151996,1.9999924001186205e-06
id23852,0.9228967136098918,0.045347960524222436,0.031755325865885774
id10256,0.15385782468237463,0.7556304225692617,0.09051175274836369
id16114,5.1215292905697035e-06,0.00021412923586474573,0.9997807492348447
id04698,0.0004328348707066595,0.991304303310072,0.008262861819221265
id02262,0.8354922158282964,0.004781797719730727,0.15972598645197292
id21818,0.9996601830224512,9.235009562445082e-05,0.0002474668819243535
id04376,0.00011245894522043952,0.9998065182055477,8.102284923187301e-05
id02245,0.015226732993842106,8.421748866308211e-05,0.9846890495174948
id17999,0.9912475081075087,0.004188475232511508,0.004564016659979723
id22112,0.0008439237827399715,2.0165438694687772e-05,0.9991359107785653
id03366,1.999993921418081e-06,0.9999960000121572,1.999993921418081e-06
id16931,0.29058282347313225,0.5668135397789789,0.1426036367478888
id08380,0.9980755468341189,7.280041195607065e-05,0.0018516527539249607
id21257,0.04553077197623046,0.027085818081719216,0.9273834099420504
id21907,0.8849216501602847,0.09805453398364991,0.017023815856065355
id08564,7.883907098468075e-05,0.0002167103954820927,0.9997044505335332
id13452,0.9896660546738891,0.007677990076761617,0.0026559552493493374
id18212,0.012494049502144054,0.014013436341959193,0.9734925141558968
id18574,0.3238113190084546,0.0010063382835355753,0.6751823427080098
id06512,0.04649022080257173,0.9520485361751317,0.0014612430222966637
id09001,0.042973608770546345,0.12614955258972663,0.8308768386397271
id03841,0.9987979878156724,1.999998978888716e-06,0.001200012185348696
id10220,0.00016742045949107292,0.9995648681584012,0.00026771138210774926
id25711,0.02259042414913847,0.029161308076571926,0.9482482677742896
id20897,0.9999070720203659,4.8311125636068794e-05,4.461685399801062e-05
id04974,1.9999966868859892e-06,0.9999941673177504,3.83268556269425e-06
id16590,0.07577377193905054,0.922847703089933,0.0013785249710164423
id07772,0.2575411018003607,0.0021147875363481026,0.7403441106632912
id22328,0.05921264954269031,0.013547387455119778,0.9272399630021899
id19717,5.585409835373044e-05,6.280574701208273e-06,0.9999378653269451
id16885,0.9152957466800707,0.07753214949899144,0.0071721038209377206
id13849,1.1675118608380525e-05,1.999996581877007e-06,0.9999863248848098
id15663,0.34541169772441466,0.42909101193711213,0.2254972903384733
id10324,0.0053007073670336274,0.9946139633420262,8.532929094022465e-05
id13961,0.9994379413854613,0.00026830336569824486,0.0002937552488404558
id16800,0.9654978531519475,0.010012557490928881,0.02448958935712367
id11673,0.9802910216974972,0.015681554371475354,0.00402742393102751
id13000,0.0003431375543875563,0.012232658658670383,0.9874242037869421
id00914,0.1722668519680321,0.07721772063504972,0.7505154273969182
id15610,1.9999954261820113e-06,1.9999954261820113e-06,0.9999960000091477
id01813,0.1405237999840768,0.8428014379552372,0.016674762060686108
id01426,0.7459329045089177,0.12535969050003168,0.12870740499105074
id03574,0.605517751017563,0.32689359268769475,0.06758865629474227
id05070,6.818347917690651e-05,0.00028349080843599313,0.9996483257123872
id04765,0.9999359815123766,1.2378197597699014e-05,5.164029002570064e-05
id16320,3.8248932668067865e-06,0.9999941751104896,1.9999962436606314e-06
id04364,0.0006824937332387603,0.9991290166840641,0.00018848958269709356
id23824,0.0008330310726703625,5.4949808291152995e-05,0.9991120191190386
id22829,0.004518865659289855,0.0010473856052556666,0.9944337487354545
id03936,0.0037999975298857974,0.0028078670820812822,0.993392135388033
id26831,0.9406845931320391,0.0020234469902783124,0.05729195987768251
id20085,0.004489355791901064,0.0007812921944858488,0.9947293520136131
id07088,0.0001344202696492433,3.890519460287237e-05,0.9998266745357478
id07070,0.9979278900581332,0.00014955350582242184,0.0019225564360442302
id25959,0.38266961787014125,0.602028445993927,0.015301936135931749
id07781,0.7487336190593742,0.050217329589181514,0.20104905135144419
id20070,0.1270884744466685,0.0002046215604586956,0.8727069039928728
id25613,0.2797906331343785,0.7201172460952624,9.212077035900242e-05
id11356,0.4542788016492313,0.0740416644255568,0.47167953392521195
id04510,0.01295771529049111,0.9868469003969438,0.00019538431256495327
id17122,0.0015841937512459524,0.9895916760950759,0.008824130153678209
id17297,0.848348027990222,0.1485526695879979,0.0030993024217801602
id12386,0.0013057634028900244,7.698655310103488e-06,0.9986865379417998
id05764,0.7500773954381247,0.2376842102523939,0.012238394309481567
id24550,0.5709459986956456,0.021917310911037716,0.4071366903933168
id16098,0.303470389069824,0.019011017494727712,0.6775185934354483
id20488,0.008828276822670705,2.8748219215532455e-05,0.9911429749581138
id04762,8.261190580073877e-06,1.9999968081852937e-06,0.9999897388126117
id18416,0.08712231941892405,0.23890439695382537,0.6739732836272506
id08097,0.46573593580775663,0.049172431870415124,0.48509163232182834
id07418,0.10490665942378342,0.891427433875187,0.0036659067010296705
id04279,0.08559547606287583,0.9098311097535541,0.004573414183570189
id23856,0.11236650443138207,0.8868119284043923,0.0008215671642256904
id17218,0.07666332384481363,0.9221734073179554,0.0011632688372310005
id13440,0.9185724201708237,0.011305193542784336,0.07012238628639199
id05940,0.32543050821618213,0.006758619973864833,0.6678108718099531
id20514,0.9068971207547984,0.07121075408784618,0.021892125157355363
id22468,0.03003496737629028,0.9698340838613334,0.00013094876237628873
id25829,0.1692749683268741,0.7558613045491468,0.07486372712397915
id01144,0.0076897424320768555,0.9768508648791429,0.015459392688780375
id17439,0.9340549100750533,0.04351112207270684,0.02243396785224
id15324,0.0465017820717318,0.00939577364477383,0.9441024442834944
id02682,0.919294447466057,0.03694163185888154,0.04376392067506146
id10725,0.6112855147975036,0.00313541873337815,0.3855790664691183
id06948,5.6500765249355255e-05,1.9999968943440714e-06,0.9999414992378562
id27293,0.00333449234084326,0.0024044481387016114,0.9942610595204552
id21089,0.0018479933352725986,5.118227454435172e-06,0.998146888437273
id24752,3.245945055903146e-05,0.9996422420490867,0.0003252985003542559
id15547,0.003733306618731781,7.120279432135584e-05,0.9961954905869469
id02362,0.6765240876527047,0.019845389769347514,0.3036305225779478
id03622,0.0002676235157224182,3.200271729613036e-06,0.9997291762125479
id13594,0.9344942780715831,0.004295849849972329,0.06120987207844454
id09237,0.9988130615868459,0.0010872845806278381,9.965383252624971e-05
id27548,0.7723231180025844,0.0009424002867356131,0.22673448171067986
id15491,0.96278624307223,0.0024409745473010615,0.034772782380468846
id23878,0.028297002819146478,0.09790071113507556,0.873802286045778
id16395,0.1307544377470671,0.4651945819638023,0.4040509802891305
id00607,0.8404891225252319,0.05870848379258367,0.10080239368218445
id03319,1.5793681654949123e-05,0.06949738406096492,0.9304868222573801
id25727,0.03945437760550741,0.0031218477737572628,0.9574237746207354
id04134,0.054722224010823946,0.17938147391399126,0.7658963020751848
id14169,0.006225835271414834,0.00023675485659840927,0.9935374098719868
id08463,0.012588444072866807,0.9862110607841411,0.0012004951429920648
id09722,0.8252769162990444,0.0033869994067892784,0.17133608429416616
id27766,0.93692990595727,0.04859422348250157,0.014475870560228442
id03009,1.7640554060792892e-05,0.9999715041906087,1.0855255330555012e-05
id04450,0.9791017923563122,0.007346604199597238,0.013551603444090595
id07929,0.00591825328972338,0.003827756695699678,0.9902539900145769
id07043,2.1164861428037818e-05,0.9999698810325309,8.954106041028957e-06
id18055,0.8861496834690945,0.00242072369900043,0.11142959283190512
id27134,0.9948004264696765,0.003213454023077511,0.0019861195072460305
id21914,0.9955567432772493,0.001146621981441277,0.003296634741309477
id13990,0.9998929189936004,9.802896273615752e-05,9.052043663474538e-06
id14203,0.10359444849024066,0.8963948451330402,1.0706376718981583e-05
id24206,0.9974211931628149,0.000132729157891656,0.0024460776792935546
id20319,0.39013452177945757,0.014163349228008344,0.595702128992534
id05262,0.0002884103978046573,0.0005494971496269388,0.9991620924525685
id18303,0.3898853130548655,0.008926578139656277,0.6011881088054782
id16371,0.8882513218178826,0.050711492558267186,0.06103718562385025
id24739,0.9964465451725546,0.0033390388720921527,0.00021441595535321334
id04446,0.0012187884906255772,0.8758038097565979,0.12297740175277655
id01744,0.019809335537992988,0.9766230848318844,0.0035675796301225097
id08035,0.0012588780489782843,0.3473616722100856,0.6513794497409361
id06954,0.011451017391161455,0.011871813400752596,0.9766771692080859
id12399,0.9518550985427895,0.010461145351565622,0.037683756105645
id08447,0.8038287334756065,0.0004658373696168165,0.19570542915477673
id05161,0.47546038616538583,0.2822157304919683,0.2423238833426459
id16609,0.3338411084611443,0.2374032822403567,0.4287556092984991
id18831,0.9733172010235884,0.0030080986518222015,0.023674700324589466
id00261,0.9117855317834389,0.01709680952230376,0.07111765869425737
id26352,0.10801928683811406,0.8900087010816727,0.0019720120802132982
id20993,0.47533366819606654,0.5105753039898798,0.014091027814053594
id23911,0.43131795304622916,0.34874488244630153,0.2199371645074694
id19839,0.6163431200407856,0.0058162978275582465,0.3778405821316562
id20764,0.005768557696250063,0.9927234292040392,0.0015080130997107487
id09487,0.00037906635574863623,1.9999972011166418e-06,0.9996189336470501
id22942,0.000912677123170746,0.0017554178592548186,0.9973319050175744
id18010,0.9811139281364507,0.0007455168977672456,0.01814055496578211
id15478,0.027336354214319004,0.9714523843672769,0.0012112614184041804
id02656,0.8733489277493444,0.05369004593633375,0.07296102631432186
id13934,0.006621578710765873,0.020878414559974644,0.9725000067292595
id00898,0.0009644809189329388,0.9128665403657628,0.08616897871530436
id12117,0.0904546845675092,0.6860313845840775,0.2235139308484133
id00130,2.6221592095918558e-05,0.99993898489445,3.4793513454042525e-05
id23047,0.9197629690046379,0.04403360022512429,0.03620343077023778
id11632,0.09908982984868989,0.10778942233923915,0.793120747812071
id03037,0.9828549776603681,0.010109744019931798,0.007035278319700062
id08839,0.8609976334175381,0.06137567788930544,0.07762668869315652
id00442,5.7467611297737016e-05,0.9991872721063637,0.0007552602823385204
id11220,0.028738779523430524,0.9694233117598637,0.00183790871670577
id06386,0.5303187276848753,0.3109046784975345,0.1587765938175902
id08710,1.4665252324193092e-05,2.0801602406423023e-05,0.9999645331452693
id22534,0.5048083414773851,0.0014262055370651108,0.4937654529855498
id14573,0.6452117516325294,0.0902825932486145,0.26450565511885604
id25181,0.0001736233026801738,0.9990473519209717,0.0007790247763480713
id04005,0.8867057934498234,0.04780521270797184,0.06548899384220473
id20181,0.0901992978773673,0.031838566928130786,0.877962135194502
id05870,0.0007272283853045672,0.9986185087224286,0.0006542628922668305
id17217,0.018485160709272298,0.9578141773930609,0.02370066189766685
id02811,0.7820895656111202,0.14588489242323469,0.0720255419656452
id07633,0.004187097729699654,0.000546852614136591,0.9952660496561637
id11667,0.9903216296715789,0.005632778808902105,0.0040455915195190045
id10403,0.0001362551705238227,0.9998535292385304,1.0215590945735998e-05
id20982,0.9874836372662372,0.008162561452681233,0.00435380128108164
id12082,0.9081978787376574,0.02787715536621666,0.06392496589612583
id05888,0.9894086266142579,0.008723422772675798,0.0018679506130663398
id14598,0.4606136702061672,0.3979714360118408,0.1414148937819919
id10606,0.20199856445028483,0.07821411638621038,0.7197873191635048
id22770,0.000733741056984941,0.9968757128767045,0.0023905460663105394
id16266,0.4710173466490657,0.5212951368863562,0.007687516464578136
id07726,0.7973495069400093,0.018413507901776257,0.18423698515821446
id03160,3.708864019852863e-05,9.36954638146044e-05,0.9998692158959869
id14042,0.45646795053982575,0.0038396501982482798,0.539692399261926
id26093,0.003479826962717755,0.05193836523345328,0.9445818078038289
id09880,0.9403823921269148,0.009361427857066696,0.050256180016018594
id17282,0.0009230471772582191,0.9968812535360297,0.002195699286712019
id01425,0.3661860845302909,0.609004377292435,0.024809538177274326
id03105,0.011096046927774193,0.08484211604225057,0.9040618370299753
id16520,0.8747641076593364,0.01884907404079074,0.10638681829987287
id11348,0.010643547379493653,9.162540079796577e-05,0.9892648272197084
id21714,0.0013230752038546983,0.0028224089563006396,0.9958545158398446
id22015,0.9990846624718615,0.0007888880058497259,0.00012644952228872642
id11182,0.48227804137978136,0.048367681787860946,0.4693542768323576
id17093,0.5035325824401975,0.40793638519184466,0.08853103236795783
id23163,0.021645933615424776,0.049135807496717025,0.9292182588878583
id19556,0.0032717690738219563,0.000740450232000193,0.9959877806941778
id27947,0.02850523242355518,0.0001089356936663129,0.9713858318827786
id26003,0.4331885867583896,0.11020765356322024,0.4566037596783901
id19110,0.7292996752822922,0.2292204696367932,0.041479855080914514
id07521,0.0401632504889495,0.0034274981489922267,0.9564092513620582
id04302,0.7060935643642843,0.04787449112000435,0.24603194451571136
id25662,0.01991680694076314,0.9797626081659772,0.0003205848932596981
id16568,0.0937408679131273,0.0010243789859438628,0.9052347531009288
id11181,0.00016438123811500553,0.9995779368186853,0.00025768194319973777
id20268,0.0054332574798246006,0.9945611219122615,5.6206079139320524e-06
id16999,0.18902935838831458,0.00028964378176270065,0.8106809978299228
id14217,0.9706441173464843,0.018768303809170047,0.010587578844345642
id23850,0.9844460186346989,0.01217774357254918,0.0033762377927518935
id25176,0.0013060033012885035,0.9985694946515687,0.0001245020471427947
id20106,0.9945237263926264,8.543149888594803e-05,0.005390842108487609
id16717,0.9926340586328439,0.0014428726960430411,0.0059230686711130185
id24898,0.0005601534338694876,4.2347654194150035e-06,0.999435611800711
id08288,0.9608203395384877,0.03801128689148567,0.00116837357002667
id03986,0.00013627151208882142,2.520323373203662e-05,0.9998385252541792
id04419,0.956430948075469,0.00265655518470088,0.04091249673983014
id20547,0.189925502935005,0.8068439765892957,0.0032305204756993135
id00881,0.014447906061299753,0.9794248207762061,0.006127273162494139
id09830,0.9929335199907305,0.000207105833456035,0.006859374175813358
id00541,0.0973310355991856,0.4648938087746527,0.4377751556261617
id19842,0.06706373361292853,0.01656448890135762,0.9163717774857139
id15372,0.00015224047589883658,0.9969526312819424,0.002895128242158809
id13505,0.7031447369926607,0.04426366041849893,0.25259160258884045
id17499,0.0005132262730189723,0.005936388848258855,0.9935503848787222
id04001,0.02756878178074686,0.0022407040666578017,0.9701905141525954
id00714,0.0037848719614135976,0.9779160791053816,0.01829904893320485
id13062,0.029771531187771358,0.9143980989921218,0.05583036982010697
id09809,0.9916803551042381,0.0005699131995657212,0.007749731696196189
id19811,0.022079787107597115,0.001108373425539481,0.9768118394668635
id00257,3.462953301417947e-05,0.9999633366298257,2.0338371601031165e-06
id21500,0.06748850802774391,0.7898088424608289,0.14270264951142725
id12230,0.9861929138241297,0.005291339941289806,0.008515746234580561
id16880,0.5416771989128192,0.4525436464061708,0.005779154681009968
id26979,3.354379466127538e-06,0.9997882128303044,0.00020843279022953533
id27968,0.0012430111678927154,0.00016283205235162818,0.9985941567797557
id23742,0.2635101249606067,0.5789143466966441,0.1575755283427492
id24887,0.7475321165152289,0.10847266511022934,0.1439952183745418
id14590,0.9489720655318699,0.027444903575152117,0.02358303089297787
id02314,0.1347067748135135,0.8183022310093739,0.04699099417711259
id07927,0.8178110748431163,0.15717149215922974,0.025017432997653934
id21889,0.26913385086189173,0.7268128331548788,0.004053315983229516
id00049,0.002491348337149098,0.9906476333069997,0.00686101835585125
id00619,0.9966317978556631,0.0004794435980370859,0.0028887585462996916
id00757,0.7249464515362163,0.25702651521195946,0.018027033251824236
id27594,0.0375995543573556,0.9574092485546357,0.004991197088008699
id17642,0.012026373421850199,0.9742911680668829,0.013682458511266945
id01561,0.9777819975345808,0.005646290281371689,0.0165717121840475
id20680,0.9993992257739461,0.00019098489725258424,0.00040978932880129763
id25679,0.9998846434516092,6.208235386243464e-05,5.327419452834629e-05
id25753,0.7915793207555039,0.0005641963084676608,0.2078564829360285
id15810,0.9631376341035033,0.010767530558532657,0.026094835337964195
id02594,0.895291141108362,0.009831460103371015,0.09487739878826704
id13719,0.9999912365317194,2.6580939231182353e-06,6.105374357554956e-06
id19417,0.17064077216254883,0.005575514318073151,0.8237837135193781
id07763,0.01157859904467164,0.00415450745768961,0.9842668934976389
id26824,0.04094623992093569,0.9084082424025591,0.05064551767650513
id12183,0.0009656102946338011,8.847378087545266e-05,0.9989459159244907
id26212,0.8262692506582132,0.1720720401932884,0.0016587091484983765
id10654,0.9053840522317592,0.0146135926548678,0.08000235511337297
id22935,0.07043507305671541,0.9288776250294906,0.0006873019137940454
id19016,0.00011080430064265693,0.9998871156485375,2.0800508198837957e-06
id21167,0.7132572315524923,0.27168930814194336,0.015053460305564216
id06024,0.947893595304215,0.008713531989533813,0.043392872706251175
id19971,7.503718436528256e-05,0.999385534344685,0.0005394284709497448
id22514,0.024191830197843392,9.076656743596802e-05,0.9757174032347207
id26130,0.7626354774385656,0.23700441972898761,0.0003601028324468223
id22848,0.002038723582019736,0.00038180544071965693,0.9975794709772605
id10327,0.009182575429206962,0.023359742448443726,0.9674576821223494
id00052,0.45353351109758117,0.16189771902257882,0.38456876987984007
id04706,0.011428605603270713,0.9682148274139815,0.020356566982747747
id22174,3.9595799203422676e-06,0.9999940404233091,1.9999967704666536e-06
id23110,0.010753826797000245,0.058791271705651224,0.9304549014973486
id00951,0.19763441619553052,0.026514766931332753,0.7758508168731367
id20896,0.9967896510146228,6.654521290827252e-05,0.0031438037724689206
id24317,0.9943559746440968,0.0012805361697130915,0.004363489186190042
id00464,0.10393724623654695,0.004602911962414455,0.8914598418010385
id10692,0.024929131197724528,0.006762234989029276,0.9683086338132462
id00982,0.0076617531782526465,0.973249103929756,0.01908914289199136
id14559,0.9881507970473846,0.00032089285449791235,0.011528310098117507
id20186,0.012117705855365157,0.9537563655430674,0.03412592860156733
id18644,0.13091385272800157,0.27031383121501495,0.5987723160569836
id24398,0.0027337506513170056,0.0015135809753979166,0.9957526683732851
id03716,8.777376956707667e-06,0.9999494321783999,4.179044464341105e-05
id01335,0.8719211263032459,0.02721540482553434,0.10086346887121976
id15304,0.21938313587345207,0.0007799647771991888,0.7798368993493487
id06814,0.9999260106104008,1.111865935033203e-05,6.287073024889254e-05
id26197,3.435122907730242e-05,0.9992530485423757,0.0007126002285469803
id14539,0.004314313642127451,0.0003203802041584924,0.9953653061537141
id07165,0.9940424213069868,0.001714478792741816,0.004243099900271376
id07954,0.08306593177149331,0.027355866824070315,0.8895782014044363
id02433,0.01228704885154951,0.0009636807067928928,0.9867492704416576
id05348,0.5342837622929975,0.4009182819466955,0.06479795576030707
id21119,0.9859810008957998,0.0008012571435583,0.01321774196064198
id00654,0.04604353887768556,0.7500454117120177,0.20391104941029678
id22109,0.008263804765532524,0.0024224360145359914,0.9893137592199315
id25945,0.008209193437953717,3.671613584693162e-06,0.9917871349484616
id15477,0.021322071117806318,0.9770856124106557,0.001592316471538035
id00322,0.9577321100838151,0.010331307690327652,0.03193658222585724
id02529,0.8988927632252175,0.06516876468222216,0.03593847209256046
id21832,0.9990417100552527,0.0006557481615690585,0.00030254178317824017
id04355,1.999994980276563e-06,0.9999960000100393,1.999994980276563e-06
id17241,0.006431624420760678,7.485451526690343e-05,0.9934935210639725
id00680,0.5202842192295278,0.11665502119865762,0.36306075957181466
id27114,0.07740829456687771,0.002533918216087836,0.9200577872170345
id24872,0.9707194671585757,0.026605189135208353,0.002675343706215884
id23578,0.011169286736477175,0.023282796412899005,0.9655479168506238
id05752,0.7319881651792637,0.08092091675217879,0.18709091806855746
id02747,0.024116419097709906,0.012403660235933391,0.9634799206663568
id12504,0.9188516769077557,0.005797993446918812,0.07535032964532554
id02823,0.9630838573625017,0.028602993681304537,0.008313148956193827
id18042,0.002404347002764545,0.9345273284176996,0.06306832457953587
id00615,0.0009378394967875934,0.9990601605057061,1.999997506255781e-06
id08719,0.09857584579901334,0.00060700587035325,0.9008171483306334
id07335,0.2352368716947006,0.7555727217506248,0.009190406554674678
id01560,0.017252440318994162,0.001560051043121943,0.981187508637884
id15186,0.9155089886883107,0.07925564117310177,0.005235370138587592
id13624,0.40897115915747206,0.5890287006249317,0.002000140217596266
id11525,0.9996823073912715,0.00017795320453997058,0.00013973940418854206
id25222,0.6720382936088496,0.1992191743244455,0.12874253206670505
id07596,0.993715500964575,9.298997342170894e-06,0.006275200038082962
id07361,0.010507513582771433,0.9892657510627028,0.0002267353545257218
id27534,0.9996929707190273,0.00018793012095716033,0.00011909916001560665
id24833,0.005647320323216386,0.0003245522909690692,0.9940281273858146
id08202,0.6470445475948463,0.3389130685310853,0.01404238387406841
id22038,0.3254188217942102,0.6659853149495221,0.008595863256267829
id10367,0.05086949109608895,0.014895692027263584,0.9342348168766474
id09803,0.08184165655766569,0.6586162355650661,0.2595421078772682
id02109,0.8181197413186097,0.18078731782007884,0.0010929408613114839
id26155,0.28643262663953445,0.005230936136486824,0.7083364372239788
id01387,4.305383605016423e-05,0.9999545145583791,2.431605570615422e-06
id10545,0.880945818501931,0.002595999348696986,0.11645818214937206
id25889,0.9999907994353519,6.670764726283022e-06,2.5297999218769048e-06
id05598,0.9994627461922989,5.571300546757777e-06,0.0005316825071542521
id07462,0.5679366286727341,0.40669849473071107,0.025364876596554797
id13091,8.220752318824539e-05,1.8845626069006733e-05,0.9998989468507428
id17918,1.9999961323610125e-06,1.9999961323610125e-06,0.9999960000077353
id05657,0.0017953836328925994,0.9961864241590986,0.0020181922080087537
id22513,0.978180760582206,0.020403980823179332,0.0014152585946146821
id06100,0.0023980999639276646,0.995936986583918,0.0016649134521543212
id13565,0.3875189045524121,0.29640777828764014,0.3160733171599478
id02944,0.0019410986463508498,0.0005480347255350652,0.9975108666281141
id05378,0.9190694802588151,0.06670975172274632,0.014220768018438617
id02538,0.9670120134942108,0.005433614211049701,0.02755437229473946
id08452,0.786240670733014,0.17726715453797415,0.036492174729011846
id27035,0.0028433268734867198,0.7120442051678789,0.2851124679586343
id18606,0.9985790289970882,0.0005832003762684451,0.0008377706266434108
id15982,0.002341869857521866,0.9341885077240569,0.06346962241842134
id10685,0.19312981764479847,0.19024776245574868,0.6166224198994529
id03211,0.005111779480502868,0.0006784231430613299,0.9942097973764358
id12488,0.0014872427387759724,0.998352265835181,0.00016049142604300103
id00895,0.15593766257681932,0.059604366237766,0.7844579711854147
id11678,0.0007002473663774742,2.1788616711033094e-05,0.9992779640169116
id02927,0.3840177959505883,0.6156637001827572,0.000318503866654349
id09693,0.0023354282766790122,0.9976365062062027,2.8065517118315287e-05
id27016,0.002765700793181879,0.8840941082298344,0.11314019097698383
id11738,0.008307956883756686,0.09568479215264059,0.8960072509636027
id27798,4.2276698462223905e-06,0.9969301009341501,0.0030656713960036546
id02746,0.9798403428042503,0.013614007973161762,0.00654564922258785
id05252,0.9978511302281523,0.0003677008859097377,0.0017811688859378932
id20671,2.9535611259254077e-05,0.9999684643919405,1.999996800248719e-06
id09446,0.9976388695917763,2.0016143766135755e-05,0.0023411142644575835
id14435,0.00610626179441266,0.9934015135396637,0.0004922246659237199
id27868,0.9375182014561555,0.019410281967510445,0.04307151657633396
id07438,0.9463110712489263,0.00570059826808432,0.04798833048298934
id15199,1.999992615548805e-06,1.999992615548805e-06,0.9999960000147688
id12955,0.04759466980669886,0.8521105958159709,0.1002947343773303
id05869,0.14208551423230548,0.7150070519025643,0.1429074338651301
id03181,0.386795008933645,0.5846535025095966,0.02855148855675834
id10883,1.999992729296062e-06,1.999992729296062e-06,0.9999960000145415
id20640,0.33821862674071923,0.22707718846676284,0.4347041847925179
id14209,0.854891196217481,0.0011198230902850243,0.14398898069223387
id09734,0.007422440137275787,0.9158110575053222,0.07676650235740204
id25406,0.2936593610842132,0.5035708487505988,0.2027697901651881
id11268,0.8163949530368123,0.007576181738675346,0.17602886522451236
id00715,0.039103685280580454,0.023983216975049862,0.9369130977443697
id13389,0.0041666145905427015,0.5652171067000491,0.4306162787094083
id09015,0.0043674191260406284,0.05157631565488204,0.9440562652190774
id23953,0.831258723055477,0.16597959988997366,0.0027616770545494185
id06600,0.9304712608245965,0.04770416102595361,0.021824578149449773
id11397,0.9018500028427227,0.008097089835802953,0.09005290732147447
id27251,0.0013785636211532983,0.9981337315554453,0.0004877048234014179
id08634,3.798799931524834e-05,0.9996747016698379,0.00028731033084691316
id02459,0.007295224181032878,0.0006021846088207501,0.9921025912101463
id10039,0.9918493676654316,0.005668311364616717,0.0024823209699516716
id07565,0.1778560641623762,0.04898855482394406,0.7731553810136798
id09764,0.9941670701696755,0.0055111109814224195,0.00032181884890202477
id07341,0.9816575704754903,0.0015046063004249925,0.016837823224084624
id16514,0.006426333996320281,0.9923450014792584,0.001228664524421309
id26075,0.07604691127197967,0.006563501072474133,0.9173895876555462
id26607,0.6139179047006053,0.266588538110389,0.11949355718900574
id02308,0.0007842291468503266,0.0003023810866479283,0.9989133897665017
id19298,0.0526018030657068,0.924095348863045,0.023302848071248095
id13902,0.0014431504265771588,0.9950877279094295,0.0034691216639933767
id08130,0.00045535011290703836,0.00034474406392495655,0.9991999058231681
id15079,0.9608790283268238,0.03650719265025753,0.0026137790229187577
id14987,0.01405293947532763,0.9858387471681078,0.00010831335656460529
id13467,0.00010670677598356781,0.9978565335107147,0.002036759713301832
id09194,0.000820374297264103,5.414142070407435e-05,0.9991254842820319
id04439,0.7473177261232448,0.18254270362948907,0.07013957024726622
id22123,0.515265989330917,0.025365130334811952,0.459368880334271
id08000,0.9880928925876432,0.011208175092203438,0.0006989323201533797
id12763,0.00040558855794560597,0.9982891494091207,0.0013052620329336536
id16363,0.9606920818422011,0.0376790285421593,0.0016288896156395575
id10082,0.005729997620219541,0.00011449287480305159,0.9941555095049774
id15019,0.07810222818006027,0.40826516513630295,0.5136326066836367
id07940,0.014738564710383295,0.0006135634691487095,0.9846478718204681
id02458,0.010930351954064929,0.13497662128206214,0.854093026763873
id04916,0.42759475911291595,0.001599455948703789,0.5708057849383802
id10856,0.3146267477920974,0.00013716311394416537,0.6852360890939584
id05620,0.0033586450715370423,0.010540378391248677,0.9861009765372143
id15280,0.6802511287632337,0.001533105336348072,0.31821576590041817
id06779,0.2984525242497992,0.6687848684992531,0.032762607250947796
id18496,0.059791189525611375,0.7309344521296685,0.2092743583447202
id21582,0.9999869317700422,5.65723193208085e-06,7.410998025680976e-06
id17492,0.0037641758712974333,0.0001516358954636516,0.996084188233239
id12001,0.0003962158693613121,0.9976583808873304,0.0019454032433082933
id20168,0.04256220010764111,0.9480274376113942,0.009410362280964738
id05115,0.9834341684990294,0.00594172690460162,0.010624104596368958
id01947,5.123045888777805e-05,4.709189957428276e-05,0.999901677641538
id25813,0.00019489435307958375,0.003067063649015059,0.9967380419979054
id23603,0.3954665312713084,0.013579065163120423,0.5909544035655713
id07066,0.0013280948808186196,0.9968796395693633,0.0017922655498180228
id01950,0.0015880234085385292,0.9982578359580175,0.0001541406334439492
id03869,0.000224055838364922,0.9996108161817445,0.00016512797989054102
id22646,0.9603060077880066,0.007413153396946697,0.032280838815046765
id15451,0.011804654445367269,0.007262041774739689,0.9809333037798931
id23862,0.0012120598036327649,0.9980356417814625,0.0007522984149046251
id18584,0.7653069282522934,1.3844478993552922e-05,0.23467922726871307
id06194,0.015327873524507065,0.03598840405531093,0.9486837224201821
id12679,0.9531073809564462,0.041094658244737785,0.005797960798816044
id02206,0.0011269635298722658,0.0001654529531865358,0.9987075835169412
id12333,0.9991912591328044,0.0004199775715928083,0.0003887632956028381
id04412,0.011349797311778967,0.00031020784832066107,0.9883399948399004
id12331,0.11055744793384997,0.011153292503389284,0.8782892595627607
id14656,0.0020037870894543276,0.00030324013162345837,0.9976929727789222
id07523,0.002485995869936524,0.00059537690715506,0.9969186272229085
id08205,0.026086964907519623,0.0031513169244749605,0.9707617181680055
id01867,0.06968390387536533,0.12737107429496317,0.8029450218296715
id03274,0.6685326002791658,0.00010471603182429045,0.33136268368900995
id04753,0.9692973689803746,0.001366482186495801,0.029336148833129627
id03372,0.0049866853997853075,0.01416564264986796,0.9808476719503467
id16119,0.9254192637638964,0.04542217986677449,0.02915855636932913
id25151,0.00024688641602711573,0.9996876513827949,6.546220117802353e-05
id21949,0.006573755047917227,2.8703085706672246e-06,0.9934233746435122
id10635,0.059966660265407784,0.8293285288347996,0.11070481089979277
id20345,0.9975887459603865,0.0016052514888786683,0.0008060025507347769
id00905,0.007760100690761811,8.125708310474507e-06,0.9922317736009276
id15150,0.441883280768811,0.21664248935744415,0.3414742298737449
id00043,0.0675442503855387,0.8921983107193059,0.04025743889515552
id14372,1.9999925521374815e-06,0.9999960000148956,1.9999925521374815e-06
id24774,0.9885047101877764,0.003804183711507971,0.00769110610071562
id08022,0.2220334167791758,0.615815939174226,0.16215064404659832
id07684,0.00032817491047116665,0.9991645397083766,0.0005072853811521543
id00801,0.9752763141413284,0.0018836473912570895,0.022840038467414475
id10559,0.983869781938819,0.004791675325547831,0.01133854273563313
id03279,0.9153946294541307,3.217379084352021e-05,0.08457319675502574
id24289,0.9953752016481886,8.357077988044235e-06,0.004616441273823333
id24554,0.9970245820565543,0.0025326921136748478,0.0004427258297708616
id05009,7.920999424972984e-06,0.9999900790041751,1.99999639978971e-06
id14205,0.1813655387614162,0.7782604419301715,0.040374019308412355
id06147,0.06898649044925702,0.6234338216654515,0.3075796878852915
id23747,0.9840498944499847,0.00877914219911372,0.007170963350901566
id07078,0.000969355622153373,0.9889973386653191,0.010033305712527441
id11635,0.9999586773501516,2.833192187983437e-05,1.2990727968616285e-05
id11248,0.9977701875856863,0.00208927225543926,0.00014054015887448172
id16032,0.023614433293679824,0.0002017443137398847,0.9761838223925803
id26938,7.016708622885723e-05,0.9999278329152476,1.9999985236978947e-06
id26885,0.9992362230248797,0.0007481954926932764,1.558148242700264e-05
id17044,0.004994316660097974,0.050326978788475904,0.9446787045514261
id19822,3.407138915248218e-06,0.9999945928645009,1.999996583895239e-06
id02500,0.025616655231726498,1.737757778238206e-05,0.9743659671904911
id22259,0.00018477071482434415,0.9981079129082856,0.0017073163768899964
id16374,0.9950852916206449,0.004840754082261694,7.395429709339554e-05
id19627,0.1291311969374385,0.05694491215634495,0.8139238909062165
id12550,0.9643782676270994,0.01228467012285524,0.023337062250045296
id17868,0.15602460965133153,0.005519882453740806,0.8384555078949276
id19493,0.401866504871252,0.0014424543182101404,0.5966910408105379
id13232,0.14547099326896515,0.26878673403167114,0.5857422726993637
id22105,0.010428189916329319,0.9887194801578372,0.0008523299258334551
id15281,0.9938034411885767,0.00023771113275303273,0.005958847678670201
id26437,0.9125363281558748,0.021118297259896897,0.06634537458422818
id04548,0.99710840328658,0.0014555114502859366,0.001436085263134064
id19586,0.005775979518582344,0.9925276476258017,0.0016963728556158766
id12398,0.00031382417286051424,0.9994584468739579,0.00022772895318157988
id23058,0.048182599286034564,0.875078866906916,0.0767385338070495
id27265,0.011846168854475108,0.8952125392879251,0.09294129185759979
id06149,0.0082968234158797,0.004445943811482829,0.9872572327726375
id09081,0.976756596475048,0.009141476062137414,0.014101927462814542
id00123,0.9857117639736861,0.001097455344897877,0.01319078068141606
id18301,0.18167305259164376,0.684716484541532,0.1336104628668243
id11953,0.009690797917473126,0.00428711324854694,0.98602208883398
id17812,0.9874476133592751,0.008387714334883497,0.004164672305841404
id24290,0.005377339960211705,0.009699410877118115,0.9849232491626702
id07748,0.38330380315292006,0.04554855861160215,0.5711476382354779
id01654,0.3922672352294763,0.001026424043303464,0.6067063407272203
id13102,0.9946187095548154,0.00020507666168719123,0.005176213783497477
id25885,0.30618892429048583,0.6919079051640646,0.0019031705454496427
id05209,0.7848241717970876,0.0862182366804244,0.12895759152248804
id17123,0.0016623154515443296,0.9975933269495717,0.0007443575988839028
id09322,0.03193846988689708,0.009690461825920685,0.9583710682871823
id17980,0.9977739893622534,0.0019400450622066143,0.00028596557554002607
id27170,0.8623906457538548,0.027236491631894406,0.11037286261425062
id12895,0.004668838749034942,0.006819213260177575,0.9885119479907876
id24886,0.0001256347920958679,3.8862726013440394e-05,0.9998355024818907
id15321,0.9795135826207765,0.011605581889903759,0.008880835489319627
id25231,0.002898243874060597,0.9912536979238153,0.005848058202124113
id07022,0.9893656920099466,0.0051257224823189505,0.005508585507734586
id24618,0.9616445345053155,0.018080838692866467,0.020274626801818095
id05438,0.9965949043764953,0.00026119302939537085,0.00314390259410933
id15696,0.4657344645669821,0.43793426988917716,0.09633126554384082
id04911,0.09778447154303221,0.03138728056444483,0.870828247892523
id17809,0.9382703616118397,0.010691014589278399,0.05103862379888197
id13330,0.009079875796086798,0.990771810044152,0.0001483141597611521
id12567,0.015057025952528296,0.9837694124331987,0.0011735616142728663
id15797,6.78618785737234e-05,0.9993495933074622,0.0005825448139640419
id04846,0.9584416016062575,0.00025016448053911435,0.04130823391320332
id12919,0.6105750533809985,0.2938194011494174,0.09560554546958426
id17265,0.8462600245464803,0.0036368547719542953,0.15010312068156545
id12053,0.7067241133282962,0.06445051050904087,0.22882537616266294
id20642,0.8524073155149655,0.019416918813518085,0.1281757656715165
id16632,0.0005580825690777461,0.9991731278944526,0.00026878953646973356
id26315,0.9414361005500722,0.008622659836220549,0.04994123961370725
id08660,0.9998065370339596,3.2122718778559273e-06,0.00019025069416256252
id21313,0.2595847101479725,0.03067089638904452,0.709744393462983
id12246,0.11474973290646477,0.8504659845065472,0.03478428258698785
id02069,0.5200791743588293,0.008145256812618544,0.47177556882855215
id13380,0.9999848859802535,1.3114019897978603e-05,1.9999998484423094e-06
id17019,0.9955616479076307,0.0005733271170942968,0.0038650249752749384
id08343,0.0019401967880927449,0.9862406654733044,0.011819137738602955
id00776,0.02159576053187586,0.0016355524403137184,0.9767686870278104
id02495,0.9749250455230479,0.012614595728655241,0.012460358748296875
id09427,0.9554993988777852,0.043397555399234525,0.001103045722980257
id22289,0.0021348912227840936,0.9978322833680241,3.28254091917549e-05
id10988,0.062144287218686735,0.9058675623285407,0.03198815045277262
id21439,6.467592103830235e-05,0.00011655714933232773,0.9998187669296293
id26251,0.9844857590410264,0.012724958715331625,0.002789282243642003
id03519,0.23986852082732874,0.305617187190076,0.45451429198259513
id23514,0.0002258801508922093,0.00027489629317792064,0.9994992235559299
id23381,0.0003636249526624509,0.000535030676299391,0.9991013443710381
id00006,0.9973737252553156,0.0018587147331303605,0.0007675600115539011
id20185,0.9851834987482533,0.0013759528840999477,0.013440548367646795
id00634,0.7021291675357932,0.14680895642971814,0.15106187603448856
id02197,0.9069196215673212,0.002013478999638296,0.09106689943304039
id03513,0.9731493122361322,0.0016993518096900988,0.025151335954177737
id21234,0.975637095242306,0.0175692233577358,0.006793681399958235
id10553,0.9967937592990143,0.00010327103644795294,0.0031029696645379157
id21123,0.5314021522518139,0.20156081458229466,0.26703703316589156
id08271,0.0003817447726694394,0.9996162552298117,1.999997518900807e-06
id22138,0.8413726405921246,0.060470228317227336,0.09815713109064804
id26096,0.9993862503805163,1.999997096388555e-06,0.0006117496223873748
id06163,0.9487991359027163,4.718789456698079e-05,0.051153676202716665
id14799,0.0023696985226268176,0.9789523417999995,0.018677959677373623
id15037,3.1309250105522665e-05,1.999997552285021e-06,0.9999666907523421
id19974,0.9990642363089505,3.3726219768415397e-06,0.0009323910690726944
id11096,0.0046564060564090815,0.990028664649125,0.005314929294466027
id19704,0.010796701506039052,0.0018747128419696795,0.9873285856519913
id04815,0.11616412923342387,0.4778564846267918,0.4059793861397843
id26018,0.9872272387895368,0.0121860117254538,0.0005867494850094633
id24587,0.00017704527386611267,0.9997991136924258,2.3841033708143974e-05
id10006,0.9898481936213288,0.0002828465785396306,0.009868959800131565
id12806,0.042721987228737386,0.0009352066289287052,0.956342806142334
id05369,0.0033164916152937938,0.9919389776777418,0.004744530706964447
id04428,0.9976887571661124,4.531047130466276e-05,0.002265932362582995
id06431,0.001615737199298447,0.005234758492678113,0.9931495043080235
id12810,0.7155527300028454,0.01685724456732626,0.26759002542982835
id07448,0.0006261065253953834,0.00019804803241519877,0.9991758454421894
id03075,0.011006057466894849,0.0017356266619929595,0.9872583158711122
id03417,0.7716832618206501,0.1431953335826423,0.08512140459670767
id06464,0.06571187081349102,0.9084394091697597,0.025848720016749115
id18854,0.9836042340693886,0.00706476067533614,0.009331005255275337
id24345,0.9829519401831494,0.013938987744197658,0.0031090720726529453
id21086,0.5303870477921147,0.02761505222335735,0.44199789998452793
id10575,0.999384396905651,9.941688266835079e-05,0.0005161862116807886
id11004,0.023120562254336993,0.002191090563925807,0.9746883471817372
id06152,0.8527527236039879,0.03305951760582488,0.11418775879018715
id27938,0.23631943362591198,0.008752738483461147,0.7549278278906268
id11731,0.7369009803188352,0.18862829732037484,0.07447072236078991
id01172,0.9993359679749992,0.0005778463713650596,8.618565363582415e-05
id06412,0.0003098329648620437,0.0018293592525914669,0.9978608077825465
id24956,0.32112299922450066,0.01621806775580848,0.6626589330196909
id16984,0.12872904658403245,0.008271512543603091,0.8629994408723645
id16499,0.10374800142464437,0.007523548261390215,0.8887284503139655
id08694,0.6178632188364347,0.17642520347008203,0.20571157769348333
id13907,0.6059789959044883,0.014805375614770525,0.37921562848074103
id19333,0.28608774325555425,0.012958853242316784,0.700953403502129
id17330,0.0009826973063185751,0.9990142376557724,3.0650379090712546e-06
id06998,0.9810385598528248,0.018420527084908652,0.0005409130622665497
id04331,0.004746022086714782,0.4457993221735099,0.5494546557397754
id01169,0.0037246029594670176,0.004796856904643621,0.9914785401358893
id17647,0.0008409825392481114,0.9899220676890041,0.009236949771747688
id00673,0.5103122126603075,0.3998039463922392,0.08988384094745339
id11327,7.641342788391812e-05,0.9992211425866065,0.0007024439855095909
id02872,1.999996435851627e-06,4.479923681066077e-05,0.9999532007667534
id21412,0.9722297834837809,0.015047246971283353,0.012722969544935729
id07117,0.657628332710543,0.020204097729410165,0.3221675695600469
id23146,0.05877427790782879,0.0012998303897025977,0.9399258917024687
id07982,6.159274794212253e-05,7.849578878416487e-06,0.9999305576731795
id07216,0.0006887013131720576,2.9563508514925905e-05,0.999281735178313
id22008,5.482752728156667e-06,0.9999893377932059,5.1794540659260245e-06
id01224,0.1363491334050192,0.07277453779133441,0.7908763288036464
id06626,0.6406731423520601,0.001213504547031141,0.35811335310090875
id10344,3.828999656264136e-05,1.9999971304572304e-06,0.9999597100063069
id23692,0.005307571235725124,0.9945231010104673,0.00016932775380763162
id09430,0.9702958762873511,0.017929650370928737,0.011774473341720099
id24520,0.9715741954938385,0.007105063024827324,0.021320741481334254
id06493,0.0318471978735282,0.966363060215658,0.0017897419108137847
id26199,0.9916333226818386,0.004800564284996945,0.003566113033164497
id02367,0.3046389465230927,0.01910316070307524,0.6762578927738322
id24095,0.0007549448396595266,0.004172231356687272,0.9950728238036533
id13301,0.9954024026027645,9.821498807678335e-05,0.004499382409158698
id25058,0.9761814340811853,0.00980399406105202,0.014014571857762715
id07840,0.00011711909780286551,0.9998808809036888,1.9999985084814925e-06
id23073,0.0005224431885085047,0.9993940707745927,8.348603689881458e-05
id20259,0.8635489624354534,0.0722643061843548,0.06418673138019182
id10269,0.00012279923935797787,0.01728169346461646,0.9825955072960255
id05303,0.880920653454399,0.06406673146584026,0.055012615079760845
id15301,0.11345208310609772,0.07282356517073962,0.8137243517231627
id00153,0.9910835131427197,0.000583180192581366,0.008333306664698786
id00576,0.6343638769558541,0.006292657350811634,0.3593434656933343
id06344,0.0007950580669268299,7.950452855487454e-06,0.9991969914802177
id03745,0.06939238517958501,0.910833739142451,0.019773875677964056
id25529,0.3556040822991501,0.01839133981424576,0.6260045778866041
id11782,0.985675371327641,0.00044553055948457816,0.013879098112874366
id23533,0.08284114435436717,0.1539160552239007,0.7632428004217321
id16020,0.024521332707914716,0.9659469502200473,0.009531717072038011
id06402,0.9583611219846887,0.0025104115299411905,0.03912846648537022
id10334,0.9999960000119322,1.9999940338182065e-06,1.9999940338182065e-06
id08206,0.9650301520114335,0.0008002840172035252,0.034169563971363046
id22132,0.004744861013160588,0.00014087519408169347,0.9951142637927578
id05380,0.9026126560927233,0.08858252225044912,0.008804821656827395
id25603,0.0014599339250938063,0.0004592182367346477,0.9980808478381715
id14874,0.12251308555103173,0.013106227691656768,0.8643806867573115
id21942,0.02843010496058579,0.0592797907362603,0.9122901043031539
id15013,0.9287370535108922,0.0554362482859003,0.015826698203207427
id14443,0.00025927402529451305,0.9983406418780262,0.0014000840966793254
id21413,0.8689976847581966,0.042990345205125874,0.08801197003667745
id19682,0.009349271127829852,0.9888044155210214,0.0018463133511486636
id25215,0.010421204419276674,0.9538785076659091,0.03570028791481434
id22154,0.0005282544189264366,0.9969702861498285,0.00250145943124503
id20589,3.203059565550952e-05,0.9997440454404556,0.00022392396388893056
id22282,0.000787654938585048,0.9984253745846512,0.0007869704767638248
id06420,0.06719511719549527,0.38471573814270604,0.5480891446617987
id08384,0.9982403512083563,0.00010746784460893968,0.0016521809470347918
id18674,0.8517393147020008,0.003756520831496294,0.14450416446650297
id10638,0.9236278184749117,0.052663852782753685,0.023708328742334618
id15994,0.0016265218084053278,0.0049012289872816,0.993472249204313
id00197,0.3745221701063014,0.0037761974906140063,0.6217016324030845
id23082,0.0003117588997985998,6.519932669241007e-05,0.999623041773509
id13374,0.9654947952845719,0.013893423477800928,0.020611781237627032
id26183,0.9466706070057073,0.0005377465758841009,0.052791646418408646
id21432,0.016180559295066725,0.24844450258379835,0.735374938121135
id13738,0.997984641510492,0.0012722485981131525,0.0007431098913948823
id18628,0.9985356921188775,0.0005597505672775263,0.0009045573138450827
id03911,0.00042617654471533047,0.9993957550118772,0.00017806844340747388
id00362,2.0420531162630165e-06,0.9999932463078762,4.711639007540626e-06
id06498,0.7398090657237071,0.11753616857789229,0.14265476569840072
id02061,0.342430471283521,0.0877142129668324,0.5698553157496465
id23574,0.15760512432350202,0.8413761108641956,0.0010187648123024513
id25526,0.002260774380593487,0.09841279155675814,0.8993264340626484
id23015,0.9432454391431069,0.0519848946227948,0.004769666234098363
id07095,0.9038912179955743,0.003344374895256102,0.09276440710916965
id03038,0.3615141903491602,0.5871156263022673,0.051370183348572386
id27800,0.23008793508766784,0.7683472610899249,0.0015648038224072372
id16537,0.5694126933010244,0.1862954707033614,0.24429183599561421
id04749,0.8758603861850393,0.06453299870237686,0.059606615112583895
id21568,0.9990790903677074,0.0007439721249231005,0.0001769375073695477
id11221,0.001459253668170905,0.025077906338319026,0.9734628399935101
id18391,0.6270453122829749,0.36111667536078795,0.011838012356237106
id02047,0.9972888961796864,0.0014421673285248114,0.0012689364917888352
id04401,1.9999937440425584e-06,0.9999960000125119,1.9999937440425584e-06
id20938,0.14223440194758596,0.19235366008236487,0.6654119379700492
id08195,0.8108787252059724,0.04836431120848873,0.14075696358553888
id04756,0.021933299587093176,0.9517686035815988,0.026298096831307953
id04104,0.002797444043315369,0.0004661477401577979,0.9967364082165269
id12204,0.006401332395163647,0.00011994725938820659,0.9934787203454482
id13636,0.00011697478383318771,0.9997351574055275,0.0001478678106391575
id27197,0.013505697970415913,0.0019073861030156735,0.9845869159265684
id21425,0.00220825982623209,0.0336323353241824,0.9641594048495855
id05239,0.00022250487439624296,0.9990653120227957,0.0007121831028080685
id25258,0.9225278877769415,0.01071876551579217,0.06675334670726618
id10952,0.9998601305013822,0.0001206934787837751,1.9176019834063364e-05
id10413,0.2212965460888806,0.2389739835865045,0.5397294703246148
id16103,0.8765174768594821,0.0836476160035083,0.03983490713700948
id24270,0.21061613268844828,0.7619999967160087,0.027383870595543033
id07988,0.12934018070844502,0.2867653558266927,0.5838944634648623
id13793,0.9899300080452187,0.009832014531667384,0.00023797742311385843
id06967,0.012351786068027467,0.0045076059738522935,0.9831406079581203
id26605,0.4638301352957125,0.07272406732405556,0.463445797380232
id15536,0.006309593923770157,0.10104941046708941,0.8926409956091405
id09298,0.9966088988662555,0.0005968672275656555,0.0027942339061788183
id02333,0.014060630560616235,0.9843837802090426,0.0015555892303411754
id26253,0.0002715550334973181,0.9980769255046229,0.001651519461879903
id06526,0.2663064116128876,0.0719893708812782,0.6617042175058343
id19127,0.4196574489720862,0.01800182891431162,0.5623407221136022
id18189,0.0001994283600587381,0.9991659783817335,0.0006345932582079055
id19060,0.05486023569276674,0.9407000507337194,0.004439713573513781
id10067,0.9590542456659751,0.019383379805087135,0.021562374528937875
id03584,0.030076537519368923,0.0019811924852924886,0.9679422699953386
id15088,0.28848378662468926,0.0023700670158184694,0.7091461463594922
id21289,0.0011845365933235972,0.9988000800776481,1.538332902819922e-05
id24797,7.837338976123643e-05,0.9993131769298674,0.0006084496803713544
id18768,0.00016754596464356924,6.180295035318313e-05,0.9997706510850033
id20590,0.13059677278284748,0.40115994911614206,0.46824327810101046
id21622,0.12093130537128742,0.7651348786702475,0.11393381595846508
id15417,0.010617629549690883,6.490985881525193e-05,0.989317460591494
id04253,0.4701708055694844,0.012490819608376745,0.5173383748221388
id12878,0.013729936166772885,0.38947074405469256,0.5967993197785346
id08924,0.18339387433608423,0.5655598565332993,0.25104626913061645
id26827,0.018485127429564208,0.9753020565370533,0.006212816033382477
id03215,0.00046064984099562317,0.9989702695149266,0.0005690806440778696
id02932,0.007688879880691944,0.9856343545346619,0.006676765584646281
id14948,0.137576845385951,0.8593857643529849,0.0030373902610642445
id16666,0.9726207986337554,0.0015128853888251824,0.025866315977419486
id23630,0.012702541994638687,4.6476772068004886e-05,0.9872509812332934
id16997,0.6161375929373002,0.004099164018113104,0.3797632430445867
id16816,0.6966088267820297,0.02357837087595503,0.27981280234201517
id16040,0.0021010557168551604,0.0007910559803291212,0.9971078883028157
id03310,0.0003547200441216558,4.329403860893821e-05,0.9996019859172695
id15042,0.9995899081010767,2.8465440875172066e-05,0.00038162645804814405
id16001,0.9894730127978294,0.0011159943602801156,0.009410992841890474
id23992,0.0028177926061036702,0.995889930066024,0.0012922773278722876
id01589,0.02415522952081827,0.9589564848580728,0.016888285621108966
id10987,0.9999596558480981,1.999999419434462e-06,3.834415248253766e-05
id02235,0.09735462065785501,0.4289844674987931,0.47366091184335196
id23133,0.9288394368344972,0.003872376624577628,0.0672881865409252
id12953,0.011447466857234405,0.09041144344881724,0.8981410896939483
id19608,0.9624559323068256,0.013216354480665266,0.024327713212509094
id15183,0.0028538660690378063,0.9971372514262714,8.88250469083186e-06
id17863,0.8825588156702163,0.03018141726136683,0.08725976706841691
id11531,4.269901931875155e-06,0.9991249162327976,0.0008708138652704165
id16489,0.003917183051867321,0.9958382989069462,0.00024451804118647154
id13579,0.9979837885014491,0.0003208862941205001,0.001695325204430301
id24609,0.9985196262811524,0.0004382636574091544,0.0010421100614383442
id03463,0.9937434425656263,0.004516123047110185,0.0017404343872635965
id14464,0.7957789495235745,0.15912659231054654,0.045094458165879
id14428,0.7122598125827253,0.246192553894839,0.04154763352243576
id26360,0.9482955673297201,0.016268631465869585,0.035435801204410276
id06482,0.8253225100778313,0.03976480086782104,0.13491268905434764
id11265,0.2638193202004169,0.01446802652157475,0.7217126532780084
id22818,0.05097655736170034,0.9433610772199139,0.005662365418385684
id01245,0.005367901028517295,0.9937622195425065,0.0008698794289762197
id19134,0.0021403209846310865,0.0003118128383877277,0.9975478661769812
id06561,0.7767083339100919,0.02426905327873478,0.1990226128111734
id21035,0.04443419056786303,0.0016765266934992396,0.9538892827386377
id12485,0.9534330684416069,0.04064781220414816,0.005919119354244983
id27408,2.694321802037024e-05,0.014509120364063318,0.9854639364179163
id09718,0.9011853771421049,0.00016532538930411742,0.09864929746859102
id25905,1.9999920410319574e-06,0.9999960000159178,1.9999920410319574e-06
id18707,0.9996982662222768,0.00020468049375650367,9.705328396670038e-05
id03000,0.8122727281989207,0.040990385041107205,0.14673688675997215
id25353,0.0021088716009229963,1.999997846818368e-06,0.9978891284012302
id12286,0.9902274688949189,0.005028059884100344,0.004744471220980743
id07459,0.9726001543474435,0.02329366850984494,0.004106177142711656
id20406,0.007766719922582887,0.00015586527269797012,0.9920774148047191
id22502,0.21488480976535343,0.035278476358682295,0.7498367138759643
id23344,0.9995422718867487,5.907536328315124e-05,0.0003986527499681126
id09345,0.02833551191272149,0.010561929935429698,0.9611025581518489
id27212,0.9663654362115428,0.032080398776708596,0.0015541650117485712
id16543,0.11214561840493464,4.2187803995550204e-05,0.8878121937910698
id17842,0.9207846190400008,0.07541636073533213,0.003799020224667111
id22079,0.0003715619957273518,0.0021330691825302514,0.9974953688217424
id17974,0.9769300700327912,0.002442902247943836,0.020627027719265
id03559,0.9981115696433503,8.545095743915386e-05,0.0018029793992105875
id15314,0.5614740007729646,0.2783924926232636,0.16013350660377182
id17990,0.9232513002093846,0.041888196887447916,0.03486050290316751
id18073,0.9956047667972716,0.0036993724692756646,0.000695860733452751
id21291,0.3822856994239299,0.5937831082873875,0.023931192288682724
id10599,0.5490592312446145,0.11087975520839106,0.3400610135469944
id04861,4.808732051062174e-06,0.9999578982352747,3.729303267421803e-05
id17669,0.0004010099763531364,0.9995591373673297,3.985265631717018e-05
id10961,0.0008662623353240908,0.997342864679441,0.0017908729852349756
id27971,0.12302561137200105,0.10178491171778084,0.7751894769102181
id18591,0.9948165261349409,0.00471670785331147,0.0004667660117476139
id22251,0.9717960902469939,0.0008873043897710943,0.027316605363234936
id13323,0.9362315164293427,0.01593842213609291,0.04783006143456452
id02721,0.06912353348307185,0.23637038046411252,0.6945060860528156
id04144,0.9665709564353164,0.008952891978393605,0.024476151586289813
id09615,0.9727019129665837,0.025283546000079607,0.002014541033336691
id09157,0.06784508263669549,0.16260622778395403,0.7695486895793505
id04615,0.998946628403342,0.0009240528839737435,0.00012931871268416468
id07673,0.0007076338194958419,0.9989927404576651,0.0002996257228392053
id11099,0.9948120404141819,0.0009658585721819274,0.004222101013636219
id02160,0.8056949234683611,0.16350357317305314,0.030801503358585846
id10347,0.0362007669264702,0.9597402022521605,0.004059030821369227
id23841,7.203876523086403e-05,0.00021166865005295697,0.9997162925847163
id08844,0.3090327206032489,0.007558674728150063,0.683408604668601
id27346,0.013030818561222807,0.6244059638490984,0.3625632175896788
id17408,0.00014371914696422394,0.9997964969536486,5.9783899387246766e-05
id20154,0.11865717222606127,0.0064986664797059,0.8748441612942329
id05643,0.8591664192157324,0.013260590728545355,0.12757299005572229
id16730,0.09773279746200565,0.8868662714270865,0.015400931110907932
id04069,1.9999924052201072e-06,1.9999924052201072e-06,0.9999960000151896
id21070,0.6819382080606685,0.24557620161174826,0.07248559032758327
id23005,0.03186604371927042,0.0008192559707200859,0.9673147003100095
id02947,0.0019394322291064582,5.6689128894923406e-05,0.9980038786419986
id24176,0.15990330525231983,0.0868205376269122,0.753276157120768
id14919,0.540909282323972,0.061381583173638996,0.3977091345023891
id20257,0.9989363026231024,0.0001230973886637991,0.0009405999882338514
id22943,0.20071428367024272,0.1045855171858541,0.6947001991439032
id11100,0.1092575594936803,0.4256422523400086,0.46510018816631116
id06735,0.0066025701374133935,0.0053967526890612155,0.9880006771735255
id04389,0.9401826807355542,0.023234856824947605,0.036582462439498246
id13848,0.9730815198138515,0.0014375995404295053,0.02548088064571897
id16742,0.881821310640114,0.08290453302415356,0.0352741563357324
id17773,0.23491233734393757,0.020387582016653062,0.7447000806394094
id04586,0.0003677837523203286,0.9988082772271549,0.0008239390205246242
id20435,0.11830633176198907,0.8800691240532805,0.0016245441847304418
id09848,0.8120983859254487,0.18453437415681528,0.003367239917736046
id15218,0.33578195506473096,0.0008976503976680119,0.663320394537601
id19588,0.945968660259945,0.026576599154780316,0.02745474058527483
id02368,0.0015521529754373323,0.9982364152158015,0.00021143180876111688
id00084,0.9992616945179539,0.000724479491941448,1.382599010470663e-05
id26591,0.007791990015296644,0.009171707372043416,0.98303630261266
id19955,0.0864685081570286,0.006589772294481813,0.9069417195484897
id03638,0.00895274720320604,0.9904281184319207,0.000619134364873296
id05450,0.0006411795983759158,0.9993550461632529,3.774238371223029e-06
id19546,0.00452039129515529,0.0018288944240193294,0.9936507142808254
id06955,0.0002554090973749796,0.0012550722041753993,0.9984895186984496
id22542,0.022841187929804357,0.9767440415852747,0.000414770484920986
id27368,0.9909746941634773,0.0022015842969135943,0.006823721539609189
id22095,0.8550080471209198,0.03109690845735137,0.11389504442172892
id24510,0.6805395303591444,0.2948925833293188,0.024567886311536925
id20687,0.9998896034035407,1.999996083931455e-06,0.00010839660037536097
id09432,0.028671334297311293,0.26092992933400133,0.7103987363686874
id27409,0.0004589226725575171,3.480600056748857e-06,0.9995375967273857
id21727,0.4525839521057724,0.4321312981314751,0.11528474976275255
id11047,0.003078261165538903,0.9959946932124876,0.0009270456219735264
id17931,0.8422883192707113,0.12129635738701272,0.036415323342276026
id01746,0.2538554158664135,0.009255156968398386,0.7368894271651881
id25290,0.010345588632356151,0.00982879534905581,0.9798256160185881
id04451,0.006442633701305983,0.9322373900355126,0.06131997626318143
id20989,2.2134534380095998e-06,0.9997307469707227,0.00026703957583927823
id12305,0.0032862075211068007,0.011716785334097982,0.9849970071447952
id04061,0.007658790252847816,6.679533368383116e-05,0.9922744144134684
id23731,0.2505971686440606,0.04011115360675773,0.7092916777491817
id18687,0.015627482523689125,0.9842495087422817,0.0001230087340292174
id09139,0.9808897012942621,0.008557411046929968,0.010552887658807894
id19998,0.00015214489984799676,0.9995668692515526,0.00028098584859939
id14379,0.9039835389324988,0.07608443034381755,0.019932030723683665
id14003,0.9827787586811179,0.002767186351907338,0.014454054966974885
id06801,0.9996827118553728,0.00029255340569000213,2.473473893712349e-05
id14290,0.9894821356354693,0.0003683200185305763,0.010149544346000211
id12585,0.035122267853068004,0.9642296499663527,0.000648082180579229
id13466,0.7784925781840751,0.03599230940773467,0.1855151124081902
id25062,0.00012436955677775749,0.9788097122138435,0.021065918229378765
id18576,0.0033056330619137633,2.5310727327393373e-06,0.9966918358653535
id26814,0.008109439826205834,0.9913005807951807,0.0005899793786134889
id10007,0.9391119448450606,0.04506773462383041,0.01582032053110905
id27762,1.9999993155771226e-06,0.9999906777711037,7.322229580792672e-06
id25055,3.9853135823491864e-05,0.9931007779500001,0.006859368914176477
id23842,0.00013495915697940051,0.9857703508758309,0.014094689967189801
id09914,0.9987453732179009,0.0006812765863544475,0.0005733501957446557
id19980,0.9687369160143747,0.019524872833366066,0.01173821115225922
id21241,0.34500251806471255,0.23326863479134768,0.4217288471439397
id24159,0.9995580837380827,0.00016823606724137042,0.0002736801946759057
id10533,0.9460869581664179,0.0005004191329277239,0.05341262270065443
id26754,0.2237953997452651,0.14685549771950718,0.6293491025352277
id09816,0.9910220845741553,0.007288876694809707,0.00168903873103491
id15584,0.0001731056982015746,0.999640254807832,0.00018663949396642375
id06406,0.9206089216690124,0.04705082203676572,0.0323402562942219
id12306,0.8079252725466096,0.18947804334046353,0.002596684112926916
id02971,0.8256943627138171,0.020943252666386535,0.15336238461979632
id01479,0.0029854178329127134,0.9810838938826939,0.015930688284393313
id24744,0.5486846119191578,0.007799645057700153,0.44351574302314195
id05733,0.954296666267996,0.00047896910228740835,0.045224364629716574
id07121,0.040907067112565476,0.9562048497849861,0.0028880831024484725
id11324,0.06295782141389852,0.9132474763379337,0.023794702248167824
id15743,0.8594715524408448,0.08107512302888019,0.059453324530274944
id07387,0.14207781041786552,0.5409810948513258,0.3169410947308086
id07613,0.2162582766063788,0.004709109935514464,0.7790326134581067
id18698,4.388550963050497e-05,0.9998898688448588,6.624564551075069e-05
id04671,0.9914913013637551,0.005779637089252021,0.00272906154699294
id15149,0.007679517169357912,0.00013562990669648453,0.9921848529239456
id21803,0.07329502666436813,0.03775909190846051,0.8889458814271713
id13085,0.0005345635292550824,0.0046142705258122585,0.9948511659449326
id10259,0.9676164094875676,0.029917053415524038,0.0024665370969083516
id21446,0.9860728654947079,0.0038122865591810277,0.010114847946111229
id24122,1.6153749249955e-05,0.9999818462533437,1.999997406200167e-06
id17149,8.697166678106995e-06,0.9999786905397741,1.2612293547969597e-05
id10340,0.0006780787056814239,0.9991727499616856,0.0001491713326331388
id11891,0.719348555513203,0.25581936872682587,0.024832075759971258
id08513,0.01057511051261493,4.816977256661339e-05,0.9893767197148184
id01759,0.5909549494908357,0.06789771115003296,0.3411473393591314
id00606,0.020551239060962605,0.013108144626649094,0.9663406163123882
id02138,0.17625632863603885,0.2142132774835269,0.6095303938804343
id27082,0.9848554360472387,0.010296250984592895,0.004848312968168435
id03864,0.008733225106782766,0.0029399122587235645,0.9883268626344937
id06718,0.7487447141324896,0.21270482712672267,0.038550458740787816
id22812,0.0020223478744570036,0.9977847896306473,0.0001928624948957468
id24928,0.9673299567881073,0.03125320836551092,0.0014168348463817744
id02750,0.02583157933487342,0.970256271795568,0.003912148869558616
id08766,0.9958445866509992,0.0035168792967255626,0.0006385340522752236
id02673,0.3020836945147352,0.04674926150214064,0.6511670439831242
id18182,0.9999933536682049,3.8119916030098965e-06,2.8343401921507255e-06
id26382,0.005913755109516847,0.2905555252724622,0.703530719618021
id25115,0.9999518907481145,4.639347215474289e-06,4.346990466988197e-05
id01699,0.013659018419940926,0.022529480196795185,0.9638115013832639
id22336,0.0007965710390823544,4.820056586967586e-05,0.999155228395048
id27882,0.9959654125192133,3.758784952105782e-05,0.003996999631265694
id15059,0.7441152641855238,0.23564174318022607,0.020242992634250292
id25760,0.6921717816924552,0.00870875543233908,0.29911946287520585
id10492,0.03946717203306258,0.0004285116982875208,0.96010431626865
id27006,0.48144839103528175,0.20072771617527707,0.31782389278944123
id16706,0.0005083994977435664,0.002530553555491321,0.996961046946765
id09705,0.00039095996508782776,0.9995984679598783,1.057207503394996e-05
id05026,0.038767518897142327,0.48258063730428763,0.47865184379857006
id00834,0.20166800611843103,0.573178004726749,0.22515398915482004
id19828,0.00041655770416848715,0.0001361084240847961,0.9994473338717467
id06497,6.704643907227449e-05,0.9999309535639478,1.999996979986245e-06
id09712,0.9515462887978919,0.03401719910247255,0.014436512099635517
id14547,0.9439965127074567,0.04667887765737051,0.009324609635172794
id11152,0.08940081263601767,0.8555400881710382,0.055059099192944216
id15703,0.9032869297592607,0.09619075876459866,0.0005223114761405856
id01567,0.7900776720608895,0.011660287474965118,0.19826204046414536
id00149,0.01868455772062199,0.005523748725690586,0.9757916935536874
id14814,0.198041926922765,0.550006600253786,0.25195147282344893
id03059,0.9998491569924882,9.325746474790759e-05,5.758554276386184e-05
id08492,0.0026056385984053617,0.0654150017782833,0.9319793596233114
id14813,0.834309659219902,0.0012223949834278,0.1644679457966702
id22225,0.9373839987049891,0.0618078610145452,0.0008081402804657584
id23299,0.9525384238407631,0.04506139759200356,0.002400178567233295
id23982,0.9999925901414389,5.409858657131543e-06,1.9999999039685e-06
id04892,0.9998888203427275,2.957980760685925e-06,0.00010822167651176233
id21569,0.5889388359026663,0.0006597658885728154,0.410401398208761
id11029,0.0010154745131165611,0.0008064843669932701,0.9981780411198902
id10744,0.9293670994830902,0.016831352810626102,0.05380154770628378
id20375,0.8668138714400544,0.044189254746490124,0.0889968738134554
id20416,0.8682376921606946,0.00949880815809785,0.12226349968120757
id09314,0.9933964994986626,0.0016073092356211017,0.004996191265716259
id27940,4.8759961824520276e-05,0.9999431190471341,8.120991041454934e-06
id19042,0.1348704152755511,0.8646112661537572,0.0005183185706917345
id08443,0.9754521173496953,0.020164061121264974,0.004383821529039657
id05591,0.8806447218898675,0.08896649623240241,0.030388781877730055
id00060,0.7494332040549125,0.048170396436494387,0.20239639950859317
id02957,0.008199421845891378,0.9880605723067319,0.0037400058473765637
id22184,0.9594804361441602,0.0003481240627445414,0.040171439793095245
id27183,0.012535821899107114,0.3117486283958435,0.6757155497050493
id06302,0.004145422741488304,0.0006074767710633793,0.9952471004874482
id24944,0.8051467237557709,0.0006753039530795645,0.19417797229114958
id10050,0.00010648946053994573,0.9995536737938783,0.00033983674558179866
id11913,0.1385240249226753,0.82400340715333,0.03747256792399479
id21867,0.9950815192365616,0.0007862447957858377,0.004132235967652532
id05218,0.19295337762342438,0.026402214023260238,0.7806444083533154
id26350,0.9437866989852379,0.04852043047370506,0.007692870541057066
id09479,0.01845242887134909,0.014003130451343482,0.9675444406773074
id22809,0.8783659076931661,0.06701992215982439,0.054614170147009644
id26584,0.9988915926829023,0.0006218237517943308,0.00048658356530335617
id21846,0.871126037565284,0.004369085674791761,0.12450487675992426
id13603,0.9929629703044937,0.0032767325029648326,0.003760297192541669
id09043,0.10654920861302983,0.8628678986649131,0.030582892722057078
id24153,0.9920228210091959,0.00022905424205474725,0.00774812474874933
id03882,0.9274519459620012,0.0042842568431425854,0.06826379719485631
id11385,0.9941083164764746,8.206509328647724e-05,0.005809618430239016
id05927,0.9989121560865832,0.0010573175686174696,3.052634479924014e-05
id19090,0.05588115692366453,0.8545890799142056,0.0895297631621299
id01305,0.9106915441963268,0.011670544448829125,0.07763791135484399
id14840,0.4220341612433734,0.12893772892369135,0.44902810983293523
id03134,0.008090238059229914,0.018766513839711486,0.9731432481010586
id27830,0.799365611295248,0.04062085424510106,0.16001353445965089
id06870,0.3919101470251317,0.5368140043334839,0.07127584864138437
id03712,3.116698527169023e-05,1.9999984271984965e-06,0.9999668330163011
id16585,0.3334707956627559,0.025636725740038304,0.6408924785972059
id06483,0.7444757597549996,0.2538428372072525,0.0016814030377480334
id09280,0.0015297787886431615,0.00010258959673233357,0.9983676316146245
id22373,0.6054837392802687,0.23907359201310002,0.15544266870663123
id27765,0.4151733207807042,0.5051787535610212,0.07964792565827478
id11199,0.0007299592759521087,0.9977824728495928,0.0014875678744551684
id14524,0.8811593618641375,0.06464376041984575,0.054196877716016785
id06920,0.02336112187447347,0.9727727934973783,0.0038660846281482336
id21909,0.487847737080623,0.25733418537563346,0.2548180775437435
id20573,0.7752089683822271,0.13850283528385637,0.08628819633391659
id00665,0.8486173367546156,0.012753698577525074,0.13862896466785946
id17880,0.7770315946883105,0.002497831266673016,0.22047057404501655
id18663,0.012869779419826104,0.9505980612378139,0.036532159342360086
id23092,0.9940730139689541,0.0057348552939776925,0.0001921307370683002
id04126,0.08640838977232229,0.09269590177650298,0.8208957084511748
id02165,0.7337839516535265,0.010595355170917455,0.255620693175556
id03092,0.00033963738557931994,0.9991436778195941,0.0005166847948266023
id07969,9.747364977758324e-05,0.9999000106298552,2.5157203672124822e-06
id03514,0.0014125374360031942,0.02779103484457424,0.9707964277194226
id03460,0.03609323531866523,0.2839642466279699,0.6799425180533649
id03610,0.00034880998586656444,0.9995734212636842,7.776875044911476e-05
id17201,0.7162024519887968,0.11464813005065035,0.16914941796055286
id02046,1.9999920857749368e-06,0.9999960000158284,1.9999920857749368e-06
id23497,0.1640230633917766,0.0012248324047679003,0.8347521042034555
id02259,0.9999695662500923,2.212360166930679e-05,8.310148238487012e-06
id17929,0.010934123963310022,0.06568626425872397,0.923379611777966
id27585,0.6095431241945555,0.2944242880867626,0.09603258771868199
id19174,0.7439783775050836,0.03555685952776753,0.22046476296714898
id10653,0.8090752364867297,0.0003197390468852451,0.19060502446638505
id18395,0.9578209306654126,0.034861319674143826,0.0073177496604434926
id25014,5.983241295831638e-05,0.9996859006947626,0.00025426689227903897
id14596,1.9999920518306267e-06,0.9999960000158962,1.9999920518306267e-06
id26296,1.9999975870127353e-06,0.9999834568059643,1.4543196448744082e-05
id19151,0.016081994705899525,0.9773298295884559,0.006588175705644442
id24247,0.001451263219159146,0.000253871730322643,0.9982948650505182
id11578,0.009844642785215213,0.9888697426663954,0.001285614548389435
id18624,0.01236466220289022,0.9874923982881806,0.0001429395089291709
id20034,0.003694299958545559,0.9909158279489376,0.005389872092516831
id04485,0.7534609273899842,0.1934100639553659,0.05312900865464997
id00700,0.9630318447632702,0.02371906979424002,0.013249085442489853
id21277,0.004579579810597997,0.9845682108255205,0.01085220936388161
id24867,0.030085662109448456,0.9654639422374831,0.004450395653068362
id25117,0.5208666195803003,0.1690302659062865,0.31010311451341316
id13072,0.04044354090884682,0.0010012136075912264,0.958555245483562
id24680,0.6111231849454141,0.0140701492014637,0.3748066658531223
id26811,0.0009482616090920351,8.318810046777306e-06,0.9990434195808613
id04984,0.9931183576526095,0.001295418728899934,0.00558622361849054
id09124,0.9648036329336959,0.03369975503255267,0.0014966120337515456
id03975,0.001594788205270369,0.0027332279339756915,0.9956719838607538
id16611,0.9869412551883209,0.0005951127360522205,0.012463632075627042
id21742,1.9999923157279915e-06,1.9999923157279915e-06,0.9999960000153687
id21623,0.998317368055201,0.0008243425213298376,0.0008582894234692418
id26452,0.0009152557418581516,0.9988996720436938,0.0001850722144480969
id20005,0.0014625683896597923,0.882638528048113,0.11589890356222723
id16439,0.8476842048713439,0.0731041559892202,0.07921163913943599
id09624,0.9999518039596957,4.2286703788391567e-05,5.9093365158247745e-06
id01600,0.4059745119753821,0.06774599461214852,0.5262794934124695
id09572,0.15580829191247092,0.00016808321520047045,0.8440236248723286
id24799,0.026044323691940548,0.9317174503801513,0.04223822592790821
id16858,0.8596888848618948,0.11938890979543285,0.020922205342672442
id05966,0.9983936969943045,1.8839789853208128e-05,0.0015874632158423378
id15700,0.2093531099370685,0.5914360714123551,0.1992108186505765
id26311,0.5143923557002062,0.021634764367145523,0.46397287993264824
id26911,0.8250370907576566,0.03895365966374402,0.13600924957859942
id12291,0.9978126917583665,0.0014255888877231233,0.0007617193539102606
id04335,0.896084045734258,0.029598204982313307,0.0743177492834287
id10129,0.9982514446896729,0.00046944417935746954,0.001279111130969732
id13384,0.8093590162816735,0.050243964241803725,0.14039701947652272
id24070,0.0006263332556524132,0.999181885225725,0.00019178151862248458
id06663,0.9999911070947848,2.4062864649615727e-06,6.486618750287643e-06
id12564,0.0004990545536340226,0.9994793204134018,2.1625032964266222e-05
id11628,0.9727949958907197,0.007639208271852446,0.01956579583742785
id11151,0.7133615093293185,0.00045471830622610405,0.2861837723644554
id07841,0.0015144601999271218,0.9966714155746381,0.0018141242254348185
id19220,6.602665438906946e-05,0.9998990124835442,3.496086206678601e-05
id08314,0.03016595990501543,0.9672927043644546,0.002541335730529921
id22465,0.8077228254597165,0.1850029041327864,0.007274270407497024
id03853,0.6985847325264339,0.13136205087299635,0.17005321660056968
id16906,0.028087849062070368,5.30492678763704e-05,0.9718591016700533
id04443,0.9949240775914031,0.004195446481125374,0.000880475927471583
id21730,0.017427783655208945,0.055315287362136006,0.927256928982655
id20104,0.999231091205189,0.0006826624223894162,8.624637242154205e-05
id07024,0.7888284250682104,0.006460031785032951,0.20471154314675666
id12812,0.3310780440770793,0.6610160285289852,0.007905927393935476
id17622,0.9808563291947932,0.0016249616693273983,0.017518709135879492
id04918,0.0014864907291064378,0.03982020302304975,0.9586933062478439
id16376,0.0002871307300407952,0.9992653995305947,0.00044746973936456397
id12675,0.39152999324479926,0.0005083906237776319,0.6079616161314231
id04092,0.9989357250238576,6.263099258622856e-05,0.001001643983556126
id27126,0.11977076971291839,0.01502722015417094,0.8652020101329108
id03144,0.08973669276560223,0.0131137607158513,0.8971495465185465
id08235,0.9955591742308822,0.0029074698971504036,0.001533355871967398
id06495,6.667440513873842e-06,0.0005465236423605773,0.9994468089171255
id13122,0.0017329627869594095,0.01851735006595048,0.9797496871470902
id18758,0.781177602085749,0.18691273904881872,0.031909658865432136
id10823,0.00033144666757684043,0.0017464916642572945,0.9979220616681658
id25633,0.9761706077404989,0.0003014331679788736,0.023527959091522173
id10026,0.17131312015093594,0.8002206216505945,0.028466258198469596
id27665,3.03302481344088e-06,0.9999909788816588,5.988093527863751e-06
id03614,0.10831359423116299,0.00018231457561567778,0.8915040911932214
id01019,0.9962568909635453,0.0024422054787285774,0.0013009035577261122
id02178,0.985813096233221,0.002756751385555365,0.011430152381223729
id23051,0.9972288429912439,0.0006384752553475358,0.0021326817534085664
id09942,0.02260514475884343,0.9763800267883744,0.001014828452782141
id18008,0.0012703500721737812,0.9986422388616157,8.741106621048803e-05
id00248,0.13108491426528868,0.0004595839934806249,0.8684555017412308
id19364,0.9945177366025065,0.0005824795558428317,0.004899783841650638
id20619,0.08657030140245991,0.016977743961054174,0.896451954636486
id21202,0.0058234788059270265,0.00018410981502755912,0.9939924113790455
id00636,1.999993954475773e-06,1.999993954475773e-06,0.9999960000120911
id14897,0.9201697151891078,0.001222516778286702,0.07860776803260551
id15889,0.1347113472343543,0.5312383149389542,0.3340503378266914
id24461,0.5196091347972603,0.049713804708461345,0.4306770604942784
id16196,0.002340141394105836,0.8400606742177735,0.1575991843881207
id15893,0.001654081380883711,0.9974130721340977,0.0009328464850186116
id14710,0.9733505506499401,0.01403250290683753,0.012616946443222378
id20059,0.9970440851484574,0.0011019026012765618,0.0018540122502660932
id18473,0.046588738226298665,0.8948728211014965,0.0585384406722049
id13190,0.2846252167634604,0.003742321309128824,0.7116324619274108
id04644,0.24774834068827675,0.46119360413068955,0.2910580551810337
id10020,0.9880940038804944,9.570561762151145e-05,0.01181029050188406
id12641,0.08868256332651477,0.9037979053371663,0.007519531336319004
id17298,0.0742654710653238,0.9208168319549488,0.004917696979727412
id05655,0.727712178611181,0.06735791773759517,0.20492990365122382
id00950,0.025417523168602726,0.9583199655930046,0.016262511238392733
id01687,0.09764326980399196,0.002732292732907233,0.8996244374631008
id04558,0.37908023652179335,0.034898098232727215,0.5860216652454794
id10896,1.9999922269277856e-06,0.999996000015546,1.9999922269277856e-06
id25155,0.5267293489234506,0.007037224108127961,0.46623342696842146
id10887,0.9815674714995122,0.008823555118666723,0.009608973381821055
id06051,0.8274217947399799,0.12220310239854781,0.050375102861472176
id04527,0.9289059307556259,0.0009075828643926538,0.07018648637998151
id20312,0.001645369741184955,0.00025947983421778964,0.9980951504245973
id22298,0.034030032902569556,0.9599371564576402,0.006032810639790128
id05335,0.9385616328696041,0.004920642224743235,0.05651772490565269
id21010,1.7153650532717792e-05,0.9998767754117014,0.0001060709377659747
id09165,0.00024523940817777176,0.9996309568880754,0.00012380370374687706
id26654,1.3578374466818332e-05,0.9986575168237471,0.0013289048017860324
id22511,0.00907589725820154,3.865588010215629e-05,0.9908854468616963
id27523,0.009433877510412372,0.010571704903197563,0.9799944175863902
id12448,0.9973440035705428,0.00245743901753616,0.0001985574119211605
id18766,0.9194227093515437,0.0644756822878883,0.016101608360568117
id04791,0.7168703036169173,0.1509737819438884,0.13215591443919428
id16131,0.9830039889594449,0.0030888185445651388,0.01390719249599006
id16763,0.6839054077139977,0.27317728035158273,0.04291731193441956
id16404,2.1187150786839868e-05,1.7170944270311895e-05,0.9999616419049429
id09901,1.6684813321904225e-05,0.999979324120363,3.991066315092851e-06
id24071,0.0006323095165066129,1.375832119815812e-05,0.9993539321622952
id14380,0.0024511485030845183,4.857457563789219e-05,0.9975002769212776
id24012,0.4389019515934215,5.119891936561978e-05,0.5610468494872128
id03175,0.005966112286129214,0.17466357389803341,0.8193703138158372
id26715,0.8643607646663957,0.1355536701036438,8.556522996053314e-05
id00278,0.012596417755361574,0.9821104008383523,0.005293181406286145
id03874,0.0036296234744257684,0.9962968533073346,7.352321823951505e-05
id14941,0.022276273224992958,0.0415476508710549,0.9361760759039521
id15369,0.8557260430771899,0.10500445538942854,0.03926950153338146
id27604,0.660574068641279,0.057954151517389675,0.2814717798413314
id20811,0.9981548236505894,0.0017833438479190969,6.183250149156671e-05
id20857,0.9948862775665553,0.0016065390223098009,0.0035071834111349057
id23395,1.9999938277474385e-06,0.9999960000123443,1.9999938277474385e-06
id08772,0.023213532806515048,0.9723030937385927,0.0044833734548922095
id04159,0.0012410092583120772,0.9962570133991757,0.0025019773425122554
id16856,0.021240757554694793,0.9669104489925419,0.011848793452763396
id04348,0.0025531551080629636,0.0048925055986270265,0.99255433929331
id04729,0.5453092144735914,0.41236380413327717,0.04232698139313153
id22029,0.0073488814206793245,0.986859369793376,0.005791748785944779
id22385,0.0004640792467563814,0.9994108521429735,0.00012506861027015482
id13016,1.9999980874101154e-06,0.9999362565206165,6.174348129620955e-05
id13208,0.35509100564288865,0.4065663364759999,0.23834265788111159
id10752,0.011551544713768097,0.9558713025558611,0.03257715273037087
id12213,0.0010330311963256103,1.758342990728179e-05,0.9989493853737671
id23190,0.23432835014527886,0.5149117827167778,0.2507598671379433
id20113,0.002976195279708144,0.8417698036241229,0.15525400109616896
id12048,0.9987006641196701,0.00011157935596101832,0.0011877565243688757
id23376,0.6192935754783984,0.04383590724655212,0.33687051727504963
id04123,0.04263104444655716,0.0020453193892630206,0.9553236361641799
id10503,0.8774043557658959,0.07147851815157275,0.05111712608253137
id01533,0.9998311278069442,0.00011386460849084096,5.500758456498897e-05
id18595,0.994479685960247,0.0023955267530506807,0.0031247872867022973
id16488,0.5809397160852292,0.016032529587513798,0.40302775432725696
id22591,0.0014372469504824474,0.9855226138680923,0.01304013918142529
id08742,0.2543070470632346,0.11790620325156358,0.6277867496852018
id21227,0.0022245707727203603,2.505216217177007e-05,0.9977503770651079
id10378,0.9945173242766899,0.004135041786042318,0.0013476339372676808
id05392,0.09965027964054869,0.12142400844003437,0.7789257119194171
id14200,0.0001866246697674452,0.9997641457931705,4.9229537062017816e-05
id20665,0.19535694044049204,0.7092263956081196,0.09541666395138834
id25232,0.00019305677718966027,0.9995012532224556,0.00030569000035474825
id04715,1.271392740017397e-05,0.9999834042271208,3.88184547890295e-06
id06205,0.0026621510296774087,0.00014728824402690578,0.9971905607262956
id11827,0.7239172484063329,0.0023344612431646463,0.2737482903505025
id17172,0.976587763559113,0.004928926197174261,0.018483310243712796
id16559,0.9973451983061951,3.3980941154032844e-05,0.002620820752650938
id18669,0.9899324365940843,0.009398776091705018,0.000668787314210806
id08860,0.00012165836687490211,0.9997016869911481,0.00017665464197690918
id12368,0.8016821888716164,0.0022945211754412612,0.1960232899529423
id27785,1.2901572312284085e-05,0.9999116628182754,7.543560941237378e-05
id02639,0.7555892259975299,0.23804544423986027,0.006365329762609989
id15969,0.9808628853619026,0.0007393595453431762,0.018397755092754195
id13521,0.7975763274718861,0.14266368724306516,0.05975998528504883
id24154,0.010217478192058715,0.0005301568266431023,0.9892523649812982
id04507,0.9742420623405297,0.02054637231812578,0.005211565341344473
id23784,0.6840099539947337,0.29021346814534943,0.025776577859916914
id00736,0.9984183513126758,0.0015090958370898467,7.255285023449473e-05
id11355,0.9787967892279119,0.01355743145838567,0.007645779313702523
id08667,6.38165153163666e-05,0.9999341834862836,1.9999983999410347e-06
id08682,0.10578841763835828,0.8848646474651465,0.009346934896495225
id11538,0.11156700379158208,0.887174005746781,0.0012589904616369246
id18565,0.9415820656559728,0.04959120346303238,0.008826730880994789
id10516,0.010790779221354262,0.015746890659306585,0.9734623301193391
id05884,0.10331889102179691,0.058004436494279735,0.8386766724839233
id22352,0.7757395042460136,0.023145493038188993,0.20111500271579735
id11704,0.9509508212352835,0.0485913656752685,0.00045781308944808674
id09717,0.0003479031803915009,0.9981982299557711,0.0014538668638373687
id26081,0.990525560335283,0.006644521105193866,0.0028299185595231295
id10733,0.21211608262300977,0.1660940701373969,0.6217898472395934
id13243,0.4261605345621963,0.5635272016580841,0.010312263779719586
id17562,0.3467000864667683,0.06459262568413429,0.5887072878490974
id01610,0.0020781429859237093,0.9880349679131489,0.009886889100927413
id19605,0.06062138361809905,0.006282002158904987,0.9330966142229961
id00472,0.07036013675984229,0.00046782631409669566,0.929172036926061
id12738,0.00018138736180906172,1.9999962698006243e-06,0.9998166126419211
id27767,0.9980006448289135,0.0016729034368913216,0.0003264517341952547
id02251,0.9427466635687648,2.0311976273318964e-06,0.05725130523360795
id16964,0.9649960677104242,0.03441714012028103,0.0005867921692947223
id22839,0.9200964915935494,0.026025118471729107,0.05387838993472159
id24723,0.18588022250348812,0.6358714260288127,0.17824835146769924
id23247,0.11403111102834929,0.033881052765708464,0.8520878362059422
id08820,0.30382588477901556,0.41601497303526447,0.28015914218572
id19585,1.3866086440388792e-05,5.4261731499833135e-06,0.9999807077404097
id02900,0.9910390297285022,0.002061729359239101,0.0068992409122585995
id13925,0.2238868204761247,0.6553835885150197,0.12072959100885561
id13417,0.5151543376056272,0.17078638212808891,0.3140592802662838
id01037,0.9821587640875651,0.007071406063894441,0.010769829848540443
id23218,0.7933539035347413,0.10271563395009939,0.10393046251515924
id03804,0.8585325807145261,0.020681103940488776,0.12078631534498512
id27615,0.7086781710307127,0.26672311245296804,0.024598716516319247
id13952,0.9998618386067931,4.971467197886946e-05,8.844672122793428e-05
id23887,1.999992196906435e-06,1.999992196906435e-06,0.9999960000156062
id12125,0.9970609185652433,0.00018241441483887735,0.0027566670199177527
id12580,1.999996133059014e-06,2.1031226470118592e-06,0.9999958968812199
id13515,0.9671621456568925,0.008055409899834593,0.024782444443272947
id04901,0.758785721771591,0.17675356971937145,0.06446070850903768
id08378,0.012322789823844344,0.8715224259014784,0.11615478427467721
id22420,0.010555805377475358,0.9398571047615214,0.04958708986100332
id06669,0.999977807162229,1.99999837009757e-06,2.0192839400971497e-05
id14609,0.5132546755194978,0.47784553229828725,0.008899792182214818
id00307,0.04483210494116552,0.03189356921021166,0.9232743258486228
id05923,4.086163321158456e-05,3.426396579477468e-05,0.9999248744009936
id11338,0.9984484820199528,0.001364307390386808,0.0001872105896603632
id24057,0.19570858412885925,0.04088461461028893,0.7634068012608519
id12169,0.9738275396207288,0.007088580608252903,0.019083879771018244
id18326,0.9942388839594346,0.0013210062832373186,0.004440109757328076
id18883,0.9929308066453114,0.0008956681358045143,0.006173525218884095
id18533,2.11598024431465e-06,0.9999958840234925,1.999996263097506e-06
id17876,0.0005724923704315388,0.9993786210044528,4.88866251155967e-05
id20731,0.9999954050712386,1.9999979362728755e-06,2.594930825075841e-06
id03024,1.999992970048256e-06,1.999992970048256e-06,0.9999960000140599
id13111,0.8086320683682193,0.05423658536360057,0.13713134626818008
id00782,0.9344267417815869,0.011521710871550064,0.05405154734686303
id02834,0.004259807539254762,0.99563337625285,0.00010681620789521226
id24697,0.9937435142245369,0.004863264889990447,0.0013932208854725622
id15020,0.010016161362191753,0.0008379986777737837,0.9891458399600345
id14320,0.991651049712797,0.0062582468591016755,0.002090703428101216
id08330,0.5398052258027632,0.00982404017566606,0.45037073402157074
id05001,0.06913767191683583,0.9308540266782411,8.301404923079246e-06
id01380,0.0023682557448703903,0.009846590655056844,0.9877851536000728
id08528,0.5136967691768165,0.1852821499676801,0.30102108085550333
id24180,0.0020104970987275374,3.806925846773814e-06,0.9979856959754256
id14187,0.8920288415113284,0.08318486501676568,0.024786293471905856
id18335,0.15000487143624275,0.8305700683017824,0.019425060261974936
id22887,0.00037583342885839287,0.000535348191722145,0.9990888183794195
id02361,0.0009848940310971381,3.491506211183076e-05,0.9989801909067911
id10298,0.9409514635326082,0.03584266598965076,0.023205870477741124
id17509,0.6523486272725454,0.008759069188679084,0.33889230353877553
id10388,0.0005682219833987787,0.9990184180914116,0.0004133599251896558
id10729,0.001738431713078534,0.0025043029920564543,0.995757265294865
id04085,0.001447142126622259,0.0003025993802881067,0.9982502584930897
id01855,0.28038369335245306,0.011667036925145848,0.7079492697224011
id22628,0.9106414912435552,0.0015320594687635743,0.08782644928768116
id21301,0.0005137870255762987,0.00292118576734657,0.9965650272070772
id05816,0.002285271192692987,0.9955574956654109,0.00215723314189625
id25939,0.8848746809752982,0.1061950303500455,0.008930288674656343
id22458,4.062524541314746e-06,0.9999681741436345,2.7763331824125572e-05
id11842,0.0003049502197356714,0.999050422048336,0.0006446277319282683
id04830,0.9496396159149623,0.021112893438221834,0.029247490646815862
id14978,0.23423869368978892,0.7651355078395807,0.0006257984706304319
id05067,0.10072021596981519,0.21533583584770472,0.68394394818248
id14196,0.8763836957498772,0.11560997904831742,0.008006325201805421
id12442,0.00011533168447761796,6.281513639739689e-06,0.9998783868018826
id15813,3.789423271515039e-05,8.759137240858642e-06,0.999953346630044
id15509,5.0942108966932944e-05,0.9999455507181297,3.5071729032645713e-06
id25299,0.013863476199134236,0.981919433834672,0.004217089966193819
id02091,0.00029020896530398927,0.9899641236269053,0.009745667407790709
id06099,0.9935126153989804,0.0019526286173880683,0.00453475598363148
id14257,0.11061651239678924,2.4318267701393313e-05,0.8893591693355094
id09349,0.937796289977779,0.02583059753557945,0.03637311248664158
id13831,0.036295152099398174,1.6696027335649878e-05,0.9636881518732662
id21579,0.00020203922268022335,0.9992241214564536,0.0005738393208662417
id17750,0.85398119194554,0.008129208054543223,0.13788959999991682
id10480,0.9974265431113525,0.0004822071618299864,0.002091249726817565
id21438,0.0038362354747171123,0.9954223643408222,0.000741400184460677
id12820,0.004853810479820661,0.023352853012604407,0.9717933365075749
id19705,0.9397971602889648,0.04630175336806624,0.013901086342969021
id14890,0.036959370556126615,0.10229303036707026,0.8607475990768032
id03808,0.0205905312789157,0.9786033224122029,0.000806146308881413
id13463,0.005429250595231799,0.9702379409413823,0.024332808463385903
id20534,0.920668517520991,0.025309814549173887,0.05402166792983516
id23512,1.212098378089639e-05,0.9999594191273534,2.8459888865718158e-05
id22157,0.9645240510274047,0.0046957173659242625,0.03078023160667112
id18988,0.0012658223212418378,2.2406364713197518e-05,0.998711771314045
id09689,0.2780467413947026,0.6135290485616616,0.10842421004363585
id27817,0.07286790516894844,0.0009995830057497,0.9261325118253019
id25493,0.531127707235572,0.4658793464864148,0.0029929462780132108
id22813,0.7127082396871903,0.2649427829954427,0.022348977317367024
id09898,2.9253072493380497e-06,0.9999950746951565,1.9999975942526736e-06
id18621,0.002951559571345477,0.05055729763587414,0.9464911427927803
id24576,0.9976213688211418,0.00010269058240642403,0.002275940596451772
id05956,0.9819796385368796,0.014375812940955008,0.0036445485221653856
id09434,0.005195378571931466,0.9868285257814272,0.007976095646641325
id03457,0.9930384884620924,0.0001598255078043306,0.006801686030103253
id14418,0.003534675182738209,0.9142122822636748,0.08225304255358709
id19667,1.9999971898454234e-06,0.9999683719926553,2.9628010154886624e-05
id24964,0.003760036782195778,0.9858196665187955,0.010420296699008643
id12733,0.5136533338903875,0.4716313538683374,0.014715312241275064
id24287,3.314207024494025e-06,3.5012505644405487e-06,0.999993184542411
id08397,0.9222831632488835,0.02803258040149915,0.04968425634961745
id16713,0.9958115649730037,0.001908197181818141,0.0022802378451781628
id02416,0.3310548469679939,0.14426505619715654,0.5246800968348495
id06638,0.5491415620998176,0.004574216706664753,0.4462842211935177
id08954,0.9999049957602502,5.4959714725725246e-05,4.004452502422703e-05
id01653,0.9889570191453901,0.0006321439740122995,0.010410836880597522
id27024,0.9787684579325947,0.01449670989430277,0.006734832173102582
id06883,0.45377937543537433,0.12445466445723347,0.42176596010739226
id16589,0.9987640541902557,0.00040220006577838027,0.0008337457439659349
id27957,0.8999410170614114,0.007948535670895202,0.09211044726769352
id06745,1.999996016307041e-06,0.999982357535367,1.564246861672624e-05
id01093,0.0005300229053570022,0.9994653240770102,4.653017632963458e-06
id26956,9.358640948625473e-05,0.9998667503497035,3.9663240810280736e-05
id21084,7.183126879476024e-05,0.9987578391810669,0.0011703295501383822
id25897,0.03593720620856814,0.9582841834348715,0.005778610356560391
id19216,0.08616715210603298,0.007747718654235845,0.9060851292397312
id04910,0.007121099214446671,4.526229799104143e-05,0.9928336384875623
id16070,0.06423142046493935,0.46596874805627625,0.4697998314787844
id26056,0.8976309669270206,0.10045939598252071,0.001909637090458696
id03458,0.9395150535721428,0.016832147604485745,0.04365279882337152
id26832,1.6407298598190167e-05,0.9991000372812874,0.0008835554201145146
id10715,0.027167167267031517,0.9665284599469715,0.006304372785997073
id08227,0.10078323056045044,0.012079540317798345,0.8871372291217513
id05041,0.013859482507458727,0.038668361491469995,0.9474721560010713
id20088,0.04186340281739246,0.9557985308711326,0.002338066311474976
id07146,0.9990650272793464,4.7604581370123485e-06,0.000930212262516571
id13264,0.9966058503616237,0.0011127723864752248,0.002281377251901137
id15443,0.0006283928425307746,0.9993496442342799,2.1962923189371877e-05
id10563,0.19108016122006088,0.04740550552508909,0.7615143332548501
id11078,0.2000105602853023,0.00033127407610163086,0.7996581656385962
id21521,0.9992677071844899,0.00023659303066214606,0.0004956997848479764
id07478,0.007398306596974373,0.0009055715643800524,0.9916961218386456
id18187,0.28224454113343195,0.0001093729288389408,0.717646085937729
id22957,0.8919928521539944,0.09345109690466022,0.014556050941345357
id03051,0.3706534070504532,0.6275901339614889,0.0017564589880578693
id02033,0.03225099286543647,0.9601255637012216,0.007623443433341986
id07605,0.9921223228038403,0.005072770163261817,0.0028049070328979436
id09853,0.03231710815643148,0.00642324749188646,0.9612596443516821
id07532,0.9409709379373193,0.006483591905503602,0.05254547015717702
id13910,0.022188977474924158,1.5087249963896527e-05,0.977795935275112
id25766,0.006044509776903823,0.9924209568739004,0.0015345333491957808
id20741,0.9999124507673546,4.53564879591223e-05,4.219274468628239e-05
id21540,0.5641744806810101,0.32857999963125056,0.10724551968773936
id01048,0.3805578939448309,0.09617931302303079,0.5232627930321383
id10520,0.0022691270611925815,9.607163987788516e-06,0.9977212657748197
id07993,0.1645531938179106,0.002725763370516858,0.8327210428115726
id18218,0.8179358053763311,0.12418574924485903,0.057878445378809776
id21787,0.9950687863484319,0.00022476151810292268,0.004706452133465197
id21668,0.9787989920900007,0.012916731293473356,0.008284276616526063
id18795,0.6050362833039938,0.0009500147777941854,0.3940137019182119
id10888,0.003492627094417811,0.979111464616897,0.017395908288685192
id05504,0.997581438439429,0.001928986280556868,0.0004895752800141667
id08234,0.02770164572094781,0.9649747670231604,0.007323587255891805
id13545,0.9966859077831592,0.0011133927721240272,0.0022006994447166892
id10457,0.9992915024702405,0.0005640762355273754,0.00014442129423220362
id26886,0.9975518330021018,0.0009166414983153895,0.0015315254995828219
id08197,0.9289801654929666,0.031353268909690646,0.03966656559734276
id23506,0.012227747992685873,0.8131189371764924,0.17465331483082172
id13082,0.7945105717741053,0.12836637135955864,0.07712305686633603
id03640,0.30990500251915437,0.0018620247073104653,0.6882329727735352
id14434,0.9980898772503866,0.0006754564464536409,0.0012346663031597527
id18045,0.031658979092041226,0.004241064510475264,0.9640999563974835
id22254,0.00012467520880155505,0.9998733247945584,1.9999966399815296e-06
id07693,0.00033787891567835715,4.699927218410213e-05,0.9996151218121375
id11174,0.9699291589148608,0.01166454041204419,0.018406300673094938
id16977,0.7095087890162037,0.10217204063271443,0.18831917035108175
id18823,0.019181134665814805,0.9763472206097847,0.004471644724400522
id15371,0.10579221491875526,0.00048823676693619626,0.8937195483143086
id25520,0.35648930379709987,0.6425074544006467,0.0010032418022533273
id02959,0.15505368141480483,0.003453447968380218,0.841492870616815
id16447,0.9969411658530968,0.0027873074618189266,0.0002715266850843546
id22428,0.00026145203654678466,0.010006229657078576,0.9897323183063746
id11691,1.999992042838646e-06,0.9999960000159142,1.999992042838646e-06
id16364,0.0017385078997418767,0.00015565337987437722,0.9981058387203837
id04677,0.9909661472502761,0.005687098715088278,0.0033467540346355743
id14107,0.971910101182861,0.017210285919974824,0.010879612897164154
id00038,0.00479988737206248,0.0032971801047386403,0.9919029325231989
id06627,0.011464257256380395,0.9863843122249479,0.0021514305186717576
id14730,0.9819317624032078,0.01747704540704644,0.000591192189745802
id03028,0.008443050361278967,1.6539450024879685e-05,0.9915404101886962
id12093,0.08163141722864331,0.05414404352137479,0.8642245392499819
id17646,0.9412128620156034,0.016866241480356564,0.04192089650404002
id12254,0.008536397840043326,0.014755649666468005,0.9767079524934887
id20276,0.39191212232443456,0.44519397036044467,0.16289390731512077
id05113,0.0007061763923027772,6.624906177557699e-05,0.9992275745459216
id19361,0.9976915256680584,0.0007021358711403406,0.0016063384608013143
id12822,7.114060442558715e-05,1.976157640919266e-05,0.9999090978191651
id01292,0.13985580371082648,0.7889310083548976,0.07121318793427596
id15670,0.00018390011625179473,0.9997272105323223,8.888935142585086e-05
id22517,0.7712549152972742,0.0746004859784346,0.15414459872429126
id05169,1.1779774402009786e-05,0.00018634932901570044,0.9998018708965822
id01681,0.004075371567739507,0.9959164312854314,8.197146828998881e-06
id16987,1.6811074435701806e-05,0.9999811889280773,1.9999974869133657e-06
id12983,0.9913342546031205,0.007749126260292175,0.0009166191365872797
id24596,0.8677846746201523,0.003903093467247706,0.12831223191259994
id10673,0.6445151919296793,0.05929991458189619,0.2961848934884244
id21032,0.13273644618281097,0.0022847425671288324,0.8649788112500602
id04393,0.9933334681138404,0.0026698515150953344,0.003996680371064268
id05434,0.27545554516932125,0.1988912668363677,0.525653187994311
id23793,0.010451576903391267,0.9876909952320663,0.0018574278645423564
id14327,0.028953251270896086,4.095549246791731e-05,0.971005793236636
id08874,0.965085435366619,0.01610619434115867,0.018808370292222373
id23114,0.0006009912674342808,2.847482224200926e-06,0.9993961612503416
id17998,0.9862389929833395,5.8692125159660644e-05,0.013702314891500878
id03248,0.9452867555631959,0.01664307104768905,0.038070173389115156
id19982,0.9506389180518612,0.002246381132673057,0.04711470081546586
id02463,0.18706093073788466,0.46524274095116336,0.34769632831095204
id01173,2.2166620777635867e-05,0.9999758333819256,1.999997296775815e-06
id11486,0.11511117921827017,0.004599490089585005,0.8802893306921449
id13875,0.9493993972437008,0.03437430530785529,0.016226297448443956
id11996,3.4630298302488544e-05,0.99919404272141,0.0007713269802874762
id20016,0.6770250588240448,0.016514887145120692,0.30646005403083443
id21163,0.037746717899193545,0.9607271700546605,0.0015261120461458604
id27788,0.0010631932426256577,0.9989232740925862,1.3532664788166004e-05
id05345,0.006359391180978261,1.9391974063856962e-05,0.9936212168449579
id06642,0.00014296648345437862,1.999997345859267e-06,0.9998550335191998
id02630,0.9998745584672764,4.2705610398425054e-05,8.273592232522122e-05
id19669,0.0029429450648378506,0.0002250000733122477,0.9968320548618499
id11560,0.9928519100171078,0.0037632534996998204,0.003384836483192307
id04038,0.6000098110097336,0.001520790535368099,0.3984693984548983
id01135,0.8392335838567982,0.11624268518200112,0.044523730961200714
id00558,0.9575556825044169,0.01905869593123083,0.023385621564352272
id21104,3.2173149454906674e-05,0.9998521914267819,0.00011563542376306568
id18653,0.8483380789759699,0.00414906175283269,0.14751285927119745
id12684,0.6839094264657529,0.0013460924160430012,0.314744481118204
id14001,1.999992202151443e-06,0.9999960000155956,1.999992202151443e-06
id13973,0.0065912580029923165,0.9904677852584673,0.002940956738540306
id12628,0.40922815065175216,0.02124017546126303,0.5695316738869849
id05398,0.9245844338647488,0.040687297841322544,0.03472826829392868
id21797,0.005017562914530947,7.793669356218149e-05,0.9949045003919069
id12836,0.9211732644612058,0.03217883821985005,0.04664789731894423
id24392,0.56570302130584,0.42044406249353566,0.013852916200624349
id17891,0.5598976970879659,0.35958988639572903,0.08051241651630521
id22594,0.005787055743172799,0.0037071385876179088,0.9905058056692093
id13893,0.023896021925954476,0.705743919408109,0.2703600586659365
id23149,0.018092721737647997,0.0455084133042146,0.9363988649581374
id25035,0.5327077062966716,0.00039721882088860776,0.46689507488243975
id14727,0.9997816413933347,0.00019073150393623538,2.7627102729031887e-05
id19523,0.4376235352992797,0.35695626624159194,0.20542019845912843
id01150,0.8499232191252032,0.10780893670958819,0.042267844165208755
id03947,0.014538921661085506,0.03350004957714356,0.951961028761771
id16755,0.36296416802964643,0.37074091146381744,0.2662949205065362
id20700,0.9733264120221856,0.020615200872744426,0.006058387105070031
id14969,0.9438081589432634,0.04136900087836308,0.014822840178373509
id04578,0.9962966188390586,0.001633474225970406,0.002069906934971029
id00454,0.003168527413390263,0.018028243482136972,0.9788032291044728
id02079,2.36908632795972e-05,0.9993527571309077,0.0006235520058127697
id04483,7.321956374196472e-05,0.999923249509114,3.530927144038894e-06
id27403,0.0002949790368993093,0.9985415709589784,0.0011634500041222704
id18464,0.0005404003793379908,1.99999657564553e-06,0.9994575996240864
id16974,0.00015746373719582966,0.9982041147941416,0.0016384214686625805
id20968,0.08070383214853154,0.003969435503090443,0.915326732348378
id15904,0.261915796154798,0.11140365249500411,0.626680551350198
id26247,0.002550434659005323,0.9974439098166661,5.655524328656897e-06
id16959,0.012754910395068866,0.9868173788300936,0.00042771077483762
id15588,0.9750614390232514,0.004381099398990045,0.02055746157775866
id15028,0.020321020529878272,0.3394086672385104,0.6402703122316115
id15812,0.9979185220319361,0.0016246116475099786,0.00045686632055407525
id11060,0.04149035260155863,0.046630455368883716,0.9118791920295577
id03139,0.2832516314371741,0.28856018901339253,0.42818817954943333
id11124,0.8106054751275513,0.16910496720065132,0.020289557671797385
id08326,0.00010580016403107581,0.00012002627132659901,0.9997741735646424
id02237,1.66651912012336e-05,8.430233644515943e-05,0.9998990324723537
id18268,0.14203782584041336,0.3590189249049109,0.49894324925467576
id08549,0.0004550842384287796,0.9994592395208259,8.5676240745311e-05
id03413,0.005794581754189368,0.9668113099919268,0.02739410825388386
id15227,0.6241829378210275,0.3753308740138832,0.00048618816508942534
id08276,0.002750905349301687,0.00014413098028659722,0.9971049636704117
id02691,0.10540158299775451,0.777907225414968,0.11669119158727746
id15274,0.004476723107279255,0.05140014255049715,0.9441231343422236
id18021,0.0008808970448297859,0.9990340071773457,8.509577782457863e-05
id16994,0.9975240720589482,0.0003823727835662986,0.002093555157485495
id01218,0.026304982036957986,0.9295297472491514,0.044165270713890724
id21198,0.0015906509539495982,0.998057038944301,0.0003523101017494974
id21188,0.9990131918987303,0.0008598294600095597,0.0001269786412601466
id10509,0.009580538500139162,0.0006405911153156772,0.9897788703845453
id26923,0.9394536997413913,0.0009822240357981954,0.05956407622281057
id04862,0.7453904153689715,0.1517081658048899,0.10290141882613857
id13792,0.99833150377251,0.00025587238147912913,0.0014126238460108029
id14671,0.12239614246754306,0.4993079087255526,0.3782959488069044
id03682,0.9985594890851953,0.0011402004547371681,0.0003003104600675588
id12531,0.0036834462587971894,0.01621515818886603,0.9801013955523368
id24788,0.9656614410790862,0.02074518597344465,0.013593372947469016
id19959,0.43659376883979706,0.5150565351555123,0.04834969600469067
id07150,1.9999961463483077e-06,0.9999934902091102,4.509794743529567e-06
id27039,0.0018349396792033696,0.034334319417550184,0.9638307409032465
id07469,0.9995033395544684,9.823329647234711e-05,0.0003984271490593005
id19322,0.9914353721124478,0.008315229407455684,0.0002493984800966066
id03708,0.9954618838515202,0.0027294370444079013,0.001808679104071898
id15795,1.999993756543436e-06,0.9999960000124868,1.999993756543436e-06
id10472,0.9999817867817378,3.750697796916039e-06,1.4462520465410681e-05
id16830,0.0021943689390970457,0.011898158330392126,0.9859074727305108
id25936,0.5238805118376597,0.4478572992009076,0.028262188961432726
id27050,0.9516804921628528,0.03676909960312838,0.011550408234018827
id09534,0.3502363858798617,0.00161652760265556,0.6481470865174827
id24028,0.00028348191573213143,0.9996392922782387,7.722580602918785e-05
id00179,0.3985266195467806,0.38489142996911047,0.2165819504841089
id01066,0.008766055342078468,0.0012756924558249816,0.9899582522020965
id12260,0.7971719636022644,0.0005560177163229096,0.20227201868141267
id27309,0.00034231772734980205,0.9996448407961609,1.28414764892983e-05
id23788,8.88131941509105e-06,0.9990453842115616,0.0009457344690231784
id22640,0.00850549386410461,0.9705610025833545,0.02093350355254084
id11994,0.9718964413300046,0.0018998541208474465,0.02620370454914798
id27108,0.019696268825067073,0.0027048809746835303,0.9775988502002494
id06350,0.8186386359731251,0.0023081008778007184,0.17905326314907408
id20810,0.8517037062914111,0.12382253683201488,0.02447375687657416
id03566,0.7300535907892844,0.268048677597872,0.0018977316128435983
id24869,0.976649668889503,0.0195880837846108,0.003762247325886246
id05052,0.39190978869873316,0.0004204054486509995,0.6076698058526159
id10556,0.6901627594903822,0.02354093403896429,0.28629630647065357
id02614,0.998075350736781,0.000481313427427797,0.0014433358357913268
id07758,5.816172047974214e-05,0.008286920777868169,0.9916549175016521
id18154,0.8851706552592102,0.016011687524585757,0.09881765721620406
id27824,0.005935979862112681,4.5213299737978614e-05,0.9940188068381494
id01863,0.8841140554795843,4.0021674421181846e-05,0.11584592284599449
id03399,0.31745330397026955,0.17428484466896854,0.508261851360762
id08499,0.9999304042387055,5.5279522861487285e-05,1.431623843301035e-05
id13050,0.05410033519665907,0.9427865980948604,0.0031130667084805475
id02045,0.02127024496690863,0.8817103455979872,0.09701940943510422
id23460,0.008024530557328791,0.00038318333688589374,0.9915922861057853
id07754,0.02906312354292188,0.0330948242226209,0.9378420522344573
id00962,0.0002967184646069189,0.011022752379155117,0.988680529156238
id16289,0.025322679594728698,0.9586452095937574,0.01603211081151391
id17208,0.13190420310602272,0.03265987520129744,0.8354359216926799
id04362,0.30160477531885665,0.5361077374203219,0.16228748726082143
id25585,0.8715744310932486,0.043720807982692705,0.08470476092405876
id14213,0.00011039924234940186,0.9998792676814301,1.0333076220420804e-05
id12597,0.9541300993176063,0.0011581642266008014,0.0447117364557929
id22126,0.6769214431936212,0.31170107620621496,0.011377480600163808
id21624,0.9362312323438815,0.009608605751235991,0.05416016190488256
id15291,0.9843437373843629,0.0043721566289090154,0.011284105986728122
id22388,0.9877966892935816,0.0029229508748390984,0.009280359831579266
id20030,0.00693471013026011,0.001454189391326514,0.9916111004784134
id08162,0.00026861429359009226,0.9992952733985528,0.00043611230785712364
id19094,0.06734886437230955,0.0038223183286286,0.9288288172990619
id15689,0.8545955675226028,0.020556965139189892,0.1248474673382073
id03782,0.0014168085475344356,0.009610538024782024,0.9889726534276836
id21690,0.0051368036471264415,0.0022235521684491563,0.9926396441844244
id04375,0.09985108324120251,0.007405287128546141,0.8927436296302514
id01996,0.4828778554210957,0.06396293310385777,0.4531592114750466
id17872,0.00370171312264769,0.0026466494502320127,0.9936516374271203
id13803,0.9655810966888584,0.033625355264555824,0.0007935480465857959
id22322,0.9406030752547352,0.017525856968403593,0.04187106777686119
id05987,0.5464922408155721,0.025264261785810156,0.4282434973986178
id01892,0.9971938245161628,0.0026192462195605785,0.00018692926427670174
id10446,0.2990605005637159,0.013045606134772545,0.6878938933015116
id10837,0.30526559348768806,0.011386774812958498,0.6833476316993534
id25725,0.008893657545194195,0.9846853489353046,0.006420993519501175
id21555,0.00017302679879282117,0.002858396580359596,0.9969685766208476
id14273,0.915072939656603,0.046445178909120366,0.03848188143427671
id05164,2.194658727453297e-05,0.9999596259093366,1.8427503388882548e-05
id15806,0.000289924847033993,5.4172966380945145e-05,0.9996559021865851
id22313,0.5329865893848394,0.011430816230424476,0.455582594384736
id07770,0.0016612357081815512,0.997692990822888,0.0006457734689305202
id22677,9.02570792474617e-05,0.9824445350575806,0.01746520786317198
id14144,0.1074074826471565,0.0007586639303721893,0.8918338534224713
id24637,0.00042326146883634965,0.999563753127684,1.2985403479723802e-05
id19346,5.987919477727779e-05,0.9999360764327533,4.04437246941417e-06
id17694,1.9999964562092982e-06,0.9979358329000255,0.0020621671035183538
id22547,0.12275773941150361,0.87322704834502,0.0040152122434764055
id21870,0.5558844567421473,0.3713978301576503,0.0727177131002024
id05420,0.46629933394680495,0.13681896339347382,0.39688170265972117
id05785,0.07255005370326845,0.0012004291778953198,0.9262495171188363
id10406,0.7438648916324065,0.02745659734512723,0.2286785110224663
id19687,0.3706136327857084,0.5674657816901112,0.06192058552418049
id24237,0.00011509836235086199,0.9996153922970783,0.0002695093405708918
id04840,0.9987513728326033,2.4683003728266462e-05,0.0012239441636684248
id03369,0.004737340170398236,0.9850940941267803,0.010168565702821425
id10539,0.9072356825986472,0.02079913006024103,0.0719651873411118
id21454,0.023417478589172407,0.08501707028179661,0.891565451129031
id12497,0.9997512930936414,0.00022339208117483207,2.531482518379781e-05
id12110,0.9978355422697663,0.00027223344121866564,0.0018922242890150006
id19875,0.03596004481742002,0.957625225596959,0.0064147295856210994
id17061,0.16775839417545577,0.0001319648330350407,0.8321096409915092
id01823,0.0032430169567105485,0.00034281019546980265,0.9964141728478196
id10541,0.042558021523735126,0.06246567211426211,0.8949763063620028
id08838,0.6969460304742937,0.2955215535100988,0.00753241601560751
id14058,0.0005465932932995174,0.9986795359616006,0.0007738707450999113
id02519,0.8236304733756067,0.00015097605977551815,0.17621855056461774
id15851,0.0012433407760885189,0.9964527876967174,0.0023038715271941203
id18981,0.9965510399458909,0.0003202715474303722,0.003128688506678587
id20283,2.238143437166061e-05,0.8867645454429628,0.11321307312266561
id24321,0.00017416682681821886,0.00016142011368468467,0.9996644130594972
id15426,0.37776323032040754,0.016677362110102206,0.6055594075694903
id19185,0.0007306565588989239,3.9947754994038336e-06,0.9992653486656016
id16913,0.5496285955533179,0.003927041826338598,0.44644436262034354
id17366,0.7587243379191018,0.23511458638350638,0.006161075697391976
id14629,0.37116425895448707,0.09186430679001364,0.5369714342554993
id02156,0.0013000350257348471,0.9967210742152532,0.0019788907590119554
id25990,0.08197515763883093,0.4401335240151043,0.47789131834606474
id12433,0.07412986039163118,0.0019086342040496088,0.9239615054043192
id01192,0.9853460995765454,0.0015953741437327203,0.013058526279721955
id18304,0.9989577121070904,5.9785088515719464e-05,0.0009825028043939762
id08816,0.8963243250982411,0.05624276625816661,0.04743290864359236
id06391,0.6247236449712797,0.008408471930161749,0.3668678830985586
id09551,0.9677462317999135,0.005429288298644255,0.026824479901442263
id17127,0.9745128559052068,0.018131818073410386,0.007355326021382853
id00405,0.8877996123978134,0.017328736266979228,0.09487165133520752
id17097,0.9996972195860218,0.00028578928785591434,1.699112612229575e-05
id14756,0.9958394072381245,9.346280080331719e-05,0.0040671299610721984
id00827,0.02733378266225988,0.9636467069638991,0.009019510373841147
id20079,0.48956610227884256,0.5030203947800626,0.007413502941094835
id07234,0.5769823477350973,0.3978381030869178,0.025179549177984935
id17967,0.9958120552108145,0.00022102261643577536,0.003966922172749772
id08122,0.003922024418548344,0.00012669935285245223,0.9959512762285992
id08810,0.6100674561736298,0.1314994471661376,0.2584330966602326
id06035,1.999996848732833e-06,0.9999834555711967,1.4544431954531834e-05
id11583,0.4646365906075544,0.5135836606506532,0.02177974874179242
id02303,3.969417254129667e-05,0.9999547488896382,5.556937820524814e-06
id05242,0.0004377600905914528,1.9999961844693795e-06,0.9995602399132242
id13422,0.9558915421734361,0.02921976395625809,0.014888693870305765
id07689,0.956856905787222,0.0030677248948730016,0.04007536931790498
id08626,0.34933351565271115,0.16938503091199048,0.4812814534352983
id22213,0.251374783877696,0.2581401378847624,0.49048507823754156
id14279,0.0005581616193902267,0.999211563401635,0.000230274978974806
id23873,0.00018829241042961917,0.9997656375124607,4.607007710968528e-05
id27967,0.9925074199066651,0.0012155859592109164,0.00627699413412402
id21118,7.2729184342375445e-06,0.9999907270823305,1.9999992351968265e-06
id03867,0.010030344888453618,0.9856909257895077,0.00427872932203859
id12593,0.954198453597935,0.02347683059977785,0.022324715802287162
id20223,0.795079164467277,0.1982551399873271,0.006665695545395959
id21015,0.9972582820127073,0.00101893325993271,0.0017227847273600615
id07297,0.7241178562667305,0.02150490434238356,0.25437723939088597
id05958,0.9587749740621281,0.0033876811458761914,0.03783734479199572
id22990,0.480556702774977,0.2960897218116782,0.22335357541334475
id21838,0.8073726727773005,0.19045681361648367,0.002170513606215751
id26686,0.9996041360427386,1.999996511309322e-06,0.0003938639607501409
id17183,0.07984837315607939,0.9133606629828328,0.006790963861087704
id13877,0.24575238824137036,0.2145982567136432,0.5396493550449865
id27300,0.0013795555124635427,0.3898225080998766,0.6087979363876598
id12219,0.8541736277905293,0.11948900751003598,0.02633736469943473
id21935,0.9808863020665568,0.002199756086394804,0.016913941847048437
id11241,0.0038935144455930076,0.00048528702704910557,0.995621198527358
id13117,0.010690389938196748,0.00013113677524963157,0.9891784732865536
id22934,0.8783323790261179,0.007418545479024864,0.11424907549485715
id06123,0.5089174010224513,0.46651210121078546,0.02457049776676326
id24499,0.9956767023288121,0.00022046533713922082,0.004102832334048578
id06305,0.9978300837547142,2.2599657758839767e-05,0.002147316587526914
id05291,0.17555075916336865,0.010619715552438423,0.813829525284193
id17070,0.0030254243862307636,0.9954373818054244,0.001537193808344797
id04261,0.9631991074613634,0.0012138993827250227,0.03558699315591168
id05493,8.498410452236003e-05,0.0006949140581415708,0.9992201018373361
id01921,0.16514579950682015,0.00338995405428803,0.8314642464388918
id21901,0.0002386261817503344,0.9997584757513669,2.8980668828384802e-06
id26297,0.8881328911770647,0.004574596802006898,0.10729251202092835
id26919,0.998675313259267,3.910345585241484e-05,0.001285583284880609
id26976,0.4064336172678836,0.18244597448396346,0.411120408248153
id09290,0.9999124524497267,3.4097112379182405e-05,5.34504378940813e-05
id03920,0.019152709773667058,0.9323558367302495,0.048491453496083525
id11163,0.00011660193426006742,0.9998793746807921,4.023384947730982e-06
id19267,1.99999210167934e-06,1.99999210167934e-06,0.9999960000157966
id00252,0.03812177094928941,2.847934374097355e-05,0.9618497497069696
id02493,0.0010334107918402713,0.9456643648221007,0.053302224386058944
id19384,0.9988727480266162,0.0007224224546316071,0.00040482951875220964
id06084,0.9627870783180991,0.02398974452056441,0.013223177161336473
id16369,0.0005243180115226021,0.9994548677257185,2.0814262758995485e-05
id21012,0.40639771482515236,0.5924525315013512,0.001149753673496349
id19276,0.9912082795223305,0.006125216776447453,0.002666503701222076
id25620,0.00037996775905302046,0.0001749399129076341,0.9994450923280394
id22224,0.8677460398477777,0.005529407017805656,0.1267245531344166
id27162,0.04566652425611556,0.004717244692474238,0.9496162310514102
id20802,0.9944874845153904,0.001638081830969798,0.0038744336536397648
id25431,0.837120551345936,0.05911801939122266,0.10376142926284135
id17375,1.999997525139673e-06,1.999997525139673e-06,0.9999960000049497
id19031,0.816281430067613,0.0006245484847177598,0.18309402144766931
id26961,0.004913441956697943,0.991192665566333,0.0038938924769691225
id21314,0.2515545334612391,0.09363568648211473,0.6548097800566461
id02187,0.893682737082567,0.002154877447091681,0.10416238547034135
id04177,0.9944417009711609,0.004828396940827321,0.0007299020880117631
id20912,3.104758505130314e-05,0.0007210843749950426,0.9992478680399537
id16461,0.9814627357296537,0.0025558185512399205,0.015981445719106452
id21126,3.811263571444148e-06,0.9999913609071418,4.8278292867596e-06
id07172,0.0168612454451685,0.00024747261457337894,0.9828912819402581
id16912,0.006780524021587234,0.0010654423218533768,0.9921540336565594
id27836,0.6398318136014282,0.10867912688497858,0.2514890595135933
id24102,0.015990046021724606,0.010919658915617166,0.9730902950626582
id22863,0.9523985706614156,0.001507671455672984,0.04609375788291136
id12596,0.9734151761529687,0.0015235177140364945,0.025061306132994902
id06970,0.9997749166881371,4.805085351403137e-05,0.000177032458348877
id11925,0.9974013572973994,0.0022135420590489834,0.0003851006435516527
id17870,0.004793384117877705,0.00011852757043598511,0.9950880883116863
id15802,0.0873588653096222,1.148455033618717e-05,0.9126296501400416
id27055,0.9890613837676558,0.0003028296032765197,0.010635786629067685
id15534,0.00022385096148950858,3.658562149147786e-06,0.9997724904763613
id00653,0.9661935299640219,0.021034949079261553,0.012771520956716647
id13184,0.6117996896398159,0.38159236263169066,0.006607947728493507
id24539,0.0007158248548776981,1.5500963528428313e-05,0.9992686741815938
id01909,0.06684298175053524,0.9279883189456992,0.005168699303765528
id11081,0.1837277495431774,0.014336971993425943,0.8019352784633967
id19484,0.03684616595379738,0.11036724910630505,0.8527865849398976
id15680,0.000520839261134006,3.306923852316095e-06,0.9994758538150137
id19847,0.9854979918434806,0.013978665472229097,0.0005233426842901674
id08396,0.006326117785196363,0.9909144437248718,0.002759438489931952
id27747,0.0031730106453161495,0.990977460007269,0.005849529347414773
id13275,0.292393279582321,0.054842479340318995,0.6527642410773601
id24592,1.999997998967495e-06,0.9999365634547961,6.143654720498709e-05
id17539,0.07556083537113853,0.01413476776000076,0.9103043968688607
id25139,0.9943062054312967,0.0011343847522144053,0.004559409816489054
id04900,0.011663780630697089,7.366057175092418e-06,0.9883288533121278
id11807,0.0027664566448465855,0.04641996003924365,0.9508135833159098
id27825,0.9998849056344723,1.999996457239685e-06,0.00011309436907059975
id02124,0.07604906404691598,0.723052435308929,0.200898500644155
id13514,0.004552498721941852,0.0007322400035612651,0.9947152612744968
id07085,0.1529952215439225,4.5345801790508966e-05,0.8469594326542871
id19595,0.062128356368583194,0.9328429355220295,0.0050287081093874616
id03479,0.016148158619770803,0.9834586163885287,0.00039322499170045777
id26481,0.999253873195393,3.538974266214555e-05,0.00071073706194486
id13820,0.9986960969606883,0.0011415329354084215,0.00016237010390336408
id13710,0.9992875606250472,0.0006771906274630709,3.524874748973867e-05
id14226,6.379989678960117e-05,0.9996370844576623,0.00029911564554809775
id03273,0.014645136664477927,0.002039745747208713,0.9833151175883135
id22595,0.998914944155321,0.0009821272552327188,0.00010292858944631675
id02450,0.03598051061049545,8.887916683111701e-06,0.9640106014728215
id16725,0.9998670075281545,0.00012860186149359583,4.390610351932763e-06
id08589,0.002888762981318891,0.9815124995316564,0.015598737487024698
id21185,0.12084718358875733,0.1120168624742526,0.7671359539369901
id24259,0.0041895861307360595,0.9781346583946594,0.017675755474604492
id23205,0.013210506704540657,0.002477934938293636,0.9843115583571658
id10758,0.8364019542660552,0.05943353735766437,0.10416450837628044
id01394,0.46476863816503167,0.01375095260634493,0.5214804092286235
id12686,0.7852388098741867,0.09648674704805862,0.11827444307775466
id24347,2.2820850641869797e-05,0.9999700048478354,7.174301522759289e-06
id09072,0.10821091794238899,0.00012954486253597712,0.8916595371950751
id01400,6.66958873144439e-05,1.7343626714065213e-05,0.9999159604859715
id19203,0.9960193681161984,0.0018377261760861195,0.0021429057077154146
id21362,0.9137619336900332,0.04505145528465502,0.041186611025311744
id16806,0.010279915036850351,0.0002693533394448056,0.9894507316237049
id26587,0.9316950124306504,0.0054534057495285605,0.06285158181982108
id06787,0.9999918086076417,2.863114204467637e-06,5.328278153772555e-06
id16888,0.0006638249341412809,6.905542645974902e-05,0.9992671196393991
id07057,0.8799260708762455,0.0617225813360857,0.058351347787668595
id16144,0.007623043657112811,0.9907798922419249,0.001597064100962336
id03367,0.907565455197721,0.003708473632343018,0.08872607116993586
id20176,0.23186873504697597,0.07548764561998292,0.6926436193330411
id10060,0.9999943192061715,3.6807963273298574e-06,1.9999975011605374e-06
id13586,0.7948690604302618,0.12708938277252466,0.07804155679721354
id27560,0.0029278034728779053,0.013968980680004609,0.9831032158471176
id02455,0.0633418788694297,0.9243073654875504,0.012350755643019906
id25875,0.36790349523153215,0.6191151729224471,0.012981331846020822
id22436,0.5889913635845172,0.014039786267980041,0.3969688501475027
id01064,0.06592616668919342,0.0029020868474982104,0.9311717464633084
id20980,0.6556063467852493,0.258619060269287,0.08577459294546376
id13458,0.018549520197039412,0.004907776658846171,0.9765427031441144
id00436,0.006537339000157937,0.003571660715313277,0.9898910002845288
id03500,0.00013781396141639707,0.99180508120652,0.008057104832063615
id07214,0.89658747746232,0.10324942150464952,0.00016310103303050752
id00251,0.9998567840601518,9.175220612640224e-06,0.00013404071923564653
id12916,0.8836174542850999,0.10795114493016422,0.00843140078473591
id16789,0.9946795712267323,0.0016412577226902819,0.003679171050577331
id20305,0.9793009273324487,0.004844636537059567,0.01585443613049166
id07510,0.013274465955542002,5.079312126077321e-05,0.9866747409231972
id19076,0.0035216104000940804,0.0025884823311361155,0.9938899072687698
id03852,0.9832453930726276,0.014460967278775959,0.0022936396485963824
id23936,0.2649321910000327,0.4759454194379357,0.2591223895620317
id04986,0.9579501295590708,0.002503364514904596,0.03954650592602456
id27877,0.4276036909272472,0.0063525708554495845,0.5660437382173031
id14028,0.9392778417626595,0.00214261823728093,0.05857954000005964
id18111,0.9979464373309307,0.0020308659291687317,2.2696739900645443e-05
id13199,0.8020319456505326,0.038380149411433404,0.1595879049380341
id22837,0.0005203890945781559,2.085548138634292e-05,0.9994587554240355
id14354,0.7595866757425144,0.0002648212351485526,0.24014850302233692
id26142,0.9237485719798476,0.004546317268702998,0.07170511075144942
id02912,0.029775147963201496,0.9496848865257422,0.02053996551105634
id13167,0.05664814195924513,0.9398158014978518,0.0035360565429029393
id06552,0.9998133596550967,2.430668236371958e-05,0.00016233366253967196
id00711,0.09021430137579062,0.0011946066164991655,0.9085910920077103
id23657,0.5377773182879618,0.3858021294902539,0.07642055222178433
id09847,0.0051285725284202595,0.9714792143350706,0.023392213136509132
id21789,0.01470794979835935,0.9774560474682232,0.007836002733417391
id08709,0.9446607978370077,0.0005719360675963477,0.054767266095396054
id04207,0.8106839392994035,0.029531651804788926,0.15978440889580758
id25999,0.013512324334566884,0.009913620970386483,0.9765740546950467
id03308,0.9947771946495712,0.002567527139089392,0.00265527821133953
id02852,0.013789440814268493,3.2437649163547036e-05,0.986178121536568
id23251,0.00015104947018172705,0.00013921521944992344,0.9997097353103683
id25544,7.061513917974423e-05,0.9996702092718878,0.0002591755889325892
id10917,0.7754205571676843,0.21840090152526032,0.006178541307055459
id00948,0.00028514669841546317,0.044717558602658844,0.9549972946989257
id05882,0.9974096911799482,0.0004488900035868275,0.002141418816465087
id04930,0.34608966495783233,0.6334021226551295,0.020508212387038125
id07919,1.0069097167848406e-05,0.9841439509457319,0.01584597995710014
id27937,0.44205914565837556,0.20954198411981514,0.34839887022180926
id25479,8.238471964947821e-05,1.9999983871494286e-06,0.9999156152819634
id09056,0.98263901498758,0.0007987494850161846,0.016562235527403834
id13242,0.7159427920252892,0.01820138650357767,0.26585582147113307
id17505,0.9657984560737166,0.0031519866342516146,0.031049557292031793
id18338,0.001611928500934236,0.9891536581842947,0.009234413314771005
id02117,0.14272680361444998,0.033270526020685455,0.8240026703648646
id21550,0.883522349471923,3.833093181560779e-05,0.11643931959626139
id27030,0.0020311170212349676,0.000496090436530559,0.9974727925422344
id21220,0.9999960000127864,1.9999936067662842e-06,1.9999936067662842e-06
id08004,2.4081294481878737e-05,1.999996425427026e-06,0.9999739187090928
id26622,0.9994664427184344,0.00019972780936489034,0.00033382947220078385
id21590,0.9889957361474784,0.0027076827110240472,0.008296581141497615
id16882,0.00070924568325979,0.0011063749450096903,0.9981843793717305
id09120,0.0311961516162128,0.9675605697385592,0.0012432786452280398
id27586,0.010307719408049129,0.00016853087603853294,0.9895237497159124
id00971,0.010852779802448575,0.35542000883128877,0.6337272113662626
id25747,1.9999999589195355e-06,0.9999286665087287,6.93334913124832e-05
id18579,0.9990069529723872,0.0009666976069024788,2.634942071035154e-05
id07382,0.012114181569274358,0.0010821227252500443,0.9868036957054757
id24298,0.18455036785625248,0.0007457135342740935,0.8147039186094734
id04490,0.0006670937320744509,0.016961515594231365,0.9823713906736942
id08407,0.9639305438419293,0.03410093591427567,0.001968520243795109
id02481,0.017033563992497294,0.9808901501421379,0.002076285865364766
id07260,0.9622205477523141,0.019135737121196553,0.018643715126489338
id16709,4.508048574947409e-06,0.9999925564155084,2.9355359165805135e-06
id26939,0.0030950381277724463,0.9934945148721439,0.0034104470000836974
id11360,0.8367683429408767,0.08570736150050266,0.07752429555862077
id16905,0.003565698794987953,0.0020742552453982114,0.9943600459596138
id18267,0.00031855796603066423,0.0011262645654465033,0.9985551774685228
id07915,0.2234853692893353,0.00013908232948769386,0.7763755483811771
id25635,0.9216195656198658,0.017612603739282313,0.060767830640851984
id01231,0.00039326246882826675,5.4880433335177674e-05,0.9995518570978364
id20357,0.959099317065626,0.029959878844686146,0.010940804089687924
id25121,0.03696796735657278,0.018550697982166117,0.944481334661261
id10476,0.052421379423909245,0.026658950392680007,0.9209196701834107
id18479,0.9996879841383154,2.4418613196232708e-05,0.0002875972484884689
id20436,0.9999702114671154,2.7788535283568903e-05,1.999997600907767e-06
id25862,0.0023534020657572413,0.993305241903799,0.004341356030443815
id23153,0.053141579094780365,0.9363239370522914,0.010534483852928258
id15954,0.8707227234978604,0.015451353189816153,0.11382592331232347
id19030,0.9699604617431437,0.0008496085237125979,0.029189929733143775
id00577,6.030646377610991e-06,0.9999029243465885,9.104500703393617e-05
id10231,0.0034323015886040045,0.006440860820622309,0.9901268375907737
id02126,0.9818623921368829,0.00034083313542098554,0.017796774727696085
id11620,0.3590815166057975,0.11166142465832152,0.529257058735881
id07356,0.7835397630124658,0.17266661115985804,0.04379362582767623
id27738,0.6486076208175949,0.1045375344270331,0.2468548447553721
id09480,0.9970410362413881,0.0005255822814205218,0.0024333814771914843
id05725,0.9432628514489568,0.0011498916879786436,0.05558725686306459
id11261,0.03528632364200695,0.004785637640798421,0.9599280387171947
id27843,0.9961605017697549,0.003471034124937685,0.0003684641053074988
id19331,0.9998513728802694,0.00014662712025404598,1.9999994764836987e-06
id22060,1.99999439198959e-06,1.99999439198959e-06,0.9999960000112161
id00704,0.02958437642827272,0.013277870058864672,0.9571377535128627
id13112,0.04163716493913175,0.00015285895848417313,0.9582099761023841
id14324,0.10807645897314903,0.8148986209728654,0.07702492005398562
id06825,0.9988740222273704,5.4496994269145275e-05,0.001071480778360404
id02582,0.00022839423807655175,0.9997290888469177,4.2516915005761044e-05
id23720,0.9977923964206217,0.00045227215232861666,0.0017553314270497041
id11042,7.802602510497144e-06,0.00016887475718199677,0.9998233226403075
id07701,0.888772454326546,0.0008649799691167175,0.11036256570433738
id16018,0.08577815312220201,0.0013962982705309412,0.9128255486072671
id01934,7.844241967911998e-05,0.9997953329877001,0.000126224592620889
id13955,1.9999920416965746e-06,0.9999960000159165,1.9999920416965746e-06
id25416,0.0021184452271529965,4.3022961342359046e-05,0.9978385318115047
id14152,0.0015383540853820745,0.025172742648059326,0.9732889032665586
id10828,0.6760768741444254,0.27738396395969517,0.04653916189587938
id21398,0.9775331958677167,0.008485237038025735,0.01398156709425763
id02357,0.7006935180415581,0.1718343075176844,0.12747217444075756
id17464,0.11142685785502612,0.10270323823421465,0.7858699039107593
id16385,0.0001445273046987181,1.999996240890935e-06,0.9998534726990603
id09431,0.0013567761966085483,0.9596417476165099,0.03900147618688144
id13310,0.0036053256359626796,0.00301707920227175,0.9933775951617656
id01415,0.9975826972118297,0.0021773363780006267,0.00023996641016975462
id10123,0.4891357094587309,0.275812225629471,0.23505206491179803
id01011,0.7046164963996349,0.29500606747505365,0.0003774361253114988
id00289,0.027339719317954175,0.8578757311430278,0.114784549539018
id17425,0.9776795492883368,0.01923726947851622,0.003083181233147024
id14492,0.016274511799508437,0.0005758030022042932,0.9831496851982873
id08303,0.007235776631456532,0.024337294401259212,0.9684269289672843
id05980,0.869517714126769,0.07105527574121377,0.0594270101320172
id19535,0.964241272519812,0.0015931702227429494,0.034165557257445134
id05435,0.9777437877485026,0.013862825754193541,0.008393386497303956
id14753,0.0069609488335797675,0.0008218081803681959,0.9922172429860521
id05518,0.9991366989054344,8.649578483123028e-05,0.0007768053097342366
id25216,0.028309903170144833,0.0018738679709210753,0.969816228858934
id17976,0.4645555684397337,0.4873700020198606,0.04807442954040554
id14471,0.9994068154743465,0.0005677142817439577,2.5470243909489176e-05
id20206,0.3915087397942442,0.06657863490690837,0.5419126252988474
id04305,1.012734724533558e-05,3.465675815373298e-05,0.9999552158946009
id09733,1.3330491242879065e-05,0.9999846695099003,1.9999988568731038e-06
id22317,0.9999787242276184,4.523598426927023e-06,1.6752173954657782e-05
id14432,0.9999722281755027,1.9999999671161196e-06,2.5771824530272734e-05
id16102,1.9999920371297957e-06,0.9999960000159257,1.9999920371297957e-06
id18429,0.8116000120849709,0.07330052906065582,0.11509945885437337
id00510,0.9454371398450117,0.0016393832710357727,0.05292347688395261
id06062,0.22096300109168812,0.4697121868561196,0.30932481205219237
id24491,0.9423101681997577,0.00728487146410111,0.05040496033614128
id11938,1.999992112327138e-06,1.999992112327138e-06,0.9999960000157755
id21157,0.7490351548242671,0.04695370838843677,0.20401113678729627
id03737,0.043013436397084326,0.02926754445465385,0.9277190191482618
id13030,0.9176703151670171,0.06740942404453504,0.01492026078844793
id08711,0.0018556803138058474,0.10470136376368788,0.8934429559225063
id05217,0.2001473558403117,0.002559953317216508,0.7972926908424718
id23026,0.00032420170873845923,0.9996227683315153,5.302995974616458e-05
id26842,0.11569975064135739,0.8833915069314799,0.0009087424271626953
id04585,0.3960836858870962,0.595620015546467,0.00829629856643693
id17675,0.005127539971066889,0.9945459231158019,0.00032653691313124455
id16515,0.9993080482167453,5.253847086198826e-05,0.0006394133123927396
id25621,0.13034023201959993,0.5539333813115953,0.3157263866688048
id06530,0.8696708176725525,0.020935993360149657,0.10939318896729792
id06395,0.971501518241117,0.010123207438939364,0.01837527431994363
id08749,0.0002969155495806093,6.062512697105787e-05,0.9996424593234484
id00496,0.9992374831873541,0.0005607734567937085,0.00020174335585210326
id27252,0.17089975665259585,0.0003005561221576071,0.8287996872252464
id18551,1.99999575792968e-06,0.999996000008484,1.99999575792968e-06
id15949,0.9007797672236153,0.007102063828145301,0.09211816894823945
id02740,0.9743202362107971,0.0018329050642613845,0.02384685872494155
id25426,0.8118886691286297,0.053619181467127006,0.1344921494042433
id17556,0.012345282614032458,0.24003462722525354,0.747620090160714
id06753,0.9461654214664538,0.0037488985617973782,0.050085679971748905
id19672,0.8097812447462471,0.015451396041232236,0.1747673592125207
id09541,0.9896084595742397,0.005355186331683135,0.005036354094077131
id06410,0.35590715824861074,0.4714318454870516,0.17266099626433773
id22415,0.7248851809024984,0.07555209006520393,0.19956272903229766
id26582,0.9667994319444684,0.026154222435234218,0.0070463456202973385
id23627,0.0078023305126387775,0.010457033510896316,0.9817406359764649
id12133,0.012186442022889968,0.0293019724150627,0.9585115855620473
id19367,0.00484182675566628,0.017244904291056306,0.9779132689532775
id02001,0.0012313707562536238,7.877112379918193e-05,0.9986898581199473
id04669,1.9999979450452324e-06,0.9999661380514252,3.1861950629685185e-05
id05919,0.6186754249966685,0.032665668333864764,0.3486589066694668
id14131,0.10547233894270296,0.8944433638239132,8.429723338397847e-05
id07231,0.004920968444903982,0.0008140665450251213,0.9942649650100709
id21081,0.00957453214462741,0.0024913954590941047,0.9879340723962785
id08113,0.005534408660744193,0.9944001999088367,6.53914304190609e-05
id14334,0.21430963965601713,0.3970934614107632,0.38859689893321975
id15817,0.9789320481345148,0.020387838866455954,0.000680112999029047
id06937,0.9998979816019676,2.8738004864524695e-05,7.328039316796527e-05
id04462,0.9985584096143132,0.0005784994110330044,0.0008630909746537039
id05174,0.030122128030890937,0.6060933974706265,0.3637844744984826
id15226,0.14024518900367708,0.019702603760270346,0.8400522072360527
id21640,0.9819180847125988,0.003586917168940956,0.014494998118460257
id26712,0.44273322271770776,0.03920096378397777,0.5180658134983145
id17717,0.00042628748752496595,7.6361346692512e-05,0.9994973511657824
id20769,0.0007362147937779441,0.9992316952918382,3.208991438393146e-05
id26258,0.8192201450902071,0.10151684037713175,0.07926301453266113
id01722,0.037657347566253635,0.0003417405471597132,0.9620009118865867
id12982,0.999796388346935,8.249593573673861e-05,0.00012111571732821534
id09770,0.004768768698846505,0.9933888951724792,0.0018423361286743613
id04604,0.0005010947763707496,6.667504696611361e-05,0.999432230176663
id26380,0.9908171354138768,0.001045402706385644,0.008137461879737516
id05247,0.0028280248990203566,0.9569866917732935,0.04018528332768601
id09912,5.174545125166999e-06,0.9897798112169605,0.010215014237914346
id24763,0.7183510249826893,0.23402218158027305,0.047626793437037726
id27465,0.9997132412276176,7.846043053897823e-06,0.00027891272932843914
id26693,0.9541886587182109,0.011075232259793823,0.03473610902199526
id25723,0.999363178095792,0.00028387294706808293,0.00035294895713997563
id04731,0.0001529492561868329,0.0007976228955226787,0.9990494278482905
id05970,0.023116585686808293,0.0016263393386918823,0.9752570749744999
id13207,0.4862907334414004,0.32872763377518355,0.18498163278341612
id11767,0.0004862940821378952,0.0020219791859300896,0.997491726731932
id20336,0.000166239472977703,0.9906590968215557,0.00917466370546657
id19452,0.008237995959430512,0.9541757103647996,0.037586293675769926
id04656,7.167955647222937e-06,0.9999906373605214,2.19468383128064e-06
id17267,0.02710244918794158,0.796248417079274,0.1766491337327844
id13244,1.999999767012767e-06,2.6082829308018174e-05,0.9999719171709249
id01101,0.020210990648605952,0.8134166471000519,0.16637236225134208
id25651,0.9941021654039688,0.00043459680731167615,0.005463237788719444
id00421,0.9833385330730893,0.011161829066165464,0.005499637860745219
id26353,0.92848398882547,0.028285135024778734,0.04323087614975138
id22043,3.3998538128073916e-05,4.511839216086822e-06,0.9999614896226559
id15985,0.9593323883083723,0.017922621548667195,0.022744990142960466
id04933,0.9647785765079988,0.02425242991252739,0.010968993579473823
id04793,0.0016344424712648306,4.700967918716385e-06,0.9983608565608164
id24358,0.9173813535767179,0.0025021801193462947,0.08011646630393573
id06921,0.9976484355700467,0.0006276509390178944,0.0017239134909354933
id25568,0.11766719958607225,0.007726196264402767,0.874606604149525
id12503,0.00156372230741022,4.2937022748263345e-06,0.9984319839903149
id23888,0.05083920668560375,0.002327854378283357,0.9468329389361129
id04549,0.8463429422132063,0.141321262555368,0.012335795231425707
id25722,0.916837046291497,0.08044299256660443,0.0027199611418986173
id08382,6.323665614818054e-05,1.1569416425082406e-05,0.9999251939274267
id20262,0.02840541637481953,0.9715803115746298,1.4272050550626429e-05
id08755,0.9313073759178259,0.0038626906473939564,0.06482993343478013
id09822,0.0015217416956099443,0.9973218989012783,0.0011563594031117957
id21779,0.42020850628709555,0.00249638029920062,0.5772951134137039
id06077,0.912437353311714,0.06635173250673704,0.02121091418154877
id27381,0.024391751885216677,0.04077558918124378,0.9348326589335395
id24645,0.01224608465228516,0.5426207939502824,0.44513312139743244
id19922,0.660607605675329,0.01776738589164442,0.3216250084330267
id00964,0.0003023810270270941,2.24273519754629e-05,0.9996751916209975
id16288,0.9507824336116332,0.025292512556711985,0.023925053831654972
id13484,0.8279879058968002,0.0049072874590084066,0.16710480664419147
id14184,0.9961950568818337,0.0023489876573732473,0.0014559554607929826
id16793,1.9999929271445802e-06,0.9999960000141456,1.9999929271445802e-06
id03876,0.9869584318057312,0.011464079678512007,0.0015774885157567337
id06685,0.0009924073904944088,1.8852843098230686e-05,0.9989887397664075
id24337,0.0011837468025866487,0.00021032058477656244,0.9986059326126369
id05226,0.7654920189522959,0.142921826053905,0.09158615499379916
id00913,0.9918070804784488,0.006328078017339031,0.0018648415042120735
id18710,0.5798395385651867,0.07824451841373842,0.34191594302107503
id15574,0.22781461330197347,0.00707665985073051,0.765108726847296
id18583,0.9327450769343315,0.04579253609278245,0.02146238697288594
id15925,0.0012491270019827092,0.0009276726522187803,0.9978232003457985
id15356,0.9999929962529467,2.003671499710803e-06,5.0000755535413865e-06
id24708,0.9969176666636039,0.0030062876440170028,7.604569237911038e-05
id08986,0.009220439974586662,0.9907099078132466,6.965221216673923e-05
id21268,0.9996935401442155,0.00022957431101010785,7.688554477445223e-05
id21396,0.745729493681875,0.1407852640823038,0.11348524223582131
id18547,0.0032996946079947493,0.000928285146311773,0.9957720202456934
id17994,0.002513783794223872,0.9959915326718866,0.0014946835338895835
id03402,0.26854982416596057,0.024487521264983856,0.7069626545690556
id11064,0.8190531232164043,0.09335740884113204,0.08758946794246361
id12309,0.9934317942891332,0.006129908609572459,0.0004382971012944217
id25202,0.9839376030850335,0.0002108460159432453,0.015851550899023282
id09025,0.8186974408391748,0.12132407715525236,0.059978482005572806
id25364,0.00018492974487725766,0.9988542652891657,0.0009608049659571156
id22723,0.8550683293078233,0.09511025350691517,0.04982141718526146
id03203,0.010998879360428317,0.0018620550654551455,0.9871390655741166
id00598,0.999991404520001,6.595483401076855e-06,1.9999965979382437e-06
id08244,0.003746874230085201,0.002378310942928837,0.993874814826986
id01955,0.0033135047052213307,0.5255852365633887,0.47110125873139
id00567,0.7652084196073501,0.04262121281430438,0.19217036757834555
id15138,0.6295095942737237,0.2748750714205468,0.09561533430572958
id27433,0.5824104298667305,0.41427673371734663,0.0033128364159228205
id20280,7.123461428216664e-05,0.9994902438540212,0.0004385215316966809
id13732,0.6571549554178576,0.3414723015396911,0.0013727430424514142
id22885,0.0009407200817396945,0.9981630206566914,0.0008962592615689112
id10663,1.1423786556487926e-05,0.9995752316015101,0.0004133446119334699
id16053,0.8204059478859567,0.010324338063363818,0.16926971405067948
id21995,0.9844948896985524,0.001604991979694096,0.013900118321753545
id26978,0.08451973664680108,0.517209776564591,0.398270486788608
id17973,0.3238615685288222,0.0027440220278418127,0.673394409443336
id10597,1.9999923107232266e-06,0.9999960000153786,1.9999923107232266e-06
id16077,0.0013980865247358398,0.9970510631863414,0.0015508502889227688
id23321,0.33497242346207345,0.5922659644218129,0.07276161211611362
id27914,0.008471252387117816,0.9912382976906793,0.0002904499222029261
id16754,0.00039492975302168936,0.9989262000242539,0.0006788702227244051
id00200,0.981292274792058,0.004799476691621223,0.013908248516320857
id03206,0.9975119875120474,0.001415268941265574,0.0010727435466871774
id12926,0.00032424030001538607,0.9994981348237951,0.00017762487618943148
id15014,0.999957429983286,1.999998645602533e-06,4.0570018068580126e-05
id03731,0.008125300477211057,0.9909864582904533,0.0008882412323356568
id11687,0.08627789950239634,0.0694891176723282,0.8442329828252755
id19615,0.9464178906544792,0.05224588740859872,0.0013362219369220459
id23341,0.9999846397409046,1.9999984827875718e-06,1.3360260612611218e-05
id24876,0.44788338816330053,0.5512640178598014,0.0008525939768979936
id01588,0.03195982472252342,3.460756830964143e-05,0.9680055677091669
id04498,0.0320619292508296,0.7415287849732589,0.22640928577591146
id11075,0.9934380709820726,0.0005379010501474917,0.006024027967779876
id17754,0.09495557260505502,0.04100462328024871,0.8640398041146963
id06702,0.20394859578427474,0.09341379881392113,0.7026376054018041
id25170,0.9213060560608038,0.005141783962865111,0.07355215997633098
id22785,0.0016387290010761383,0.9948400622763492,0.003521208722574761
id26431,0.0078033904288520245,0.05450121037749142,0.9376953991936565
id05952,0.00839418425623267,0.9905128345285039,0.0010929812152635139
id04500,0.04706002317651732,0.0005590118776512626,0.9523809649458315
id24630,3.766948470027568e-05,7.319870608774135e-06,0.999955010644691
id15035,1.999996338719883e-06,0.9999888179034504,9.182100210994646e-06
id27037,0.4295835156860716,0.48379242595838395,0.08662405835554444
id14635,0.6621297694194879,0.003924731331621835,0.3339454992488903
id00418,0.9999529900531324,4.500994713353246e-05,1.999999734011377e-06
id27141,0.9155191360858081,0.01943622312397671,0.06504464079021502
id11236,0.9548967913426116,0.0002689224794991472,0.04483428617788922
id01864,0.6607680500936848,0.05322150205317149,0.28601044785314367
id21895,0.0001621112852760934,0.9997765597814808,6.132893324314709e-05
id06161,0.01911270434468731,0.8254318015020562,0.15545549415325657
id15515,0.9805355134534346,0.006565854537351017,0.012898632009214357
id03694,0.0021905953505591677,0.98156746746958,0.016241937179860815
id26701,0.0017148361947211621,1.6128613864641633e-05,0.9982690351914142
id25266,0.7605749777249224,0.04590922503533699,0.19351579723974055
id03251,0.9920159313032659,0.005451713665911942,0.0025323550308222007
id06549,0.10143116436193876,0.08068200313213139,0.8178868325059299
id05178,0.00043675882659918985,0.9995544993768339,8.741796566823233e-06
id24566,0.890524251609176,0.02270971208649607,0.08676603630432785
id14747,0.023210546508305178,0.9734458130428267,0.003343640448868104
id00836,0.9985294483937023,0.0010581618698455228,0.0004123897364522074
id00817,0.016328548416277677,0.9832365962053838,0.0004348553783384882
id00144,0.581666321449088,0.3948104050855195,0.023523273465392496
id21231,0.9918749589055409,0.00428854470944468,0.003836496385014453
id06515,1.9784770676982825e-05,0.999552149256406,0.0004280659729170187
id23504,0.9764280015259739,0.002773385207876644,0.020798613266149523
id14930,0.9962680729700335,0.003228593572641379,0.0005033334573251896
id01052,0.9808847935020056,0.0005555938617361503,0.018559612636258112
id10504,0.06644834671840297,0.9007503415976829,0.03280131168391423
id19937,0.9974538329292711,0.0024870516697661368,5.911540096270669e-05
id23440,0.9929342186166867,0.0034124403762765152,0.003653341007036712
id25690,0.7057496122697391,0.038310828628858144,0.25593955910140276
id01053,0.9954708068079708,0.001725314739013398,0.0028038784530157418
id23693,0.9866332231725786,0.0011756195324727245,0.012191157294948669
id27259,0.04027416284236555,0.016249363732126956,0.9434764734255076
id14556,0.00838618689210328,0.81287407964745,0.17873973346044678
id19639,0.9615920612947259,0.0037682190592447365,0.03463971964602942
id13378,0.8321242694456183,0.0648642272773884,0.10301150327699325
id23120,0.28235572189783087,0.0036474030082064434,0.7139968750939627
id12404,2.1174360155129933e-05,0.9999565255861139,2.2300053730919528e-05
id08341,0.00027821171645386655,0.015684632482003334,0.9840371558015427
id26257,5.3563900024574544e-05,0.9988289082546713,0.0011175278453041558
id08644,0.5532601203337691,0.4429842765515068,0.003755603114724099
id10634,7.278284654174996e-05,0.9999252171569436,1.999996514695444e-06
id12578,0.9956174698907581,0.0018398726925482516,0.002542657416693736
id18847,0.08063642020717657,0.6215810856879972,0.2977824941048263
id17813,0.015921799146816754,0.7159257772156263,0.268152423637557
id03592,0.8876015901458892,0.04388315677238623,0.06851525308172453
id18439,4.65991040008717e-05,0.9985923137923659,0.0013610871036332664
id27484,0.05884739948749205,0.012596972312527757,0.9285556281999803
id02238,0.014837616049382146,0.9829631490470769,0.0021992349035408042
id14686,0.9908574474709488,0.001886866767062391,0.0072556857619886575
id04517,1.9999963750765417e-06,0.999978767382488,1.9232621136887453e-05
id20022,0.9307335718202391,0.038409426028810936,0.03085700215095006
id00995,0.001983077889275607,6.059694288484223e-05,0.9979563251678395
id00861,0.028759966429702286,0.006025116928976774,0.965214916641321
id17423,0.02788108599810298,9.917217528498622e-05,0.9720197418266121
id25421,0.9145567851783825,0.011581791589244874,0.07386142323237255
id27578,0.9897913129163373,0.005779823078288423,0.0044288640053744225
id17164,0.9998399635902373,0.00011423875486728118,4.5797654895399265e-05
id05028,0.997268242865695,0.00011626965708210821,0.002615487477222896
id08891,0.9999476641994648,8.872075189741598e-06,4.346372534549712e-05
id08994,0.12438938793354576,0.003384893052382441,0.8722257190140718
id17448,1.0851729669033006e-05,0.0002949237721188545,0.9996942244982122
id11024,0.24093893518499396,0.0002599418184186597,0.7588011229965874
id19145,0.998580004066573,0.0011408290834463903,0.0002791668499806782
id01241,0.0017425212429560226,0.9915374334401297,0.0067200453169143
id07730,1.2995153673731043e-05,0.9999850048481008,1.99999822549602e-06
id23650,0.6237924362788657,0.2812227936041323,0.094984770117002
id05203,0.8610428553358173,0.041129420381600355,0.09782772428258237
id15232,0.9938579166013592,0.0007739839900239242,0.005368099408616823
id15043,0.0021112708966267734,2.980599170840391e-05,0.9978589231116649
id25308,0.0023934619641419424,0.9958691949347175,0.001737343101140651
id20520,0.0005748143000543489,0.9874773328310298,0.011947852868915936
id18641,0.002193353916390559,0.9975428900861291,0.00026375599748036964
id06690,0.9734077953222369,0.020871637010731442,0.005720567667031668
id09158,2.136277587676703e-05,0.9999181787986641,6.045842545923633e-05
id07814,0.7244676447678832,0.0004989461264912994,0.2750334091056256
id27644,0.018552427664600427,0.9760462124798782,0.005401359855521322
id17170,0.011666943584339996,0.22746174125332813,0.7608713151623319
id20647,0.12828390533632253,0.03591271586834382,0.8358033787953336
id14802,0.8108031717912655,0.02613753887589885,0.16305928933283573
id06785,0.021233357886278344,0.04172220361613451,0.9370444384975872
id02742,0.0095553315411427,0.005633622429738343,0.9848110460291191
id23365,0.00020425796444905405,1.7332420019036356e-05,0.999778409615532
id20564,0.983764618753769,0.014747153957824327,0.0014882272884067442
id07461,0.10694098496069833,0.8908626775486383,0.0021963374906634335
id02640,0.9988816504153569,0.0006074427219172864,0.0005109068627259152
id24535,0.008703652146623551,0.9693065049296501,0.021989842923726365
id27289,0.00558139299769065,0.9888983926137676,0.005520214388541777
id20077,0.9991450697302956,0.00022507993666867087,0.0006298503330357446
id26071,0.9996249404142367,1.735052057926834e-05,0.0003577090651841555
id16109,0.019935895630904445,0.9775838320813824,0.0024802722877131336
id22579,0.7528817920583522,0.21240112620076051,0.03471708174088737
id27241,0.9998678330183817,2.022448176281766e-05,0.00011194249985556158
id20773,0.9001467056548478,0.09969052044161902,0.0001627739035333043
id21353,0.8622855302519102,0.08616220845840522,0.05155226128968459
id03365,0.9969282158948247,0.0016512948365438706,0.0014204892686314097
id17430,0.0008010351449233192,0.9965236101154731,0.0026753547396036036
id16087,0.990130256241359,0.0010978338306016505,0.008771909928039386
id25086,0.05029664690481266,0.9475657424580985,0.0021376106370888217
id04956,0.9811598362363757,0.0139298000608111,0.004910363702813174
id10152,0.09443421857174024,0.8895886713972142,0.015977110031045523
id25919,0.4900827413241988,0.024720103129572114,0.48519715554622905
id09477,0.15118618591169541,0.0022499213248407994,0.8465638927634637
id14433,0.21889460656466672,0.6642630007257957,0.11684239270953752
id00779,0.8328847986040755,0.03422274063906998,0.1328924607568546
id23285,0.5254571234455894,0.009571926498322617,0.4649709500560881
id15945,0.02056561926386224,0.9792726028472813,0.0001617778888563716
id12227,0.9896487635899842,0.0008031482521806887,0.00954808815783509
id18065,0.024460038910272312,0.0009453093593198189,0.9745946517304079
id02247,2.2678561027280563e-06,0.9999957321475231,1.9999963740618314e-06
id07199,0.1301024816932155,0.8689932182683744,0.0009043000384101787
id19499,0.0013344274822774148,0.9986281060370732,3.7466480649337493e-05
id00375,0.70075348188413,0.17319911799780724,0.12604740011806273
id12979,9.295408894468252e-05,0.9994378171219084,0.0004692287891469212
id23800,0.9985016086185181,2.2595442518678452e-05,0.001475795938963225
id22290,0.9999955770422195,1.9999990006033434e-06,2.422958779985539e-06
id14575,0.9999294571949502,3.74592766872876e-05,3.308352836261785e-05
id02506,0.016911993354773537,0.9453869124837632,0.03770109416146324
id07276,0.014808663486814918,0.9736835670445098,0.011507769468675341
id18264,0.029490333713579602,0.8710069380190191,0.0995027282674014
id10886,0.03424271079661587,0.25844743723600344,0.7073098519673806
id02858,0.10984528383197815,0.0017398093069412035,0.8884149068610806
id23959,1.9999927359065424e-06,1.9999927359065424e-06,0.9999960000145282
id03295,0.03411367241489967,0.010382157821781196,0.9555041697633191
id16538,0.0011037953587550995,0.9986985284172301,0.00019767622401492468
id07749,0.42829986828772204,0.5346569531160458,0.037043178596232185
id27794,0.01959978894273431,0.12856508693009608,0.8518351241271697
id16110,0.0004056978915332523,0.0003283692925519986,0.9992659328159148
id01820,0.7186077176880604,0.004808823450757827,0.2765834588611818
id25943,0.029448562316720536,0.10475327378620092,0.8657981638970785
id00353,0.012855376129979355,0.7107766930634895,0.27636793080653116
id09491,0.06811376497558214,0.8777968159417685,0.05408941908264939
id18336,0.001174881155621531,0.997879293640277,0.0009458252041015016
id21821,0.17790672687177814,0.02422376494512178,0.7978695081831001
id08642,0.7747321622000038,0.18619387256446743,0.0390739652355287
id05399,0.9806097711544748,0.006336346088934971,0.013053882756590335
id23084,0.5711255827522238,0.3929594251152448,0.03591499213253152
id24980,0.08934344865629583,0.8525249948751416,0.05813155646856262
id15365,0.002437448508077175,0.0003880621032686061,0.9971744893886543
id25073,0.9958243922762385,0.00019074663109050661,0.003984861092671011
id15933,0.9937794810407201,0.00010828147383053162,0.006112237485449262
id10915,0.0466087374159033,0.9294727894140742,0.02391847317002247
id08306,0.0874899573768633,0.9012062262969578,0.011303816326179033
id07218,0.0013317890508364664,0.9973092327922581,0.0013589781569053369
id02006,0.07869682059094174,0.13953367144874657,0.7817695079603116
id21024,0.6333037543259205,0.05321671631534381,0.31347952935873563
id14364,0.7274111304996227,0.0560044757965452,0.21658439370383203
id09995,0.002169547322356425,7.165352202758159e-05,0.997758799155616
id22353,0.0046010299299024705,0.9953512740497946,4.769602030285569e-05
id00763,0.050486411094275846,0.9085682503969599,0.040945338508764355
id17643,0.0012061654316659896,0.9949866739913921,0.0038071605769420752
id16565,0.02570748355990442,0.001666862361317903,0.9726256540787778
id20180,0.47105109856541705,0.4758782566590184,0.053070644775564585
id06722,0.0768244446599434,0.04002991218527418,0.8831456431547824
id24453,0.9987095542996028,0.0011300696204532819,0.00016037607994391273
id21954,0.9548081866063136,0.0336628212347012,0.011528992158985228
id17747,0.018654134853057513,0.003192542679228204,0.9781533224677142
id03218,0.2844105373220754,0.7087082516774477,0.006881211000476992
id19149,0.01395942793318301,0.9525112954326095,0.03352927663420748
id17784,0.6283487215874763,0.23772914221316482,0.1339221361993589
id13621,8.353257389325983e-06,0.9999887123916743,2.934350936443294e-06
id18422,9.048913150195754e-05,0.9978772077613166,0.002032303107181483
id21683,0.9985645580100294,0.00011151141863572283,0.0013239305713349358
id26371,0.9999957988064001,2.2011950335263965e-06,1.9999985662681215e-06
id07655,0.882752299536058,0.05793001178693287,0.05931768867700901
id16911,0.9666451657007165,0.02826298217066558,0.005091852128617928
id14199,0.8709410967115714,0.1257282646640771,0.0033306386243516133
id08806,0.061860584239708714,0.004513632384271259,0.93362578337602
id17136,0.48255700664239437,0.0018384922596886833,0.515604501097917
id16146,0.336812335584424,0.017933179928589744,0.6452544844869863
id00545,1.9999935484292075e-06,0.9999960000129031,1.9999935484292075e-06
id23999,0.9999031697855421,1.3779883763594061e-05,8.305033069432915e-05
id13031,0.04232152944609783,0.9576065571430212,7.191341088092362e-05
id17803,0.03765934329462453,0.0031940522218258365,0.9591466044835496
id00169,0.004055757810024089,0.9753917769793709,0.020552465210605022
id01416,0.0007596916224618052,0.9970438299042192,0.002196478473319037
id06673,0.6756983135795763,0.2861310709762841,0.03817061544413964
id10465,0.0008081318438647002,8.761110826405537e-05,0.9991042570478712
id26335,0.6693655036105733,0.03913665785475372,0.29149783853467287
id17956,1.8950462879057637e-05,0.9999254137020778,5.5635835043171774e-05
id16100,0.43503362818535607,0.1308621086233393,0.4341042631913047
id21039,0.9756384673455606,0.02279096393453697,0.0015705687199024277
id04521,0.011528906531258739,0.0004026802653107417,0.9880684132034305
id21054,0.002741096751420663,0.0014364873681302153,0.9958224158804492
id17770,0.9626240291005402,0.031496876179305855,0.005879094720153826
id27013,0.9949131443316621,1.682162660651321e-05,0.005070034041731384
id24914,2.524188227897452e-05,0.9995846659143794,0.0003900922033416598
id02277,0.07267583145204155,0.0032912937318009938,0.9240328748161575
id11467,0.0464252934696951,0.30253149193280315,0.6510432145975018
id21141,0.001788519789405331,0.0014166925303600785,0.9967947876802347
id09080,0.00399899069876189,0.00016312617116122501,0.9958378831300769
id10511,0.0006332449156014251,0.9185995140969504,0.0807672409874481
id21327,0.13591310141670562,0.7962669511659431,0.06781994741735124
id04589,0.2940882324262488,0.10948991233371987,0.5964218552400313
id07255,0.7158870224301455,0.2734784289187723,0.01063454865108223
id27370,0.0002934758481731765,0.00022273597133228994,0.9994837881804944
id10589,0.9999365426092348,1.9999970119639262e-06,6.145739375316736e-05
id11570,0.9933777369181779,0.004203380125173792,0.0024188829566483996
id06114,0.9907127039554492,0.00872139353618901,0.0005659025083618341
id23779,0.9885822215001904,0.010335052322936415,0.0010827261768732352
id00669,2.207251195006455e-05,0.9999706469801545,7.280507895426162e-06
id25548,0.02047121167089249,0.001143340261923271,0.9783854480671842
id15604,0.0017762268879428194,0.001383005673730057,0.9968407674383272
id08096,4.652445932821121e-06,1.9999972112008303e-06,0.9999933475568559
id23530,0.19561543405595064,0.18906311183966704,0.6153214541043823
id06064,0.013113462314973052,0.10601721567984328,0.8808693220051836
id10175,0.9606809918478794,0.039191110755623655,0.00012789739649700943
id26033,0.0006259353761094856,0.9989502078951813,0.0004238567287093278
id06102,0.9940395676892064,0.0024465006971698157,0.003513931613623828
id23640,0.9823804169862359,0.017412750678727804,0.00020683233503618226
id06248,0.8906843724023481,0.1006330818893904,0.008682545708261631
id09927,0.0008744116835244692,5.85473235510809e-06,0.9991197335841203
id03833,3.59292204731303e-05,3.5764861676647653e-06,0.9999604942933592
id11997,0.002035391238150079,2.2669359519210964e-05,0.9979419394023308
id26323,0.45264855570054047,0.3122572462294008,0.23509419807005874
id04962,0.030360199651648115,0.9694930567091291,0.00014674363922268196
id05460,0.20279303116293185,0.7958294517049675,0.0013775171321004415
id27815,0.0001476704886615948,0.9995189369963475,0.00033339251499082105
id19526,0.0046679747569386525,0.034231862063120025,0.9611001631799413
id06121,0.7318650667634118,0.11817599670117172,0.14995893653541656
id17388,0.9623379378447676,0.003933415118261991,0.03372864703697041
id22868,0.008898620903672872,0.948072966821066,0.04302841227526111
id06568,0.9707915050868114,0.009008001989076076,0.020200492924112575
id04745,0.9999023202445203,3.7429771383521047e-06,9.393677834128158e-05
id11089,0.1647217374780393,0.012931893946791225,0.8223463685751694
id06459,0.9661321023452565,0.01726804576438158,0.016599851890361873
id01432,0.004271769221817209,0.001245654932195148,0.9944825758459876
id03450,0.025386646059965195,0.9744619951888663,0.00015135875116837287
id13228,0.548450421004327,0.023762589315167545,0.42778698968050555
id22228,0.00035348273312392074,3.138482519275191e-05,0.9996151324416833
id05587,0.45096775873700085,0.009006166141282024,0.5400260751217171
id13623,6.336721754226803e-05,0.9999298153230985,6.817459359174482e-06
id08568,1.9999922326954133e-06,0.9999960000155345,1.9999922326954133e-06
id25056,0.001230587779670743,0.000914939592229062,0.9978544726281002
id25786,0.04760428367507919,0.9518525697258117,0.0005431465991091856
id02951,0.004570597682438496,0.010230172095818436,0.9851992302217432
id15511,0.9933012585311095,0.003918540693279819,0.0027802007756107094
id00726,0.2928833510504612,0.016264380206702417,0.6908522687428365
id18540,0.7488708959482648,0.24627427770546945,0.00485482634626572
id16718,0.0014331241685691049,0.0003970438118004936,0.9981698320196305
id09261,0.000522325314770624,0.00011462269782670284,0.9993630519874027
id05394,0.6284531623258969,0.22119104837654702,0.1503557892975561
id22655,0.7450508358191918,0.0016010797994013622,0.25334808438140677
id20442,0.9198347288583472,0.012578813531841553,0.06758645760981136
id23482,2.4866057116481414e-05,0.00010883707631629107,0.9998662968665673
id19260,0.9999747736579575,2.796626676558997e-06,2.2429715365984638e-05
id08692,0.91639525910445,0.0822707705213562,0.0013339703741938103
id03557,0.9982568026298889,1.999998925818286e-06,0.0017411973711852163
id21919,0.9823504380353633,0.00014369093455445897,0.017505871030082318
id13273,0.12679106185960573,0.791947711868602,0.08126122627179236
id07757,0.014844690802805866,0.9419316030930176,0.04322370610417667
id23832,0.9018231520756099,0.013073220371049635,0.08510362755334049
id24363,3.6285299424337262e-06,4.348178730430735e-06,0.9999920232913271
id09054,0.6746706661920837,0.024160515322887453,0.3011688184850289
id09197,0.9956505383371085,0.0011479248881577535,0.0032015367747337408
id03169,0.9770113685184869,0.00981113397701665,0.0131774975044965
id25890,3.5416227722069256e-06,0.9996833006089193,0.0003131577683085208
id06372,0.005993514540272713,0.9932710131161792,0.000735472343548089
id19186,1.9999969257998876e-06,1.9999969257998876e-06,0.9999960000061484
id21007,0.026560306847349963,0.9647251911110306,0.00871450204161942
id19169,0.6213552305567327,0.0006875170068719824,0.3779572524363954
id25255,0.9999463271232308,1.5644430771918097e-05,3.802844599724834e-05
id13918,0.990106593697545,0.009315356173063545,0.000578050129391531
id04788,0.35964703083590044,0.0007366714918670456,0.6396162976722326
id19740,0.9786706597115425,0.008559535901611627,0.01276980438684587
id01112,0.6741099999249267,0.3191074234753641,0.006782576599709253
id00637,0.04092782570483324,0.00029631402558422663,0.9587758602695825
id05475,0.2394169112427278,0.43840287543295237,0.32218021332431984
id25962,0.24734050139674296,0.022093806242401648,0.7305656923608554
id16771,0.5124821700395107,0.010639546910175443,0.47687828305031393
id05610,7.48364634667703e-06,1.999997400138992e-06,0.9999905163562531
id14886,0.04488044662059934,0.9514358650098017,0.0036836883695990233
id15507,0.9975044533491578,6.966166568656144e-05,0.0024258849851556707
id27769,1.9999922962478955e-06,0.9999960000154073,1.9999922962478955e-06
id00988,1.999999228555449e-06,0.9999937062848353,4.293715936157074e-06
id08300,0.34557313681482077,0.026484260874449557,0.6279426023107296
id22827,0.9661506852048133,0.0005000337171690367,0.03334928107801777
id21445,0.5941680238988507,0.014414805332043082,0.3914171707691062
id12678,0.09320370943998836,0.0016280418081025935,0.9051682487519092
id12057,7.260018668478147e-05,0.9999111248823438,1.6274930971521838e-05
id08190,0.017878195463803394,0.9751532553111526,0.0069685492250440104
id23581,0.2947855806935774,0.6987932570816275,0.006421162224795123
id05955,0.9818290734959401,0.01487863025732928,0.0032922962467306902
id23637,0.12151625227636045,0.8769706749921289,0.0015130727315106369
id18253,0.022088018004843515,0.0005632493232101192,0.9773487326719464
id07093,0.8367150447829464,0.16247222000899814,0.0008127352080553889
id22486,0.0001862943000682446,0.0038829336225540594,0.9959307720773777
id15975,0.9999861439572537,1.1538038437621953e-05,2.3180043086354403e-06
id20426,0.9886491998140124,0.007381389065793237,0.003969411120194347
id23559,0.2565474780422953,0.7375587424697344,0.005893779487970407
id05824,0.0003591140231064931,0.9991856225886061,0.000455263388287355
id02012,0.0026096047584453076,0.0001924817283381195,0.9971979135132166
id24826,0.5184791484615519,0.47860678404314727,0.002914067495300929
id16972,0.9776260515858344,0.01666773366444512,0.005706214749720539
id04545,0.9994949663823087,0.00028294120986438817,0.00022209240782686027
id18371,0.7456607466180873,0.08844730152694101,0.16589195185497158
id25850,0.16422126057508238,0.03153513194813898,0.8042436074767787
id18964,0.34844887320125023,0.5752581502270699,0.0762929765716798
id10452,0.9854232874792784,0.0011945025217105446,0.01338220999901106
id16624,0.9973784046668398,0.002525862864808017,9.573246835218467e-05
id13747,0.09468709995069628,0.896268309978723,0.009044590070580793
id06496,0.9896651245711865,0.001406458719573456,0.008928416709240081
id11609,0.003017430288672347,0.00018559773881538183,0.9967969719725123
id07779,0.002244361737314195,0.990478287508118,0.007277350754567921
id27135,0.030234033358296424,0.9193588222207965,0.05040714442090714
id08586,2.074514685392125e-05,0.9995589552244238,0.0004202996287222051
id01849,0.22025119532847257,0.3068532945966349,0.4728955100748926
id15619,0.700553127480286,0.14439377252553606,0.15505309999417796
id18753,0.0025981747010118124,0.0011077745664573521,0.9962940507325309
id13409,0.9884766133346797,0.009840814237032917,0.0016825724282874318
id23303,0.6594085642505182,0.27953074073464973,0.061060695014832064
id17913,0.3664182798354454,0.004594184464555016,0.6289875356999997
id11205,2.2740289307129494e-05,0.9999733347923445,3.92491834831283e-06
id19538,0.9467719874001786,0.0405729562273824,0.012655056372438977
id07696,0.2481704941536644,0.2047483105868649,0.5470811952594707
id11971,0.999210815049649,0.00023115179560384298,0.0005580331547471727
id00519,0.0046505158673893,0.9844462219143054,0.010903262218305263
id03562,0.6450916730818105,0.03359508176917345,0.32131324514901605
id16230,0.028571259172368687,1.9999966390715236e-06,0.9714267408309921
id04387,0.007137716315872037,6.135873258456032e-05,0.9928009249515434
id23150,0.012445783697134422,0.0055118320876130856,0.9820423842152525
id03126,0.9990110310430919,0.0007272907822042127,0.00026167817470385354
id09658,0.006977772491322646,0.03126700510349172,0.9617552224051857
id11309,0.9963678527545203,3.24551461343754e-05,0.0035996920993453213
id13326,0.8771425376679902,0.027966858908048155,0.09489060342396152
id18044,0.9997129919804079,4.1572421455935304e-05,0.0002454355981362071
id21457,0.9737644856812859,0.01656023106590696,0.0096752832528071
id27809,0.8972160022925512,0.05964254715641858,0.04314145055103023
id21734,0.002417779882110785,1.0325155889668736e-05,0.9975718949619995
id02813,0.008411068659792369,0.9896901218836697,0.0018988094565380788
id25244,0.0016541475302425535,0.9964552159892576,0.0018906364804999157
id18966,0.12042459046244539,0.0042622904048103165,0.8753131191327443
id21252,0.9599488642895843,0.027254105265443602,0.012797030444972214
id15397,1.999995358769012e-06,1.999995358769012e-06,0.9999960000092825
id12670,0.6579957699471454,0.24542716694025057,0.09657706311260408
id15533,0.10175694032815613,0.8850984480360043,0.013144611635839607
id12501,0.030713013580495403,0.0037734299990626885,0.9655135564204419
id00575,0.000301557269391154,0.9996938465582093,4.596172399459194e-06
id12884,3.78573847729968e-05,0.9997951590995923,0.0001669835156347058
id03091,0.0040678767784140205,0.9958997764194901,3.2346802095762454e-05
id27160,0.0013209080100878069,0.0007490758796235796,0.9979300161102886
id12981,0.3663150825815493,0.11774116302156878,0.5159437543968819
id17354,0.995405559662571,0.0006565874594200395,0.0039378528780089385
id09060,0.004482990685924879,0.12267840528461497,0.8728386040294601
id12605,0.0012916561927087827,0.9980926759707731,0.0006156678365181384
id02873,6.437101116064749e-05,0.9999098288442074,2.5800144631952015e-05
id12883,0.22672795226113587,0.6675025233509633,0.1057695243879009
id21166,0.000524759778791367,0.9994463833534848,2.8856867723896743e-05
id06933,0.48361914891317664,0.5120712505989812,0.004309600487842215
id20153,0.9941209809799397,0.0007766719583007051,0.0051023470617595585
id04138,0.05089918600785453,0.004282080877696582,0.9448187331144489
id12041,0.23027553339803816,0.29371159422410337,0.4760128723778585
id22741,0.9160628860344671,0.0573862889059103,0.02655082505962255
id12534,0.0036778060564874896,0.0025350396279254293,0.9937871543155872
id03324,0.07171024544644576,0.08687899737061928,0.8414107571829349
id19084,0.05683208686076952,0.11405156354898452,0.8291163495902459
id18689,0.8272723319654616,0.006577623885144201,0.16615004414939433
id06701,0.008521308771790916,0.9309169779755492,0.06056171325265989
id24783,0.25268555032254814,0.010374322291275651,0.7369401273861762
id09187,0.3071406375567882,0.013316240319616741,0.6795431221235951
id02159,0.9993801260726861,9.781714114710312e-05,0.0005220567861668742
id09017,3.5565604907783106e-06,1.999996871552215e-06,0.9999944434426378
id03660,0.00099100843566402,0.0005174404055888353,0.9984915511587472
id03540,0.4350307910106938,0.5302181041683771,0.0347511048209291
id24631,0.9995788699443411,4.809121394977771e-05,0.0003730388417091122
id27178,0.02670491193170907,0.09650999765459824,0.8767850904136926
id21705,0.9995186823609215,8.050930346990875e-06,0.00047326670873160337
id15501,0.036220637593292415,0.9627344525450641,0.0010449098616435281
id05132,0.9996764813513758,0.00024985373474802416,7.36649138762681e-05
id20925,0.0011780102613368907,0.9978087330956873,0.001013256642975845
id15638,0.0003193140715359568,8.496270478082658e-06,0.999672189657986
id15393,0.5181370461739924,0.27239153951234163,0.20947141431366603
id04955,0.0012067972038896566,2.262322320623768e-05,0.9987705795729042
id17921,0.31082828714062455,0.1475645955655749,0.5416071172938005
id26289,0.08778794948419294,0.008774884295848401,0.9034371662199587
id14188,0.029516874276538162,0.0010185929976871753,0.9694645327257747
id09093,0.012651082048489819,0.9862543785310735,0.0010945394204367237
id19167,0.9987939729642048,0.0009978262048797339,0.00020820083091537862
id11811,0.04467172373358094,0.061924948942702236,0.8934033273237169
id15586,0.0026248190814769463,0.0012813517446758822,0.9960938291738471
id08687,0.001649453954283005,0.007995004556456707,0.9903555414892603
id18881,0.0005645020968210896,0.0026917147406696562,0.9967437831625092
id22384,0.18303585508837592,0.7461256638459979,0.07083848106562617
id00377,0.18774977856682,0.01016715508743557,0.8020830663457444
id11662,0.8519654681801139,0.047874588554492295,0.10015994326539389
id22048,0.2878890911248173,0.40288541636823816,0.3092254925069446
id05137,1.074758433960904e-05,0.999867317282847,0.00012193513281338207
id24896,0.016038878200082457,0.018723212328280527,0.965237909471637
id07242,0.9883962327866189,0.009935500306674843,0.0016682669067060885
id25085,0.8225509100744501,0.16710652545877,0.0103425644667798
id11607,0.7858103767851178,0.17399808719926468,0.04019153601561748
id20686,0.029995652790144833,0.003180916047386575,0.9668234311624685
id23977,0.0023696237046327002,0.0019816328228462765,0.995648743472521
id01732,0.0005903210445698245,0.9966865719651629,0.0027231069902672878
id15931,0.6637323159932801,0.33445792113539313,0.0018097628713268212
id22938,0.9945058927778351,0.0028018302600129642,0.002692276962151895
id08942,0.0010205023947276101,0.997695664376616,0.0012838332286563684
id19728,0.20296657583654662,0.22773721244999823,0.5692962117134551
id18649,0.9926928588762275,0.0023075311174048205,0.0049996100063677594
id08283,0.0008355211999252109,0.0018863497486222415,0.9972781290514526
id03436,0.03781933842061039,0.006968563033340945,0.9552120985460487
id03506,0.04528205347223967,0.01137511071758442,0.9433428358101759
id02408,0.00036157004054719627,0.000545920479565101,0.9990925094798877
id26465,0.9999959828315039,1.9999997476747854e-06,2.0171687484151203e-06
id08571,0.9831053792469161,0.01180186997048437,0.0050927507825994445
id04733,0.9903907005940364,0.009463113918871675,0.00014618548709194155
id14697,0.03802821805004774,0.9589503081610093,0.003021473788942873
id23908,0.00033206486049923596,0.998845581492033,0.0008223536474678422
id20578,0.0013391857426673446,0.000663922509392142,0.9979968917479406
id02400,0.0012612004684649637,0.9987336345559884,5.164975546689556e-06
id09131,0.005831012482974236,0.9888229249649886,0.005346062552037233
id10451,0.5843372866075114,0.15736444202252545,0.2582982713699632
id19413,4.694398622642994e-05,0.9997091055395932,0.0002439504741804119
id15189,0.3105033044807116,0.01856292375000409,0.6709337717692844
id08552,0.015007670983889124,0.0821221415991406,0.9028701874169703
id15292,0.9244686330976644,0.03841976347922287,0.03711160342311261
id08843,4.1581269864451885e-05,0.9999155032433826,4.291548675288187e-05
id22021,0.972977652960895,0.0002693071043014703,0.026753039934803467
id25984,0.9894962965992032,0.010234861621269905,0.00026884177952687433
id09403,0.9003657495790398,0.008331168168970523,0.09130308225198971
id07542,0.5144360286770202,0.016268303717721318,0.4692956676052585
id13074,1.9999979100445613e-06,0.99999600000418,1.9999979100445613e-06
id13962,0.5248537718079875,0.003051729596937936,0.4720944985950745
id22407,0.838611246741526,0.038289907968022195,0.12309884529045177
id00113,0.8066229456743743,0.1806126244963733,0.012764429829252508
id18106,0.0003362130041399985,0.999042199820763,0.0006215871750969905
id18567,0.001661088210359884,0.011814038921558325,0.9865248728680818
id18834,0.0009470115297418131,0.0025713728864140166,0.9964816155838442
id02405,0.9975000456087909,1.435311443782019e-05,0.002485601276771217
id15064,0.9816398119456757,0.010340818129309606,0.008019369925014628
id27930,0.8414784007582596,0.11226797315047926,0.04625362609126121
id17708,0.00149761454312739,0.003186805463783088,0.9953155799930895
id25494,0.0363684904388561,0.044123918630873,0.9195075909302708
id12146,0.6593988197467174,0.017188561093983222,0.3234126191592993
id05558,0.026080211120710663,0.012738762701671477,0.9611810261776179
id14298,0.001348897526889364,0.21088280295404568,0.7877682995190649
id05201,0.5160725714028488,0.016034439388272426,0.4678929892088788
id13523,0.8723709518198127,0.10127602799215858,0.026353020188028757
id26390,0.999673608831337,5.586958410082942e-05,0.00027052158456204137
id12088,0.03775255968441182,0.1903659973162552,0.7718814429993329
id11729,0.00011904703580265042,0.9900072974087495,0.009873655555447825
id04831,0.999907862855337,2.113417125422203e-06,9.002372753764261e-05
id18665,0.00028241921345268246,0.00012922396689522974,0.9995883568196522
id13468,0.006519610406260085,0.0041666461360481775,0.9893137434576917
id00819,0.03928328346862273,0.0010868579895180273,0.9596298585418592
id06807,0.1321166552887583,0.25641127610106595,0.6114720686101758
id16592,4.510149516223541e-05,0.000791074170005318,0.9991638243348324
id02850,0.009018788554985703,0.002329255886699804,0.9886519555583145
id11304,0.004676046257324538,0.9926392447040169,0.0026847090386586153
id08034,0.8146558166528738,0.02401348904226717,0.16133069430485905
id25135,0.8293035896873551,0.023214812359460556,0.14748159795318438
id16963,0.9980311687037584,0.0018460504435937643,0.00012278085264790515
id15898,0.9923733587162722,0.0043738326238950175,0.003252808659832774
id17410,0.9971522249841519,8.210888454091982e-05,0.0027656661313070325
id07540,0.0010128901268880287,0.9989762363575813,1.0873515530738313e-05
id09136,0.9813655578992794,0.004966654589339706,0.013667787511380798
id26148,0.9139947923959506,0.0017925362018279595,0.08421267140222148
id15864,0.7475613116582698,0.240713457059035,0.011725231282695285
id02087,0.8734648171272973,0.07887269329720398,0.04766248957549876
id22597,0.9995925910196236,1.1901584464699896e-05,0.0003955073959116764
id00120,0.9971089330922976,0.0013722467822782389,0.0015188201254241948
id24172,0.003062887497562503,0.9968956570504338,4.1455452003777135e-05
id25472,0.006027731180992924,8.182094664285163e-05,0.9938904478723641
id21181,0.48192095224806053,0.10951459731951796,0.4085644504324216
id12190,0.02261692022078272,0.0004474872546704412,0.9769355925245469
id26766,0.00039900893274760996,2.512112912430693e-06,0.9995984789543401
id20202,0.9929222704402144,0.0032179310113126763,0.0038597985484729747
id19234,0.8949890083877718,0.000622265206761593,0.10438872640546663
id16377,0.5794423825950187,0.27308929577996766,0.14746832162501364
id04461,0.007889561863894175,2.0100829639930598e-05,0.9920903373064659
id18699,0.9907932708781564,0.0003287163598709434,0.00887801276197268
id10824,0.6032830537413382,0.04527229238864997,0.35144465387001195
id10540,0.8119194290295423,0.01594190757184051,0.17213866339861705
id23698,0.0329880625743422,0.0009521414169468313,0.966059796008711
id01430,0.9923553128020169,0.0024623835432871655,0.005182303654695872
id01288,4.2367417256906115e-06,0.9995147107287945,0.0004810525294798102
id12330,0.015541833570509598,0.9842517466557861,0.00020641977370439065
id09852,0.018688598071123334,0.011412639530849911,0.9698987623980267
id26718,0.9367992393526104,0.05963429404018324,0.003566466607206284
id23830,0.0009294638177534174,0.9968560084260124,0.002214527756234208
id10846,0.00048134327278822003,0.999516656728289,1.9999989226556925e-06
id15782,0.357057992202614,0.0018153393956165356,0.6411266684017695
id00732,0.00039929619870894057,0.996776946379441,0.00282375742185003
id05156,0.5772890358788195,0.02733869426665733,0.3953722698545231
id19372,0.18856423666205568,0.03484560476629058,0.7765901585716536
id06360,0.14068640062703536,0.0156111146162666,0.8437024847566981
id11470,0.5567459519804007,0.0951738580601215,0.3480801899594778
id12656,0.4502085251906088,0.45808320735707053,0.0917082674523208
id10296,0.001979603152903975,0.9950063485967476,0.003014048250348344
id07198,0.9934779947740303,0.002016166270936955,0.004505838955032786
id08081,0.4835556686493316,0.5157954850328534,0.000648846317815029
id10090,0.011044283986787078,0.02662725311253358,0.9623284629006793
id18142,0.07092377695158225,0.9200642671033009,0.009011955945116853
id09621,0.9923954549974118,0.007270082379993103,0.0003344626225952303
id07857,0.999994482224874,2.472989904558719e-06,3.0447852215838354e-06
id19707,1.9999950086732553e-06,0.9999960000099827,1.9999950086732553e-06
id12757,0.90552134123547,0.005433616745603613,0.08904504201892634
id14932,0.9811578265376376,0.015646809593038023,0.0031953638693243847
id14578,0.00013289230657321998,0.9996417135842215,0.00022539410920528098
id14791,0.0002109507588000705,0.9997795826665026,9.466574697349331e-06
id06465,0.011565641461965136,0.029470257751180406,0.9589641007868545
id03329,0.13330815798172158,0.7436631140130882,0.12302872800519027
id05165,0.15103337216762677,0.005206691277331826,0.8437599365550413
id05253,0.020505508609368023,2.1707446540443095e-05,0.9794727839440915
id22309,0.00040729404396671313,0.9995448041987237,4.790175730965043e-05
id20682,0.9191161604445255,0.0013185580954269242,0.07956528146004758
id25697,0.6165878871482937,0.08481810960561464,0.2985940032460916
id01322,0.008963851892824963,0.01380674971531091,0.9772293983918642
id01680,0.0325163714391257,0.9476579429008144,0.01982568566005994
id19582,0.9998881278186309,1.9999960618426253e-06,0.00010987218530731132
id21522,0.044639128582109694,0.0016722232652188287,0.9536886481526715
id13110,0.9957842508266453,0.0034118080270795323,0.00080394114627512
id15961,0.2502007819245742,0.06126582758082682,0.688533390494599
id27129,0.0014514437149706122,0.9910923958577139,0.0074561604273155
id14538,0.018909263157726636,0.01057949916261291,0.9705112376796605
id23868,0.010369090517772555,3.053273499076015e-05,0.9896003767472367
id13985,0.5676856495103638,0.4302013173959603,0.002113033093675895
id10669,0.7116733500607777,0.1166896561372475,0.17163699380197486
id18899,0.01957498864272519,0.8526627350600939,0.12776227629718084
id21421,0.9896985677724006,0.0032895439977691566,0.007011888229830219
id24251,0.9991493279023583,0.0007527109780513504,9.796111959037546e-05
id13347,1.9999967123552497e-06,0.9999927207033782,5.279299909496781e-06
id24909,0.0008899604479963103,0.9990131043640148,9.693518798889526e-05
id16214,0.9683455278177157,0.014832873331455108,0.01682159885082928
id02234,0.6214521183613798,0.017242516331006756,0.3613053653076134
id03775,0.04739483970954352,0.02790190258807503,0.9247032577023815
id12798,0.0038652215781718132,0.0003255849731052066,0.995809193448723
id25340,0.05533598114431858,0.9426129531437261,0.002051065711955316
id25373,0.9985805120425845,0.0009696633433150248,0.0004498246141005379
id05373,0.9866959333201432,0.007658713205840225,0.005645353474016687
id15991,0.00038814723829263056,0.0014496039259183472,0.998162248835789
id07116,0.8058310232154864,0.18140802347737806,0.012760953307135567
id05510,0.010176863431412688,0.02053273493152204,0.9692904016370653
id20906,7.473429094713259e-05,0.9999232657101113,1.9999989416563436e-06
id25496,0.14422459366520848,0.6547355836844095,0.20103982265038203
id05007,0.41549481124160786,0.023493370789286438,0.5610118179691057
id16772,0.9973507275592417,0.0011402640665565853,0.001509008374201748
id27806,0.07810084098382535,0.007902684871359861,0.9139964741448148
id04872,0.0030326125850627097,7.774696001808697e-05,0.9968896404549192
id12208,0.34931503167000083,0.6352830629215879,0.015401905408411343
id24903,0.7110725581651666,0.28252847997678565,0.006398961858047893
id14220,0.19039938279481605,0.002122702295268153,0.8074779149099158
id21363,7.28694714015748e-05,3.716027459445115e-05,0.999889970254004
id19222,0.012225411551550762,0.9727979072802341,0.014976681168215123
id10610,0.002434118607057904,0.008197817155261997,0.9893680642376801
id03055,0.014803907494962363,0.00011237863452071817,0.985083713870517
id19863,0.08991060553661422,0.005019938103758262,0.9050694563596275
id02649,0.04480008772927405,0.0013849088533331062,0.9538150034173929
id06984,0.002778907800678007,0.009751871038207613,0.9874692211611144
id15963,0.8771092535141602,0.11124162740735093,0.01164911907848865
id14359,0.0048190703293452515,0.002113625534784583,0.9930673041358702
id13134,0.23884470205358482,0.03630240889765234,0.7248528890487629
id01838,0.17375038949562666,0.7092240051388381,0.11702560536553525
id00986,0.9984799497910749,0.001518050209455521,1.999999469649687e-06
id22200,0.7503653546260239,0.24374336807874136,0.005891277295234696
id01376,0.17669672898711922,0.3131274840422707,0.5101757869706101
id25857,0.9977503457453656,0.0010389785728318272,0.0012106756818025444
id07931,0.9763007400351035,0.005245791899521971,0.018453468065374574
id00891,0.5620206280400787,0.05872670328935792,0.3792526686705634
id00749,0.9994564196638613,0.0002233965211375534,0.00032018381500108315
id27852,0.4247968968647934,0.019238001460830198,0.5559651016743764
id06311,0.8973927647714791,0.10146775561072553,0.0011394796177953833
id27254,0.7493876344691177,0.04101913784731701,0.20959322768356528
id06245,0.04988864285369176,0.9235875780947254,0.026523779051582926
id12962,0.024069986817892797,0.005792132407493976,0.9701378807746133
id05366,0.33873257830490927,0.30325633310816197,0.35801108858692887
id23016,0.0003039557298385062,1.651082081644375e-05,0.999679533449345
id02701,0.6903749523579834,0.00310993408850457,0.30651511355351196
id07709,0.9998751559187774,6.285951659765334e-06,0.00011855812956289939
id22057,0.02262014359179679,0.015047179063830308,0.9623326773443729
id16424,0.0012116199209278706,0.000452662707344894,0.9983357173717273
id18563,0.0010991828541161211,0.000735570343203577,0.9981652468026804
id23059,0.9740357687301663,0.023911865627452917,0.0020523656423807857
id02754,0.885889809080096,0.1059297937654362,0.008180397154467786
id26527,0.9988790833578745,0.0008075013835929412,0.00031341525853256346
id06361,0.9953574933129365,0.004391119661215656,0.0002513870258477879
id02774,0.8976021968531894,0.09961863364434241,0.002779169502468153
id08822,0.6034072511952793,0.13489123793003194,0.26170151087468874
id02963,0.00010543148267180934,0.9997843924399801,0.00011017607734805016
id02865,0.10956459251268102,0.0006920232861680183,0.889743384201151
id26852,0.01562943879517441,0.7900520508449587,0.19431851035986691
id25869,0.038629129103265596,0.9610965526267742,0.0002743182699602253
id13225,0.41007391145295125,0.11695624334562602,0.47296984520142266
id11798,0.017435306163176074,0.050042613556119546,0.9325220802807045
id12220,0.9997525912429097,0.0001694667436301892,7.7942013460111e-05
id02931,0.00022188649534028693,0.0002805649281045048,0.9994975485765553
id01163,0.037057395873626504,0.8235745966956579,0.13936800743071553
id20160,0.23737409317719996,0.0037302785202825224,0.7588956283025176
id13415,1.831307106996625e-05,0.9999796869320898,1.9999968401601607e-06
id20037,0.9930827988402305,0.005645591202868727,0.0012716099569007665
id18841,0.9995356599384043,2.9037055260553305e-05,0.00043530300633512226
id00304,0.6856585397018157,0.01125154376380645,0.3030899165343779
id00090,0.027981402837741427,0.0038527897232461315,0.9681658074390125
id06190,3.6576871697640194e-05,0.9999611992164996,2.223911802797565e-06
id12458,0.7730317635979631,0.06759430817417086,0.15937392822786606
id24127,0.01015771194900585,0.9885886695898405,0.0012536184611536114
id22980,0.009231106673213155,0.0010283887110109774,0.9897405046157759
id00093,1.9999958136806425e-06,0.9999960000083725,1.9999958136806425e-06
id16757,0.6844099382278509,0.27952929833267687,0.03606076343947239
id24866,0.011761203296289985,0.029736294709167638,0.9585025019945425
id24568,1.5915287509504952e-05,0.00015263948187537252,0.9998314452306151
id02567,0.9792602357927295,0.0036388206963003274,0.017100943510970242
id00440,0.7956469611688252,0.12544459372527483,0.07890844510590005
id14153,0.9750230975239994,0.0002697652909324942,0.024707137185068128
id09777,0.012827232209974376,0.030667551349051123,0.9565052164409745
id01974,0.9999060228077284,5.9122739355257235e-05,3.485445291631198e-05
id13780,0.0030145073002600608,0.9928875671374182,0.004097925562321715
id22269,0.9885219758229253,0.006534664451070201,0.004943359726004515
id20545,0.011775029436287852,0.23507388863144094,0.7531510819322712
id13602,0.08692191623977222,4.830396771509452e-05,0.9130297797925127
id08345,0.009128935830569514,0.9895647145216876,0.0013063496477429507
id26657,0.7043086423558638,0.09650068210595662,0.1991906755381797
id03905,0.9278735476763322,0.020049032900142583,0.052077419423525215
id00030,0.9624036135666775,2.6680631290492024e-05,0.037569705802032054
id14957,1.999996376370458e-06,0.9997932590220275,0.0002047409815962208
id01094,0.923772177973258,0.004892357039676949,0.07133546498706507
id07007,0.34379856764140326,0.19384066865553268,0.46236076370306406
id05838,0.024197411873936397,0.0038795369102584873,0.9719230512158051
id01674,0.13030433366201488,0.862589645250627,0.007106021087358238
id09426,0.0028719265115186797,0.997112483342737,1.559014574432405e-05
id02720,0.6536712144441437,0.026611357323957894,0.31971742823189847
id22700,0.9935511025757291,0.006108686831081799,0.0003402105931890782
id02119,0.003374809064586796,0.9951156365289945,0.0015095544064187515
id20754,0.0018496841946612122,0.9980187414288324,0.0001315743765063718
id20792,0.9990325365305295,0.0008561037720117116,0.00011135969745869054
id02646,0.9923689896034894,0.0026236306866463197,0.005007379709864333
id15032,0.9861927374359759,0.0048619513922001254,0.008945311171823908
id22963,0.791076047551042,0.113520348758768,0.09540360369018998
id13784,0.6443305345158754,0.1564864929039843,0.19918297258014037
id21021,0.12198762335775451,0.6917450333005414,0.18626734334170417
id26232,3.202614704466694e-05,0.9999608671504443,7.1067025110569795e-06
id01086,0.00023727837333690151,0.9995792793568067,0.00018344226985648812
id22727,0.985902971235866,0.0011578923086295336,0.012939136455504456
id25578,0.0009010877925307159,2.672387975218725e-05,0.999072188327717
id04540,0.005139858344745891,0.0006276326827351601,0.9942325089725189
id10735,0.009054352821408759,0.0002638457732400697,0.9906818014053512
id13435,0.7176197304756863,0.0067716093280821505,0.27560866019623154
id18520,0.5879170553587157,0.034591168760855634,0.37749177588042865
id17878,0.9994084824204232,0.0005532689014739593,3.824867810278692e-05
id11411,0.9539751221467384,0.04559295385084597,0.0004319240024157422
id05340,0.9968673055152067,0.0006475304056438958,0.002485164079149361
id08346,0.5528693846332313,0.00586537901378889,0.4412652363529797
id01281,0.03556010212894931,0.015434382305448932,0.9490055155656018
id18257,1.2946545638969927e-05,0.9999784455360613,8.6079182996606e-06
id11326,0.3569966415425411,0.5536195481264331,0.08938381033102583
id27179,1.9999959525211066e-06,0.9999960000080949,1.9999959525211066e-06
id21898,0.9989909849164876,0.0004789370837100961,0.0005300779998022905
id19854,0.20321952257355622,0.0025044680228371997,0.7942760094036067
id01568,1.9999922927059794e-06,0.9999960000154146,1.9999922927059794e-06
id13864,0.9982730508626487,0.0017097102660505485,1.7238871300582116e-05
id10097,0.08619537448953804,0.2138222995070264,0.6999823260034356
id26640,0.004737713600969499,0.9756296165786679,0.01963266982036265
id08790,0.08660357270279366,0.8099165325744778,0.10347989472272834
id15662,0.6331366412635774,0.3639647643542587,0.0028985943821639507
id17108,0.8579157996926174,0.10613108814326035,0.03595311216412218
id20973,0.4189146269124505,0.5672494013857371,0.013835971701812447
id15903,0.031614734072156946,0.7791640048091968,0.18922126111864623
id16080,0.34734055486323534,0.015296725900174533,0.63736271923659
id26374,0.0009855251408245282,0.15985306470112967,0.8391614101580459
id23375,0.5640687884698127,0.019420166705457806,0.4165110448247296
id06624,0.003277155158792918,0.9916122478696313,0.005110596971575867
id03077,0.016478344340848963,0.0013230536142868287,0.9821986020448642
id15217,0.14798546573284035,0.003708653444570251,0.8483058808225894
id08450,0.027794992144974235,0.0024672503268648193,0.969737757528161
id07400,0.0017647948961774526,0.0011656919609654669,0.9970695131428572
id12758,0.318710346230147,0.5943093204967983,0.08698033327305475
id00919,0.990534233713469,0.00045824374047176577,0.009007522546059177
id20205,5.1560358853711e-05,0.0008482052309959993,0.9991002344101504
id03483,0.0025815112324956177,3.920589988569085e-05,0.9973792828676188
id19259,0.721050889629277,0.20839457133517023,0.07055453903555282
id04391,0.052904063325941685,0.9259871309929607,0.021108805681097617
id10087,0.9951091611364606,0.0006768333971026228,0.004214005466436787
id23442,0.9819872879041941,0.008505205599840214,0.00950750649596573
id04179,5.865408402828272e-05,1.9999974519804937e-06,0.9999393459185197
id00897,0.6136128264248325,0.012481274753467839,0.37390589882169967
id07039,0.999136539521032,0.00037254078967669625,0.0004909196892913572
id05297,0.9843847079466579,1.8710351670699965e-05,0.015596581701671408
id18919,0.000658857622742971,0.9991000117139318,0.00024113066332531662
id09805,0.915775762652052,0.0007198360965609821,0.08350440125138703
id18548,0.0012439600577568188,0.9986727677893384,8.32721529047159e-05
id05112,0.02808064200034326,0.0009989911729922387,0.9709203668266645
id09945,0.04333585198095858,0.1343455797306492,0.8223185682883923
id04445,0.002359905308187393,8.431143697690872e-05,0.9975557832548357
id04990,0.006745598710353515,0.005745611861061807,0.9875087894285847
id14503,0.1418544604258837,0.8519459000086099,0.0061996395655063985
id16066,0.010652361365884922,0.002486861615150631,0.9868607770189644
id23571,0.027901168971964038,0.005389662964831062,0.966709168063205
id11926,2.4736841168882295e-05,0.999966232344658,9.03081417310506e-06
id10953,0.000206404008282171,0.9989673191814993,0.00082627681021852
id23160,0.10560360276469395,0.011740481130826855,0.8826559161044792
id08335,0.0014601712426935665,0.9966708714446859,0.0018689573126205873
id07110,0.021163363034116638,0.974671919195879,0.004164717770004457
id21831,0.2425442191006301,0.14159827225998206,0.6158575086393878
id16325,0.9874884913492338,0.0013949581036491476,0.011116550547116971
id23734,0.00881610511715053,0.9911395668388293,4.43280440202273e-05
id13169,0.003106212603065272,0.9964548890862396,0.00043889831069508366
id23845,0.0988687149504322,0.9002604084243296,0.0008708766252380571
id07812,0.2967516234112959,0.664466279166045,0.03878209742265925
id06911,0.9959237836431273,0.00018521653879203525,0.0038909998180807334
id25652,0.1084806153507399,0.8829172768347632,0.008602107814496983
id24855,0.051950081498884984,0.0005910092097817656,0.9474589092913333
id15519,0.021081069961019917,0.002017433916084125,0.976901496122896
id00400,0.8514967659805407,0.1481912101859678,0.00031202383349162086
id10508,0.7579382354836732,0.13790286056802376,0.10415890394830311
id09924,0.9862707308034304,0.012884439749454692,0.0008448294471149709
id01933,0.031350664333400995,0.9510226086696904,0.01762672699690849
id15312,0.07828792389970375,0.111398854054696,0.8103132220456002
id09008,0.000738271609164372,0.9992566946355348,5.033755300815755e-06
id07243,0.00011776546604986195,0.9944392789374277,0.005442955596522445
id18968,0.15098139038827654,0.003050373184216668,0.8459682364275068
id15578,0.9250768097470264,0.037876804773751174,0.037046385479222295
id20924,0.9906759754137645,0.0012259068604036543,0.008098117725831784
id03842,0.01633008988441682,0.039318077740998096,0.9443518323745851
id13994,0.873073308069801,0.1232429469231373,0.0036837450070617084
id19860,0.00032956585500444765,0.0034422179214895618,0.9962282162235059
id20787,0.9647386310235063,0.021456247395380587,0.013805121581113144
id27321,0.0021897244027880213,0.9976233836001529,0.00018689199705909217
id24769,0.99999600001117,1.9999944149477877e-06,1.9999944149477877e-06
id03356,0.999621912213563,8.80694753614647e-05,0.0002900183110755465
id14461,3.108346246488439e-05,0.9999669165413595,1.9999961755191216e-06
id12223,0.011920665566558065,0.9471878745642822,0.040891459869159805
id00404,1.9999951676850975e-06,1.9999951676850975e-06,0.9999960000096646
id10454,1.9999963135882834e-06,0.9999927773169035,5.222686782849477e-06
id15779,0.0035189711195628822,0.9935788542215618,0.002902174658875347
id02479,0.9802277832168521,0.018913749746671822,0.0008584670364760347
id18993,0.998301352694024,0.0012818786842075881,0.000416768621768374
id21406,0.22737295338167327,0.0034336766415656687,0.7691933699767611
id21711,0.8520312548196132,0.13080730353010345,0.017161441650283448
id11875,0.5043100834265787,0.48659068101699937,0.009099235556421946
id24522,0.9850730874587402,0.0005158013701088179,0.014411111171150865
id27435,0.0010423241011957515,0.0007085897574318212,0.9982490861413724
id11195,0.9582721718407281,0.030445809827608118,0.01128201833166384
id06288,0.9589494332038544,0.0028934820756908145,0.038157084720454704
id06105,0.47205550422142234,0.5139453790768529,0.013999116701724806
id06915,0.5250940926788656,0.01866246701185268,0.4562434403092816
id24594,0.9755071827461474,0.004218908270411115,0.020273908983441342
id04935,0.9987047088641385,3.269420414952468e-05,0.0012625969317119734
id14194,0.9157150693526492,0.06342277951199171,0.02086215113535902
id13596,0.21507344706641046,0.5615971489385913,0.22332940399499834
id13011,0.6821625912643009,0.024750644025222708,0.29308676471047646
id21672,0.9982533012581158,1.5864056558021e-05,0.001730834685326018
id02863,0.5149368121302226,0.01131314715939927,0.47375004071037813
id02620,0.44156788747687653,0.04798985728795788,0.5104422552351656
id00129,0.8070267211726653,0.15072285776795316,0.04225042105938162
id18094,0.04984392264494947,0.07504900431474125,0.8751070730403093
id22660,1.9999931645362037e-06,0.9999960000136708,1.9999931645362037e-06
id05047,0.9872295145586041,0.0003437631412274183,0.012426722300168482
id02447,0.9254269261829705,0.002302881061168567,0.07227019275586098
id18185,0.006989681012193875,0.9891739896502146,0.003836329337591444
id20584,0.573937917486426,0.423768889695908,0.0022931928176661465
id20720,0.042669545972012585,0.04840609926760615,0.9089243547603812
id03267,9.557423905816433e-06,0.999971135830616,1.9306745478109308e-05
id25972,0.03463464372143056,0.007534567612630479,0.957830788665939
id00311,0.08104615932734764,0.06335510743363751,0.8555987332390149
id06929,0.9969576892024855,0.0001674100382513029,0.0028749007592632245
id19063,0.9829468409772395,0.0023841374101437004,0.014669021612616804
id24717,0.0025197546819365163,0.9945766665943039,0.0029035787237595896
id01673,0.1490105357389051,0.005114098323886659,0.8458753659372081
id08917,0.977780002388105,0.0028383869347314663,0.019381610677163468
id25440,0.8734784568840613,0.03556747147363675,0.09095407164230195
id25676,0.00036661415912589163,0.9974447298386675,0.0021886560022066196
id13014,0.9814957760978832,0.01838269889676099,0.00012152500535568437
id24835,0.7516904624643657,0.17936135193007924,0.06894818560555512
id16745,0.09935336659232326,0.001808274542252577,0.8988383588654242
id13913,0.9483866855175596,0.019774758404951596,0.03183855607748891
id18954,0.9955559288022966,4.474429712748851e-05,0.0043993269005759
id03993,0.14715144077384792,0.006147054576856073,0.8467015046492959
id08862,0.9541522477759926,2.05604218095341e-05,0.04582719180219785
id02901,0.999704322674552,0.00022180425817488927,7.387306727314872e-05
id03550,0.0044069700851789035,0.0008387300610474609,0.9947542998537736
id13288,0.034570284257172304,0.9221944376737123,0.04323527806911521
id12352,0.22056544569736278,0.00020374503534784417,0.7792308092672894
id18926,0.9995957835750892,0.0002851089389838345,0.00011910748592698289
id27696,0.46766850023415896,0.04302226049237286,0.48930923927346825
id03095,0.01615369556320064,0.9778344353410147,0.00601186909578471
id15660,0.8689065252731656,0.04735804269314122,0.08373543203369312
id24635,0.0005918541130548979,0.99940381275641,4.333130535144326e-06
id13059,0.9788330558749079,0.0028771004939729637,0.018289843631119074
id14163,0.04601999352747589,6.962253078499254e-05,0.9539103839417391
id13168,0.8460867330778755,0.1516797784185948,0.0022334885035297596
id09019,0.06119302117119805,0.006975399412529381,0.9318315794162726
id12690,0.21986977112884687,0.7780277803217206,0.00210244854943251
id18845,0.04379955529946832,0.024307401810487666,0.931893042890044
id07065,0.0003675120332826167,0.0007490059996572708,0.99888348196706
id06155,0.5879945358431068,0.4069336900525907,0.005071774104302471
id18811,0.3559535261835728,0.11398642372843985,0.5300600500879874
id26492,0.10596659378868713,0.1553102061713522,0.7387232000399606
id16302,0.984141074032732,0.015567318926937586,0.0002916070403303291
id23879,0.0008270814110966936,0.9982576311621209,0.0009152874267824722
id04150,1.872261764824189e-05,4.875739193355038e-05,0.9999325199904182
id07408,0.9279605614795646,0.003517860874306323,0.06852157764612916
id02040,0.7470820735528307,0.005937175656064001,0.24698075079110526
id21654,0.9994204585009016,0.00011990231234727465,0.00045963918675114403
id20306,0.015403421902074246,0.005006893119683605,0.9795896849782422
id06856,0.7402948815296575,0.09650215660082652,0.16320296186951605
id26053,0.008727825453266719,0.006711532817303733,0.9845606417294296
id05822,0.9123184193776948,0.0012588493334484215,0.08642273128885683
id22397,0.016127572101186267,0.04372904835004092,0.9401433795487728
id24702,3.316414558141525e-05,2.5799401819162265e-05,0.9999410364525994
id18440,0.026645128025680052,0.9731296668102687,0.00022520516405126565
id24276,0.8727717744705057,0.022580873747442155,0.10464735178205217
id07262,0.00011702597710360746,0.9970216085822694,0.0028613654406270737
id26940,0.0005953133919681773,0.9991219300849044,0.0002827565231275464
id20515,0.9794933146362116,0.006235452296737128,0.014271233067051286
id27494,0.09447532436493246,0.005879039792679275,0.8996456358423883
id08038,5.169731147746079e-06,1.9999968082970657e-06,0.999992830272044
id27635,0.27396834261368325,0.02046585916589042,0.7055657982204264
id01004,2.9186160821729097e-05,0.00010946314226952058,0.9998613506969087
id06321,0.9998410703751817,6.451290228856326e-05,9.441672252974212e-05
id19355,0.0009607558222901995,0.9966560996319135,0.002383144545796358
id12767,0.020742199888706576,0.6895854010710296,0.2896723990402639
id18726,0.5736890861964049,0.00625483268914289,0.4200560811144523
id21972,0.9396583448789315,0.057031710875694835,0.0033099442453737734
id20042,0.7053366741969084,0.2923378674583339,0.0023254583447576806
id24778,0.9998116845381955,0.00013765326315553106,5.066219864905598e-05
id17711,0.001111220702197686,0.9910111012277621,0.00787767807004013
id26441,0.8881491779311074,0.07839151742559683,0.03345930464329583
id09376,0.026261427563420345,0.011724717095160896,0.9620138553414188
id08919,0.0019792629715747905,0.002241779638025298,0.9957789573904
id12020,0.935977399373431,0.04964918469986811,0.014373415926700848
id07935,0.00015235788710728877,9.49544508356005e-06,0.9998381466678092
id19680,0.0004098841108003495,0.9995730570957412,1.7058793458523845e-05
id11301,1.1677054133924596e-05,0.9999838841903204,4.438755545703542e-06
id09787,0.860171383414752,0.040689819809158416,0.09913879677608962
id07004,0.4387858154499737,0.5584254111521983,0.002788773397828087
id11970,0.23640015429888628,0.33390959663477243,0.4296902490663413
id08959,0.13681572054176902,0.01144011945632995,0.8517441600019011
id19102,0.9053737074803141,0.04081223730251033,0.05381405521717564
id01202,0.12507093690224733,0.508493082835983,0.36643598026176966
id14542,0.0013375254173966103,0.9947530688255741,0.003909405757029284
id20672,0.07985211286720958,0.0027023968691336237,0.9174454902636568
id16786,0.9955005622934383,0.004194470931604562,0.0003049667749571896
id19760,5.877500072108959e-05,0.9998684096967729,7.281530250599168e-05
id17781,0.9181791786709397,0.07478328261593907,0.007037538713121345
id20302,0.015342641488216366,0.9841146564377695,0.0005427020740140782
id06934,0.0024386058953447393,0.0005129722971278419,0.9970484218075274
id04047,0.07579635560742831,0.03480868435358336,0.8893949600389883
id11007,0.9737601379307246,0.02126824086917728,0.004971621200098027
id16414,0.017787191453561554,0.683811594486953,0.2984012140594855
id23012,0.00015136658804866494,1.5225544860970389e-05,0.9998334078670904
id27883,0.6929044791479286,0.212910316700289,0.0941852041517825
id10314,0.3073708532926634,0.25913532912603693,0.4334938175812996
id16864,0.20143470645829956,0.018122755175628145,0.7804425383660724
id16707,0.09300212403326129,0.8951792217505624,0.011818654216176316
id19139,3.874434200111455e-05,0.9994425612554226,0.00051869440257628
id15902,0.13015512235252405,0.0007678644823226698,0.8690770131651533
id19103,0.003734397908229211,0.0016869378371046906,0.9945786642546661
id03862,0.7837441307461751,0.19796586084134518,0.01829000841247969
id11881,0.00030208561013560806,0.9996629995951108,3.4914794753611105e-05
id06924,0.028875343812625166,0.8502687862950895,0.12085586989228539
id14077,0.9670282192144509,0.016692657308675633,0.01627912347687352
id25675,0.5589130812419353,0.0031107238804318534,0.4379761948776329
id07327,0.9265821813353364,0.003910968381413853,0.06950685028324982
id26322,0.9807933439978497,0.014372806440350806,0.004833849561799526
id18714,0.2840636547432842,0.023941905543004585,0.6919944397137112
id04107,0.00480067319256207,0.0014582304691881831,0.9937410963382498
id19416,0.030473518909283324,0.0006449550596104458,0.9688815260311062
id02710,0.95534593828879,0.04350898414121348,0.001145077569996489
id25002,0.463045718206967,0.17318493839119567,0.36376934340183725
id09633,0.9718166244843234,0.019409206566794738,0.008774168948881937
id17269,0.0007656107607145348,0.9861851966338783,0.013049192605407205
id09792,0.0003591440103605436,0.001109581463482589,0.9985312745261569
id14442,0.0005377899024298289,0.00016942354760179687,0.9992927865499684
id02780,1.9999974101106107e-06,0.9998921822998897,0.00010581770270016282
id18428,0.04635953472516839,0.0037506364610602506,0.9498898288137713
id24103,0.8676337245624203,0.1258328149049749,0.006533460532604796
id23278,1.99999873022864e-06,0.9991573723541965,0.0008406276470732954
id11217,1.1289121440738065e-05,0.9999867108819398,1.9999966194988313e-06
id14675,0.00010701803969675463,0.9998807907516655,1.2191208637797496e-05
id11092,0.002362385355488463,0.9485466504668073,0.04909096417770415
id14881,0.024615482873734697,0.07474021580899763,0.9006443013172677
id21509,0.99065204698923,0.0012614824259045254,0.008086470584865474
id04192,0.6698173995859017,0.008298873437926693,0.3218837269761717
id01319,0.9999960000083512,1.999995824420949e-06,1.999995824420949e-06
id14366,0.00010915220270463609,0.9998888478008905,1.999996404910009e-06
id07885,0.0027721796059178754,0.9971066668866875,0.00012115350739464123
id23484,0.0006642756226694362,0.9854307508737477,0.013904973503582937
id08140,0.9986277035309697,0.001219679490415983,0.00015261697861431356
id00788,2.4823543402824767e-06,7.411116751021194e-06,0.9999901065289087
id19716,0.9932022814655209,0.0005957923590378147,0.006201926175441238
id09045,0.0037637441312137862,0.9961566709197153,7.958494907092987e-05
id27460,0.9999845202442408,1.9999980964828886e-06,1.3479757662818989e-05
id08543,0.9997623493603296,0.0002348550441960003,2.7955954744353557e-06
id10642,0.120846173638897,0.32868794035937327,0.5504658860017297
id19373,1.1312199723980302e-05,0.9999866878020864,1.9999981895062284e-06
id03602,1.999994929287087e-06,0.9999960000101413,1.999994929287087e-06
id20854,0.7549454917472015,0.040033163860791976,0.20502134439200645
id00281,0.6208005098329109,0.20368685914232493,0.17551263102476422
id13289,1.9999947205539843e-06,0.9999960000105588,1.9999947205539843e-06
id08010,0.9793147278140891,0.003378402525790219,0.017306869660120662
id26649,0.8243771440133097,0.11782849082939668,0.057794365157293484
id09783,0.9950762882902201,0.004660149695296085,0.0002635620144838234
id25991,0.9752303522537555,0.02202306600567342,0.0027465817405710634
id03197,0.025787647850305115,8.058253824445028e-05,0.9741317696114504
id18172,0.9987344608279614,0.000737885832716288,0.0005276533393224368
id26761,0.9696999682745662,0.015367356202220066,0.014932675523213701
id27818,0.0019254290236147133,1.655470741452186e-05,0.9980580162689708
id26700,0.02030417550414952,0.5288630670752813,0.4508327574205691
id16140,0.00515550796202565,0.0001147754637385898,0.9947297165742358
id02578,0.46785198709660325,0.14810901394447895,0.38403899895891785
id23796,0.0003319823792673278,8.102250903234034e-05,0.9995869951117003
id06216,0.013999030397225925,0.9831813497594379,0.0028196198433360605
id07360,0.8852622832598017,0.09757346301283318,0.017164253727365186
id10415,0.0676234121477015,0.9200075788786016,0.012369008973696928
id06422,0.7403134524792057,0.09968843796301749,0.15999810955777688
id20602,0.0008878750945401278,0.9991062521735652,5.872731894655996e-06
id07180,0.9896900225740942,0.0002057754977533878,0.010104201928152387
id05447,0.8871177596389586,0.000820614416097307,0.11206162594494419
id13726,7.387271221298019e-05,0.002421317326037149,0.9975048099617498
id13296,0.0004921973770447182,1.9999964556048597e-06,0.9995058026264998
id23956,0.9082283861365391,0.06849202069109457,0.023279593172366376
id19327,0.002016722227316655,8.531870730536055e-05,0.997897959065378
id01134,0.20832365076256237,0.037792742319909804,0.7538836069175279
id18392,0.9999563705353196,2.5486570164908284e-05,1.81428945155543e-05
id14966,0.4651239945738034,0.007786704492474842,0.5270893009337219
id21837,1.0552582389184021e-05,3.7690541125131394e-06,0.9999856783634983
id22104,0.9999449238895836,5.2688625121682264e-05,2.3874852948175747e-06
id10549,0.13260497096187515,0.004399113772996187,0.8629959152651286
id21209,0.9935644458600859,0.005853611207921336,0.0005819429319927716
id05748,0.9998690679634472,2.6063678109723234e-05,0.0001048683584429308
id05685,0.6451309680769,0.20133602572195067,0.1535330062011494
id01214,0.9416515099433642,0.00041909628919308293,0.05792939376744275
id23027,0.5723602936588488,0.022048432463478936,0.4055912738776722
id09742,0.04324506559429663,0.9532576658943599,0.003497268511343549
id17830,0.00018881670149654118,0.9997582015668791,5.298173162440462e-05
id02909,0.0015399509985719907,0.9914021642207778,0.007057884780650324
id20495,0.0006742346767207299,0.9960236228553704,0.0033021424679089595
id20123,0.9952190835390528,0.00022887428376828313,0.004552042177178938
id07750,0.9996033333457517,0.00024851200779976474,0.0001481546464486134
id19231,0.9989889021434296,4.410931073662675e-05,0.0009669885458337496
id21728,1.933985543360323e-05,0.9999669899821919,1.367016237460508e-05
id16313,0.7598552723697931,0.19141158958197912,0.0487331380482278
id13658,0.00869658345066997,0.0004782130349364482,0.9908252035143936
id27125,4.4412906746091576e-05,0.9995750871355554,0.00038049995769855264
id21855,0.11353988282133047,0.03047275607956391,0.8559873610991057
id18413,0.352669178281669,0.09483685673196736,0.5524939649863636
id23180,0.12898039120022195,0.21878523229253516,0.6522343765072429
id00890,0.019355922211318932,6.550005791294371e-05,0.9805785777307682
id01822,0.05984186908476951,0.039828561053797784,0.9003295698614328
id18198,0.00021766304307849178,0.048553702955016126,0.9512286340019054
id06176,0.01134688997776677,0.9863890910926174,0.002264018929615755
id13501,0.006334123633514109,0.0007168319222899948,0.992949044444196
id11696,0.06720717067561321,0.09830168200134624,0.8344911473230405
id07581,0.031507503296125,0.005697637627110198,0.9627948590767648
id04113,0.88080726694514,0.005437572595015623,0.11375516045984431
id17782,0.2775666969908448,0.007184510295750728,0.7152487927134046
id05817,0.7527814038272822,0.20154304265151243,0.04567555352120532
id22324,0.9506369914768062,0.0015048262300559909,0.04785818229313779
id11883,0.03309097104222685,0.07445267652226763,0.8924563524355055
id15681,0.9289158446434388,0.0003576426228004876,0.07072651273376077
id02586,0.656025152311283,0.12073691623438403,0.22323793145433307
id16750,2.0276493900496812e-05,1.9999963535003937e-06,0.999977723509746
id02290,0.017600573273638457,0.0007354961030770081,0.9816639306232846
id20643,0.3246548413936466,0.6694630312706998,0.0058821273356534755
id16553,0.9940475219311123,0.00521969382000999,0.0007327842488776882
id26031,0.47973504435957803,0.5150905140974685,0.005174441542953462
id14146,0.11809003824449005,0.1619125057650048,0.7199974559905051
id21943,0.004649735916298743,0.001832672922772659,0.9935175911609286
id14944,0.12256488596740157,0.0530281395846402,0.8244069744479582
id21950,0.9927947278445617,0.0038963160085927844,0.00330895614684557
id22773,0.04205956077625443,0.0021501914797932473,0.9557902477439523
id07430,0.9888221007201071,0.006278290073855863,0.004899609206037043
id19559,0.9948543168326567,0.003671805861033239,0.0014738773063101012
id12765,0.999578297236983,0.0001270126202418631,0.00029469014277517825
id06279,0.00031818201308280337,0.9946178198499868,0.005063998136930539
id14557,0.9672433911342421,0.0010129077102206101,0.03174370115553743
id10815,0.0016113067682356982,0.0011539366658158644,0.9972347565659485
id20739,0.9989715321455219,0.00042615567811413136,0.0006023121763639833
id02878,9.36788891399623e-05,1.9999993076319065e-06,0.9999043211115524
id00293,0.0037125598665927293,0.7454774435469278,0.2508099965864795
id26206,0.0030733495455433986,0.0002470535046791885,0.9966795969497774
id00452,0.9589852452801723,0.03997095909814282,0.0010437956216849014
id25654,0.020726461251725347,0.9771518542910147,0.002121684457259816
id02263,0.0011754020231005125,0.9988225979777821,1.9999991174821934e-06
id18381,0.7173177316705299,0.26692185807916663,0.015760410250303534
id17472,4.1219072685057523e-05,0.9986294272627515,0.0013293536645633968
id14770,0.09218986701350561,0.04290756813486432,0.8649025648516301
id14900,0.7566920748790325,0.0900326315517253,0.15327529356924227
id22236,0.9781519835679573,0.020583872590975928,0.0012641438410666607
id26383,0.00019997202344790608,0.00036663756733966077,0.9994333904092124
id06662,0.9997220879937719,0.0001850632498602783,9.284875636772502e-05
id10868,0.008065687204435141,0.9915446749617567,0.0003896378338082093
id26468,0.9941465299959681,0.0012212726734294977,0.0046321973306023565
id04463,0.004123731304400168,0.9953662989148456,0.0005099697807542251
id03691,0.0030305696516497696,0.08307136006222654,0.9138980702861237
id17283,0.969818288421743,0.013998363709409687,0.01618334786884731
id23803,0.1467362059305078,0.00030588120427009236,0.8529579128652222
id26210,0.25893511478091846,0.6815499147951638,0.05951497042391778
id09767,0.9750269898461826,0.0019955355202837975,0.02297747463353357
id09686,0.018743836231977628,0.9622355141594358,0.01902064960858672
id11830,0.8335979316274964,0.055094416971607635,0.11130765140089588
id11771,1.9999948170018767e-06,1.9999948170018767e-06,0.999996000010366
id25088,0.00020167496744640285,0.0023170201103924915,0.9974813049221611
id05313,0.1019511316431758,0.17379030819302185,0.7242585601638023
id25132,0.002830070188566207,0.9926039818970686,0.00456594791436522
id00909,0.0001891662843792343,0.9953643068283863,0.004446526887234357
id07473,0.00047371778956846954,1.2457098851328129e-05,0.9995138251115803
id18415,0.6663018522990967,0.07396310345429379,0.2597350442466096
id04626,3.1556217852718294e-05,9.01110007986812e-06,0.9999594326820674
id05473,0.0012415287388758117,5.303422326185876e-05,0.9987054370378624
id19326,0.9874812430727197,0.0094183790494789,0.0031003778778014484
id13152,0.9988781881970357,0.0005514753690028312,0.0005703364339615544
id16625,0.9986599922177184,0.00037472194152907455,0.0009652858407524637
id05316,0.008290680767727892,0.000624836658484239,0.9910844825737878
id26975,0.00010431668089838113,0.9996384800965299,0.0002572032225717614
id16072,0.00886233557213926,0.9714013610254919,0.019736303402368854
id15342,0.000482500211222428,0.9994843771933101,3.312259546750969e-05
id04700,0.9809039530701341,0.0013938358554127775,0.01770221107445319
id16141,0.992968670384233,0.00657765310615192,0.00045367650961518596
id17881,0.1235726280313137,0.778298282479664,0.09812908948902233
id23671,0.9989369232546781,0.0002686507948744852,0.0007944259504473752
id25072,0.0009303859258398547,0.0350703194468826,0.9639992946272775
id27761,0.5722044161768676,0.10035577065686113,0.3274398131662713
id06286,0.3560849860039295,0.4673466892727894,0.17656832472328107
id16602,0.0024072753813892188,0.9971617774114414,0.0004309472071695001
id13969,0.3074502555443598,0.6864453004638086,0.006104443991831735
id11949,0.35866445021846843,0.30724936708335393,0.33408618269817764
id26920,0.008212636460192354,0.990689106828823,0.0010982567109846597
id27240,0.044462377987964076,0.0013677881990147973,0.9541698338130211
id25302,0.9760409337647167,0.02233148012375631,0.0016275861115269297
id17629,0.12847780508874646,0.10164465384739309,0.7698775410638604
id18446,0.6675177468402937,0.04536343585104661,0.2871188173086597
id08026,2.2435394094079952e-05,0.9999632380742862,1.432653161976455e-05
id24950,0.009809643349783948,0.9892701735737329,0.0009201830764830564
id10447,0.47791777931673246,0.0008466772656191782,0.5212355434176483
id18361,0.005699785600050606,0.0006014679254826052,0.9936987464744668
id24750,0.01007366053163539,0.9834190550337146,0.006507284434650044
id08946,0.7406494853038277,0.01784164290639965,0.24150887178977268
id24582,0.47157406822118675,0.4958944324532847,0.03253149932552862
id14759,0.0006685893876355681,0.9991003833548318,0.00023102725753276591
id11530,0.0008085129324590213,2.7530982129377332e-05,0.9991639560854116
id26900,0.04383201021894863,0.9502849288730314,0.005883060908019853
id10389,0.0001881649186414344,1.82374808969044e-05,0.9997935976004617
id11237,0.8900615485348345,0.001124754266757468,0.10881369719840796
id25847,0.15975622959842764,0.22545047226132692,0.6147932981402454
id15053,0.012492689680838455,0.0017469259849322615,0.9857603843342293
id16534,0.00012953124597522113,0.9995651571353196,0.0003053116187051194
id10280,0.00021285297083834675,0.999361566364448,0.0004255806647135892
id12264,0.27813272006554035,0.029803367765429172,0.6920639121690305
id01220,0.0010794870792146932,1.4596543666572614e-05,0.9989059163771188
id09373,0.999911219598738,7.538406993440086e-05,1.3396331327753364e-05
id27661,5.034158485126576e-05,0.9997798043496531,0.00016985406549567273
