id,label
klue-nli-v1_train_03504,contradiction
klue-nli-v1_train_08818,entailment
klue-nli-v1_train_21263,neutral
klue-nli-v1_train_05250,neutral
klue-nli-v1_train_10986,entailment
klue-nli-v1_train_19939,contradiction
klue-nli-v1_train_23514,entailment
klue-nli-v1_train_21663,neutral
klue-nli-v1_train_12879,entailment
klue-nli-v1_train_02937,neutral
klue-nli-v1_train_22679,neutral
klue-nli-v1_train_06863,neutral
klue-nli-v1_train_18051,contradiction
klue-nli-v1_train_05071,entailment
klue-nli-v1_train_01347,neutral
klue-nli-v1_train_15703,entailment
klue-nli-v1_train_00343,neutral
klue-nli-v1_train_09253,contradiction
klue-nli-v1_train_05498,entailment
klue-nli-v1_train_13786,entailment
klue-nli-v1_train_21391,neutral
klue-nli-v1_train_00271,contradiction
klue-nli-v1_train_08608,contradiction
klue-nli-v1_train_05474,neutral
klue-nli-v1_train_23046,contradiction
klue-nli-v1_train_21174,contradiction
klue-nli-v1_train_18267,neutral
klue-nli-v1_train_17571,contradiction
klue-nli-v1_train_19488,entailment
klue-nli-v1_train_18746,contradiction
klue-nli-v1_train_04862,contradiction
klue-nli-v1_train_23501,neutral
klue-nli-v1_train_05229,neutral
klue-nli-v1_train_12859,entailment
klue-nli-v1_train_15849,contradiction
klue-nli-v1_train_13861,neutral
klue-nli-v1_train_10183,contradiction
klue-nli-v1_train_03939,neutral
klue-nli-v1_train_16500,entailment
klue-nli-v1_train_09409,neutral
klue-nli-v1_train_06646,entailment
klue-nli-v1_train_10368,contradiction
klue-nli-v1_train_07326,contradiction
klue-nli-v1_train_21154,entailment
klue-nli-v1_train_08030,entailment
klue-nli-v1_train_12499,entailment
klue-nli-v1_train_16530,entailment
klue-nli-v1_train_08969,neutral
klue-nli-v1_train_16344,contradiction
klue-nli-v1_train_01280,entailment
klue-nli-v1_train_12819,neutral
klue-nli-v1_train_23533,contradiction
klue-nli-v1_train_20972,entailment
klue-nli-v1_train_15054,neutral
klue-nli-v1_train_05990,neutral
klue-nli-v1_train_23562,entailment
klue-nli-v1_train_07628,entailment
klue-nli-v1_train_24204,contradiction
klue-nli-v1_train_21804,neutral
klue-nli-v1_train_08756,contradiction
klue-nli-v1_train_15488,contradiction
klue-nli-v1_train_05074,neutral
klue-nli-v1_train_10032,entailment
klue-nli-v1_train_20790,entailment
klue-nli-v1_train_08193,contradiction
klue-nli-v1_train_19147,contradiction
klue-nli-v1_train_04646,entailment
klue-nli-v1_train_01940,neutral
klue-nli-v1_train_05489,entailment
klue-nli-v1_train_18977,entailment
klue-nli-v1_train_09509,neutral
klue-nli-v1_train_16774,contradiction
klue-nli-v1_train_15433,neutral
klue-nli-v1_train_18581,contradiction
klue-nli-v1_train_12394,contradiction
klue-nli-v1_train_12391,entailment
klue-nli-v1_train_09526,entailment
klue-nli-v1_train_04555,entailment
klue-nli-v1_train_08863,entailment
klue-nli-v1_train_12210,entailment
klue-nli-v1_train_23049,contradiction
klue-nli-v1_train_09047,neutral
klue-nli-v1_train_13229,neutral
klue-nli-v1_train_23887,entailment
klue-nli-v1_train_22505,neutral
klue-nli-v1_train_24881,neutral
klue-nli-v1_train_04107,entailment
klue-nli-v1_train_20738,neutral
klue-nli-v1_train_05590,neutral
klue-nli-v1_train_22726,neutral
klue-nli-v1_train_13328,neutral
klue-nli-v1_train_20064,contradiction
klue-nli-v1_train_08011,contradiction
klue-nli-v1_train_17465,entailment
klue-nli-v1_train_19889,neutral
klue-nli-v1_train_03496,contradiction
klue-nli-v1_train_19009,contradiction
klue-nli-v1_train_13889,neutral
klue-nli-v1_train_14973,contradiction
klue-nli-v1_train_10394,contradiction
klue-nli-v1_train_01294,contradiction
klue-nli-v1_train_09414,contradiction
klue-nli-v1_train_03351,contradiction
klue-nli-v1_train_03136,neutral
klue-nli-v1_train_20296,contradiction
klue-nli-v1_train_11749,entailment
klue-nli-v1_train_01519,entailment
klue-nli-v1_train_03882,neutral
klue-nli-v1_train_15370,entailment
klue-nli-v1_train_18863,entailment
klue-nli-v1_train_11538,entailment
klue-nli-v1_train_22973,neutral
klue-nli-v1_train_07005,neutral
klue-nli-v1_train_23075,entailment
klue-nli-v1_train_18613,neutral
klue-nli-v1_train_08730,neutral
klue-nli-v1_train_17267,entailment
klue-nli-v1_train_04382,entailment
klue-nli-v1_train_02405,contradiction
klue-nli-v1_train_10100,contradiction
klue-nli-v1_train_24209,contradiction
klue-nli-v1_train_01800,contradiction
klue-nli-v1_train_23638,neutral
klue-nli-v1_train_11739,neutral
klue-nli-v1_train_05966,entailment
klue-nli-v1_train_12714,contradiction
klue-nli-v1_train_22710,neutral
klue-nli-v1_train_04124,contradiction
klue-nli-v1_train_16004,entailment
klue-nli-v1_train_08275,neutral
klue-nli-v1_train_10049,entailment
klue-nli-v1_train_17777,neutral
klue-nli-v1_train_05283,neutral
klue-nli-v1_train_04839,contradiction
klue-nli-v1_train_05194,neutral
klue-nli-v1_train_15525,contradiction
klue-nli-v1_train_19687,entailment
klue-nli-v1_train_11910,contradiction
klue-nli-v1_train_18553,contradiction
klue-nli-v1_train_11740,contradiction
klue-nli-v1_train_12730,entailment
klue-nli-v1_train_16494,neutral
klue-nli-v1_train_19406,entailment
klue-nli-v1_train_19282,contradiction
klue-nli-v1_train_08406,entailment
klue-nli-v1_train_01887,contradiction
klue-nli-v1_train_11568,contradiction
klue-nli-v1_train_18523,entailment
klue-nli-v1_train_00605,contradiction
klue-nli-v1_train_22635,neutral
klue-nli-v1_train_08640,contradiction
klue-nli-v1_train_04594,contradiction
klue-nli-v1_train_04981,contradiction
klue-nli-v1_train_10362,neutral
klue-nli-v1_train_04918,neutral
klue-nli-v1_train_17975,contradiction
klue-nli-v1_train_02061,contradiction
klue-nli-v1_train_15831,contradiction
klue-nli-v1_train_22097,contradiction
klue-nli-v1_train_09827,neutral
klue-nli-v1_train_06264,neutral
klue-nli-v1_train_11963,entailment
klue-nli-v1_train_23444,entailment
klue-nli-v1_train_15751,neutral
klue-nli-v1_train_06365,entailment
klue-nli-v1_train_19826,entailment
klue-nli-v1_train_04846,entailment
klue-nli-v1_train_01495,neutral
klue-nli-v1_train_12994,entailment
klue-nli-v1_train_13959,entailment
klue-nli-v1_train_04450,contradiction
klue-nli-v1_train_07143,entailment
klue-nli-v1_train_04079,entailment
klue-nli-v1_train_19993,neutral
klue-nli-v1_train_17165,neutral
klue-nli-v1_train_04534,neutral
klue-nli-v1_train_13412,entailment
klue-nli-v1_train_18260,neutral
klue-nli-v1_train_16299,entailment
klue-nli-v1_train_09702,entailment
klue-nli-v1_train_18876,entailment
klue-nli-v1_train_10408,entailment
klue-nli-v1_train_00363,entailment
klue-nli-v1_train_23198,neutral
klue-nli-v1_train_06760,contradiction
klue-nli-v1_train_09544,neutral
klue-nli-v1_train_02912,contradiction
klue-nli-v1_train_15759,contradiction
klue-nli-v1_train_10332,entailment
klue-nli-v1_train_00754,neutral
klue-nli-v1_train_10541,neutral
klue-nli-v1_train_10568,entailment
klue-nli-v1_train_20283,entailment
klue-nli-v1_train_16408,entailment
klue-nli-v1_train_21045,entailment
klue-nli-v1_train_03418,neutral
klue-nli-v1_train_17491,entailment
klue-nli-v1_train_16490,neutral
klue-nli-v1_train_01636,entailment
klue-nli-v1_train_00671,entailment
klue-nli-v1_train_04110,contradiction
klue-nli-v1_train_20946,entailment
klue-nli-v1_train_22355,entailment
klue-nli-v1_train_17194,entailment
klue-nli-v1_train_13169,entailment
klue-nli-v1_train_17301,entailment
klue-nli-v1_train_02837,entailment
klue-nli-v1_train_16707,entailment
klue-nli-v1_train_08722,entailment
klue-nli-v1_train_13367,neutral
klue-nli-v1_train_19351,contradiction
klue-nli-v1_train_19320,contradiction
klue-nli-v1_train_17103,entailment
klue-nli-v1_train_14363,entailment
klue-nli-v1_train_10719,contradiction
klue-nli-v1_train_00789,contradiction
klue-nli-v1_train_15322,contradiction
klue-nli-v1_train_08690,entailment
klue-nli-v1_train_21329,entailment
klue-nli-v1_train_03049,neutral
klue-nli-v1_train_21095,entailment
klue-nli-v1_train_08656,contradiction
klue-nli-v1_train_02346,contradiction
klue-nli-v1_train_24050,neutral
klue-nli-v1_train_00982,neutral
klue-nli-v1_train_21219,entailment
klue-nli-v1_train_15480,contradiction
klue-nli-v1_train_02062,entailment
klue-nli-v1_train_17384,neutral
klue-nli-v1_train_10919,neutral
klue-nli-v1_train_17879,contradiction
klue-nli-v1_train_12461,entailment
klue-nli-v1_train_15804,contradiction
klue-nli-v1_train_11121,contradiction
klue-nli-v1_train_21194,entailment
klue-nli-v1_train_18178,entailment
klue-nli-v1_train_14260,contradiction
klue-nli-v1_train_02529,entailment
klue-nli-v1_train_11976,neutral
klue-nli-v1_train_11328,entailment
klue-nli-v1_train_14367,neutral
klue-nli-v1_train_00890,contradiction
klue-nli-v1_train_21268,neutral
klue-nli-v1_train_09395,contradiction
klue-nli-v1_train_09269,entailment
klue-nli-v1_train_13800,neutral
klue-nli-v1_train_20825,contradiction
klue-nli-v1_train_07097,neutral
klue-nli-v1_train_09699,contradiction
klue-nli-v1_train_23172,neutral
klue-nli-v1_train_15527,entailment
klue-nli-v1_train_06756,neutral
klue-nli-v1_train_05073,entailment
klue-nli-v1_train_11932,entailment
klue-nli-v1_train_22306,contradiction
klue-nli-v1_train_20159,entailment
klue-nli-v1_train_17299,contradiction
klue-nli-v1_train_06987,entailment
klue-nli-v1_train_17309,contradiction
klue-nli-v1_train_23382,contradiction
klue-nli-v1_train_04938,contradiction
klue-nli-v1_train_20783,entailment
klue-nli-v1_train_08240,contradiction
klue-nli-v1_train_09310,neutral
klue-nli-v1_train_10498,contradiction
klue-nli-v1_train_00486,entailment
klue-nli-v1_train_02647,entailment
klue-nli-v1_train_23547,contradiction
klue-nli-v1_train_12072,neutral
klue-nli-v1_train_06167,neutral
klue-nli-v1_train_00689,neutral
klue-nli-v1_train_22651,neutral
klue-nli-v1_train_19263,entailment
klue-nli-v1_train_06429,entailment
klue-nli-v1_train_02031,contradiction
klue-nli-v1_train_23935,neutral
klue-nli-v1_train_06386,contradiction
klue-nli-v1_train_11094,neutral
klue-nli-v1_train_03549,contradiction
klue-nli-v1_train_18955,neutral
klue-nli-v1_train_07945,entailment
klue-nli-v1_train_02855,contradiction
klue-nli-v1_train_15739,contradiction
klue-nli-v1_train_11329,contradiction
klue-nli-v1_train_23807,entailment
klue-nli-v1_train_13088,contradiction
klue-nli-v1_train_16441,neutral
klue-nli-v1_train_12407,entailment
klue-nli-v1_train_01091,contradiction
klue-nli-v1_train_08744,contradiction
klue-nli-v1_train_04395,entailment
klue-nli-v1_train_12663,contradiction
klue-nli-v1_train_12345,neutral
klue-nli-v1_train_12368,contradiction
klue-nli-v1_train_06201,neutral
klue-nli-v1_train_16917,entailment
klue-nli-v1_train_20589,contradiction
klue-nli-v1_train_17546,contradiction
klue-nli-v1_train_15153,entailment
klue-nli-v1_train_09555,entailment
klue-nli-v1_train_20341,neutral
klue-nli-v1_train_01087,entailment
klue-nli-v1_train_05963,entailment
klue-nli-v1_train_21139,neutral
klue-nli-v1_train_22547,neutral
klue-nli-v1_train_21296,contradiction
klue-nli-v1_train_21579,contradiction
klue-nli-v1_train_11827,neutral
klue-nli-v1_train_08322,neutral
klue-nli-v1_train_03072,contradiction
klue-nli-v1_train_07657,neutral
klue-nli-v1_train_24295,entailment
klue-nli-v1_train_12319,contradiction
klue-nli-v1_train_19649,neutral
klue-nli-v1_train_06382,entailment
klue-nli-v1_train_13608,entailment
klue-nli-v1_train_10638,contradiction
klue-nli-v1_train_00557,contradiction
klue-nli-v1_train_12855,contradiction
klue-nli-v1_train_16171,contradiction
klue-nli-v1_train_01549,neutral
klue-nli-v1_train_23432,contradiction
klue-nli-v1_train_08751,contradiction
klue-nli-v1_train_18871,contradiction
klue-nli-v1_train_23879,entailment
klue-nli-v1_train_16239,neutral
klue-nli-v1_train_03622,neutral
klue-nli-v1_train_08231,entailment
klue-nli-v1_train_20331,entailment
klue-nli-v1_train_14098,contradiction
klue-nli-v1_train_13774,entailment
klue-nli-v1_train_15783,contradiction
klue-nli-v1_train_10306,neutral
klue-nli-v1_train_15458,neutral
klue-nli-v1_train_10504,contradiction
klue-nli-v1_train_00672,neutral
klue-nli-v1_train_22298,entailment
klue-nli-v1_train_00134,entailment
klue-nli-v1_train_06301,contradiction
klue-nli-v1_train_16666,neutral
klue-nli-v1_train_03256,neutral
klue-nli-v1_train_02378,neutral
klue-nli-v1_train_01933,neutral
klue-nli-v1_train_08285,neutral
klue-nli-v1_train_15559,contradiction
klue-nli-v1_train_21099,neutral
klue-nli-v1_train_15937,contradiction
klue-nli-v1_train_01481,contradiction
klue-nli-v1_train_03226,neutral
klue-nli-v1_train_24738,entailment
klue-nli-v1_train_00781,entailment
klue-nli-v1_train_00115,entailment
klue-nli-v1_train_08218,contradiction
klue-nli-v1_train_14760,contradiction
klue-nli-v1_train_20674,contradiction
klue-nli-v1_train_15887,neutral
klue-nli-v1_train_22226,contradiction
klue-nli-v1_train_10595,contradiction
klue-nli-v1_train_01821,neutral
klue-nli-v1_train_03218,contradiction
klue-nli-v1_train_10956,contradiction
klue-nli-v1_train_24800,contradiction
klue-nli-v1_train_22413,entailment
klue-nli-v1_train_15881,neutral
klue-nli-v1_train_06729,entailment
klue-nli-v1_train_21943,neutral
klue-nli-v1_train_12584,entailment
klue-nli-v1_train_23778,neutral
klue-nli-v1_train_24752,entailment
klue-nli-v1_train_00060,entailment
klue-nli-v1_train_06658,neutral
klue-nli-v1_train_23019,entailment
klue-nli-v1_train_06625,contradiction
klue-nli-v1_train_17311,entailment
klue-nli-v1_train_06260,contradiction
klue-nli-v1_train_14816,contradiction
klue-nli-v1_train_09687,neutral
klue-nli-v1_train_04748,entailment
klue-nli-v1_train_19817,neutral
klue-nli-v1_train_16456,entailment
klue-nli-v1_train_20751,contradiction
klue-nli-v1_train_06553,neutral
klue-nli-v1_train_05861,contradiction
klue-nli-v1_train_19117,entailment
klue-nli-v1_train_06974,contradiction
klue-nli-v1_train_03867,contradiction
klue-nli-v1_train_07781,contradiction
klue-nli-v1_train_00805,neutral
klue-nli-v1_train_21168,contradiction
klue-nli-v1_train_06490,entailment
klue-nli-v1_train_04465,entailment
klue-nli-v1_train_08482,contradiction
klue-nli-v1_train_15051,contradiction
klue-nli-v1_train_20535,entailment
klue-nli-v1_train_11693,contradiction
klue-nli-v1_train_10104,contradiction
klue-nli-v1_train_18893,entailment
klue-nli-v1_train_15266,entailment
klue-nli-v1_train_11443,contradiction
klue-nli-v1_train_07540,contradiction
klue-nli-v1_train_01233,neutral
klue-nli-v1_train_04776,contradiction
klue-nli-v1_train_08313,contradiction
klue-nli-v1_train_12611,entailment
klue-nli-v1_train_09779,neutral
klue-nli-v1_train_00357,contradiction
klue-nli-v1_train_15042,neutral
klue-nli-v1_train_13620,neutral
klue-nli-v1_train_19964,entailment
klue-nli-v1_train_14688,contradiction
klue-nli-v1_train_14653,contradiction
klue-nli-v1_train_18477,entailment
klue-nli-v1_train_08678,entailment
klue-nli-v1_train_05853,neutral
klue-nli-v1_train_08522,neutral
klue-nli-v1_train_06860,entailment
klue-nli-v1_train_00598,neutral
klue-nli-v1_train_16563,contradiction
klue-nli-v1_train_11045,neutral
klue-nli-v1_train_08745,neutral
klue-nli-v1_train_17397,contradiction
klue-nli-v1_train_01966,entailment
klue-nli-v1_train_09222,entailment
klue-nli-v1_train_23108,contradiction
klue-nli-v1_train_12960,contradiction
klue-nli-v1_train_24505,contradiction
klue-nli-v1_train_13978,contradiction
klue-nli-v1_train_19046,neutral
klue-nli-v1_train_17007,neutral
klue-nli-v1_train_00230,contradiction
klue-nli-v1_train_24908,contradiction
klue-nli-v1_train_16892,contradiction
klue-nli-v1_train_13280,entailment
klue-nli-v1_train_18534,contradiction
klue-nli-v1_train_20764,entailment
klue-nli-v1_train_16148,entailment
klue-nli-v1_train_11545,contradiction
klue-nli-v1_train_18655,contradiction
klue-nli-v1_train_24794,neutral
klue-nli-v1_train_08094,neutral
klue-nli-v1_train_20823,neutral
klue-nli-v1_train_19578,entailment
klue-nli-v1_train_07811,contradiction
klue-nli-v1_train_11726,neutral
klue-nli-v1_train_23818,neutral
klue-nli-v1_train_04063,neutral
klue-nli-v1_train_15327,contradiction
klue-nli-v1_train_10356,neutral
klue-nli-v1_train_14663,entailment
klue-nli-v1_train_04808,entailment
klue-nli-v1_train_17769,neutral
klue-nli-v1_train_23591,contradiction
klue-nli-v1_train_08173,contradiction
klue-nli-v1_train_01667,entailment
klue-nli-v1_train_06705,contradiction
klue-nli-v1_train_16625,neutral
klue-nli-v1_train_18708,entailment
klue-nli-v1_train_04535,neutral
klue-nli-v1_train_04333,entailment
klue-nli-v1_train_10735,entailment
klue-nli-v1_train_17059,entailment
klue-nli-v1_train_10759,entailment
klue-nli-v1_train_13801,entailment
klue-nli-v1_train_18111,contradiction
klue-nli-v1_train_17098,contradiction
klue-nli-v1_train_10363,neutral
klue-nli-v1_train_13366,contradiction
klue-nli-v1_train_01427,entailment
klue-nli-v1_train_13554,neutral
klue-nli-v1_train_10854,entailment
klue-nli-v1_train_14295,neutral
klue-nli-v1_train_07608,contradiction
klue-nli-v1_train_23475,contradiction
klue-nli-v1_train_14358,contradiction
klue-nli-v1_train_21350,entailment
klue-nli-v1_train_19568,entailment
klue-nli-v1_train_19310,neutral
klue-nli-v1_train_23055,neutral
klue-nli-v1_train_21690,contradiction
klue-nli-v1_train_08512,entailment
klue-nli-v1_train_04032,neutral
klue-nli-v1_train_11949,entailment
klue-nli-v1_train_14809,entailment
klue-nli-v1_train_19741,neutral
klue-nli-v1_train_08309,contradiction
klue-nli-v1_train_19767,contradiction
klue-nli-v1_train_15359,entailment
klue-nli-v1_train_07553,contradiction
klue-nli-v1_train_04821,neutral
klue-nli-v1_train_03659,contradiction
klue-nli-v1_train_02796,entailment
klue-nli-v1_train_23199,entailment
klue-nli-v1_train_09276,contradiction
klue-nli-v1_train_15473,contradiction
klue-nli-v1_train_16827,neutral
klue-nli-v1_train_21208,contradiction
klue-nli-v1_train_21938,entailment
klue-nli-v1_train_18538,entailment
klue-nli-v1_train_12602,entailment
klue-nli-v1_train_00737,entailment
klue-nli-v1_train_03194,contradiction
klue-nli-v1_train_07220,contradiction
klue-nli-v1_train_19977,contradiction
klue-nli-v1_train_00897,contradiction
klue-nli-v1_train_14757,contradiction
klue-nli-v1_train_00967,contradiction
klue-nli-v1_train_21788,entailment
klue-nli-v1_train_22882,entailment
klue-nli-v1_train_24142,contradiction
klue-nli-v1_train_23869,contradiction
klue-nli-v1_train_00567,entailment
klue-nli-v1_train_03666,neutral
klue-nli-v1_train_05281,neutral
klue-nli-v1_train_10178,entailment
klue-nli-v1_train_18585,neutral
klue-nli-v1_train_08503,neutral
klue-nli-v1_train_07477,entailment
klue-nli-v1_train_04170,neutral
klue-nli-v1_train_06320,contradiction
klue-nli-v1_train_07184,neutral
klue-nli-v1_train_18751,contradiction
klue-nli-v1_train_19186,neutral
klue-nli-v1_train_10737,entailment
klue-nli-v1_train_15329,neutral
klue-nli-v1_train_23000,neutral
klue-nli-v1_train_13186,contradiction
klue-nli-v1_train_03117,neutral
klue-nli-v1_train_16446,neutral
klue-nli-v1_train_12735,contradiction
klue-nli-v1_train_14162,contradiction
klue-nli-v1_train_20277,neutral
klue-nli-v1_train_03498,entailment
klue-nli-v1_train_19361,entailment
klue-nli-v1_train_14879,entailment
klue-nli-v1_train_13111,neutral
klue-nli-v1_train_11860,entailment
klue-nli-v1_train_13099,neutral
klue-nli-v1_train_10010,entailment
klue-nli-v1_train_02045,contradiction
klue-nli-v1_train_03581,entailment
klue-nli-v1_train_19529,neutral
klue-nli-v1_train_03605,contradiction
klue-nli-v1_train_18537,contradiction
klue-nli-v1_train_06567,entailment
klue-nli-v1_train_05385,neutral
klue-nli-v1_train_22326,neutral
klue-nli-v1_train_08006,entailment
klue-nli-v1_train_12003,contradiction
klue-nli-v1_train_13014,contradiction
klue-nli-v1_train_06636,neutral
klue-nli-v1_train_12021,neutral
klue-nli-v1_train_22348,neutral
klue-nli-v1_train_03436,contradiction
klue-nli-v1_train_13291,contradiction
klue-nli-v1_train_07243,entailment
klue-nli-v1_train_09632,contradiction
klue-nli-v1_train_24628,contradiction
klue-nli-v1_train_21611,neutral
klue-nli-v1_train_20427,contradiction
klue-nli-v1_train_04689,neutral
klue-nli-v1_train_03798,neutral
klue-nli-v1_train_10323,contradiction
klue-nli-v1_train_22158,neutral
klue-nli-v1_train_09929,entailment
klue-nli-v1_train_22433,contradiction
klue-nli-v1_train_19955,entailment
klue-nli-v1_train_11261,entailment
klue-nli-v1_train_01489,entailment
klue-nli-v1_train_11873,neutral
klue-nli-v1_train_18112,contradiction
klue-nli-v1_train_22123,neutral
klue-nli-v1_train_04871,entailment
klue-nli-v1_train_18648,neutral
klue-nli-v1_train_06467,neutral
klue-nli-v1_train_23086,contradiction
klue-nli-v1_train_18985,entailment
klue-nli-v1_train_10702,entailment
klue-nli-v1_train_17228,contradiction
klue-nli-v1_train_05822,contradiction
klue-nli-v1_train_16704,contradiction
klue-nli-v1_train_18696,entailment
klue-nli-v1_train_18785,neutral
klue-nli-v1_train_20131,neutral
klue-nli-v1_train_05542,contradiction
klue-nli-v1_train_14854,entailment
klue-nli-v1_train_17994,entailment
klue-nli-v1_train_06533,contradiction
klue-nli-v1_train_17615,contradiction
klue-nli-v1_train_02521,neutral
klue-nli-v1_train_04913,contradiction
klue-nli-v1_train_15139,contradiction
klue-nli-v1_train_19822,neutral
klue-nli-v1_train_17048,contradiction
klue-nli-v1_train_15958,contradiction
klue-nli-v1_train_00403,neutral
klue-nli-v1_train_22342,contradiction
klue-nli-v1_train_17342,entailment
klue-nli-v1_train_01169,entailment
klue-nli-v1_train_16756,entailment
klue-nli-v1_train_10953,entailment
klue-nli-v1_train_13896,contradiction
klue-nli-v1_train_16929,entailment
klue-nli-v1_train_20387,neutral
klue-nli-v1_train_06166,contradiction
klue-nli-v1_train_14158,contradiction
klue-nli-v1_train_12981,contradiction
klue-nli-v1_train_22902,contradiction
klue-nli-v1_train_23988,entailment
klue-nli-v1_train_18464,entailment
klue-nli-v1_train_11451,entailment
klue-nli-v1_train_03423,entailment
klue-nli-v1_train_12848,contradiction
klue-nli-v1_train_03053,neutral
klue-nli-v1_train_09706,contradiction
klue-nli-v1_train_11746,entailment
klue-nli-v1_train_12532,entailment
klue-nli-v1_train_21330,neutral
klue-nli-v1_train_08362,contradiction
klue-nli-v1_train_10218,entailment
klue-nli-v1_train_14852,neutral
klue-nli-v1_train_15047,entailment
klue-nli-v1_train_21596,entailment
klue-nli-v1_train_11128,contradiction
klue-nli-v1_train_03983,entailment
klue-nli-v1_train_18122,entailment
klue-nli-v1_train_09500,entailment
klue-nli-v1_train_01971,entailment
klue-nli-v1_train_00039,contradiction
klue-nli-v1_train_02503,contradiction
klue-nli-v1_train_14016,entailment
klue-nli-v1_train_16198,contradiction
klue-nli-v1_train_05159,neutral
klue-nli-v1_train_00588,contradiction
klue-nli-v1_train_09296,contradiction
klue-nli-v1_train_13775,entailment
klue-nli-v1_train_19330,contradiction
klue-nli-v1_train_20177,entailment
klue-nli-v1_train_09859,neutral
klue-nli-v1_train_07556,neutral
klue-nli-v1_train_22128,neutral
klue-nli-v1_train_16200,contradiction
klue-nli-v1_train_14693,entailment
klue-nli-v1_train_17542,contradiction
klue-nli-v1_train_19799,entailment
klue-nli-v1_train_13279,neutral
klue-nli-v1_train_08106,neutral
klue-nli-v1_train_18434,entailment
klue-nli-v1_train_03294,contradiction
klue-nli-v1_train_10932,entailment
klue-nli-v1_train_14122,neutral
klue-nli-v1_train_12313,entailment
klue-nli-v1_train_15357,neutral
klue-nli-v1_train_10344,entailment
klue-nli-v1_train_02096,neutral
klue-nli-v1_train_22732,neutral
klue-nli-v1_train_14736,entailment
klue-nli-v1_train_01958,entailment
klue-nli-v1_train_09295,neutral
klue-nli-v1_train_17417,contradiction
klue-nli-v1_train_09238,contradiction
klue-nli-v1_train_24146,neutral
klue-nli-v1_train_00291,entailment
klue-nli-v1_train_04483,entailment
klue-nli-v1_train_02360,entailment
klue-nli-v1_train_19813,entailment
klue-nli-v1_train_21705,contradiction
klue-nli-v1_train_14718,entailment
klue-nli-v1_train_14833,entailment
klue-nli-v1_train_20351,entailment
klue-nli-v1_train_02449,entailment
klue-nli-v1_train_05488,entailment
klue-nli-v1_train_19290,entailment
klue-nli-v1_train_01085,contradiction
klue-nli-v1_train_06086,neutral
klue-nli-v1_train_05049,neutral
klue-nli-v1_train_03901,neutral
klue-nli-v1_train_04799,entailment
klue-nli-v1_train_12983,entailment
klue-nli-v1_train_02967,contradiction
klue-nli-v1_train_03178,entailment
klue-nli-v1_train_24648,neutral
klue-nli-v1_train_09613,contradiction
klue-nli-v1_train_12677,neutral
klue-nli-v1_train_09971,contradiction
klue-nli-v1_train_22404,neutral
klue-nli-v1_train_23016,contradiction
klue-nli-v1_train_06654,neutral
klue-nli-v1_train_13153,contradiction
klue-nli-v1_train_09018,neutral
klue-nli-v1_train_18782,contradiction
klue-nli-v1_train_17598,contradiction
klue-nli-v1_train_21030,entailment
klue-nli-v1_train_12421,neutral
klue-nli-v1_train_21966,entailment
klue-nli-v1_train_11686,entailment
klue-nli-v1_train_00919,neutral
klue-nli-v1_train_19480,entailment
klue-nli-v1_train_12458,contradiction
klue-nli-v1_train_03421,contradiction
klue-nli-v1_train_18476,contradiction
klue-nli-v1_train_15122,contradiction
klue-nli-v1_train_18152,entailment
klue-nli-v1_train_17503,contradiction
klue-nli-v1_train_13262,contradiction
klue-nli-v1_train_03958,entailment
klue-nli-v1_train_03598,entailment
klue-nli-v1_train_21265,contradiction
klue-nli-v1_train_22982,entailment
klue-nli-v1_train_15633,contradiction
klue-nli-v1_train_22616,contradiction
klue-nli-v1_train_21832,entailment
klue-nli-v1_train_19849,contradiction
klue-nli-v1_train_23696,contradiction
klue-nli-v1_train_01014,neutral
klue-nli-v1_train_08943,neutral
klue-nli-v1_train_02826,neutral
klue-nli-v1_train_04168,entailment
klue-nli-v1_train_04072,entailment
klue-nli-v1_train_00140,entailment
klue-nli-v1_train_24440,entailment
klue-nli-v1_train_24127,neutral
klue-nli-v1_train_24405,neutral
klue-nli-v1_train_22665,contradiction
klue-nli-v1_train_23526,neutral
klue-nli-v1_train_10513,contradiction
klue-nli-v1_train_08641,entailment
klue-nli-v1_train_02148,entailment
klue-nli-v1_train_21379,entailment
klue-nli-v1_train_01151,entailment
klue-nli-v1_train_04925,contradiction
klue-nli-v1_train_13482,entailment
klue-nli-v1_train_06154,entailment
klue-nli-v1_train_22564,entailment
klue-nli-v1_train_18081,neutral
klue-nli-v1_train_13261,entailment
klue-nli-v1_train_16383,contradiction
klue-nli-v1_train_22189,entailment
klue-nli-v1_train_16480,neutral
klue-nli-v1_train_10967,entailment
klue-nli-v1_train_18622,contradiction
klue-nli-v1_train_20718,entailment
klue-nli-v1_train_10616,entailment
klue-nli-v1_train_05299,neutral
klue-nli-v1_train_23878,contradiction
klue-nli-v1_train_18287,entailment
klue-nli-v1_train_03816,contradiction
klue-nli-v1_train_13232,entailment
klue-nli-v1_train_16346,entailment
klue-nli-v1_train_09216,contradiction
klue-nli-v1_train_13468,contradiction
klue-nli-v1_train_06624,entailment
klue-nli-v1_train_15177,entailment
klue-nli-v1_train_06805,entailment
klue-nli-v1_train_24994,contradiction
klue-nli-v1_train_09832,neutral
klue-nli-v1_train_15787,neutral
klue-nli-v1_train_03855,neutral
klue-nli-v1_train_20684,neutral
klue-nli-v1_train_07712,contradiction
klue-nli-v1_train_06502,neutral
klue-nli-v1_train_13680,entailment
klue-nli-v1_train_01757,entailment
klue-nli-v1_train_07598,contradiction
klue-nli-v1_train_02999,entailment
klue-nli-v1_train_11812,contradiction
klue-nli-v1_train_05917,neutral
klue-nli-v1_train_11676,neutral
klue-nli-v1_train_18096,entailment
klue-nli-v1_train_09734,neutral
klue-nli-v1_train_20581,neutral
klue-nli-v1_train_06092,entailment
klue-nli-v1_train_08579,entailment
klue-nli-v1_train_09365,contradiction
klue-nli-v1_train_23907,entailment
klue-nli-v1_train_14103,entailment
klue-nli-v1_train_06889,entailment
klue-nli-v1_train_01266,entailment
klue-nli-v1_train_20150,contradiction
klue-nli-v1_train_05418,contradiction
klue-nli-v1_train_03157,neutral
klue-nli-v1_train_00241,neutral
klue-nli-v1_train_24491,neutral
klue-nli-v1_train_04244,entailment
klue-nli-v1_train_00863,contradiction
klue-nli-v1_train_21887,neutral
klue-nli-v1_train_12614,neutral
klue-nli-v1_train_02520,neutral
klue-nli-v1_train_06080,contradiction
klue-nli-v1_train_20578,entailment
klue-nli-v1_train_18226,contradiction
klue-nli-v1_train_11853,entailment
klue-nli-v1_train_03857,entailment
klue-nli-v1_train_23293,contradiction
klue-nli-v1_train_02117,entailment
klue-nli-v1_train_07658,neutral
klue-nli-v1_train_16324,entailment
klue-nli-v1_train_14846,neutral
klue-nli-v1_train_15261,entailment
klue-nli-v1_train_15766,contradiction
klue-nli-v1_train_23958,entailment
klue-nli-v1_train_22272,contradiction
klue-nli-v1_train_10642,entailment
klue-nli-v1_train_09954,neutral
klue-nli-v1_train_13635,contradiction
klue-nli-v1_train_11582,entailment
klue-nli-v1_train_14815,contradiction
klue-nli-v1_train_24332,contradiction
klue-nli-v1_train_12300,neutral
klue-nli-v1_train_23551,neutral
klue-nli-v1_train_18870,entailment
klue-nli-v1_train_24041,neutral
klue-nli-v1_train_01726,contradiction
klue-nli-v1_train_10510,entailment
klue-nli-v1_train_12940,entailment
klue-nli-v1_train_22787,neutral
klue-nli-v1_train_04285,contradiction
klue-nli-v1_train_02182,entailment
klue-nli-v1_train_13705,neutral
klue-nli-v1_train_02851,entailment
klue-nli-v1_train_23260,entailment
klue-nli-v1_train_10310,contradiction
klue-nli-v1_train_10502,contradiction
klue-nli-v1_train_10625,entailment
klue-nli-v1_train_01682,entailment
klue-nli-v1_train_15741,entailment
klue-nli-v1_train_23698,entailment
klue-nli-v1_train_02137,contradiction
klue-nli-v1_train_22735,entailment
klue-nli-v1_train_04060,neutral
klue-nli-v1_train_06085,entailment
klue-nli-v1_train_09044,contradiction
klue-nli-v1_train_05924,contradiction
klue-nli-v1_train_20862,contradiction
klue-nli-v1_train_06503,entailment
klue-nli-v1_train_09829,entailment
klue-nli-v1_train_17393,neutral
klue-nli-v1_train_22071,neutral
klue-nli-v1_train_24898,neutral
klue-nli-v1_train_00837,entailment
klue-nli-v1_train_03965,entailment
klue-nli-v1_train_10256,contradiction
klue-nli-v1_train_15537,neutral
klue-nli-v1_train_13042,entailment
klue-nli-v1_train_19275,entailment
klue-nli-v1_train_22336,entailment
klue-nli-v1_train_15629,neutral
klue-nli-v1_train_02464,entailment
klue-nli-v1_train_00709,entailment
klue-nli-v1_train_09570,neutral
klue-nli-v1_train_00626,entailment
klue-nli-v1_train_19874,entailment
klue-nli-v1_train_13410,entailment
klue-nli-v1_train_24659,entailment
klue-nli-v1_train_20884,neutral
klue-nli-v1_train_07031,entailment
klue-nli-v1_train_08003,neutral
klue-nli-v1_train_12589,contradiction
klue-nli-v1_train_17497,contradiction
klue-nli-v1_train_24554,entailment
klue-nli-v1_train_09857,contradiction
klue-nli-v1_train_22522,entailment
klue-nli-v1_train_10908,entailment
klue-nli-v1_train_24222,contradiction
klue-nli-v1_train_20637,entailment
klue-nli-v1_train_03127,contradiction
klue-nli-v1_train_18846,contradiction
klue-nli-v1_train_23073,entailment
klue-nli-v1_train_05377,entailment
klue-nli-v1_train_01654,neutral
klue-nli-v1_train_02766,entailment
klue-nli-v1_train_20469,entailment
klue-nli-v1_train_00989,contradiction
klue-nli-v1_train_08769,neutral
klue-nli-v1_train_22052,entailment
klue-nli-v1_train_03146,neutral
klue-nli-v1_train_22798,entailment
klue-nli-v1_train_17231,contradiction
klue-nli-v1_train_02397,entailment
klue-nli-v1_train_22410,contradiction
klue-nli-v1_train_19293,entailment
klue-nli-v1_train_08153,contradiction
klue-nli-v1_train_10924,neutral
klue-nli-v1_train_08307,neutral
klue-nli-v1_train_01162,contradiction
klue-nli-v1_train_07397,entailment
klue-nli-v1_train_20580,contradiction
klue-nli-v1_train_04877,contradiction
klue-nli-v1_train_04557,entailment
klue-nli-v1_train_11521,contradiction
klue-nli-v1_train_14914,contradiction
klue-nli-v1_train_01810,entailment
klue-nli-v1_train_15796,entailment
klue-nli-v1_train_07232,neutral
klue-nli-v1_train_23221,neutral
klue-nli-v1_train_06101,contradiction
klue-nli-v1_train_04501,contradiction
klue-nli-v1_train_20900,contradiction
klue-nli-v1_train_16493,entailment
klue-nli-v1_train_16895,entailment
klue-nli-v1_train_24632,entailment
klue-nli-v1_train_20200,entailment
klue-nli-v1_train_06278,neutral
klue-nli-v1_train_02632,neutral
klue-nli-v1_train_23266,contradiction
klue-nli-v1_train_23312,neutral
klue-nli-v1_train_07494,contradiction
klue-nli-v1_train_02255,neutral
klue-nli-v1_train_05173,entailment
klue-nli-v1_train_09076,contradiction
klue-nli-v1_train_03182,contradiction
klue-nli-v1_train_16608,entailment
klue-nli-v1_train_24669,entailment
klue-nli-v1_train_20956,neutral
klue-nli-v1_train_13770,entailment
klue-nli-v1_train_21024,entailment
klue-nli-v1_train_21171,neutral
klue-nli-v1_train_09718,entailment
klue-nli-v1_train_04041,contradiction
klue-nli-v1_train_12108,neutral
klue-nli-v1_train_08611,entailment
klue-nli-v1_train_07289,contradiction
klue-nli-v1_train_14931,entailment
klue-nli-v1_train_12669,neutral
klue-nli-v1_train_19217,contradiction
klue-nli-v1_train_11677,entailment
klue-nli-v1_train_24582,entailment
klue-nli-v1_train_18289,contradiction
klue-nli-v1_train_04084,contradiction
klue-nli-v1_train_05796,entailment
klue-nli-v1_train_00354,neutral
klue-nli-v1_train_11190,contradiction
klue-nli-v1_train_14232,entailment
klue-nli-v1_train_21124,entailment
klue-nli-v1_train_15190,entailment
klue-nli-v1_train_05100,contradiction
klue-nli-v1_train_13496,contradiction
klue-nli-v1_train_03575,entailment
klue-nli-v1_train_15371,contradiction
klue-nli-v1_train_11668,neutral
klue-nli-v1_train_03129,entailment
klue-nli-v1_train_10974,contradiction
klue-nli-v1_train_04635,contradiction
klue-nli-v1_train_24226,entailment
klue-nli-v1_train_08834,neutral
klue-nli-v1_train_03638,entailment
klue-nli-v1_train_15072,neutral
klue-nli-v1_train_13569,neutral
klue-nli-v1_train_15162,entailment
klue-nli-v1_train_02447,neutral
klue-nli-v1_train_21558,contradiction
klue-nli-v1_train_20746,neutral
klue-nli-v1_train_06648,entailment
klue-nli-v1_train_10764,contradiction
klue-nli-v1_train_08755,contradiction
klue-nli-v1_train_23349,contradiction
klue-nli-v1_train_05644,entailment
klue-nli-v1_train_20760,neutral
klue-nli-v1_train_10640,entailment
klue-nli-v1_train_24247,neutral
klue-nli-v1_train_10652,neutral
klue-nli-v1_train_10069,entailment
klue-nli-v1_train_05793,contradiction
klue-nli-v1_train_17693,entailment
klue-nli-v1_train_24006,entailment
klue-nli-v1_train_02817,neutral
klue-nli-v1_train_11720,entailment
klue-nli-v1_train_22151,entailment
klue-nli-v1_train_19411,entailment
klue-nli-v1_train_09081,contradiction
klue-nli-v1_train_18442,contradiction
klue-nli-v1_train_23819,neutral
klue-nli-v1_train_04185,neutral
klue-nli-v1_train_21877,entailment
klue-nli-v1_train_11256,contradiction
klue-nli-v1_train_03859,contradiction
klue-nli-v1_train_08005,entailment
klue-nli-v1_train_11116,entailment
klue-nli-v1_train_15267,contradiction
klue-nli-v1_train_17856,neutral
klue-nli-v1_train_21572,neutral
klue-nli-v1_train_04247,entailment
klue-nli-v1_train_19786,contradiction
klue-nli-v1_train_08330,contradiction
klue-nli-v1_train_24229,neutral
klue-nli-v1_train_00302,entailment
klue-nli-v1_train_13517,entailment
klue-nli-v1_train_15383,entailment
klue-nli-v1_train_20954,entailment
klue-nli-v1_train_16803,entailment
klue-nli-v1_train_14052,neutral
klue-nli-v1_train_17814,neutral
klue-nli-v1_train_10660,entailment
klue-nli-v1_train_12111,entailment
klue-nli-v1_train_08671,contradiction
klue-nli-v1_train_07292,entailment
klue-nli-v1_train_20042,entailment
klue-nli-v1_train_18889,contradiction
klue-nli-v1_train_24484,entailment
klue-nli-v1_train_16152,contradiction
klue-nli-v1_train_17767,entailment
klue-nli-v1_train_06361,neutral
klue-nli-v1_train_23650,entailment
klue-nli-v1_train_06886,neutral
klue-nli-v1_train_22258,entailment
klue-nli-v1_train_17603,contradiction
klue-nli-v1_train_13341,contradiction
klue-nli-v1_train_01428,entailment
klue-nli-v1_train_12666,neutral
klue-nli-v1_train_24963,neutral
klue-nli-v1_train_09515,entailment
klue-nli-v1_train_00367,neutral
klue-nli-v1_train_01625,neutral
klue-nli-v1_train_00908,contradiction
klue-nli-v1_train_18671,entailment
klue-nli-v1_train_24052,neutral
klue-nli-v1_train_23923,contradiction
klue-nli-v1_train_10677,neutral
klue-nli-v1_train_20045,neutral
klue-nli-v1_train_20238,entailment
klue-nli-v1_train_04316,contradiction
klue-nli-v1_train_03579,entailment
klue-nli-v1_train_12146,entailment
klue-nli-v1_train_05342,entailment
klue-nli-v1_train_18991,neutral
klue-nli-v1_train_13989,contradiction
klue-nli-v1_train_21837,entailment
klue-nli-v1_train_03851,entailment
klue-nli-v1_train_05101,entailment
klue-nli-v1_train_14595,contradiction
klue-nli-v1_train_20176,contradiction
klue-nli-v1_train_17388,neutral
klue-nli-v1_train_16912,entailment
klue-nli-v1_train_24871,contradiction
klue-nli-v1_train_09037,neutral
klue-nli-v1_train_09026,neutral
klue-nli-v1_train_05400,entailment
klue-nli-v1_train_06494,neutral
klue-nli-v1_train_20480,entailment
klue-nli-v1_train_24124,entailment
klue-nli-v1_train_12064,entailment
klue-nli-v1_train_12592,entailment
klue-nli-v1_train_15120,entailment
klue-nli-v1_train_23710,entailment
klue-nli-v1_train_24005,entailment
klue-nli-v1_train_10558,contradiction
klue-nli-v1_train_15693,entailment
klue-nli-v1_train_02259,neutral
klue-nli-v1_train_07201,neutral
klue-nli-v1_train_20411,contradiction
klue-nli-v1_train_24148,entailment
klue-nli-v1_train_22939,neutral
klue-nli-v1_train_20949,entailment
klue-nli-v1_train_05484,contradiction
klue-nli-v1_train_18362,entailment
klue-nli-v1_train_03985,neutral
klue-nli-v1_train_18866,contradiction
klue-nli-v1_train_04735,contradiction
klue-nli-v1_train_02849,contradiction
klue-nli-v1_train_08294,contradiction
klue-nli-v1_train_22062,contradiction
klue-nli-v1_train_18227,contradiction
klue-nli-v1_train_22107,contradiction
klue-nli-v1_train_08099,neutral
klue-nli-v1_train_19062,contradiction
klue-nli-v1_train_02128,neutral
klue-nli-v1_train_01229,entailment
klue-nli-v1_train_04273,entailment
klue-nli-v1_train_08667,entailment
klue-nli-v1_train_17773,neutral
klue-nli-v1_train_09497,entailment
klue-nli-v1_train_24851,contradiction
klue-nli-v1_train_10818,neutral
klue-nli-v1_train_05951,contradiction
klue-nli-v1_train_03790,neutral
klue-nli-v1_train_00310,entailment
klue-nli-v1_train_08348,entailment
klue-nli-v1_train_07131,entailment
klue-nli-v1_train_08885,entailment
klue-nli-v1_train_03695,entailment
klue-nli-v1_train_20523,neutral
klue-nli-v1_train_22473,neutral
klue-nli-v1_train_11367,neutral
klue-nli-v1_train_18615,neutral
klue-nli-v1_train_10518,neutral
klue-nli-v1_train_12763,neutral
klue-nli-v1_train_13547,contradiction
klue-nli-v1_train_17754,entailment
klue-nli-v1_train_19059,contradiction
klue-nli-v1_train_01107,neutral
klue-nli-v1_train_22847,neutral
klue-nli-v1_train_07836,contradiction
klue-nli-v1_train_17039,neutral
klue-nli-v1_train_14534,neutral
klue-nli-v1_train_08709,entailment
klue-nli-v1_train_09523,contradiction
klue-nli-v1_train_11652,entailment
klue-nli-v1_train_03374,entailment
klue-nli-v1_train_12158,neutral
klue-nli-v1_train_23486,neutral
klue-nli-v1_train_14253,entailment
klue-nli-v1_train_20057,entailment
klue-nli-v1_train_15854,neutral
klue-nli-v1_train_22282,contradiction
klue-nli-v1_train_15304,neutral
klue-nli-v1_train_05628,neutral
klue-nli-v1_train_04511,contradiction
klue-nli-v1_train_03411,neutral
klue-nli-v1_train_24410,neutral
klue-nli-v1_train_05206,entailment
klue-nli-v1_train_06047,entailment
klue-nli-v1_train_11135,entailment
klue-nli-v1_train_07395,contradiction
klue-nli-v1_train_23507,neutral
klue-nli-v1_train_00165,contradiction
klue-nli-v1_train_16302,neutral
klue-nli-v1_train_09233,entailment
klue-nli-v1_train_13458,contradiction
klue-nli-v1_train_09944,entailment
klue-nli-v1_train_00548,neutral
klue-nli-v1_train_24877,neutral
klue-nli-v1_train_19295,neutral
klue-nli-v1_train_17100,neutral
klue-nli-v1_train_16572,entailment
klue-nli-v1_train_12691,neutral
klue-nli-v1_train_06519,entailment
klue-nli-v1_train_01631,contradiction
klue-nli-v1_train_22604,entailment
klue-nli-v1_train_00072,contradiction
klue-nli-v1_train_13919,entailment
klue-nli-v1_train_21913,entailment
klue-nli-v1_train_10140,entailment
klue-nli-v1_train_19259,contradiction
klue-nli-v1_train_18206,neutral
klue-nli-v1_train_18861,entailment
klue-nli-v1_train_20801,contradiction
klue-nli-v1_train_03167,contradiction
klue-nli-v1_train_07317,contradiction
klue-nli-v1_train_06850,contradiction
klue-nli-v1_train_21676,entailment
klue-nli-v1_train_18500,contradiction
klue-nli-v1_train_09281,neutral
klue-nli-v1_train_22747,neutral
klue-nli-v1_train_23477,neutral
klue-nli-v1_train_08147,contradiction
klue-nli-v1_train_07846,contradiction
klue-nli-v1_train_17428,neutral
klue-nli-v1_train_12252,contradiction
klue-nli-v1_train_17021,neutral
klue-nli-v1_train_00436,entailment
klue-nli-v1_train_10229,neutral
klue-nli-v1_train_13192,entailment
klue-nli-v1_train_01089,entailment
klue-nli-v1_train_03237,contradiction
klue-nli-v1_train_09334,contradiction
klue-nli-v1_train_11028,contradiction
klue-nli-v1_train_02293,neutral
klue-nli-v1_train_02608,entailment
klue-nli-v1_train_20261,contradiction
klue-nli-v1_train_05261,contradiction
klue-nli-v1_train_24876,entailment
klue-nli-v1_train_22721,neutral
klue-nli-v1_train_21386,entailment
klue-nli-v1_train_09426,entailment
klue-nli-v1_train_21018,contradiction
klue-nli-v1_train_01766,contradiction
klue-nli-v1_train_02479,contradiction
klue-nli-v1_train_23228,neutral
klue-nli-v1_train_11479,entailment
klue-nli-v1_train_08762,entailment
klue-nli-v1_train_08360,entailment
klue-nli-v1_train_23478,neutral
klue-nli-v1_train_12182,neutral
klue-nli-v1_train_22934,neutral
klue-nli-v1_train_23845,contradiction
klue-nli-v1_train_24720,neutral
klue-nli-v1_train_02303,entailment
klue-nli-v1_train_02415,neutral
klue-nli-v1_train_06627,contradiction
klue-nli-v1_train_11655,neutral
klue-nli-v1_train_10464,neutral
klue-nli-v1_train_08355,entailment
klue-nli-v1_train_17986,contradiction
klue-nli-v1_train_14297,entailment
klue-nli-v1_train_18128,contradiction
klue-nli-v1_train_12646,entailment
klue-nli-v1_train_19940,contradiction
klue-nli-v1_train_02093,entailment
klue-nli-v1_train_22529,entailment
klue-nli-v1_train_19922,neutral
klue-nli-v1_train_18265,neutral
klue-nli-v1_train_22961,contradiction
klue-nli-v1_train_24017,neutral
klue-nli-v1_train_09192,neutral
klue-nli-v1_train_16630,entailment
klue-nli-v1_train_08079,entailment
klue-nli-v1_train_17252,neutral
klue-nli-v1_train_15372,neutral
klue-nli-v1_train_04770,contradiction
klue-nli-v1_train_06457,neutral
klue-nli-v1_train_14859,neutral
klue-nli-v1_train_20905,neutral
klue-nli-v1_train_02218,entailment
klue-nli-v1_train_16133,entailment
klue-nli-v1_train_13308,entailment
klue-nli-v1_train_15145,neutral
klue-nli-v1_train_12405,entailment
klue-nli-v1_train_21428,neutral
klue-nli-v1_train_01502,neutral
klue-nli-v1_train_18825,entailment
klue-nli-v1_train_24868,entailment
klue-nli-v1_train_18638,contradiction
klue-nli-v1_train_04995,entailment
klue-nli-v1_train_16482,neutral
klue-nli-v1_train_01616,contradiction
klue-nli-v1_train_19711,neutral
klue-nli-v1_train_08017,entailment
klue-nli-v1_train_05730,entailment
klue-nli-v1_train_06454,neutral
klue-nli-v1_train_20459,entailment
klue-nli-v1_train_09819,entailment
klue-nli-v1_train_02658,entailment
klue-nli-v1_train_20252,contradiction
klue-nli-v1_train_04864,contradiction
klue-nli-v1_train_07361,entailment
klue-nli-v1_train_20904,neutral
klue-nli-v1_train_06037,entailment
klue-nli-v1_train_17352,contradiction
klue-nli-v1_train_08957,entailment
klue-nli-v1_train_16598,entailment
klue-nli-v1_train_12703,entailment
klue-nli-v1_train_00168,contradiction
klue-nli-v1_train_14124,contradiction
klue-nli-v1_train_12536,neutral
klue-nli-v1_train_09998,contradiction
klue-nli-v1_train_03590,entailment
klue-nli-v1_train_11709,entailment
klue-nli-v1_train_04893,neutral
klue-nli-v1_train_17699,neutral
klue-nli-v1_train_12963,neutral
klue-nli-v1_train_10236,neutral
klue-nli-v1_train_15536,entailment
klue-nli-v1_train_07154,contradiction
klue-nli-v1_train_13617,entailment
klue-nli-v1_train_02371,contradiction
klue-nli-v1_train_23335,neutral
klue-nli-v1_train_18928,entailment
klue-nli-v1_train_07301,entailment
klue-nli-v1_train_11848,contradiction
klue-nli-v1_train_12259,neutral
klue-nli-v1_train_23157,neutral
klue-nli-v1_train_05831,neutral
klue-nli-v1_train_03699,neutral
klue-nli-v1_train_23351,neutral
klue-nli-v1_train_08999,neutral
klue-nli-v1_train_09475,neutral
klue-nli-v1_train_24941,entailment
klue-nli-v1_train_21473,contradiction
klue-nli-v1_train_02697,entailment
klue-nli-v1_train_23909,entailment
klue-nli-v1_train_19755,neutral
klue-nli-v1_train_20347,entailment
klue-nli-v1_train_24773,contradiction
klue-nli-v1_train_11780,neutral
klue-nli-v1_train_12186,contradiction
klue-nli-v1_train_19798,entailment
klue-nli-v1_train_04528,entailment
klue-nli-v1_train_24301,neutral
klue-nli-v1_train_10721,neutral
klue-nli-v1_train_10581,neutral
klue-nli-v1_train_24048,contradiction
klue-nli-v1_train_03107,neutral
klue-nli-v1_train_09279,entailment
klue-nli-v1_train_07059,neutral
klue-nli-v1_train_05794,entailment
klue-nli-v1_train_21664,entailment
klue-nli-v1_train_06004,entailment
klue-nli-v1_train_22435,contradiction
klue-nli-v1_train_21613,neutral
klue-nli-v1_train_15148,entailment
klue-nli-v1_train_10970,entailment
klue-nli-v1_train_01301,entailment
klue-nli-v1_train_13525,neutral
klue-nli-v1_train_11987,neutral
klue-nli-v1_train_23175,entailment
klue-nli-v1_train_11044,contradiction
klue-nli-v1_train_07933,neutral
klue-nli-v1_train_09540,contradiction
klue-nli-v1_train_16455,entailment
klue-nli-v1_train_18590,contradiction
klue-nli-v1_train_22938,contradiction
klue-nli-v1_train_16078,contradiction
klue-nli-v1_train_14836,contradiction
klue-nli-v1_train_04851,neutral
klue-nli-v1_train_02772,entailment
klue-nli-v1_train_20160,neutral
klue-nli-v1_train_02554,entailment
klue-nli-v1_train_00736,contradiction
klue-nli-v1_train_18968,contradiction
klue-nli-v1_train_03215,neutral
klue-nli-v1_train_01991,neutral
klue-nli-v1_train_15891,entailment
klue-nli-v1_train_04341,contradiction
klue-nli-v1_train_06775,contradiction
klue-nli-v1_train_02925,neutral
klue-nli-v1_train_20030,entailment
klue-nli-v1_train_15158,contradiction
klue-nli-v1_train_03021,entailment
klue-nli-v1_train_21363,contradiction
klue-nli-v1_train_08677,entailment
klue-nli-v1_train_20094,entailment
klue-nli-v1_train_14256,contradiction
klue-nli-v1_train_18364,neutral
klue-nli-v1_train_24133,contradiction
klue-nli-v1_train_09164,contradiction
klue-nli-v1_train_14553,entailment
klue-nli-v1_train_24032,contradiction
klue-nli-v1_train_11939,contradiction
klue-nli-v1_train_01892,contradiction
klue-nli-v1_train_06524,neutral
klue-nli-v1_train_02180,neutral
klue-nli-v1_train_07116,contradiction
klue-nli-v1_train_13069,contradiction
klue-nli-v1_train_14952,neutral
klue-nli-v1_train_23713,entailment
klue-nli-v1_train_12680,contradiction
klue-nli-v1_train_24088,neutral
klue-nli-v1_train_02965,contradiction
klue-nli-v1_train_08137,entailment
klue-nli-v1_train_04655,contradiction
klue-nli-v1_train_10552,contradiction
klue-nli-v1_train_14067,neutral
klue-nli-v1_train_15810,entailment
klue-nli-v1_train_23922,contradiction
klue-nli-v1_train_03019,neutral
klue-nli-v1_train_22057,neutral
klue-nli-v1_train_00208,contradiction
klue-nli-v1_train_04740,neutral
klue-nli-v1_train_24195,entailment
klue-nli-v1_train_12395,neutral
klue-nli-v1_train_04559,entailment
klue-nli-v1_train_10509,entailment
klue-nli-v1_train_17956,entailment
klue-nli-v1_train_12846,entailment
klue-nli-v1_train_06989,entailment
klue-nli-v1_train_06633,contradiction
klue-nli-v1_train_11217,neutral
klue-nli-v1_train_03207,entailment
klue-nli-v1_train_09460,entailment
klue-nli-v1_train_23947,entailment
klue-nli-v1_train_16582,neutral
klue-nli-v1_train_24028,entailment
klue-nli-v1_train_03861,contradiction
klue-nli-v1_train_15065,contradiction
klue-nli-v1_train_02921,neutral
klue-nli-v1_train_10227,entailment
klue-nli-v1_train_23313,entailment
klue-nli-v1_train_03876,contradiction
klue-nli-v1_train_06009,neutral
klue-nli-v1_train_14006,entailment
klue-nli-v1_train_06834,neutral
klue-nli-v1_train_22548,entailment
klue-nli-v1_train_02294,neutral
klue-nli-v1_train_06747,entailment
klue-nli-v1_train_19696,contradiction
klue-nli-v1_train_22758,contradiction
klue-nli-v1_train_21687,contradiction
klue-nli-v1_train_07701,neutral
klue-nli-v1_train_15420,entailment
klue-nli-v1_train_21316,neutral
klue-nli-v1_train_19337,neutral
klue-nli-v1_train_11802,neutral
klue-nli-v1_train_09073,contradiction
klue-nli-v1_train_02856,entailment
klue-nli-v1_train_05085,neutral
klue-nli-v1_train_21277,contradiction
klue-nli-v1_train_14165,contradiction
klue-nli-v1_train_15576,contradiction
klue-nli-v1_train_11820,entailment
klue-nli-v1_train_20961,contradiction
klue-nli-v1_train_02430,neutral
klue-nli-v1_train_20839,neutral
klue-nli-v1_train_07064,neutral
klue-nli-v1_train_12858,neutral
klue-nli-v1_train_00325,entailment
klue-nli-v1_train_15775,contradiction
klue-nli-v1_train_09797,entailment
klue-nli-v1_train_10997,entailment
klue-nli-v1_train_14916,neutral
klue-nli-v1_train_07493,entailment
klue-nli-v1_train_06252,entailment
klue-nli-v1_train_08007,contradiction
klue-nli-v1_train_12490,contradiction
klue-nli-v1_train_11998,contradiction
klue-nli-v1_train_14519,neutral
klue-nli-v1_train_01019,entailment
klue-nli-v1_train_05176,entailment
klue-nli-v1_train_12495,contradiction
klue-nli-v1_train_21621,entailment
klue-nli-v1_train_09638,neutral
klue-nli-v1_train_03814,contradiction
klue-nli-v1_train_16505,entailment
klue-nli-v1_train_02552,contradiction
klue-nli-v1_train_14120,neutral
klue-nli-v1_train_07145,neutral
klue-nli-v1_train_03212,contradiction
klue-nli-v1_train_13754,entailment
klue-nli-v1_train_02099,neutral
klue-nli-v1_train_15088,neutral
klue-nli-v1_train_03543,entailment
klue-nli-v1_train_06134,entailment
klue-nli-v1_train_14334,neutral
klue-nli-v1_train_22341,entailment
klue-nli-v1_train_14417,entailment
klue-nli-v1_train_14032,neutral
klue-nli-v1_train_04973,contradiction
klue-nli-v1_train_04178,neutral
klue-nli-v1_train_06325,contradiction
klue-nli-v1_train_01269,contradiction
klue-nli-v1_train_06381,neutral
klue-nli-v1_train_10406,contradiction
klue-nli-v1_train_01252,entailment
klue-nli-v1_train_14530,neutral
klue-nli-v1_train_14312,contradiction
klue-nli-v1_train_24801,entailment
klue-nli-v1_train_12423,contradiction
klue-nli-v1_train_05217,entailment
klue-nli-v1_train_07699,entailment
klue-nli-v1_train_06412,contradiction
klue-nli-v1_train_23814,neutral
klue-nli-v1_train_03572,entailment
klue-nli-v1_train_01159,neutral
klue-nli-v1_train_24642,neutral
klue-nli-v1_train_22497,neutral
klue-nli-v1_train_09061,contradiction
klue-nli-v1_train_13808,neutral
klue-nli-v1_train_02394,contradiction
klue-nli-v1_train_01912,neutral
klue-nli-v1_train_11865,entailment
klue-nli-v1_train_03977,neutral
klue-nli-v1_train_22276,entailment
klue-nli-v1_train_11743,entailment
klue-nli-v1_train_14505,neutral
klue-nli-v1_train_04654,neutral
klue-nli-v1_train_22135,neutral
klue-nli-v1_train_24074,entailment
klue-nli-v1_train_15404,neutral
klue-nli-v1_train_03120,contradiction
klue-nli-v1_train_06020,contradiction
klue-nli-v1_train_07913,neutral
klue-nli-v1_train_21926,neutral
klue-nli-v1_train_21173,neutral
klue-nli-v1_train_04240,neutral
klue-nli-v1_train_24804,neutral
klue-nli-v1_train_05432,contradiction
klue-nli-v1_train_22027,neutral
klue-nli-v1_train_19235,contradiction
klue-nli-v1_train_00121,contradiction
klue-nli-v1_train_12463,entailment
klue-nli-v1_train_08105,contradiction
klue-nli-v1_train_02939,entailment
klue-nli-v1_train_12194,contradiction
klue-nli-v1_train_15630,entailment
klue-nli-v1_train_21768,entailment
klue-nli-v1_train_00464,contradiction
klue-nli-v1_train_08714,neutral
klue-nli-v1_train_00459,entailment
klue-nli-v1_train_03492,neutral
klue-nli-v1_train_10898,neutral
klue-nli-v1_train_13012,neutral
klue-nli-v1_train_13791,entailment
klue-nli-v1_train_05441,contradiction
klue-nli-v1_train_08973,entailment
klue-nli-v1_train_19111,entailment
klue-nli-v1_train_11060,entailment
klue-nli-v1_train_12986,neutral
klue-nli-v1_train_15776,contradiction
klue-nli-v1_train_13035,entailment
klue-nli-v1_train_24921,entailment
klue-nli-v1_train_07806,contradiction
klue-nli-v1_train_18372,entailment
klue-nli-v1_train_18829,neutral
klue-nli-v1_train_05841,entailment
klue-nli-v1_train_24190,contradiction
klue-nli-v1_train_08775,contradiction
klue-nli-v1_train_10133,entailment
klue-nli-v1_train_19269,neutral
klue-nli-v1_train_11580,neutral
klue-nli-v1_train_02220,neutral
klue-nli-v1_train_16687,entailment
klue-nli-v1_train_19034,neutral
klue-nli-v1_train_24755,entailment
klue-nli-v1_train_03144,entailment
klue-nli-v1_train_18734,entailment
klue-nli-v1_train_23163,neutral
klue-nli-v1_train_19638,neutral
klue-nli-v1_train_02894,entailment
klue-nli-v1_train_22462,entailment
klue-nli-v1_train_21243,neutral
klue-nli-v1_train_05150,entailment
klue-nli-v1_train_00865,neutral
klue-nli-v1_train_14585,entailment
klue-nli-v1_train_12060,entailment
klue-nli-v1_train_19607,neutral
klue-nli-v1_train_05190,entailment
klue-nli-v1_train_01208,neutral
klue-nli-v1_train_23747,neutral
klue-nli-v1_train_05371,contradiction
klue-nli-v1_train_11712,contradiction
klue-nli-v1_train_22360,entailment
klue-nli-v1_train_07595,neutral
klue-nli-v1_train_05621,contradiction
klue-nli-v1_train_02185,entailment
klue-nli-v1_train_04744,contradiction
klue-nli-v1_train_24013,contradiction
klue-nli-v1_train_15336,contradiction
klue-nli-v1_train_07369,contradiction
klue-nli-v1_train_10092,neutral
klue-nli-v1_train_22016,neutral
klue-nli-v1_train_16157,contradiction
klue-nli-v1_train_17997,contradiction
klue-nli-v1_train_02956,entailment
klue-nli-v1_train_23162,contradiction
klue-nli-v1_train_14099,neutral
klue-nli-v1_train_18728,neutral
klue-nli-v1_train_01763,neutral
klue-nli-v1_train_03392,entailment
klue-nli-v1_train_09740,contradiction
klue-nli-v1_train_09602,entailment
klue-nli-v1_train_24552,contradiction
klue-nli-v1_train_02996,contradiction
klue-nli-v1_train_14013,neutral
klue-nli-v1_train_14416,neutral
klue-nli-v1_train_24882,contradiction
klue-nli-v1_train_01158,neutral
klue-nli-v1_train_23811,contradiction
klue-nli-v1_train_22344,entailment
klue-nli-v1_train_24953,neutral
klue-nli-v1_train_23236,neutral
klue-nli-v1_train_16175,entailment
klue-nli-v1_train_09877,entailment
klue-nli-v1_train_06958,entailment
klue-nli-v1_train_22751,entailment
klue-nli-v1_train_11277,neutral
klue-nli-v1_train_04609,contradiction
klue-nli-v1_train_21361,entailment
klue-nli-v1_train_21786,contradiction
klue-nli-v1_train_00482,contradiction
klue-nli-v1_train_13150,neutral
klue-nli-v1_train_13975,neutral
klue-nli-v1_train_01601,entailment
klue-nli-v1_train_15311,neutral
klue-nli-v1_train_18555,entailment
klue-nli-v1_train_07548,entailment
klue-nli-v1_train_14405,entailment
klue-nli-v1_train_20644,contradiction
klue-nli-v1_train_13270,contradiction
klue-nli-v1_train_18386,neutral
klue-nli-v1_train_00618,entailment
klue-nli-v1_train_24480,entailment
klue-nli-v1_train_07555,entailment
klue-nli-v1_train_17560,contradiction
klue-nli-v1_train_06854,contradiction
klue-nli-v1_train_03444,entailment
klue-nli-v1_train_23481,contradiction
klue-nli-v1_train_19453,entailment
klue-nli-v1_train_12808,contradiction
klue-nli-v1_train_11025,entailment
klue-nli-v1_train_23856,neutral
klue-nli-v1_train_23981,entailment
klue-nli-v1_train_23412,neutral
klue-nli-v1_train_00665,contradiction
klue-nli-v1_train_20330,entailment
klue-nli-v1_train_07917,entailment
klue-nli-v1_train_12019,neutral
klue-nli-v1_train_01627,neutral
klue-nli-v1_train_12403,entailment
klue-nli-v1_train_22561,entailment
klue-nli-v1_train_19926,entailment
klue-nli-v1_train_13267,neutral
klue-nli-v1_train_14173,entailment
klue-nli-v1_train_11110,contradiction
klue-nli-v1_train_07818,neutral
klue-nli-v1_train_02370,contradiction
klue-nli-v1_train_03604,contradiction
klue-nli-v1_train_17524,contradiction
klue-nli-v1_train_17811,contradiction
klue-nli-v1_train_13708,neutral
klue-nli-v1_train_06924,neutral
klue-nli-v1_train_01391,contradiction
klue-nli-v1_train_21053,entailment
klue-nli-v1_train_18979,entailment
klue-nli-v1_train_06131,contradiction
klue-nli-v1_train_10494,entailment
klue-nli-v1_train_02825,entailment
klue-nli-v1_train_20365,contradiction
klue-nli-v1_train_02526,entailment
klue-nli-v1_train_09879,neutral
klue-nli-v1_train_07304,contradiction
klue-nli-v1_train_05063,entailment
klue-nli-v1_train_19040,entailment
klue-nli-v1_train_11833,entailment
klue-nli-v1_train_04381,contradiction
klue-nli-v1_train_23508,contradiction
klue-nli-v1_train_05472,contradiction
klue-nli-v1_train_07698,entailment
klue-nli-v1_train_10619,neutral
klue-nli-v1_train_08081,entailment
klue-nli-v1_train_16329,contradiction
klue-nli-v1_train_18007,neutral
klue-nli-v1_train_20833,neutral
klue-nli-v1_train_14627,contradiction
klue-nli-v1_train_07519,neutral
klue-nli-v1_train_17552,entailment
klue-nli-v1_train_07039,contradiction
klue-nli-v1_train_03712,neutral
klue-nli-v1_train_13762,entailment
klue-nli-v1_train_11481,entailment
klue-nli-v1_train_22771,neutral
klue-nli-v1_train_18193,entailment
klue-nli-v1_train_05536,contradiction
klue-nli-v1_train_06165,entailment
klue-nli-v1_train_19991,neutral
klue-nli-v1_train_15375,contradiction
klue-nli-v1_train_15779,entailment
klue-nli-v1_train_04970,neutral
klue-nli-v1_train_06908,entailment
klue-nli-v1_train_08473,neutral
klue-nli-v1_train_01445,contradiction
klue-nli-v1_train_12302,neutral
klue-nli-v1_train_12483,neutral
klue-nli-v1_train_11114,neutral
klue-nli-v1_train_22417,contradiction
klue-nli-v1_train_10823,entailment
klue-nli-v1_train_04865,entailment
klue-nli-v1_train_09356,entailment
klue-nli-v1_train_03601,contradiction
klue-nli-v1_train_19435,contradiction
klue-nli-v1_train_01198,neutral
klue-nli-v1_train_07564,contradiction
klue-nli-v1_train_06403,entailment
klue-nli-v1_train_14439,entailment
klue-nli-v1_train_21026,neutral
klue-nli-v1_train_01778,neutral
klue-nli-v1_train_15822,entailment
klue-nli-v1_train_16093,neutral
klue-nli-v1_train_15056,neutral
klue-nli-v1_train_01943,contradiction
klue-nli-v1_train_18501,neutral
klue-nli-v1_train_21147,contradiction
klue-nli-v1_train_07810,entailment
klue-nli-v1_train_03950,contradiction
klue-nli-v1_train_23732,entailment
klue-nli-v1_train_07181,neutral
klue-nli-v1_train_13029,neutral
klue-nli-v1_train_11882,neutral
klue-nli-v1_train_23727,neutral
klue-nli-v1_train_00971,entailment
klue-nli-v1_train_24153,entailment
klue-nli-v1_train_08883,entailment
klue-nli-v1_train_20906,entailment
klue-nli-v1_train_04213,contradiction
klue-nli-v1_train_02444,entailment
klue-nli-v1_train_22345,entailment
klue-nli-v1_train_09617,neutral
klue-nli-v1_train_21355,entailment
klue-nli-v1_train_06887,neutral
klue-nli-v1_train_10137,entailment
klue-nli-v1_train_20557,entailment
klue-nli-v1_train_21187,neutral
klue-nli-v1_train_13187,neutral
klue-nli-v1_train_12951,entailment
klue-nli-v1_train_07021,contradiction
klue-nli-v1_train_13706,entailment
klue-nli-v1_train_07135,neutral
klue-nli-v1_train_14014,entailment
klue-nli-v1_train_23553,entailment
klue-nli-v1_train_00900,entailment
klue-nli-v1_train_06223,neutral
klue-nli-v1_train_21826,neutral
klue-nli-v1_train_19348,contradiction
klue-nli-v1_train_05752,neutral
klue-nli-v1_train_04054,entailment
klue-nli-v1_train_09697,entailment
klue-nli-v1_train_10496,entailment
klue-nli-v1_train_01414,entailment
klue-nli-v1_train_06991,neutral
klue-nli-v1_train_21447,neutral
klue-nli-v1_train_06139,contradiction
klue-nli-v1_train_07936,entailment
klue-nli-v1_train_05503,entailment
klue-nli-v1_train_14111,entailment
klue-nli-v1_train_08066,neutral
klue-nli-v1_train_06247,contradiction
klue-nli-v1_train_15782,contradiction
klue-nli-v1_train_13246,entailment
klue-nli-v1_train_19972,contradiction
klue-nli-v1_train_08157,contradiction
klue-nli-v1_train_12655,entailment
klue-nli-v1_train_09089,contradiction
klue-nli-v1_train_09831,entailment
klue-nli-v1_train_13158,entailment
klue-nli-v1_train_05638,neutral
klue-nli-v1_train_04190,contradiction
klue-nli-v1_train_16211,contradiction
klue-nli-v1_train_04049,entailment
klue-nli-v1_train_00852,entailment
klue-nli-v1_train_02102,neutral
klue-nli-v1_train_19562,entailment
klue-nli-v1_train_22124,contradiction
klue-nli-v1_train_24236,neutral
klue-nli-v1_train_09210,entailment
klue-nli-v1_train_22457,contradiction
klue-nli-v1_train_13170,entailment
klue-nli-v1_train_17116,entailment
klue-nli-v1_train_13415,contradiction
klue-nli-v1_train_23815,neutral
klue-nli-v1_train_17637,entailment
klue-nli-v1_train_18740,neutral
klue-nli-v1_train_02266,entailment
klue-nli-v1_train_17281,neutral
klue-nli-v1_train_12384,entailment
klue-nli-v1_train_22291,contradiction
klue-nli-v1_train_03995,entailment
klue-nli-v1_train_10161,entailment
klue-nli-v1_train_11001,contradiction
klue-nli-v1_train_18744,entailment
klue-nli-v1_train_16065,contradiction
klue-nli-v1_train_06754,contradiction
klue-nli-v1_train_23050,entailment
klue-nli-v1_train_14245,neutral
klue-nli-v1_train_22004,entailment
klue-nli-v1_train_09159,contradiction
klue-nli-v1_train_08029,entailment
klue-nli-v1_train_06480,contradiction
klue-nli-v1_train_03149,contradiction
klue-nli-v1_train_12354,contradiction
klue-nli-v1_train_11796,entailment
klue-nli-v1_train_11243,entailment
klue-nli-v1_train_19967,entailment
klue-nli-v1_train_16909,entailment
klue-nli-v1_train_17659,entailment
klue-nli-v1_train_05817,neutral
klue-nli-v1_train_01312,neutral
klue-nli-v1_train_03290,entailment
klue-nli-v1_train_03949,contradiction
klue-nli-v1_train_20872,neutral
klue-nli-v1_train_06427,entailment
klue-nli-v1_train_08001,contradiction
klue-nli-v1_train_17831,neutral
klue-nli-v1_train_17457,entailment
klue-nli-v1_train_22347,entailment
klue-nli-v1_train_09947,entailment
klue-nli-v1_train_08816,contradiction
klue-nli-v1_train_20483,entailment
klue-nli-v1_train_12913,entailment
klue-nli-v1_train_13851,entailment
klue-nli-v1_train_10777,contradiction
klue-nli-v1_train_04020,contradiction
klue-nli-v1_train_22109,entailment
klue-nli-v1_train_12537,entailment
klue-nli-v1_train_05566,contradiction
klue-nli-v1_train_23450,contradiction
klue-nli-v1_train_07074,neutral
klue-nli-v1_train_02448,entailment
klue-nli-v1_train_02286,entailment
klue-nli-v1_train_21479,neutral
klue-nli-v1_train_07986,neutral
klue-nli-v1_train_06022,neutral
klue-nli-v1_train_17005,contradiction
klue-nli-v1_train_24183,neutral
klue-nli-v1_train_02068,neutral
klue-nli-v1_train_04828,neutral
klue-nli-v1_train_09708,entailment
klue-nli-v1_train_24020,contradiction
klue-nli-v1_train_22891,neutral
klue-nli-v1_train_16253,entailment
klue-nli-v1_train_03131,contradiction
klue-nli-v1_train_04258,neutral
klue-nli-v1_train_23276,contradiction
klue-nli-v1_train_08162,neutral
klue-nli-v1_train_17052,contradiction
klue-nli-v1_train_20559,contradiction
klue-nli-v1_train_18241,neutral
klue-nli-v1_train_02973,neutral
klue-nli-v1_train_08146,contradiction
klue-nli-v1_train_17797,neutral
klue-nli-v1_train_13312,neutral
klue-nli-v1_train_09646,contradiction
klue-nli-v1_train_16813,entailment
klue-nli-v1_train_01730,entailment
klue-nli-v1_train_14143,entailment
klue-nli-v1_train_15168,neutral
klue-nli-v1_train_19049,neutral
klue-nli-v1_train_17488,entailment
klue-nli-v1_train_00174,neutral
klue-nli-v1_train_15904,entailment
klue-nli-v1_train_12430,entailment
klue-nli-v1_train_09232,entailment
klue-nli-v1_train_01573,contradiction
klue-nli-v1_train_16438,contradiction
klue-nli-v1_train_07161,contradiction
klue-nli-v1_train_16265,contradiction
klue-nli-v1_train_10213,neutral
klue-nli-v1_train_12200,entailment
klue-nli-v1_train_00559,neutral
klue-nli-v1_train_16942,entailment
klue-nli-v1_train_13677,entailment
klue-nli-v1_train_22297,contradiction
klue-nli-v1_train_24949,entailment
klue-nli-v1_train_14119,contradiction
klue-nli-v1_train_24530,neutral
klue-nli-v1_train_15098,contradiction
klue-nli-v1_train_13502,entailment
klue-nli-v1_train_05544,contradiction
klue-nli-v1_train_14875,neutral
klue-nli-v1_train_18016,entailment
klue-nli-v1_train_10454,contradiction
klue-nli-v1_train_15013,neutral
klue-nli-v1_train_01118,entailment
klue-nli-v1_train_01995,entailment
klue-nli-v1_train_08318,neutral
klue-nli-v1_train_11421,entailment
klue-nli-v1_train_23047,entailment
klue-nli-v1_train_16416,entailment
klue-nli-v1_train_15568,neutral
klue-nli-v1_train_09385,neutral
klue-nli-v1_train_07532,contradiction
klue-nli-v1_train_02119,entailment
klue-nli-v1_train_14218,entailment
klue-nli-v1_train_09836,neutral
klue-nli-v1_train_08849,contradiction
klue-nli-v1_train_14097,contradiction
klue-nli-v1_train_09353,neutral
klue-nli-v1_train_23292,entailment
klue-nli-v1_train_22428,entailment
klue-nli-v1_train_23540,neutral
klue-nli-v1_train_21770,entailment
klue-nli-v1_train_09186,neutral
klue-nli-v1_train_01424,contradiction
klue-nli-v1_train_20497,neutral
klue-nli-v1_train_20135,entailment
klue-nli-v1_train_09573,contradiction
klue-nli-v1_train_21462,contradiction
klue-nli-v1_train_00002,neutral
klue-nli-v1_train_02240,neutral
klue-nli-v1_train_00673,neutral
klue-nli-v1_train_09335,neutral
klue-nli-v1_train_10188,contradiction
klue-nli-v1_train_09491,contradiction
klue-nli-v1_train_09838,entailment
klue-nli-v1_train_00537,entailment
klue-nli-v1_train_01009,neutral
klue-nli-v1_train_05867,entailment
klue-nli-v1_train_10883,entailment
klue-nli-v1_train_06710,neutral
klue-nli-v1_train_11097,contradiction
klue-nli-v1_train_02202,neutral
klue-nli-v1_train_07885,entailment
klue-nli-v1_train_16083,entailment
klue-nli-v1_train_23528,entailment
klue-nli-v1_train_08662,entailment
klue-nli-v1_train_12948,entailment
klue-nli-v1_train_06922,entailment
klue-nli-v1_train_14179,contradiction
klue-nli-v1_train_14059,entailment
klue-nli-v1_train_17351,neutral
klue-nli-v1_train_11391,entailment
klue-nli-v1_train_00111,contradiction
klue-nli-v1_train_09199,contradiction
klue-nli-v1_train_06416,neutral
klue-nli-v1_train_17666,contradiction
klue-nli-v1_train_13489,contradiction
klue-nli-v1_train_05460,neutral
klue-nli-v1_train_02727,contradiction
klue-nli-v1_train_21851,entailment
klue-nli-v1_train_23740,entailment
klue-nli-v1_train_04882,neutral
klue-nli-v1_train_04150,entailment
klue-nli-v1_train_08100,contradiction
klue-nli-v1_train_15765,contradiction
klue-nli-v1_train_17696,contradiction
klue-nli-v1_train_03972,neutral
klue-nli-v1_train_22495,contradiction
klue-nli-v1_train_05751,contradiction
klue-nli-v1_train_22399,neutral
klue-nli-v1_train_06071,neutral
klue-nli-v1_train_09942,neutral
klue-nli-v1_train_05052,neutral
klue-nli-v1_train_05528,entailment
klue-nli-v1_train_23622,neutral
klue-nli-v1_train_22346,neutral
klue-nli-v1_train_07455,entailment
klue-nli-v1_train_13295,contradiction
klue-nli-v1_train_09847,entailment
klue-nli-v1_train_15217,entailment
klue-nli-v1_train_03847,neutral
klue-nli-v1_train_13286,contradiction
klue-nli-v1_train_23686,entailment
klue-nli-v1_train_15501,neutral
klue-nli-v1_train_20775,entailment
klue-nli-v1_train_22247,neutral
klue-nli-v1_train_17266,entailment
klue-nli-v1_train_07980,entailment
klue-nli-v1_train_20294,entailment
klue-nli-v1_train_24802,neutral
klue-nli-v1_train_14196,neutral
klue-nli-v1_train_05220,entailment
klue-nli-v1_train_07743,contradiction
klue-nli-v1_train_23963,neutral
klue-nli-v1_train_03464,neutral
klue-nli-v1_train_07337,entailment
klue-nli-v1_train_01135,contradiction
klue-nli-v1_train_00442,contradiction
klue-nli-v1_train_08098,entailment
klue-nli-v1_train_12027,neutral
klue-nli-v1_train_07353,contradiction
klue-nli-v1_train_06983,entailment
klue-nli-v1_train_13445,neutral
klue-nli-v1_train_16913,entailment
klue-nli-v1_train_06950,contradiction
klue-nli-v1_train_18627,entailment
klue-nli-v1_train_05399,neutral
klue-nli-v1_train_01336,entailment
klue-nli-v1_train_11348,entailment
klue-nli-v1_train_10521,neutral
klue-nli-v1_train_06570,contradiction
klue-nli-v1_train_21655,entailment
klue-nli-v1_train_10416,neutral
klue-nli-v1_train_23287,entailment
klue-nli-v1_train_16520,entailment
klue-nli-v1_train_02986,contradiction
klue-nli-v1_train_04378,contradiction
klue-nli-v1_train_22621,entailment
klue-nli-v1_train_08570,entailment
klue-nli-v1_train_00080,entailment
klue-nli-v1_train_02546,neutral
klue-nli-v1_train_24866,entailment
klue-nli-v1_train_22698,entailment
klue-nli-v1_train_01837,entailment
klue-nli-v1_train_24219,neutral
klue-nli-v1_train_10192,entailment
klue-nli-v1_train_23498,neutral
klue-nli-v1_train_05216,entailment
klue-nli-v1_train_09813,entailment
klue-nli-v1_train_13916,neutral
klue-nli-v1_train_23252,neutral
klue-nli-v1_train_09127,entailment
klue-nli-v1_train_11071,contradiction
klue-nli-v1_train_20743,contradiction
klue-nli-v1_train_24261,contradiction
klue-nli-v1_train_07599,entailment
klue-nli-v1_train_15744,entailment
klue-nli-v1_train_10470,entailment
klue-nli-v1_train_13574,entailment
klue-nli-v1_train_22343,contradiction
klue-nli-v1_train_22277,neutral
klue-nli-v1_train_23795,neutral
klue-nli-v1_train_04419,neutral
klue-nli-v1_train_22421,neutral
klue-nli-v1_train_21071,entailment
klue-nli-v1_train_06676,contradiction
klue-nli-v1_train_17092,neutral
klue-nli-v1_train_10276,neutral
klue-nli-v1_train_13028,contradiction
klue-nli-v1_train_19636,entailment
klue-nli-v1_train_05804,contradiction
klue-nli-v1_train_02760,entailment
klue-nli-v1_train_05225,contradiction
klue-nli-v1_train_15263,contradiction
klue-nli-v1_train_16688,entailment
klue-nli-v1_train_24506,entailment
klue-nli-v1_train_15978,entailment
klue-nli-v1_train_16428,contradiction
klue-nli-v1_train_09769,entailment
klue-nli-v1_train_16667,entailment
klue-nli-v1_train_11269,entailment
klue-nli-v1_train_16165,contradiction
klue-nli-v1_train_05577,contradiction
klue-nli-v1_train_14942,neutral
klue-nli-v1_train_05419,entailment
klue-nli-v1_train_23594,contradiction
klue-nli-v1_train_02758,entailment
klue-nli-v1_train_05788,contradiction
klue-nli-v1_train_00247,neutral
klue-nli-v1_train_10533,entailment
klue-nli-v1_train_04977,entailment
klue-nli-v1_train_04386,contradiction
klue-nli-v1_train_05309,entailment
klue-nli-v1_train_13179,contradiction
klue-nli-v1_train_21407,neutral
klue-nli-v1_train_24553,contradiction
klue-nli-v1_train_13886,contradiction
klue-nli-v1_train_05614,entailment
klue-nli-v1_train_23546,contradiction
klue-nli-v1_train_20856,neutral
klue-nli-v1_train_24812,entailment
klue-nli-v1_train_02537,entailment
klue-nli-v1_train_04707,neutral
klue-nli-v1_train_20886,neutral
klue-nli-v1_train_15173,contradiction
klue-nli-v1_train_09527,entailment
klue-nli-v1_train_21922,neutral
klue-nli-v1_train_02145,contradiction
klue-nli-v1_train_12342,entailment
klue-nli-v1_train_17990,contradiction
klue-nli-v1_train_02401,neutral
klue-nli-v1_train_06358,entailment
klue-nli-v1_train_02811,neutral
klue-nli-v1_train_01952,entailment
klue-nli-v1_train_22799,contradiction
klue-nli-v1_train_19857,contradiction
klue-nli-v1_train_05718,entailment
klue-nli-v1_train_17506,entailment
klue-nli-v1_train_01634,contradiction
klue-nli-v1_train_22657,entailment
klue-nli-v1_train_24845,contradiction
klue-nli-v1_train_05745,entailment
klue-nli-v1_train_01883,entailment
klue-nli-v1_train_01506,entailment
klue-nli-v1_train_12468,contradiction
klue-nli-v1_train_13133,contradiction
klue-nli-v1_train_23619,contradiction
klue-nli-v1_train_07404,entailment
klue-nli-v1_train_08276,entailment
klue-nli-v1_train_15835,contradiction
klue-nli-v1_train_09800,contradiction
klue-nli-v1_train_01678,neutral
klue-nli-v1_train_12437,neutral
klue-nli-v1_train_05013,contradiction
klue-nli-v1_train_15883,entailment
klue-nli-v1_train_22871,entailment
klue-nli-v1_train_24708,entailment
klue-nli-v1_train_00959,entailment
klue-nli-v1_train_03011,contradiction
klue-nli-v1_train_19851,entailment
klue-nli-v1_train_09072,contradiction
klue-nli-v1_train_12509,entailment
klue-nli-v1_train_07777,entailment
klue-nli-v1_train_00024,neutral
klue-nli-v1_train_16867,entailment
klue-nli-v1_train_19391,entailment
klue-nli-v1_train_08819,entailment
klue-nli-v1_train_15933,entailment
klue-nli-v1_train_05740,contradiction
klue-nli-v1_train_23520,neutral
klue-nli-v1_train_04589,neutral
klue-nli-v1_train_14193,neutral
klue-nli-v1_train_15902,contradiction
klue-nli-v1_train_01585,neutral
klue-nli-v1_train_20417,neutral
klue-nli-v1_train_19137,neutral
klue-nli-v1_train_10624,neutral
klue-nli-v1_train_05068,entailment
klue-nli-v1_train_05478,contradiction
klue-nli-v1_train_18392,neutral
klue-nli-v1_train_01344,contradiction
klue-nli-v1_train_22207,neutral
klue-nli-v1_train_17588,neutral
klue-nli-v1_train_10852,neutral
klue-nli-v1_train_11487,neutral
klue-nli-v1_train_03657,entailment
klue-nli-v1_train_09621,neutral
klue-nli-v1_train_02563,entailment
klue-nli-v1_train_23673,neutral
klue-nli-v1_train_24810,neutral
klue-nli-v1_train_07415,entailment
klue-nli-v1_train_04565,neutral
klue-nli-v1_train_23708,contradiction
klue-nli-v1_train_04217,entailment
klue-nli-v1_train_18181,neutral
klue-nli-v1_train_21660,neutral
klue-nli-v1_train_14972,entailment
klue-nli-v1_train_16003,entailment
klue-nli-v1_train_00385,neutral
klue-nli-v1_train_20828,contradiction
klue-nli-v1_train_05057,entailment
klue-nli-v1_train_00569,entailment
klue-nli-v1_train_05144,neutral
klue-nli-v1_train_06499,neutral
klue-nli-v1_train_05907,entailment
klue-nli-v1_train_05874,contradiction
klue-nli-v1_train_05505,contradiction
klue-nli-v1_train_16721,neutral
klue-nli-v1_train_19489,contradiction
klue-nli-v1_train_16266,contradiction
klue-nli-v1_train_20585,neutral
klue-nli-v1_train_10810,entailment
klue-nli-v1_train_05180,contradiction
klue-nli-v1_train_16729,entailment
klue-nli-v1_train_15384,neutral
klue-nli-v1_train_01897,entailment
klue-nli-v1_train_21560,neutral
klue-nli-v1_train_20415,contradiction
klue-nli-v1_train_06087,neutral
klue-nli-v1_train_09321,entailment
klue-nli-v1_train_19297,entailment
klue-nli-v1_train_04861,contradiction
klue-nli-v1_train_17901,contradiction
klue-nli-v1_train_01698,contradiction
klue-nli-v1_train_03201,entailment
klue-nli-v1_train_09324,contradiction
klue-nli-v1_train_04607,neutral
klue-nli-v1_train_04226,entailment
klue-nli-v1_train_20249,entailment
klue-nli-v1_train_11548,entailment
klue-nli-v1_train_10389,entailment
klue-nli-v1_train_08058,contradiction
klue-nli-v1_train_19575,contradiction
klue-nli-v1_train_13374,entailment
klue-nli-v1_train_11107,neutral
klue-nli-v1_train_02595,contradiction
klue-nli-v1_train_17568,contradiction
klue-nli-v1_train_09982,neutral
klue-nli-v1_train_12107,entailment
klue-nli-v1_train_18086,entailment
klue-nli-v1_train_03443,contradiction
klue-nli-v1_train_13829,entailment
klue-nli-v1_train_11368,neutral
klue-nli-v1_train_15770,neutral
klue-nli-v1_train_23267,neutral
klue-nli-v1_train_22964,entailment
klue-nli-v1_train_05302,entailment
klue-nli-v1_train_08590,neutral
klue-nli-v1_train_09136,entailment
klue-nli-v1_train_03959,contradiction
klue-nli-v1_train_03626,contradiction
klue-nli-v1_train_04580,entailment
klue-nli-v1_train_09287,entailment
klue-nli-v1_train_22322,entailment
klue-nli-v1_train_06993,contradiction
klue-nli-v1_train_14587,contradiction
klue-nli-v1_train_15309,neutral
klue-nli-v1_train_20500,neutral
klue-nli-v1_train_15186,entailment
klue-nli-v1_train_09213,contradiction
klue-nli-v1_train_23741,contradiction
klue-nli-v1_train_20867,neutral
klue-nli-v1_train_07667,entailment
klue-nli-v1_train_11032,contradiction
klue-nli-v1_train_20955,contradiction
klue-nli-v1_train_09897,entailment
klue-nli-v1_train_03393,neutral
klue-nli-v1_train_21918,entailment
klue-nli-v1_train_09660,entailment
klue-nli-v1_train_09466,entailment
klue-nli-v1_train_19791,contradiction
klue-nli-v1_train_01199,neutral
klue-nli-v1_train_18651,entailment
klue-nli-v1_train_20000,neutral
klue-nli-v1_train_01054,neutral
klue-nli-v1_train_01346,entailment
klue-nli-v1_train_07854,contradiction
klue-nli-v1_train_08341,entailment
klue-nli-v1_train_06722,neutral
klue-nli-v1_train_14423,entailment
klue-nli-v1_train_09642,neutral
klue-nli-v1_train_24220,contradiction
klue-nli-v1_train_14779,contradiction
klue-nli-v1_train_09437,entailment
klue-nli-v1_train_13707,entailment
klue-nli-v1_train_17272,entailment
klue-nli-v1_train_00623,entailment
klue-nli-v1_train_15293,contradiction
klue-nli-v1_train_10045,entailment
klue-nli-v1_train_05620,entailment
klue-nli-v1_train_04593,contradiction
klue-nli-v1_train_23833,entailment
klue-nli-v1_train_16338,contradiction
klue-nli-v1_train_23827,neutral
klue-nli-v1_train_17554,entailment
klue-nli-v1_train_18039,entailment
klue-nli-v1_train_09429,neutral
klue-nli-v1_train_00517,contradiction
klue-nli-v1_train_11369,contradiction
klue-nli-v1_train_18641,entailment
klue-nli-v1_train_24585,neutral
klue-nli-v1_train_07617,neutral
klue-nli-v1_train_05538,neutral
klue-nli-v1_train_09951,entailment
klue-nli-v1_train_23374,contradiction
klue-nli-v1_train_18374,contradiction
klue-nli-v1_train_02889,neutral
klue-nli-v1_train_15816,contradiction
klue-nli-v1_train_24307,entailment
klue-nli-v1_train_21132,contradiction
klue-nli-v1_train_19621,entailment
klue-nli-v1_train_15999,contradiction
klue-nli-v1_train_03147,entailment
klue-nli-v1_train_14687,entailment
klue-nli-v1_train_07687,entailment
klue-nli-v1_train_22353,neutral
klue-nli-v1_train_01789,neutral
klue-nli-v1_train_03592,neutral
klue-nli-v1_train_05780,entailment
klue-nli-v1_train_00010,neutral
klue-nli-v1_train_22265,neutral
klue-nli-v1_train_20944,contradiction
klue-nli-v1_train_23669,entailment
klue-nli-v1_train_03962,neutral
klue-nli-v1_train_22423,entailment
klue-nli-v1_train_05669,neutral
klue-nli-v1_train_20032,entailment
klue-nli-v1_train_19959,contradiction
klue-nli-v1_train_24919,contradiction
klue-nli-v1_train_00601,entailment
klue-nli-v1_train_16156,contradiction
klue-nli-v1_train_05844,entailment
klue-nli-v1_train_21207,contradiction
klue-nli-v1_train_07223,entailment
klue-nli-v1_train_21233,contradiction
klue-nli-v1_train_05319,neutral
klue-nli-v1_train_08693,contradiction
klue-nli-v1_train_00337,neutral
klue-nli-v1_train_11840,neutral
klue-nli-v1_train_18292,neutral
klue-nli-v1_train_24291,entailment
klue-nli-v1_train_14382,contradiction
klue-nli-v1_train_14030,entailment
klue-nli-v1_train_16528,neutral
klue-nli-v1_train_00877,contradiction
klue-nli-v1_train_06323,entailment
klue-nli-v1_train_11336,entailment
klue-nli-v1_train_15413,contradiction
klue-nli-v1_train_08369,neutral
klue-nli-v1_train_21834,entailment
klue-nli-v1_train_00695,neutral
klue-nli-v1_train_05053,neutral
klue-nli-v1_train_17916,entailment
klue-nli-v1_train_16615,neutral
klue-nli-v1_train_12340,contradiction
klue-nli-v1_train_01191,entailment
klue-nli-v1_train_15154,neutral
klue-nli-v1_train_20540,entailment
klue-nli-v1_train_11688,contradiction
klue-nli-v1_train_11008,entailment
klue-nli-v1_train_20942,entailment
klue-nli-v1_train_05178,contradiction
klue-nli-v1_train_14201,entailment
klue-nli-v1_train_22195,entailment
klue-nli-v1_train_01150,neutral
klue-nli-v1_train_19700,contradiction
klue-nli-v1_train_12187,entailment
klue-nli-v1_train_13380,neutral
klue-nli-v1_train_17943,neutral
klue-nli-v1_train_20023,contradiction
klue-nli-v1_train_09661,neutral
klue-nli-v1_train_02408,neutral
klue-nli-v1_train_20436,contradiction
klue-nli-v1_train_21200,contradiction
klue-nli-v1_train_17314,neutral
klue-nli-v1_train_21932,neutral
klue-nli-v1_train_16080,neutral
klue-nli-v1_train_07829,neutral
klue-nli-v1_train_05905,contradiction
klue-nli-v1_train_02455,contradiction
klue-nli-v1_train_21106,neutral
klue-nli-v1_train_18186,contradiction
klue-nli-v1_train_17243,neutral
klue-nli-v1_train_13130,entailment
klue-nli-v1_train_06054,entailment
klue-nli-v1_train_18471,entailment
klue-nli-v1_train_17627,entailment
klue-nli-v1_train_20995,entailment
klue-nli-v1_train_19125,neutral
klue-nli-v1_train_09119,contradiction
klue-nli-v1_train_22814,neutral
klue-nli-v1_train_10084,entailment
klue-nli-v1_train_18851,neutral
klue-nli-v1_train_08731,neutral
klue-nli-v1_train_24171,contradiction
klue-nli-v1_train_15734,entailment
klue-nli-v1_train_20430,contradiction
klue-nli-v1_train_06120,contradiction
klue-nli-v1_train_01401,neutral
klue-nli-v1_train_13516,neutral
klue-nli-v1_train_10648,contradiction
klue-nli-v1_train_15709,contradiction
klue-nli-v1_train_21161,entailment
klue-nli-v1_train_00662,entailment
klue-nli-v1_train_02458,entailment
klue-nli-v1_train_21601,contradiction
klue-nli-v1_train_03161,neutral
klue-nli-v1_train_10346,entailment
klue-nli-v1_train_22951,contradiction
klue-nli-v1_train_12121,neutral
klue-nli-v1_train_18856,neutral
klue-nli-v1_train_05297,entailment
klue-nli-v1_train_16225,neutral
klue-nli-v1_train_16031,entailment
klue-nli-v1_train_12466,entailment
klue-nli-v1_train_02557,neutral
klue-nli-v1_train_09361,contradiction
klue-nli-v1_train_06764,contradiction
klue-nli-v1_train_24521,entailment
klue-nli-v1_train_13241,neutral
klue-nli-v1_train_09970,entailment
klue-nli-v1_train_12588,entailment
klue-nli-v1_train_11498,neutral
klue-nli-v1_train_09226,contradiction
klue-nli-v1_train_01596,neutral
klue-nli-v1_train_17512,contradiction
klue-nli-v1_train_04771,contradiction
klue-nli-v1_train_00745,contradiction
klue-nli-v1_train_15551,entailment
klue-nli-v1_train_07812,entailment
klue-nli-v1_train_16294,neutral
klue-nli-v1_train_17781,entailment
klue-nli-v1_train_09221,entailment
klue-nli-v1_train_05145,neutral
klue-nli-v1_train_23269,neutral
klue-nli-v1_train_11852,contradiction
klue-nli-v1_train_24768,entailment
klue-nli-v1_train_00172,contradiction
klue-nli-v1_train_03777,contradiction
klue-nli-v1_train_03577,neutral
klue-nli-v1_train_21123,entailment
klue-nli-v1_train_19712,contradiction
klue-nli-v1_train_03551,neutral
klue-nli-v1_train_14436,entailment
klue-nli-v1_train_06574,contradiction
klue-nli-v1_train_12303,neutral
klue-nli-v1_train_16461,contradiction
klue-nli-v1_train_16787,entailment
klue-nli-v1_train_19432,neutral
klue-nli-v1_train_22017,contradiction
klue-nli-v1_train_17853,neutral
klue-nli-v1_train_14662,contradiction
klue-nli-v1_train_12765,neutral
klue-nli-v1_train_24964,entailment
klue-nli-v1_train_06432,entailment
klue-nli-v1_train_15895,contradiction
klue-nli-v1_train_16339,neutral
klue-nli-v1_train_10175,contradiction
klue-nli-v1_train_22314,contradiction
klue-nli-v1_train_01649,entailment
klue-nli-v1_train_04101,contradiction
klue-nli-v1_train_03269,contradiction
klue-nli-v1_train_05652,contradiction
klue-nli-v1_train_08930,contradiction
klue-nli-v1_train_14849,entailment
klue-nli-v1_train_04657,entailment
klue-nli-v1_train_14548,entailment
klue-nli-v1_train_13293,contradiction
klue-nli-v1_train_05739,neutral
klue-nli-v1_train_06143,contradiction
klue-nli-v1_train_21508,entailment
klue-nli-v1_train_20809,contradiction
klue-nli-v1_train_15029,entailment
klue-nli-v1_train_12329,entailment
klue-nli-v1_train_18307,entailment
klue-nli-v1_train_19663,entailment
klue-nli-v1_train_22784,neutral
klue-nli-v1_train_03741,entailment
klue-nli-v1_train_15030,entailment
klue-nli-v1_train_17402,neutral
klue-nli-v1_train_04621,neutral
klue-nli-v1_train_21429,neutral
klue-nli-v1_train_20009,contradiction
klue-nli-v1_train_02100,entailment
klue-nli-v1_train_10391,entailment
klue-nli-v1_train_05333,contradiction
klue-nli-v1_train_08666,entailment
klue-nli-v1_train_01210,contradiction
klue-nli-v1_train_14090,entailment
klue-nli-v1_train_04793,neutral
klue-nli-v1_train_11940,contradiction
klue-nli-v1_train_22300,entailment
klue-nli-v1_train_09304,contradiction
klue-nli-v1_train_06529,contradiction
klue-nli-v1_train_04103,contradiction
klue-nli-v1_train_03591,entailment
klue-nli-v1_train_02115,contradiction
klue-nli-v1_train_01799,neutral
klue-nli-v1_train_01970,neutral
klue-nli-v1_train_23690,entailment
klue-nli-v1_train_09914,neutral
klue-nli-v1_train_16360,contradiction
klue-nli-v1_train_23097,entailment
klue-nli-v1_train_15979,entailment
klue-nli-v1_train_11112,contradiction
klue-nli-v1_train_23543,entailment
klue-nli-v1_train_12215,entailment
klue-nli-v1_train_08753,entailment
klue-nli-v1_train_22950,neutral
klue-nli-v1_train_05353,entailment
klue-nli-v1_train_08260,contradiction
klue-nli-v1_train_06064,neutral
klue-nli-v1_train_00407,neutral
klue-nli-v1_train_23721,entailment
klue-nli-v1_train_09040,contradiction
klue-nli-v1_train_04329,contradiction
klue-nli-v1_train_23716,contradiction
klue-nli-v1_train_04030,neutral
klue-nli-v1_train_18373,neutral
klue-nli-v1_train_00147,contradiction
klue-nli-v1_train_23901,contradiction
klue-nli-v1_train_18506,entailment
klue-nli-v1_train_15155,neutral
klue-nli-v1_train_12506,contradiction
klue-nli-v1_train_17523,neutral
klue-nli-v1_train_19507,neutral
klue-nli-v1_train_05630,neutral
klue-nli-v1_train_18318,neutral
klue-nli-v1_train_03799,entailment
klue-nli-v1_train_00381,neutral
klue-nli-v1_train_04596,contradiction
klue-nli-v1_train_07648,entailment
klue-nli-v1_train_02149,neutral
klue-nli-v1_train_13571,entailment
klue-nli-v1_train_02344,contradiction
klue-nli-v1_train_22711,entailment
klue-nli-v1_train_11435,contradiction
klue-nli-v1_train_00452,contradiction
klue-nli-v1_train_13700,entailment
klue-nli-v1_train_23118,entailment
klue-nli-v1_train_23364,entailment
klue-nli-v1_train_03781,entailment
klue-nli-v1_train_14171,contradiction
klue-nli-v1_train_20511,entailment
klue-nli-v1_train_19135,entailment
klue-nli-v1_train_03743,entailment
klue-nli-v1_train_06856,entailment
klue-nli-v1_train_19073,entailment
klue-nli-v1_train_13887,contradiction
klue-nli-v1_train_08543,contradiction
klue-nli-v1_train_05447,entailment
klue-nli-v1_train_24064,entailment
klue-nli-v1_train_11937,contradiction
klue-nli-v1_train_21545,entailment
klue-nli-v1_train_18365,entailment
klue-nli-v1_train_02800,neutral
klue-nli-v1_train_19854,neutral
klue-nli-v1_train_08621,entailment
klue-nli-v1_train_21946,contradiction
klue-nli-v1_train_23541,contradiction
klue-nli-v1_train_12921,neutral
klue-nli-v1_train_20438,entailment
klue-nli-v1_train_14444,neutral
klue-nli-v1_train_04783,entailment
klue-nli-v1_train_09488,contradiction
klue-nli-v1_train_04503,contradiction
klue-nli-v1_train_01005,contradiction
klue-nli-v1_train_13520,entailment
klue-nli-v1_train_18624,contradiction
klue-nli-v1_train_00868,contradiction
klue-nli-v1_train_01513,entailment
klue-nli-v1_train_14782,neutral
klue-nli-v1_train_16159,entailment
klue-nli-v1_train_13783,neutral
klue-nli-v1_train_11505,contradiction
klue-nli-v1_train_05845,entailment
klue-nli-v1_train_03145,entailment
klue-nli-v1_train_08076,contradiction
klue-nli-v1_train_24344,entailment
klue-nli-v1_train_17262,contradiction
klue-nli-v1_train_08823,contradiction
klue-nli-v1_train_11054,entailment
klue-nli-v1_train_24047,neutral
klue-nli-v1_train_22914,entailment
klue-nli-v1_train_15640,neutral
klue-nli-v1_train_02107,contradiction
klue-nli-v1_train_12376,neutral
klue-nli-v1_train_21236,contradiction
klue-nli-v1_train_24573,entailment
klue-nli-v1_train_09348,neutral
klue-nli-v1_train_01026,contradiction
klue-nli-v1_train_04834,neutral
klue-nli-v1_train_06469,entailment
klue-nli-v1_train_14213,entailment
klue-nli-v1_train_04144,entailment
klue-nli-v1_train_02618,contradiction
klue-nli-v1_train_09283,neutral
klue-nli-v1_train_19264,contradiction
klue-nli-v1_train_01412,contradiction
klue-nli-v1_train_05270,contradiction
klue-nli-v1_train_21460,entailment
klue-nli-v1_train_06612,entailment
klue-nli-v1_train_12487,contradiction
klue-nli-v1_train_00683,contradiction
klue-nli-v1_train_05909,entailment
klue-nli-v1_train_15360,entailment
klue-nli-v1_train_15292,neutral
klue-nli-v1_train_09086,entailment
klue-nli-v1_train_07533,entailment
klue-nli-v1_train_22540,entailment
klue-nli-v1_train_18790,contradiction
klue-nli-v1_train_18946,entailment
klue-nli-v1_train_14005,entailment
klue-nli-v1_train_23071,entailment
klue-nli-v1_train_07100,entailment
klue-nli-v1_train_04136,contradiction
klue-nli-v1_train_23134,contradiction
klue-nli-v1_train_04094,neutral
klue-nli-v1_train_09231,contradiction
klue-nli-v1_train_10351,neutral
klue-nli-v1_train_15347,entailment
klue-nli-v1_train_01051,entailment
klue-nli-v1_train_15669,entailment
klue-nli-v1_train_00052,entailment
klue-nli-v1_train_13655,neutral
klue-nli-v1_train_23865,entailment
klue-nli-v1_train_23248,contradiction
klue-nli-v1_train_24166,entailment
klue-nli-v1_train_07219,contradiction
klue-nli-v1_train_23002,neutral
klue-nli-v1_train_00270,neutral
klue-nli-v1_train_15867,contradiction
klue-nli-v1_train_07754,entailment
klue-nli-v1_train_01028,contradiction
klue-nli-v1_train_18048,neutral
klue-nli-v1_train_09785,neutral
klue-nli-v1_train_16581,entailment
klue-nli-v1_train_04149,entailment
klue-nli-v1_train_06808,entailment
klue-nli-v1_train_00881,contradiction
klue-nli-v1_train_05224,contradiction
klue-nli-v1_train_12774,entailment
klue-nli-v1_train_05179,contradiction
klue-nli-v1_train_24718,neutral
klue-nli-v1_train_10851,entailment
klue-nli-v1_train_24611,neutral
klue-nli-v1_train_00729,entailment
klue-nli-v1_train_06940,entailment
klue-nli-v1_train_23902,neutral
klue-nli-v1_train_06012,contradiction
klue-nli-v1_train_00434,entailment
klue-nli-v1_train_19811,neutral
klue-nli-v1_train_01452,entailment
klue-nli-v1_train_14034,contradiction
klue-nli-v1_train_16884,neutral
klue-nli-v1_train_07036,neutral
klue-nli-v1_train_15448,entailment
klue-nli-v1_train_17467,neutral
klue-nli-v1_train_22486,contradiction
klue-nli-v1_train_11772,entailment
klue-nli-v1_train_14153,entailment
klue-nli-v1_train_03124,entailment
klue-nli-v1_train_20198,contradiction
klue-nli-v1_train_12435,neutral
klue-nli-v1_train_15683,entailment
klue-nli-v1_train_14487,contradiction
klue-nli-v1_train_08563,neutral
klue-nli-v1_train_09825,entailment
klue-nli-v1_train_05170,contradiction
klue-nli-v1_train_22677,contradiction
klue-nli-v1_train_15017,contradiction
klue-nli-v1_train_23300,contradiction
klue-nli-v1_train_09505,neutral
klue-nli-v1_train_01989,entailment
klue-nli-v1_train_11108,contradiction
klue-nli-v1_train_09175,neutral
klue-nli-v1_train_16890,contradiction
klue-nli-v1_train_15597,contradiction
klue-nli-v1_train_01403,contradiction
klue-nli-v1_train_23303,entailment
klue-nli-v1_train_04825,contradiction
klue-nli-v1_train_00179,contradiction
klue-nli-v1_train_09158,contradiction
klue-nli-v1_train_23045,entailment
klue-nli-v1_train_21577,contradiction
klue-nli-v1_train_01775,contradiction
klue-nli-v1_train_08793,neutral
klue-nli-v1_train_15247,contradiction
klue-nli-v1_train_06510,contradiction
klue-nli-v1_train_09912,contradiction
klue-nli-v1_train_09976,neutral
klue-nli-v1_train_01283,contradiction
klue-nli-v1_train_05345,contradiction
klue-nli-v1_train_08056,entailment
klue-nli-v1_train_19118,entailment
klue-nli-v1_train_08466,neutral
klue-nli-v1_train_10746,neutral
klue-nli-v1_train_03032,contradiction
klue-nli-v1_train_20570,neutral
klue-nli-v1_train_10620,neutral
klue-nli-v1_train_00495,contradiction
klue-nli-v1_train_14678,contradiction
klue-nli-v1_train_03561,neutral
klue-nli-v1_train_07641,neutral
klue-nli-v1_train_01807,entailment
klue-nli-v1_train_11488,entailment
klue-nli-v1_train_13534,entailment
klue-nli-v1_train_20948,neutral
klue-nli-v1_train_20808,contradiction
klue-nli-v1_train_14184,entailment
klue-nli-v1_train_00724,entailment
klue-nli-v1_train_05416,neutral
klue-nli-v1_train_20311,neutral
klue-nli-v1_train_19644,entailment
klue-nli-v1_train_20994,contradiction
klue-nli-v1_train_17897,contradiction
klue-nli-v1_train_15615,entailment
klue-nli-v1_train_11232,entailment
klue-nli-v1_train_07978,contradiction
klue-nli-v1_train_18049,contradiction
klue-nli-v1_train_10815,neutral
klue-nli-v1_train_10907,entailment
klue-nli-v1_train_22323,contradiction
klue-nli-v1_train_03797,neutral
klue-nli-v1_train_07549,contradiction
klue-nli-v1_train_12382,contradiction
klue-nli-v1_train_08386,entailment
klue-nli-v1_train_20510,entailment
klue-nli-v1_train_01095,neutral
klue-nli-v1_train_02694,entailment
klue-nli-v1_train_15735,entailment
klue-nli-v1_train_03827,neutral
klue-nli-v1_train_10424,entailment
klue-nli-v1_train_05458,entailment
klue-nli-v1_train_21181,neutral
klue-nli-v1_train_15114,neutral
klue-nli-v1_train_20850,contradiction
klue-nli-v1_train_13741,entailment
klue-nli-v1_train_01470,neutral
klue-nli-v1_train_09888,entailment
klue-nli-v1_train_14768,entailment
klue-nli-v1_train_04319,entailment
klue-nli-v1_train_16477,entailment
klue-nli-v1_train_07979,contradiction
klue-nli-v1_train_19582,neutral
klue-nli-v1_train_06270,contradiction
klue-nli-v1_train_02224,neutral
klue-nli-v1_train_23021,neutral
klue-nli-v1_train_14214,entailment
klue-nli-v1_train_11904,neutral
klue-nli-v1_train_17526,entailment
klue-nli-v1_train_03219,contradiction
klue-nli-v1_train_09974,neutral
klue-nli-v1_train_09658,neutral
klue-nli-v1_train_20723,entailment
klue-nli-v1_train_09657,contradiction
klue-nli-v1_train_10756,contradiction
klue-nli-v1_train_02210,neutral
klue-nli-v1_train_23719,contradiction
klue-nli-v1_train_05348,contradiction
klue-nli-v1_train_03152,neutral
klue-nli-v1_train_17106,contradiction
klue-nli-v1_train_20893,neutral
klue-nli-v1_train_02550,contradiction
klue-nli-v1_train_00721,contradiction
klue-nli-v1_train_19090,contradiction
klue-nli-v1_train_22897,entailment
klue-nli-v1_train_17697,contradiction
klue-nli-v1_train_14603,neutral
klue-nli-v1_train_23403,entailment
klue-nli-v1_train_10262,contradiction
klue-nli-v1_train_08959,entailment
klue-nli-v1_train_18551,neutral
klue-nli-v1_train_19548,entailment
klue-nli-v1_train_03154,neutral
klue-nli-v1_train_12644,neutral
klue-nli-v1_train_08963,neutral
klue-nli-v1_train_14906,contradiction
klue-nli-v1_train_00131,contradiction
klue-nli-v1_train_22320,neutral
klue-nli-v1_train_22813,entailment
klue-nli-v1_train_19202,entailment
klue-nli-v1_train_00998,entailment
klue-nli-v1_train_11191,contradiction
klue-nli-v1_train_00460,neutral
klue-nli-v1_train_17434,entailment
klue-nli-v1_train_09787,entailment
klue-nli-v1_train_08346,entailment
klue-nli-v1_train_06343,entailment
klue-nli-v1_train_11058,neutral
klue-nli-v1_train_17120,contradiction
klue-nli-v1_train_20007,neutral
klue-nli-v1_train_13083,neutral
klue-nli-v1_train_14331,neutral
klue-nli-v1_train_12671,entailment
klue-nli-v1_train_14215,entailment
klue-nli-v1_train_04790,contradiction
klue-nli-v1_train_05549,contradiction
klue-nli-v1_train_15859,entailment
klue-nli-v1_train_23180,entailment
klue-nli-v1_train_10290,entailment
klue-nli-v1_train_15028,entailment
klue-nli-v1_train_17584,entailment
klue-nli-v1_train_11606,contradiction
klue-nli-v1_train_20306,contradiction
klue-nli-v1_train_03873,contradiction
klue-nli-v1_train_14934,neutral
klue-nli-v1_train_00937,neutral
klue-nli-v1_train_01079,neutral
klue-nli-v1_train_14672,neutral
klue-nli-v1_train_16429,entailment
klue-nli-v1_train_19556,contradiction
klue-nli-v1_train_08485,contradiction
klue-nli-v1_train_02364,neutral
klue-nli-v1_train_17938,neutral
klue-nli-v1_train_20116,contradiction
klue-nli-v1_train_08168,neutral
klue-nli-v1_train_16185,entailment
klue-nli-v1_train_21046,entailment
klue-nli-v1_train_20945,neutral
klue-nli-v1_train_05483,contradiction
klue-nli-v1_train_13230,entailment
klue-nli-v1_train_18438,entailment
klue-nli-v1_train_20024,entailment
klue-nli-v1_train_02577,contradiction
klue-nli-v1_train_02989,entailment
klue-nli-v1_train_03323,contradiction
klue-nli-v1_train_19487,neutral
klue-nli-v1_train_03467,entailment
klue-nli-v1_train_05276,entailment
klue-nli-v1_train_22558,neutral
klue-nli-v1_train_05374,neutral
klue-nli-v1_train_18667,contradiction
klue-nli-v1_train_24095,contradiction
klue-nli-v1_train_08166,contradiction
klue-nli-v1_train_01153,contradiction
klue-nli-v1_train_01707,contradiction
klue-nli-v1_train_08155,entailment
klue-nli-v1_train_23707,neutral
klue-nli-v1_train_15321,entailment
klue-nli-v1_train_11830,neutral
klue-nli-v1_train_00293,contradiction
klue-nli-v1_train_15877,entailment
klue-nli-v1_train_23521,neutral
klue-nli-v1_train_21376,entailment
klue-nli-v1_train_07141,neutral
klue-nli-v1_train_15606,entailment
klue-nli-v1_train_21535,entailment
klue-nli-v1_train_14907,entailment
klue-nli-v1_train_09002,neutral
klue-nli-v1_train_15790,neutral
klue-nli-v1_train_15772,neutral
klue-nli-v1_train_06668,contradiction
klue-nli-v1_train_11400,neutral
klue-nli-v1_train_09473,entailment
klue-nli-v1_train_19759,entailment
klue-nli-v1_train_19655,entailment
klue-nli-v1_train_21811,neutral
klue-nli-v1_train_01071,neutral
klue-nli-v1_train_11692,contradiction
klue-nli-v1_train_01007,contradiction
klue-nli-v1_train_20006,entailment
klue-nli-v1_train_04353,entailment
klue-nli-v1_train_16990,contradiction
klue-nli-v1_train_06276,contradiction
klue-nli-v1_train_03000,neutral
klue-nli-v1_train_08634,neutral
klue-nli-v1_train_21220,neutral
klue-nli-v1_train_16390,contradiction
klue-nli-v1_train_14396,entailment
klue-nli-v1_train_02203,entailment
klue-nli-v1_train_00644,contradiction
klue-nli-v1_train_14288,entailment
klue-nli-v1_train_02274,contradiction
klue-nli-v1_train_22824,contradiction
klue-nli-v1_train_21150,contradiction
klue-nli-v1_train_18617,entailment
klue-nli-v1_train_10314,contradiction
klue-nli-v1_train_08114,entailment
klue-nli-v1_train_13798,entailment
klue-nli-v1_train_23137,entailment
klue-nli-v1_train_07585,neutral
klue-nli-v1_train_02709,contradiction
klue-nli-v1_train_01146,entailment
klue-nli-v1_train_16937,contradiction
klue-nli-v1_train_04051,neutral
klue-nli-v1_train_06197,entailment
klue-nli-v1_train_06929,contradiction
klue-nli-v1_train_12343,entailment
klue-nli-v1_train_00708,contradiction
klue-nli-v1_train_17032,entailment
klue-nli-v1_train_24706,neutral
klue-nli-v1_train_16649,contradiction
klue-nli-v1_train_17528,contradiction
klue-nli-v1_train_17616,neutral
klue-nli-v1_train_18967,contradiction
klue-nli-v1_train_17742,entailment
klue-nli-v1_train_13059,neutral
klue-nli-v1_train_16651,entailment
klue-nli-v1_train_00362,entailment
klue-nli-v1_train_10978,neutral
klue-nli-v1_train_01586,entailment
klue-nli-v1_train_04711,neutral
klue-nli-v1_train_22051,entailment
klue-nli-v1_train_15915,entailment
klue-nli-v1_train_15389,contradiction
klue-nli-v1_train_12518,neutral
klue-nli-v1_train_02759,contradiction
klue-nli-v1_train_03408,entailment
klue-nli-v1_train_19495,contradiction
klue-nli-v1_train_19832,contradiction
klue-nli-v1_train_04120,entailment
klue-nli-v1_train_18395,neutral
klue-nli-v1_train_22235,contradiction
klue-nli-v1_train_12383,contradiction
klue-nli-v1_train_10458,neutral
klue-nli-v1_train_05379,entailment
klue-nli-v1_train_13386,neutral
klue-nli-v1_train_15133,entailment
klue-nli-v1_train_10772,entailment
klue-nli-v1_train_13047,entailment
klue-nli-v1_train_03284,entailment
klue-nli-v1_train_05213,contradiction
klue-nli-v1_train_20379,contradiction
klue-nli-v1_train_03405,contradiction
klue-nli-v1_train_03380,neutral
klue-nli-v1_train_17745,contradiction
klue-nli-v1_train_14362,entailment
klue-nli-v1_train_13454,neutral
klue-nli-v1_train_06822,neutral
klue-nli-v1_train_01363,contradiction
klue-nli-v1_train_05578,entailment
klue-nli-v1_train_17044,neutral
klue-nli-v1_train_07999,contradiction
klue-nli-v1_train_08594,neutral
klue-nli-v1_train_00384,contradiction
klue-nli-v1_train_04280,contradiction
klue-nli-v1_train_16209,neutral
klue-nli-v1_train_12267,contradiction
klue-nli-v1_train_02348,neutral
klue-nli-v1_train_22108,contradiction
klue-nli-v1_train_15807,neutral
klue-nli-v1_train_00784,neutral
klue-nli-v1_train_05989,entailment
klue-nli-v1_train_05048,entailment
klue-nli-v1_train_09071,entailment
klue-nli-v1_train_15660,contradiction
klue-nli-v1_train_02580,contradiction
klue-nli-v1_train_01687,entailment
klue-nli-v1_train_05707,contradiction
klue-nli-v1_train_02000,contradiction
klue-nli-v1_train_00666,entailment
klue-nli-v1_train_18379,entailment
klue-nli-v1_train_23143,neutral
klue-nli-v1_train_14598,entailment
klue-nli-v1_train_06128,entailment
klue-nli-v1_train_09481,neutral
klue-nli-v1_train_03198,neutral
klue-nli-v1_train_06374,neutral
klue-nli-v1_train_06484,neutral
klue-nli-v1_train_14209,entailment
klue-nli-v1_train_20282,entailment
klue-nli-v1_train_07823,neutral
klue-nli-v1_train_19971,contradiction
klue-nli-v1_train_10622,neutral
klue-nli-v1_train_01286,entailment
klue-nli-v1_train_13967,contradiction
klue-nli-v1_train_06645,entailment
klue-nli-v1_train_22227,entailment
klue-nli-v1_train_14778,neutral
klue-nli-v1_train_05388,neutral
klue-nli-v1_train_12971,contradiction
klue-nli-v1_train_22164,entailment
klue-nli-v1_train_24701,neutral
klue-nli-v1_train_20066,contradiction
klue-nli-v1_train_06310,neutral
klue-nli-v1_train_09896,entailment
klue-nli-v1_train_00704,entailment
klue-nli-v1_train_22521,entailment
klue-nli-v1_train_09867,entailment
klue-nli-v1_train_15868,neutral
klue-nli-v1_train_17892,contradiction
klue-nli-v1_train_08412,contradiction
klue-nli-v1_train_07367,entailment
klue-nli-v1_train_20594,entailment
klue-nli-v1_train_15912,entailment
klue-nli-v1_train_00398,neutral
klue-nli-v1_train_22228,neutral
klue-nli-v1_train_09709,neutral
klue-nli-v1_train_04662,contradiction
klue-nli-v1_train_18710,entailment
klue-nli-v1_train_06116,entailment
klue-nli-v1_train_21756,entailment
klue-nli-v1_train_16590,entailment
klue-nli-v1_train_13254,entailment
klue-nli-v1_train_02574,contradiction
klue-nli-v1_train_09883,entailment
klue-nli-v1_train_05409,contradiction
klue-nli-v1_train_15509,entailment
klue-nli-v1_train_05288,neutral
klue-nli-v1_train_04637,entailment
klue-nli-v1_train_02120,entailment
klue-nli-v1_train_14274,contradiction
klue-nli-v1_train_13710,entailment
klue-nli-v1_train_06591,contradiction
klue-nli-v1_train_14046,entailment
klue-nli-v1_train_07068,contradiction
klue-nli-v1_train_03236,entailment
klue-nli-v1_train_08409,entailment
klue-nli-v1_train_03687,entailment
klue-nli-v1_train_21262,contradiction
klue-nli-v1_train_15691,contradiction
klue-nli-v1_train_00413,entailment
klue-nli-v1_train_13665,neutral
klue-nli-v1_train_13597,neutral
klue-nli-v1_train_21314,neutral
klue-nli-v1_train_04563,entailment
klue-nli-v1_train_24189,neutral
klue-nli-v1_train_00570,entailment
klue-nli-v1_train_20690,neutral
klue-nli-v1_train_24502,entailment
klue-nli-v1_train_20418,entailment
klue-nli-v1_train_13349,entailment
klue-nli-v1_train_19037,entailment
klue-nli-v1_train_03366,contradiction
klue-nli-v1_train_15731,contradiction
klue-nli-v1_train_05209,entailment
klue-nli-v1_train_16762,entailment
klue-nli-v1_train_15361,contradiction
klue-nli-v1_train_16016,entailment
klue-nli-v1_train_02664,neutral
klue-nli-v1_train_20043,neutral
klue-nli-v1_train_19918,entailment
klue-nli-v1_train_21431,contradiction
klue-nli-v1_train_08550,entailment
klue-nli-v1_train_03830,neutral
klue-nli-v1_train_00190,neutral
klue-nli-v1_train_07942,contradiction
klue-nli-v1_train_21682,contradiction
klue-nli-v1_train_24043,neutral
klue-nli-v1_train_13116,neutral
klue-nli-v1_train_05355,contradiction
klue-nli-v1_train_02161,entailment
klue-nli-v1_train_05825,contradiction
klue-nli-v1_train_05862,neutral
klue-nli-v1_train_11170,contradiction
klue-nli-v1_train_19183,contradiction
klue-nli-v1_train_04412,contradiction
klue-nli-v1_train_19207,contradiction
klue-nli-v1_train_14979,neutral
klue-nli-v1_train_24339,entailment
klue-nli-v1_train_19893,contradiction
klue-nli-v1_train_19722,entailment
klue-nli-v1_train_22257,neutral
klue-nli-v1_train_08078,neutral
klue-nli-v1_train_24957,entailment
klue-nli-v1_train_16194,entailment
klue-nli-v1_train_13628,neutral
klue-nli-v1_train_17629,entailment
klue-nli-v1_train_08578,contradiction
klue-nli-v1_train_02435,contradiction
klue-nli-v1_train_13650,neutral
klue-nli-v1_train_08126,neutral
klue-nli-v1_train_20085,contradiction
klue-nli-v1_train_03865,contradiction
klue-nli-v1_train_03768,neutral
klue-nli-v1_train_03693,contradiction
klue-nli-v1_train_23384,neutral
klue-nli-v1_train_21354,entailment
klue-nli-v1_train_10131,contradiction
klue-nli-v1_train_01738,neutral
klue-nli-v1_train_06699,neutral
klue-nli-v1_train_17787,neutral
klue-nli-v1_train_23583,contradiction
klue-nli-v1_train_23578,entailment
klue-nli-v1_train_14485,entailment
klue-nli-v1_train_14053,contradiction
klue-nli-v1_train_04870,neutral
klue-nli-v1_train_18546,entailment
klue-nli-v1_train_22455,contradiction
klue-nli-v1_train_07087,contradiction
klue-nli-v1_train_15885,neutral
klue-nli-v1_train_09267,neutral
klue-nli-v1_train_03926,contradiction
klue-nli-v1_train_03386,entailment
klue-nli-v1_train_06216,neutral
klue-nli-v1_train_12351,entailment
klue-nli-v1_train_10337,entailment
klue-nli-v1_train_07296,contradiction
klue-nli-v1_train_15644,entailment
klue-nli-v1_train_05384,contradiction
klue-nli-v1_train_03817,contradiction
klue-nli-v1_train_20431,neutral
klue-nli-v1_train_02911,entailment
klue-nli-v1_train_15406,entailment
klue-nli-v1_train_08802,contradiction
klue-nli-v1_train_06670,entailment
klue-nli-v1_train_22453,neutral
klue-nli-v1_train_08961,entailment
klue-nli-v1_train_19501,contradiction
klue-nli-v1_train_01382,contradiction
klue-nli-v1_train_14822,neutral
klue-nli-v1_train_23800,contradiction
klue-nli-v1_train_19431,neutral
klue-nli-v1_train_19140,entailment
klue-nli-v1_train_09145,neutral
klue-nli-v1_train_19254,entailment
klue-nli-v1_train_22908,entailment
klue-nli-v1_train_12433,entailment
klue-nli-v1_train_14017,entailment
klue-nli-v1_train_23297,neutral
klue-nli-v1_train_19547,contradiction
klue-nli-v1_train_02548,entailment
klue-nli-v1_train_02567,neutral
klue-nli-v1_train_08985,neutral
klue-nli-v1_train_19779,neutral
klue-nli-v1_train_21492,neutral
klue-nli-v1_train_24563,neutral
klue-nli-v1_train_00980,neutral
klue-nli-v1_train_20473,entailment
klue-nli-v1_train_02721,contradiction
klue-nli-v1_train_14512,contradiction
klue-nli-v1_train_18901,contradiction
klue-nli-v1_train_08053,neutral
klue-nli-v1_train_20047,entailment
klue-nli-v1_train_16256,entailment
klue-nli-v1_train_10899,contradiction
klue-nli-v1_train_01065,contradiction
klue-nli-v1_train_01374,neutral
klue-nli-v1_train_16102,contradiction
klue-nli-v1_train_07741,entailment
klue-nli-v1_train_09388,entailment
klue-nli-v1_train_12840,neutral
klue-nli-v1_train_04878,entailment
klue-nli-v1_train_08314,entailment
klue-nli-v1_train_07487,entailment
klue-nli-v1_train_24231,entailment
klue-nli-v1_train_15009,neutral
klue-nli-v1_train_07313,neutral
klue-nli-v1_train_15971,entailment
klue-nli-v1_train_19236,entailment
klue-nli-v1_train_20821,neutral
klue-nli-v1_train_19422,contradiction
klue-nli-v1_train_03935,contradiction
klue-nli-v1_train_14890,neutral
klue-nli-v1_train_24158,entailment
klue-nli-v1_train_21058,contradiction
klue-nli-v1_train_23580,neutral
klue-nli-v1_train_08290,entailment
klue-nli-v1_train_12831,entailment
klue-nli-v1_train_16058,entailment
klue-nli-v1_train_10016,contradiction
klue-nli-v1_train_18090,neutral
klue-nli-v1_train_21017,entailment
klue-nli-v1_train_15637,neutral
klue-nli-v1_train_08342,neutral
klue-nli-v1_train_17424,entailment
klue-nli-v1_train_11010,entailment
klue-nli-v1_train_05828,contradiction
klue-nli-v1_train_12156,entailment
klue-nli-v1_train_17157,contradiction
klue-nli-v1_train_03831,entailment
klue-nli-v1_train_06927,entailment
klue-nli-v1_train_11345,contradiction
klue-nli-v1_train_12687,neutral
klue-nli-v1_train_04139,neutral
klue-nli-v1_train_01063,entailment
klue-nli-v1_train_00292,entailment
klue-nli-v1_train_20977,contradiction
klue-nli-v1_train_19056,entailment
klue-nli-v1_train_10948,entailment
klue-nli-v1_train_01173,contradiction
klue-nli-v1_train_20262,contradiction
klue-nli-v1_train_19197,contradiction
klue-nli-v1_train_04742,contradiction
klue-nli-v1_train_08742,neutral
klue-nli-v1_train_11733,contradiction
klue-nli-v1_train_11650,contradiction
klue-nli-v1_train_03156,entailment
klue-nli-v1_train_13779,contradiction
klue-nli-v1_train_23215,contradiction
klue-nli-v1_train_20058,neutral
klue-nli-v1_train_16549,neutral
klue-nli-v1_train_01589,contradiction
klue-nli-v1_train_04220,entailment
klue-nli-v1_train_11752,contradiction
klue-nli-v1_train_21089,entailment
klue-nli-v1_train_00175,entailment
klue-nli-v1_train_08809,neutral
klue-nli-v1_train_18149,entailment
klue-nli-v1_train_01034,contradiction
klue-nli-v1_train_12242,neutral
klue-nli-v1_train_24534,neutral
klue-nli-v1_train_10909,contradiction
klue-nli-v1_train_06206,entailment
klue-nli-v1_train_02987,neutral
klue-nli-v1_train_09247,contradiction
klue-nli-v1_train_15653,contradiction
klue-nli-v1_train_21574,contradiction
klue-nli-v1_train_21323,contradiction
klue-nli-v1_train_01751,neutral
klue-nli-v1_train_12322,contradiction
klue-nli-v1_train_12253,entailment
klue-nli-v1_train_19911,neutral
klue-nli-v1_train_07774,entailment
klue-nli-v1_train_06347,neutral
klue-nli-v1_train_10101,entailment
klue-nli-v1_train_05787,neutral
klue-nli-v1_train_16326,contradiction
klue-nli-v1_train_17289,contradiction
klue-nli-v1_train_05678,entailment
klue-nli-v1_train_15157,neutral
klue-nli-v1_train_05802,entailment
klue-nli-v1_train_08211,contradiction
klue-nli-v1_train_23268,neutral
klue-nli-v1_train_09383,neutral
klue-nli-v1_train_07974,contradiction
klue-nli-v1_train_07911,entailment
klue-nli-v1_train_19455,entailment
klue-nli-v1_train_15328,entailment
klue-nli-v1_train_24434,contradiction
klue-nli-v1_train_13742,entailment
klue-nli-v1_train_07768,neutral
klue-nli-v1_train_00642,contradiction
klue-nli-v1_train_16473,neutral
klue-nli-v1_train_02256,neutral
klue-nli-v1_train_17114,contradiction
klue-nli-v1_train_20543,neutral
klue-nli-v1_train_19030,entailment
klue-nli-v1_train_09973,contradiction
klue-nli-v1_train_09757,neutral
klue-nli-v1_train_05995,entailment
klue-nli-v1_train_12959,entailment
klue-nli-v1_train_01516,entailment
klue-nli-v1_train_07858,contradiction
klue-nli-v1_train_19050,neutral
klue-nli-v1_train_12409,neutral
klue-nli-v1_train_05069,entailment
klue-nli-v1_train_17654,contradiction
klue-nli-v1_train_23682,neutral
klue-nli-v1_train_00608,neutral
klue-nli-v1_train_20656,contradiction
klue-nli-v1_train_22537,contradiction
klue-nli-v1_train_19608,contradiction
klue-nli-v1_train_01765,entailment
klue-nli-v1_train_05511,neutral
klue-nli-v1_train_21388,neutral
klue-nli-v1_train_06923,entailment
klue-nli-v1_train_17871,entailment
klue-nli-v1_train_20537,entailment
klue-nli-v1_train_15283,neutral
klue-nli-v1_train_14212,contradiction
klue-nli-v1_train_04802,neutral
klue-nli-v1_train_02916,contradiction
klue-nli-v1_train_24215,entailment
klue-nli-v1_train_19674,entailment
klue-nli-v1_train_12179,contradiction
klue-nli-v1_train_21883,neutral
klue-nli-v1_train_03611,contradiction
klue-nli-v1_train_05423,contradiction
klue-nli-v1_train_20567,contradiction
klue-nli-v1_train_12223,entailment
klue-nli-v1_train_02249,neutral
klue-nli-v1_train_03979,neutral
klue-nli-v1_train_19291,entailment
klue-nli-v1_train_16580,contradiction
klue-nli-v1_train_22580,entailment
klue-nli-v1_train_22263,entailment
klue-nli-v1_train_21801,contradiction
klue-nli-v1_train_08301,entailment
klue-nli-v1_train_10790,entailment
klue-nli-v1_train_11492,neutral
klue-nli-v1_train_04950,entailment
klue-nli-v1_train_21599,entailment
klue-nli-v1_train_10381,contradiction
klue-nli-v1_train_23254,entailment
klue-nli-v1_train_04530,contradiction
klue-nli-v1_train_18166,contradiction
klue-nli-v1_train_00743,contradiction
klue-nli-v1_train_01163,neutral
klue-nli-v1_train_18634,neutral
klue-nli-v1_train_24703,neutral
klue-nli-v1_train_00869,contradiction
klue-nli-v1_train_09131,neutral
klue-nli-v1_train_23810,contradiction
klue-nli-v1_train_12126,entailment
klue-nli-v1_train_23331,neutral
klue-nli-v1_train_23877,entailment
klue-nli-v1_train_02484,entailment
klue-nli-v1_train_12930,entailment
klue-nli-v1_train_16512,contradiction
klue-nli-v1_train_15046,neutral
klue-nli-v1_train_17479,entailment
klue-nli-v1_train_03516,entailment
klue-nli-v1_train_04848,entailment
klue-nli-v1_train_02938,entailment
klue-nli-v1_train_07411,contradiction
klue-nli-v1_train_03826,neutral
klue-nli-v1_train_24390,neutral
klue-nli-v1_train_17460,neutral
klue-nli-v1_train_12668,entailment
klue-nli-v1_train_11428,contradiction
klue-nli-v1_train_04800,contradiction
klue-nli-v1_train_13081,neutral
klue-nli-v1_train_04310,entailment
klue-nli-v1_train_00018,neutral
klue-nli-v1_train_14614,neutral
klue-nli-v1_train_05737,entailment
klue-nli-v1_train_17685,neutral
klue-nli-v1_train_08085,entailment
klue-nli-v1_train_01954,contradiction
klue-nli-v1_train_11266,entailment
klue-nli-v1_train_22319,entailment
klue-nli-v1_train_01554,contradiction
klue-nli-v1_train_10864,entailment
klue-nli-v1_train_21524,entailment
klue-nli-v1_train_06793,entailment
klue-nli-v1_train_20709,neutral
klue-nli-v1_train_16134,contradiction
klue-nli-v1_train_02359,neutral
klue-nli-v1_train_23113,contradiction
klue-nli-v1_train_24394,contradiction
klue-nli-v1_train_06547,contradiction
klue-nli-v1_train_05920,contradiction
klue-nli-v1_train_03688,contradiction
klue-nli-v1_train_11926,contradiction
klue-nli-v1_train_14329,contradiction
klue-nli-v1_train_16037,contradiction
klue-nli-v1_train_11049,contradiction
klue-nli-v1_train_22884,neutral
klue-nli-v1_train_23460,contradiction
klue-nli-v1_train_11275,entailment
klue-nli-v1_train_15024,neutral
klue-nli-v1_train_07630,entailment
klue-nli-v1_train_07107,contradiction
klue-nli-v1_train_08523,neutral
klue-nli-v1_train_11326,neutral
klue-nli-v1_train_16050,contradiction
klue-nli-v1_train_08475,neutral
klue-nli-v1_train_07755,neutral
klue-nli-v1_train_22000,contradiction
klue-nli-v1_train_07535,entailment
klue-nli-v1_train_13263,entailment
klue-nli-v1_train_16218,neutral
klue-nli-v1_train_04990,entailment
klue-nli-v1_train_20720,contradiction
klue-nli-v1_train_22853,entailment
klue-nli-v1_train_18107,contradiction
klue-nli-v1_train_02265,neutral
klue-nli-v1_train_06346,neutral
klue-nli-v1_train_03391,contradiction
klue-nli-v1_train_15987,contradiction
klue-nli-v1_train_02329,entailment
klue-nli-v1_train_19176,entailment
klue-nli-v1_train_03967,entailment
klue-nli-v1_train_01246,entailment
klue-nli-v1_train_08980,neutral
klue-nli-v1_train_22890,contradiction
klue-nli-v1_train_19897,contradiction
klue-nli-v1_train_13815,entailment
klue-nli-v1_train_15623,neutral
klue-nli-v1_train_13419,contradiction
klue-nli-v1_train_14343,contradiction
klue-nli-v1_train_05537,contradiction
klue-nli-v1_train_23438,neutral
klue-nli-v1_train_18612,contradiction
klue-nli-v1_train_05181,neutral
klue-nli-v1_train_21564,contradiction
klue-nli-v1_train_23494,neutral
klue-nli-v1_train_09558,neutral
klue-nli-v1_train_10422,neutral
klue-nli-v1_train_09478,neutral
klue-nli-v1_train_04375,neutral
klue-nli-v1_train_12419,contradiction
klue-nli-v1_train_00397,entailment
klue-nli-v1_train_13073,neutral
klue-nli-v1_train_01364,contradiction
klue-nli-v1_train_23114,entailment
klue-nli-v1_train_18037,contradiction
klue-nli-v1_train_20788,entailment
klue-nli-v1_train_17706,contradiction
klue-nli-v1_train_01782,neutral
klue-nli-v1_train_24586,neutral
klue-nli-v1_train_13255,neutral
klue-nli-v1_train_00669,entailment
klue-nli-v1_train_11181,entailment
klue-nli-v1_train_00009,neutral
klue-nli-v1_train_19697,neutral
klue-nli-v1_train_21746,contradiction
klue-nli-v1_train_07871,entailment
klue-nli-v1_train_15481,contradiction
klue-nli-v1_train_15519,contradiction
klue-nli-v1_train_14278,entailment
klue-nli-v1_train_16308,contradiction
klue-nli-v1_train_08691,entailment
klue-nli-v1_train_19506,entailment
klue-nli-v1_train_07500,contradiction
klue-nli-v1_train_12453,entailment
klue-nli-v1_train_18001,contradiction
klue-nli-v1_train_13605,contradiction
klue-nli-v1_train_24359,entailment
klue-nli-v1_train_09583,contradiction
klue-nli-v1_train_01061,neutral
klue-nli-v1_train_06665,neutral
klue-nli-v1_train_21955,contradiction
klue-nli-v1_train_16466,contradiction
klue-nli-v1_train_24890,entailment
klue-nli-v1_train_08002,neutral
klue-nli-v1_train_20398,entailment
klue-nli-v1_train_06655,contradiction
klue-nli-v1_train_10376,entailment
klue-nli-v1_train_14420,entailment
klue-nli-v1_train_19370,neutral
klue-nli-v1_train_04969,neutral
klue-nli-v1_train_02289,entailment
klue-nli-v1_train_15278,contradiction
klue-nli-v1_train_03301,entailment
klue-nli-v1_train_12212,contradiction
klue-nli-v1_train_00313,entailment
klue-nli-v1_train_08347,neutral
klue-nli-v1_train_15397,contradiction
klue-nli-v1_train_00692,neutral
klue-nli-v1_train_13599,contradiction
klue-nli-v1_train_06677,contradiction
klue-nli-v1_train_14432,neutral
klue-nli-v1_train_19252,contradiction
klue-nli-v1_train_21831,entailment
klue-nli-v1_train_02352,contradiction
klue-nli-v1_train_15563,contradiction
klue-nli-v1_train_04955,entailment
klue-nli-v1_train_21835,entailment
klue-nli-v1_train_04624,neutral
klue-nli-v1_train_02341,neutral
klue-nli-v1_train_05164,entailment
klue-nli-v1_train_09905,contradiction
klue-nli-v1_train_14055,neutral
klue-nli-v1_train_16767,contradiction
klue-nli-v1_train_00478,entailment
klue-nli-v1_train_04214,contradiction
klue-nli-v1_train_21886,entailment
klue-nli-v1_train_11867,contradiction
klue-nli-v1_train_03139,entailment
klue-nli-v1_train_02172,entailment
klue-nli-v1_train_14909,neutral
klue-nli-v1_train_11132,contradiction
klue-nli-v1_train_09374,contradiction
klue-nli-v1_train_01713,neutral
klue-nli-v1_train_19308,contradiction
klue-nli-v1_train_09736,contradiction
klue-nli-v1_train_20843,contradiction
klue-nli-v1_train_21519,entailment
klue-nli-v1_train_02787,entailment
klue-nli-v1_train_23712,entailment
klue-nli-v1_train_02392,neutral
klue-nli-v1_train_12255,neutral
klue-nli-v1_train_23214,contradiction
klue-nli-v1_train_00850,contradiction
klue-nli-v1_train_23282,contradiction
klue-nli-v1_train_21753,contradiction
klue-nli-v1_train_19876,entailment
klue-nli-v1_train_23152,entailment
klue-nli-v1_train_15273,neutral
klue-nli-v1_train_16566,neutral
klue-nli-v1_train_07584,entailment
klue-nli-v1_train_02207,neutral
klue-nli-v1_train_23604,contradiction
klue-nli-v1_train_09387,neutral
klue-nli-v1_train_02027,contradiction
klue-nli-v1_train_08632,neutral
klue-nli-v1_train_09294,neutral
klue-nli-v1_train_17149,entailment
klue-nli-v1_train_17823,entailment
klue-nli-v1_train_02321,neutral
klue-nli-v1_train_19650,neutral
klue-nli-v1_train_07152,entailment
klue-nli-v1_train_20745,entailment
klue-nli-v1_train_18403,contradiction
klue-nli-v1_train_13611,entailment
klue-nli-v1_train_17888,entailment
klue-nli-v1_train_08786,entailment
klue-nli-v1_train_18427,entailment
klue-nli-v1_train_03945,neutral
klue-nli-v1_train_18582,neutral
klue-nli-v1_train_20188,contradiction
klue-nli-v1_train_14433,neutral
klue-nli-v1_train_21389,entailment
klue-nli-v1_train_24338,entailment
klue-nli-v1_train_17688,entailment
klue-nli-v1_train_16857,entailment
klue-nli-v1_train_18175,entailment
klue-nli-v1_train_12577,entailment
klue-nli-v1_train_21679,neutral
klue-nli-v1_train_11641,neutral
klue-nli-v1_train_23646,neutral
klue-nli-v1_train_13142,entailment
klue-nli-v1_train_11771,entailment
klue-nli-v1_train_02134,contradiction
klue-nli-v1_train_14547,entailment
klue-nli-v1_train_08865,entailment
klue-nli-v1_train_08370,contradiction
klue-nli-v1_train_21824,entailment
klue-nli-v1_train_11542,contradiction
klue-nli-v1_train_04491,contradiction
klue-nli-v1_train_19397,contradiction
klue-nli-v1_train_24843,contradiction
klue-nli-v1_train_12381,neutral
klue-nli-v1_train_22819,neutral
klue-nli-v1_train_17143,entailment
klue-nli-v1_train_03908,neutral
klue-nli-v1_train_22449,entailment
klue-nli-v1_train_18561,contradiction
klue-nli-v1_train_18813,contradiction
klue-nli-v1_train_06283,contradiction
klue-nli-v1_train_23748,neutral
klue-nli-v1_train_05776,neutral
klue-nli-v1_train_10959,neutral
klue-nli-v1_train_20974,entailment
klue-nli-v1_train_05094,entailment
klue-nli-v1_train_20952,contradiction
klue-nli-v1_train_20985,contradiction
klue-nli-v1_train_05914,entailment
klue-nli-v1_train_19825,neutral
klue-nli-v1_train_16894,entailment
klue-nli-v1_train_08493,entailment
klue-nli-v1_train_09926,entailment
klue-nli-v1_train_22567,entailment
klue-nli-v1_train_06372,entailment
klue-nli-v1_train_23370,neutral
klue-nli-v1_train_00685,entailment
klue-nli-v1_train_08385,entailment
klue-nli-v1_train_24760,entailment
klue-nli-v1_train_08488,contradiction
klue-nli-v1_train_01974,entailment
klue-nli-v1_train_23932,neutral
klue-nli-v1_train_18535,neutral
klue-nli-v1_train_18235,contradiction
klue-nli-v1_train_00013,entailment
klue-nli-v1_train_22774,neutral
klue-nli-v1_train_24714,entailment
klue-nli-v1_train_01603,contradiction
klue-nli-v1_train_13050,neutral
klue-nli-v1_train_03140,entailment
klue-nli-v1_train_24182,entailment
klue-nli-v1_train_15788,contradiction
klue-nli-v1_train_01379,neutral
klue-nli-v1_train_18816,neutral
klue-nli-v1_train_10248,neutral
klue-nli-v1_train_24546,entailment
klue-nli-v1_train_14374,contradiction
klue-nli-v1_train_17327,neutral
klue-nli-v1_train_20877,entailment
klue-nli-v1_train_14210,neutral
klue-nli-v1_train_21302,neutral
klue-nli-v1_train_06772,neutral
klue-nli-v1_train_01683,neutral
klue-nli-v1_train_13878,entailment
klue-nli-v1_train_10021,entailment
klue-nli-v1_train_16063,entailment
klue-nli-v1_train_24726,contradiction
klue-nli-v1_train_04684,entailment
klue-nli-v1_train_05885,entailment
klue-nli-v1_train_19190,entailment
klue-nli-v1_train_04207,contradiction
klue-nli-v1_train_16648,contradiction
klue-nli-v1_train_20651,entailment
klue-nli-v1_train_24103,contradiction
klue-nli-v1_train_13552,neutral
klue-nli-v1_train_02954,entailment
klue-nli-v1_train_24435,contradiction
klue-nli-v1_train_00417,neutral
klue-nli-v1_train_10304,neutral
klue-nli-v1_train_20706,contradiction
klue-nli-v1_train_01155,neutral
klue-nli-v1_train_06948,neutral
klue-nli-v1_train_07413,neutral
klue-nli-v1_train_05711,entailment
klue-nli-v1_train_11583,entailment
klue-nli-v1_train_15232,entailment
klue-nli-v1_train_02406,entailment
klue-nli-v1_train_13347,entailment
klue-nli-v1_train_23523,contradiction
klue-nli-v1_train_08553,entailment
klue-nli-v1_train_08180,neutral
klue-nli-v1_train_19215,entailment
klue-nli-v1_train_14219,contradiction
klue-nli-v1_train_21992,entailment
klue-nli-v1_train_16166,contradiction
klue-nli-v1_train_13215,neutral
klue-nli-v1_train_06617,contradiction
klue-nli-v1_train_08655,entailment
klue-nli-v1_train_10191,contradiction
klue-nli-v1_train_22202,neutral
klue-nli-v1_train_04098,entailment
klue-nli-v1_train_19772,entailment
klue-nli-v1_train_23897,neutral
klue-nli-v1_train_23912,neutral
klue-nli-v1_train_22440,neutral
klue-nli-v1_train_02779,contradiction
klue-nli-v1_train_05674,contradiction
klue-nli-v1_train_06144,entailment
klue-nli-v1_train_17163,neutral
klue-nli-v1_train_20134,entailment
klue-nli-v1_train_08796,entailment
klue-nli-v1_train_17501,contradiction
klue-nli-v1_train_11838,contradiction
klue-nli-v1_train_21731,contradiction
klue-nli-v1_train_16112,entailment
klue-nli-v1_train_16585,entailment
klue-nli-v1_train_16676,entailment
klue-nli-v1_train_04323,contradiction
klue-nli-v1_train_20350,neutral
klue-nli-v1_train_12711,contradiction
klue-nli-v1_train_21974,contradiction
klue-nli-v1_train_14317,neutral
klue-nli-v1_train_09021,neutral
klue-nli-v1_train_13485,contradiction
klue-nli-v1_train_22240,neutral
klue-nli-v1_train_03431,contradiction
klue-nli-v1_train_13350,entailment
klue-nli-v1_train_05185,neutral
klue-nli-v1_train_12084,neutral
klue-nli-v1_train_13245,entailment
klue-nli-v1_train_10758,contradiction
klue-nli-v1_train_04619,contradiction
klue-nli-v1_train_23205,neutral
klue-nli-v1_train_11753,entailment
klue-nli-v1_train_23609,entailment
klue-nli-v1_train_10654,neutral
klue-nli-v1_train_12562,contradiction
klue-nli-v1_train_21988,entailment
klue-nli-v1_train_04947,neutral
klue-nli-v1_train_24423,entailment
klue-nli-v1_train_17559,entailment
klue-nli-v1_train_23386,neutral
klue-nli-v1_train_12761,entailment
klue-nli-v1_train_02316,contradiction
klue-nli-v1_train_01708,contradiction
klue-nli-v1_train_09625,neutral
klue-nli-v1_train_16814,contradiction
klue-nli-v1_train_04488,neutral
klue-nli-v1_train_13285,entailment
klue-nli-v1_train_20888,entailment
klue-nli-v1_train_09760,neutral
klue-nli-v1_train_11081,contradiction
klue-nli-v1_train_06960,neutral
klue-nli-v1_train_13539,neutral
klue-nli-v1_train_14302,neutral
klue-nli-v1_train_16963,neutral
klue-nli-v1_train_19716,entailment
klue-nli-v1_train_05945,entailment
klue-nli-v1_train_21911,entailment
klue-nli-v1_train_12633,entailment
klue-nli-v1_train_16375,contradiction
klue-nli-v1_train_24070,neutral
klue-nli-v1_train_20627,contradiction
klue-nli-v1_train_08433,contradiction
klue-nli-v1_train_20073,neutral
klue-nli-v1_train_03681,entailment
klue-nli-v1_train_11588,contradiction
klue-nli-v1_train_20878,neutral
klue-nli-v1_train_20909,entailment
klue-nli-v1_train_20127,entailment
klue-nli-v1_train_20835,neutral
klue-nli-v1_train_23474,contradiction
klue-nli-v1_train_00658,neutral
klue-nli-v1_train_18921,neutral
klue-nli-v1_train_06050,contradiction
klue-nli-v1_train_19532,neutral
klue-nli-v1_train_19373,neutral
klue-nli-v1_train_17915,contradiction
klue-nli-v1_train_09125,contradiction
klue-nli-v1_train_07037,contradiction
klue-nli-v1_train_00883,neutral
klue-nli-v1_train_12349,neutral
klue-nli-v1_train_00223,entailment
klue-nli-v1_train_08525,neutral
klue-nli-v1_train_21167,neutral
klue-nli-v1_train_15605,contradiction
klue-nli-v1_train_05079,neutral
klue-nli-v1_train_11021,entailment
klue-nli-v1_train_11155,neutral
klue-nli-v1_train_04643,entailment
klue-nli-v1_train_23120,contradiction
klue-nli-v1_train_21916,contradiction
klue-nli-v1_train_10179,neutral
klue-nli-v1_train_12155,neutral
klue-nli-v1_train_22095,entailment
klue-nli-v1_train_03842,contradiction
klue-nli-v1_train_01833,contradiction
klue-nli-v1_train_03123,neutral
klue-nli-v1_train_14149,neutral
klue-nli-v1_train_20312,entailment
klue-nli-v1_train_15180,entailment
klue-nli-v1_train_09418,contradiction
klue-nli-v1_train_04005,contradiction
klue-nli-v1_train_23522,entailment
klue-nli-v1_train_17582,contradiction
klue-nli-v1_train_23979,entailment
klue-nli-v1_train_04512,neutral
klue-nli-v1_train_15681,entailment
klue-nli-v1_train_08436,neutral
klue-nli-v1_train_14510,entailment
klue-nli-v1_train_20617,contradiction
klue-nli-v1_train_15464,neutral
klue-nli-v1_train_22492,neutral
klue-nli-v1_train_13914,entailment
klue-nli-v1_train_21064,entailment
klue-nli-v1_train_04965,contradiction
klue-nli-v1_train_21639,neutral
klue-nli-v1_train_00278,entailment
klue-nli-v1_train_11399,entailment
klue-nli-v1_train_20445,neutral
klue-nli-v1_train_07138,neutral
klue-nli-v1_train_23391,contradiction
klue-nli-v1_train_01494,entailment
klue-nli-v1_train_20304,entailment
klue-nli-v1_train_07893,contradiction
klue-nli-v1_train_13698,neutral
klue-nli-v1_train_18749,entailment
klue-nli-v1_train_01590,contradiction
klue-nli-v1_train_01609,entailment
klue-nli-v1_train_14593,entailment
klue-nli-v1_train_10543,contradiction
klue-nli-v1_train_11412,neutral
klue-nli-v1_train_02924,neutral
klue-nli-v1_train_08206,contradiction
klue-nli-v1_train_23383,neutral
klue-nli-v1_train_04099,entailment
klue-nli-v1_train_05597,neutral
klue-nli-v1_train_02356,entailment
klue-nli-v1_train_06551,contradiction
klue-nli-v1_train_00629,neutral
klue-nli-v1_train_20854,contradiction
klue-nli-v1_train_15272,entailment
klue-nli-v1_train_09101,contradiction
klue-nli-v1_train_24141,neutral
klue-nli-v1_train_09322,entailment
klue-nli-v1_train_11837,neutral
klue-nli-v1_train_21491,contradiction
klue-nli-v1_train_09627,entailment
klue-nli-v1_train_08096,neutral
klue-nli-v1_train_21148,neutral
klue-nli-v1_train_20727,neutral
klue-nli-v1_train_18796,entailment
klue-nli-v1_train_11201,neutral
klue-nli-v1_train_12789,neutral
klue-nli-v1_train_00263,contradiction
klue-nli-v1_train_15511,neutral
klue-nli-v1_train_21197,contradiction
klue-nli-v1_train_17413,entailment
klue-nli-v1_train_14604,neutral
klue-nli-v1_train_05041,contradiction
klue-nli-v1_train_17367,entailment
klue-nli-v1_train_18320,contradiction
klue-nli-v1_train_04387,entailment
klue-nli-v1_train_01862,contradiction
klue-nli-v1_train_16792,contradiction
klue-nli-v1_train_07162,contradiction
klue-nli-v1_train_18503,contradiction
klue-nli-v1_train_20914,contradiction
klue-nli-v1_train_13918,neutral
klue-nli-v1_train_16595,entailment
klue-nli-v1_train_07339,contradiction
klue-nli-v1_train_06287,entailment
klue-nli-v1_train_03387,entailment
klue-nli-v1_train_18630,neutral
klue-nli-v1_train_05201,contradiction
klue-nli-v1_train_15636,entailment
klue-nli-v1_train_08811,entailment
klue-nli-v1_train_05369,entailment
klue-nli-v1_train_06964,contradiction
klue-nli-v1_train_20526,neutral
klue-nli-v1_train_21157,entailment
klue-nli-v1_train_13466,entailment
klue-nli-v1_train_20619,contradiction
klue-nli-v1_train_06121,entailment
klue-nli-v1_train_14881,neutral
klue-nli-v1_train_01309,neutral
klue-nli-v1_train_17453,entailment
klue-nli-v1_train_01620,neutral
klue-nli-v1_train_18584,contradiction
klue-nli-v1_train_11985,neutral
klue-nli-v1_train_07015,contradiction
klue-nli-v1_train_02219,entailment
klue-nli-v1_train_09052,neutral
klue-nli-v1_train_08725,contradiction
klue-nli-v1_train_14848,contradiction
klue-nli-v1_train_13692,contradiction
klue-nli-v1_train_00943,neutral
klue-nli-v1_train_08070,contradiction
klue-nli-v1_train_15018,neutral
klue-nli-v1_train_13004,contradiction
klue-nli-v1_train_11993,neutral
klue-nli-v1_train_16186,neutral
klue-nli-v1_train_17955,contradiction
klue-nli-v1_train_24131,entailment
klue-nli-v1_train_05683,neutral
klue-nli-v1_train_13616,contradiction
klue-nli-v1_train_05843,neutral
klue-nli-v1_train_09743,entailment
klue-nli-v1_train_16422,contradiction
klue-nli-v1_train_22088,contradiction
klue-nli-v1_train_24943,entailment
klue-nli-v1_train_00388,entailment
klue-nli-v1_train_18565,entailment
klue-nli-v1_train_24036,entailment
klue-nli-v1_train_11742,contradiction
klue-nli-v1_train_09576,entailment
klue-nli-v1_train_07136,contradiction
klue-nli-v1_train_10299,contradiction
klue-nli-v1_train_17036,neutral
klue-nli-v1_train_11821,contradiction
klue-nli-v1_train_01985,contradiction
klue-nli-v1_train_05019,contradiction
klue-nli-v1_train_16303,contradiction
klue-nli-v1_train_02589,contradiction
klue-nli-v1_train_11639,neutral
klue-nli-v1_train_13474,entailment
klue-nli-v1_train_09545,neutral
klue-nli-v1_train_16030,contradiction
klue-nli-v1_train_20318,entailment
klue-nli-v1_train_20458,neutral
klue-nli-v1_train_16450,entailment
klue-nli-v1_train_20309,neutral
klue-nli-v1_train_08552,neutral
klue-nli-v1_train_12301,entailment
klue-nli-v1_train_20758,contradiction
klue-nli-v1_train_03282,entailment
klue-nli-v1_train_15423,neutral
klue-nli-v1_train_16281,entailment
klue-nli-v1_train_22575,contradiction
klue-nli-v1_train_15564,contradiction
klue-nli-v1_train_08617,contradiction
klue-nli-v1_train_06509,neutral
klue-nli-v1_train_08907,entailment
klue-nli-v1_train_15569,entailment
klue-nli-v1_train_22366,entailment
klue-nli-v1_train_18505,contradiction
klue-nli-v1_train_03261,neutral
klue-nli-v1_train_02080,entailment
klue-nli-v1_train_08602,contradiction
klue-nli-v1_train_04986,entailment
klue-nli-v1_train_16943,entailment
klue-nli-v1_train_02872,entailment
klue-nli-v1_train_07213,neutral
klue-nli-v1_train_00137,neutral
klue-nli-v1_train_10413,entailment
klue-nli-v1_train_20736,contradiction
klue-nli-v1_train_18032,contradiction
klue-nli-v1_train_20621,contradiction
klue-nli-v1_train_17056,neutral
klue-nli-v1_train_14567,neutral
klue-nli-v1_train_14970,neutral
klue-nli-v1_train_14691,entailment
klue-nli-v1_train_24276,entailment
klue-nli-v1_train_02777,contradiction
klue-nli-v1_train_05214,entailment
klue-nli-v1_train_12569,entailment
klue-nli-v1_train_21962,entailment
klue-nli-v1_train_15445,entailment
klue-nli-v1_train_13038,neutral
klue-nli-v1_train_13443,contradiction
klue-nli-v1_train_12878,neutral
klue-nli-v1_train_23148,entailment
klue-nli-v1_train_15346,entailment
klue-nli-v1_train_13064,neutral
klue-nli-v1_train_02066,neutral
klue-nli-v1_train_16119,entailment
klue-nli-v1_train_07389,contradiction
klue-nli-v1_train_21727,contradiction
klue-nli-v1_train_02906,entailment
klue-nli-v1_train_00184,neutral
klue-nli-v1_train_15728,contradiction
klue-nli-v1_train_10752,neutral
klue-nli-v1_train_06419,contradiction
klue-nli-v1_train_23440,contradiction
klue-nli-v1_train_11352,neutral
klue-nli-v1_train_14921,contradiction
klue-nli-v1_train_15457,entailment
klue-nli-v1_train_11874,entailment
klue-nli-v1_train_06714,contradiction
klue-nli-v1_train_06160,contradiction
klue-nli-v1_train_06445,neutral
klue-nli-v1_train_05560,contradiction
klue-nli-v1_train_04440,contradiction
klue-nli-v1_train_02596,entailment
klue-nli-v1_train_09768,neutral
klue-nli-v1_train_17592,contradiction
klue-nli-v1_train_15008,entailment
klue-nli-v1_train_16745,entailment
klue-nli-v1_train_15914,entailment
klue-nli-v1_train_05708,entailment
klue-nli-v1_train_05875,entailment
klue-nli-v1_train_09608,contradiction
klue-nli-v1_train_08569,neutral
klue-nli-v1_train_02994,neutral
klue-nli-v1_train_17451,entailment
klue-nli-v1_train_06344,contradiction
klue-nli-v1_train_10784,contradiction
klue-nli-v1_train_12476,entailment
klue-nli-v1_train_11053,entailment
klue-nli-v1_train_22390,contradiction
klue-nli-v1_train_19652,entailment
klue-nli-v1_train_14660,neutral
klue-nli-v1_train_09396,entailment
klue-nli-v1_train_03886,contradiction
klue-nli-v1_train_14314,entailment
klue-nli-v1_train_06150,entailment
klue-nli-v1_train_06151,neutral
klue-nli-v1_train_16556,neutral
klue-nli-v1_train_03257,entailment
klue-nli-v1_train_24995,contradiction
klue-nli-v1_train_04613,neutral
klue-nli-v1_train_22599,neutral
klue-nli-v1_train_02904,contradiction
klue-nli-v1_train_01996,neutral
klue-nli-v1_train_20382,entailment
klue-nli-v1_train_24791,entailment
klue-nli-v1_train_21463,contradiction
klue-nli-v1_train_21815,entailment
klue-nli-v1_train_17672,contradiction
klue-nli-v1_train_03990,contradiction
klue-nli-v1_train_08315,neutral
klue-nli-v1_train_23997,contradiction
klue-nli-v1_train_16279,contradiction
klue-nli-v1_train_21840,entailment
klue-nli-v1_train_11389,neutral
klue-nli-v1_train_20798,neutral
klue-nli-v1_train_03769,entailment
klue-nli-v1_train_16961,contradiction
klue-nli-v1_train_11871,entailment
klue-nli-v1_train_22664,entailment
klue-nli-v1_train_13634,contradiction
klue-nli-v1_train_09188,entailment
klue-nli-v1_train_04064,contradiction
klue-nli-v1_train_00590,entailment
klue-nli-v1_train_12914,entailment
klue-nli-v1_train_05601,entailment
klue-nli-v1_train_18906,neutral
klue-nli-v1_train_03087,contradiction
klue-nli-v1_train_15020,contradiction
klue-nli-v1_train_03649,contradiction
klue-nli-v1_train_13449,neutral
klue-nli-v1_train_06059,entailment
klue-nli-v1_train_19247,contradiction
klue-nli-v1_train_15178,neutral
klue-nli-v1_train_16653,neutral
klue-nli-v1_train_05882,entailment
klue-nli-v1_train_03401,entailment
klue-nli-v1_train_19587,entailment
klue-nli-v1_train_22965,entailment
klue-nli-v1_train_08736,entailment
klue-nli-v1_train_21789,neutral
klue-nli-v1_train_02820,entailment
klue-nli-v1_train_15798,neutral
klue-nli-v1_train_03303,neutral
klue-nli-v1_train_17631,contradiction
klue-nli-v1_train_19942,neutral
klue-nli-v1_train_01183,neutral
klue-nli-v1_train_04875,entailment
klue-nli-v1_train_06679,neutral
klue-nli-v1_train_14675,entailment
klue-nli-v1_train_19096,entailment
klue-nli-v1_train_03091,entailment
klue-nli-v1_train_24472,neutral
klue-nli-v1_train_12277,neutral
klue-nli-v1_train_11063,contradiction
klue-nli-v1_train_07491,entailment
klue-nli-v1_train_08247,entailment
klue-nli-v1_train_09245,entailment
klue-nli-v1_train_04492,contradiction
klue-nli-v1_train_12281,entailment
klue-nli-v1_train_01314,contradiction
klue-nli-v1_train_20214,entailment
klue-nli-v1_train_08916,neutral
klue-nli-v1_train_15434,neutral
klue-nli-v1_train_20433,neutral
klue-nli-v1_train_22608,neutral
klue-nli-v1_train_15192,entailment
klue-nli-v1_train_09918,neutral
klue-nli-v1_train_01806,entailment
klue-nli-v1_train_10388,entailment
klue-nli-v1_train_08782,neutral
klue-nli-v1_train_06159,neutral
klue-nli-v1_train_16887,contradiction
klue-nli-v1_train_08747,entailment
klue-nli-v1_train_24694,entailment
klue-nli-v1_train_00953,entailment
klue-nli-v1_train_20622,neutral
klue-nli-v1_train_17794,neutral
klue-nli-v1_train_06417,neutral
klue-nli-v1_train_06643,contradiction
klue-nli-v1_train_00978,neutral
klue-nli-v1_train_07972,entailment
klue-nli-v1_train_03898,neutral
klue-nli-v1_train_04238,entailment
klue-nli-v1_train_21281,entailment
klue-nli-v1_train_03874,neutral
klue-nli-v1_train_03986,entailment
klue-nli-v1_train_16181,neutral
klue-nli-v1_train_18867,entailment
klue-nli-v1_train_07996,contradiction
klue-nli-v1_train_19727,neutral
klue-nli-v1_train_13683,entailment
klue-nli-v1_train_04478,entailment
klue-nli-v1_train_21878,entailment
klue-nli-v1_train_10037,entailment
klue-nli-v1_train_01795,entailment
klue-nli-v1_train_17403,entailment
klue-nli-v1_train_04345,neutral
klue-nli-v1_train_20037,contradiction
klue-nli-v1_train_08028,neutral
klue-nli-v1_train_03846,entailment
klue-nli-v1_train_07032,neutral
klue-nli-v1_train_12628,entailment
klue-nli-v1_train_01522,contradiction
klue-nli-v1_train_02463,neutral
klue-nli-v1_train_13096,contradiction
klue-nli-v1_train_02317,entailment
klue-nli-v1_train_11080,neutral
klue-nli-v1_train_02306,entailment
klue-nli-v1_train_14658,neutral
klue-nli-v1_train_03862,entailment
klue-nli-v1_train_06110,neutral
klue-nli-v1_train_14818,entailment
klue-nli-v1_train_20652,entailment
klue-nli-v1_train_18720,contradiction
klue-nli-v1_train_24580,contradiction
klue-nli-v1_train_15010,entailment
klue-nli-v1_train_04158,neutral
klue-nli-v1_train_08513,contradiction
klue-nli-v1_train_21469,neutral
klue-nli-v1_train_22387,contradiction
klue-nli-v1_train_19729,entailment
klue-nli-v1_train_03918,entailment
klue-nli-v1_train_09341,contradiction
klue-nli-v1_train_12520,entailment
klue-nli-v1_train_09671,neutral
klue-nli-v1_train_17261,entailment
klue-nli-v1_train_23850,entailment
klue-nli-v1_train_14031,entailment
klue-nli-v1_train_17876,contradiction
klue-nli-v1_train_07739,entailment
klue-nli-v1_train_21814,neutral
klue-nli-v1_train_13970,neutral
klue-nli-v1_train_24210,contradiction
klue-nli-v1_train_10271,contradiction
klue-nli-v1_train_03463,contradiction
klue-nli-v1_train_07639,contradiction
klue-nli-v1_train_14532,entailment
klue-nli-v1_train_08574,neutral
klue-nli-v1_train_11056,neutral
klue-nli-v1_train_21956,entailment
klue-nli-v1_train_00616,entailment
klue-nli-v1_train_23130,entailment
klue-nli-v1_train_16552,neutral
klue-nli-v1_train_03309,contradiction
klue-nli-v1_train_18263,neutral
klue-nli-v1_train_00191,entailment
klue-nli-v1_train_09514,contradiction
klue-nli-v1_train_22181,contradiction
klue-nli-v1_train_22946,neutral
klue-nli-v1_train_14620,entailment
klue-nli-v1_train_20027,entailment
klue-nli-v1_train_22329,entailment
klue-nli-v1_train_18046,neutral
klue-nli-v1_train_24529,neutral
klue-nli-v1_train_22447,entailment
klue-nli-v1_train_10009,entailment
klue-nli-v1_train_21598,contradiction
klue-nli-v1_train_06242,contradiction
klue-nli-v1_train_05612,entailment
klue-nli-v1_train_02947,contradiction
klue-nli-v1_train_16949,neutral
klue-nli-v1_train_08420,entailment
klue-nli-v1_train_21317,contradiction
klue-nli-v1_train_14450,contradiction
klue-nli-v1_train_02665,neutral
klue-nli-v1_train_18099,entailment
klue-nli-v1_train_18308,entailment
klue-nli-v1_train_18242,neutral
klue-nli-v1_train_14376,neutral
klue-nli-v1_train_22531,contradiction
klue-nli-v1_train_20784,neutral
klue-nli-v1_train_00693,entailment
klue-nli-v1_train_13402,neutral
klue-nli-v1_train_16659,contradiction
klue-nli-v1_train_03368,entailment
klue-nli-v1_train_08127,neutral
klue-nli-v1_train_19509,contradiction
klue-nli-v1_train_24853,entailment
klue-nli-v1_train_22987,contradiction
klue-nli-v1_train_17010,entailment
klue-nli-v1_train_18349,contradiction
klue-nli-v1_train_23375,neutral
klue-nli-v1_train_23018,neutral
klue-nli-v1_train_24453,entailment
klue-nli-v1_train_09120,neutral
klue-nli-v1_train_17842,entailment
klue-nli-v1_train_03075,entailment
klue-nli-v1_train_16214,contradiction
klue-nli-v1_train_06573,contradiction
klue-nli-v1_train_23311,neutral
klue-nli-v1_train_10856,contradiction
klue-nli-v1_train_06667,neutral
klue-nli-v1_train_10097,entailment
klue-nli-v1_train_10563,contradiction
klue-nli-v1_train_11286,entailment
klue-nli-v1_train_22720,entailment
klue-nli-v1_train_01045,neutral
klue-nli-v1_train_16753,contradiction
klue-nli-v1_train_14684,neutral
klue-nli-v1_train_05131,contradiction
klue-nli-v1_train_05009,neutral
klue-nli-v1_train_18591,entailment
klue-nli-v1_train_14484,entailment
klue-nli-v1_train_03030,neutral
klue-nli-v1_train_22287,neutral
klue-nli-v1_train_01962,neutral
klue-nli-v1_train_21247,neutral
klue-nli-v1_train_01131,contradiction
klue-nli-v1_train_10144,entailment
klue-nli-v1_train_14861,neutral
klue-nli-v1_train_17431,neutral
klue-nli-v1_train_15352,entailment
klue-nli-v1_train_02928,contradiction
klue-nli-v1_train_19681,contradiction
klue-nli-v1_train_14056,contradiction
klue-nli-v1_train_01245,neutral
klue-nli-v1_train_12876,neutral
klue-nli-v1_train_17067,contradiction
klue-nli-v1_train_13120,neutral
klue-nli-v1_train_24649,contradiction
klue-nli-v1_train_24063,contradiction
klue-nli-v1_train_20327,neutral
klue-nli-v1_train_11551,entailment
klue-nli-v1_train_13499,neutral
klue-nli-v1_train_01220,neutral
klue-nli-v1_train_05779,neutral
klue-nli-v1_train_09724,neutral
klue-nli-v1_train_20633,contradiction
klue-nli-v1_train_10738,neutral
klue-nli-v1_train_11357,contradiction
klue-nli-v1_train_02690,neutral
klue-nli-v1_train_09601,contradiction
klue-nli-v1_train_07226,neutral
klue-nli-v1_train_17779,entailment
klue-nli-v1_train_06109,neutral
klue-nli-v1_train_17633,entailment
klue-nli-v1_train_07956,contradiction
klue-nli-v1_train_17461,neutral
klue-nli-v1_train_13062,contradiction
klue-nli-v1_train_11945,neutral
klue-nli-v1_train_19988,entailment
klue-nli-v1_train_20265,entailment
klue-nli-v1_train_18162,neutral
klue-nli-v1_train_08457,entailment
klue-nli-v1_train_01190,neutral
klue-nli-v1_train_15514,neutral
klue-nli-v1_train_13713,contradiction
klue-nli-v1_train_19193,entailment
klue-nli-v1_train_10569,entailment
klue-nli-v1_train_07727,entailment
klue-nli-v1_train_20129,neutral
klue-nli-v1_train_22624,contradiction
klue-nli-v1_train_19965,entailment
klue-nli-v1_train_03616,contradiction
klue-nli-v1_train_11127,contradiction
klue-nli-v1_train_21617,contradiction
klue-nli-v1_train_24559,entailment
klue-nli-v1_train_21566,entailment
klue-nli-v1_train_07856,entailment
klue-nli-v1_train_23586,entailment
klue-nli-v1_train_04842,entailment
klue-nli-v1_train_02349,neutral
klue-nli-v1_train_01205,neutral
klue-nli-v1_train_04104,entailment
klue-nli-v1_train_15118,contradiction
klue-nli-v1_train_24317,neutral
klue-nli-v1_train_16388,entailment
klue-nli-v1_train_00239,entailment
klue-nli-v1_train_09203,neutral
klue-nli-v1_train_10465,neutral
klue-nli-v1_train_03128,entailment
klue-nli-v1_train_08221,contradiction
klue-nli-v1_train_08986,contradiction
klue-nli-v1_train_01179,entailment
klue-nli-v1_train_20466,contradiction
klue-nli-v1_train_20101,neutral
klue-nli-v1_train_01845,neutral
klue-nli-v1_train_21312,contradiction
klue-nli-v1_train_13103,entailment
klue-nli-v1_train_09386,entailment
klue-nli-v1_train_22136,entailment
klue-nli-v1_train_04890,entailment
klue-nli-v1_train_23853,neutral
klue-nli-v1_train_05087,entailment
klue-nli-v1_train_20005,contradiction
klue-nli-v1_train_01910,neutral
klue-nli-v1_train_14515,contradiction
klue-nli-v1_train_16385,entailment
klue-nli-v1_train_14805,entailment
klue-nli-v1_train_15604,contradiction
klue-nli-v1_train_03143,neutral
klue-nli-v1_train_04315,contradiction
klue-nli-v1_train_10415,entailment
klue-nli-v1_train_19169,entailment
klue-nli-v1_train_12117,entailment
klue-nli-v1_train_20467,contradiction
klue-nli-v1_train_21637,neutral
klue-nli-v1_train_11076,contradiction
klue-nli-v1_train_05704,neutral
klue-nli-v1_train_13250,entailment
klue-nli-v1_train_19262,entailment
klue-nli-v1_train_08154,neutral
klue-nli-v1_train_21806,entailment
klue-nli-v1_train_10357,entailment
klue-nli-v1_train_02439,neutral
klue-nli-v1_train_04524,contradiction
klue-nli-v1_train_00655,entailment
klue-nli-v1_train_03313,entailment
klue-nli-v1_train_06774,contradiction
klue-nli-v1_train_22204,entailment
klue-nli-v1_train_13098,contradiction
klue-nli-v1_train_20614,entailment
klue-nli-v1_train_05445,neutral
klue-nli-v1_train_19139,entailment
klue-nli-v1_train_12965,neutral
klue-nli-v1_train_09389,entailment
klue-nli-v1_train_13212,neutral
klue-nli-v1_train_23499,neutral
klue-nli-v1_train_20849,neutral
klue-nli-v1_train_04304,contradiction
klue-nli-v1_train_16748,neutral
klue-nli-v1_train_19947,entailment
klue-nli-v1_train_08063,contradiction
klue-nli-v1_train_05196,neutral
klue-nli-v1_train_04033,entailment
klue-nli-v1_train_05189,entailment
klue-nli-v1_train_15077,contradiction
klue-nli-v1_train_24824,neutral
klue-nli-v1_train_18587,entailment
klue-nli-v1_train_17899,neutral
klue-nli-v1_train_10817,neutral
klue-nli-v1_train_15400,entailment
klue-nli-v1_train_04134,neutral
klue-nli-v1_train_18034,neutral
klue-nli-v1_train_11697,neutral
klue-nli-v1_train_06647,entailment
klue-nli-v1_train_12131,entailment
klue-nli-v1_train_08803,contradiction
klue-nli-v1_train_00204,contradiction
klue-nli-v1_train_22993,entailment
klue-nli-v1_train_03016,entailment
klue-nli-v1_train_08665,entailment
klue-nli-v1_train_01714,entailment
klue-nli-v1_train_09949,neutral
klue-nli-v1_train_00972,neutral
klue-nli-v1_train_23561,neutral
klue-nli-v1_train_03694,neutral
klue-nli-v1_train_22068,neutral
klue-nli-v1_train_11017,contradiction
klue-nli-v1_train_14370,entailment
klue-nli-v1_train_24493,contradiction
klue-nli-v1_train_14955,entailment
klue-nli-v1_train_00348,neutral
klue-nli-v1_train_06341,neutral
klue-nli-v1_train_04414,contradiction
klue-nli-v1_train_23394,entailment
klue-nli-v1_train_03906,neutral
klue-nli-v1_train_06188,neutral
klue-nli-v1_train_17082,contradiction
klue-nli-v1_train_18656,neutral
klue-nli-v1_train_00031,contradiction
klue-nli-v1_train_00974,neutral
klue-nli-v1_train_06546,neutral
klue-nli-v1_train_20740,contradiction
klue-nli-v1_train_08537,neutral
klue-nli-v1_train_14036,neutral
klue-nli-v1_train_00751,neutral
klue-nli-v1_train_17057,neutral
klue-nli-v1_train_08152,contradiction
klue-nli-v1_train_24641,neutral
klue-nli-v1_train_15152,neutral
klue-nli-v1_train_08135,neutral
klue-nli-v1_train_19138,contradiction
klue-nli-v1_train_18071,neutral
klue-nli-v1_train_07210,neutral
klue-nli-v1_train_06631,neutral
klue-nli-v1_train_00074,entailment
klue-nli-v1_train_12673,entailment
klue-nli-v1_train_00176,entailment
klue-nli-v1_train_18156,entailment
klue-nli-v1_train_10771,neutral
klue-nli-v1_train_12805,entailment
klue-nli-v1_train_22255,contradiction
klue-nli-v1_train_23192,entailment
klue-nli-v1_train_07228,neutral
klue-nli-v1_train_03221,entailment
klue-nli-v1_train_03536,entailment
klue-nli-v1_train_09041,contradiction
klue-nli-v1_train_12862,contradiction
klue-nli-v1_train_24519,contradiction
klue-nli-v1_train_23231,neutral
klue-nli-v1_train_08764,contradiction
klue-nli-v1_train_22402,entailment
klue-nli-v1_train_12534,contradiction
klue-nli-v1_train_23664,contradiction
klue-nli-v1_train_15664,entailment
klue-nli-v1_train_01598,entailment
klue-nli-v1_train_20163,entailment
klue-nli-v1_train_12188,neutral
klue-nli-v1_train_24494,neutral
klue-nli-v1_train_02421,neutral
klue-nli-v1_train_09078,neutral
klue-nli-v1_train_01826,entailment
klue-nli-v1_train_12685,entailment
klue-nli-v1_train_07216,contradiction
klue-nli-v1_train_09329,contradiction
klue-nli-v1_train_14562,contradiction
klue-nli-v1_train_13256,entailment
klue-nli-v1_train_24135,entailment
klue-nli-v1_train_00834,neutral
klue-nli-v1_train_02739,contradiction
klue-nli-v1_train_18795,contradiction
klue-nli-v1_train_22786,entailment
klue-nli-v1_train_15562,entailment
klue-nli-v1_train_20272,entailment
klue-nli-v1_train_02602,neutral
klue-nli-v1_train_07675,contradiction
klue-nli-v1_train_09614,entailment
klue-nli-v1_train_11423,contradiction
klue-nli-v1_train_02801,entailment
klue-nli-v1_train_11378,neutral
klue-nli-v1_train_09753,entailment
klue-nli-v1_train_07246,entailment
klue-nli-v1_train_21303,entailment
klue-nli-v1_train_16672,entailment
klue-nli-v1_train_15362,neutral
klue-nli-v1_train_14294,neutral
klue-nli-v1_train_08284,neutral
klue-nli-v1_train_04088,contradiction
klue-nli-v1_train_17610,neutral
klue-nli-v1_train_11187,entailment
klue-nli-v1_train_20348,entailment
klue-nli-v1_train_18474,contradiction
klue-nli-v1_train_02753,contradiction
klue-nli-v1_train_17667,neutral
klue-nli-v1_train_13008,contradiction
klue-nli-v1_train_11164,entailment
klue-nli-v1_train_08882,entailment
klue-nli-v1_train_09647,neutral
klue-nli-v1_train_17269,contradiction
klue-nli-v1_train_17464,neutral
klue-nli-v1_train_23256,entailment
klue-nli-v1_train_05203,entailment
klue-nli-v1_train_02269,entailment
klue-nli-v1_train_03225,neutral
klue-nli-v1_train_08897,neutral
klue-nli-v1_train_20074,entailment
klue-nli-v1_train_13167,entailment
klue-nli-v1_train_04869,neutral
klue-nli-v1_train_16418,entailment
klue-nli-v1_train_21813,entailment
klue-nli-v1_train_00529,neutral
klue-nli-v1_train_09693,contradiction
klue-nli-v1_train_16343,entailment
klue-nli-v1_train_03190,entailment
klue-nli-v1_train_01633,contradiction
klue-nli-v1_train_14850,contradiction
klue-nli-v1_train_14435,entailment
klue-nli-v1_train_00785,contradiction
klue-nli-v1_train_05991,contradiction
klue-nli-v1_train_15863,neutral
klue-nli-v1_train_13591,entailment
klue-nli-v1_train_19251,contradiction
klue-nli-v1_train_09000,entailment
klue-nli-v1_train_03395,neutral
klue-nli-v1_train_21464,neutral
klue-nli-v1_train_15631,neutral
klue-nli-v1_train_05398,neutral
klue-nli-v1_train_22701,contradiction
klue-nli-v1_train_06145,neutral
klue-nli-v1_train_11139,neutral
klue-nli-v1_train_15229,contradiction
klue-nli-v1_train_16103,entailment
klue-nli-v1_train_11274,neutral
klue-nli-v1_train_23614,entailment
klue-nli-v1_train_11924,contradiction
klue-nli-v1_train_12141,neutral
klue-nli-v1_train_16454,contradiction
klue-nli-v1_train_06535,neutral
klue-nli-v1_train_02482,entailment
klue-nli-v1_train_02409,neutral
klue-nli-v1_train_13814,neutral
klue-nli-v1_train_00304,entailment
klue-nli-v1_train_03784,contradiction
klue-nli-v1_train_02064,neutral
klue-nli-v1_train_06938,contradiction
klue-nli-v1_train_11801,contradiction
klue-nli-v1_train_04427,contradiction
klue-nli-v1_train_11747,entailment
klue-nli-v1_train_00916,neutral
klue-nli-v1_train_00395,entailment
klue-nli-v1_train_02251,neutral
klue-nli-v1_train_22060,contradiction
klue-nli-v1_train_16513,contradiction
klue-nli-v1_train_00104,contradiction
klue-nli-v1_train_03705,contradiction
klue-nli-v1_train_18679,neutral
klue-nli-v1_train_11915,contradiction
klue-nli-v1_train_05059,entailment
klue-nli-v1_train_06073,entailment
klue-nli-v1_train_19355,neutral
klue-nli-v1_train_23536,contradiction
klue-nli-v1_train_14926,entailment
klue-nli-v1_train_24299,entailment
klue-nli-v1_train_03897,contradiction
klue-nli-v1_train_07773,neutral
klue-nli-v1_train_14540,neutral
klue-nli-v1_train_07360,neutral
klue-nli-v1_train_07984,neutral
klue-nli-v1_train_13932,contradiction
klue-nli-v1_train_22179,neutral
klue-nli-v1_train_23852,entailment
klue-nli-v1_train_09928,neutral
klue-nli-v1_train_18191,entailment
klue-nli-v1_train_19842,contradiction
klue-nli-v1_train_06994,entailment
klue-nli-v1_train_06095,neutral
klue-nli-v1_train_20133,neutral
klue-nli-v1_train_18706,entailment
klue-nli-v1_train_00356,entailment
klue-nli-v1_train_18205,entailment
klue-nli-v1_train_14114,neutral
klue-nli-v1_train_05093,entailment
klue-nli-v1_train_09707,entailment
klue-nli-v1_train_19069,contradiction
klue-nli-v1_train_18511,contradiction
klue-nli-v1_train_21227,neutral
klue-nli-v1_train_16506,contradiction
klue-nli-v1_train_01119,entailment
klue-nli-v1_train_01951,contradiction
klue-nli-v1_train_11096,contradiction
klue-nli-v1_train_22305,neutral
klue-nli-v1_train_01720,contradiction
klue-nli-v1_train_16856,entailment
klue-nli-v1_train_06338,neutral
klue-nli-v1_train_15250,neutral
klue-nli-v1_train_14134,entailment
klue-nli-v1_train_01142,neutral
klue-nli-v1_train_00197,neutral
klue-nli-v1_train_09093,neutral
klue-nli-v1_train_17715,neutral
klue-nli-v1_train_13923,entailment
klue-nli-v1_train_14161,entailment
klue-nli-v1_train_23943,contradiction
klue-nli-v1_train_15954,contradiction
klue-nli-v1_train_07347,contradiction
klue-nli-v1_train_05928,neutral
klue-nli-v1_train_18432,entailment
klue-nli-v1_train_19329,entailment
klue-nli-v1_train_12124,contradiction
klue-nli-v1_train_00244,neutral
klue-nli-v1_train_06357,contradiction
klue-nli-v1_train_00326,entailment
klue-nli-v1_train_02270,contradiction
klue-nli-v1_train_05172,neutral
klue-nli-v1_train_10773,neutral
klue-nli-v1_train_09451,neutral
klue-nli-v1_train_10159,entailment
klue-nli-v1_train_03991,entailment
klue-nli-v1_train_17447,entailment
klue-nli-v1_train_13828,neutral
klue-nli-v1_train_08384,contradiction
klue-nli-v1_train_18343,neutral
klue-nli-v1_train_09468,entailment
klue-nli-v1_train_13682,neutral
klue-nli-v1_train_20950,neutral
klue-nli-v1_train_09663,entailment
klue-nli-v1_train_03630,entailment
klue-nli-v1_train_13244,neutral
klue-nli-v1_train_22133,neutral
klue-nli-v1_train_09308,entailment
klue-nli-v1_train_02032,entailment
klue-nli-v1_train_05207,neutral
klue-nli-v1_train_24125,neutral
klue-nli-v1_train_07515,entailment
klue-nli-v1_train_21706,entailment
klue-nli-v1_train_22976,neutral
klue-nli-v1_train_04147,entailment
klue-nli-v1_train_23697,neutral
klue-nli-v1_train_10334,entailment
klue-nli-v1_train_05515,entailment
klue-nli-v1_train_19917,contradiction
klue-nli-v1_train_11047,contradiction
klue-nli-v1_train_19152,neutral
klue-nli-v1_train_00797,entailment
klue-nli-v1_train_12503,neutral
klue-nli-v1_train_21510,neutral
klue-nli-v1_train_17790,contradiction
klue-nli-v1_train_07638,neutral
klue-nli-v1_train_10751,neutral
klue-nli-v1_train_22200,entailment
klue-nli-v1_train_06736,entailment
klue-nli-v1_train_20206,entailment
klue-nli-v1_train_07072,entailment
klue-nli-v1_train_08675,contradiction
klue-nli-v1_train_23667,neutral
klue-nli-v1_train_08874,neutral
klue-nli-v1_train_10076,contradiction
klue-nli-v1_train_00568,entailment
klue-nli-v1_train_21726,contradiction
klue-nli-v1_train_12192,entailment
klue-nli-v1_train_14168,entailment
klue-nli-v1_train_00835,contradiction
klue-nli-v1_train_01661,entailment
klue-nli-v1_train_16683,neutral
klue-nli-v1_train_11444,contradiction
klue-nli-v1_train_01777,neutral
klue-nli-v1_train_21863,contradiction
klue-nli-v1_train_09209,entailment
klue-nli-v1_train_03082,neutral
klue-nli-v1_train_08036,entailment
klue-nli-v1_train_22966,entailment
klue-nli-v1_train_18415,entailment
klue-nli-v1_train_20516,neutral
klue-nli-v1_train_20748,entailment
klue-nli-v1_train_19828,neutral
klue-nli-v1_train_14008,contradiction
klue-nli-v1_train_16918,neutral
klue-nli-v1_train_16236,contradiction
klue-nli-v1_train_18907,contradiction
klue-nli-v1_train_04487,neutral
klue-nli-v1_train_23633,neutral
klue-nli-v1_train_17993,contradiction
klue-nli-v1_train_19047,entailment
klue-nli-v1_train_18713,contradiction
klue-nli-v1_train_04833,entailment
klue-nli-v1_train_02556,contradiction
klue-nli-v1_train_16285,entailment
klue-nli-v1_train_21541,contradiction
klue-nli-v1_train_20366,neutral
klue-nli-v1_train_12544,neutral
klue-nli-v1_train_21103,neutral
klue-nli-v1_train_07058,contradiction
klue-nli-v1_train_02702,contradiction
klue-nli-v1_train_12865,neutral
klue-nli-v1_train_15962,entailment
klue-nli-v1_train_20394,entailment
klue-nli-v1_train_01055,neutral
klue-nli-v1_train_22899,entailment
klue-nli-v1_train_15095,contradiction
klue-nli-v1_train_04850,entailment
klue-nli-v1_train_03942,entailment
klue-nli-v1_train_07770,contradiction
klue-nli-v1_train_06455,neutral
klue-nli-v1_train_07875,entailment
klue-nli-v1_train_11845,contradiction
klue-nli-v1_train_01878,neutral
klue-nli-v1_train_05865,neutral
klue-nli-v1_train_16993,entailment
klue-nli-v1_train_22451,neutral
klue-nli-v1_train_04231,contradiction
klue-nli-v1_train_02189,entailment
klue-nli-v1_train_10962,contradiction
klue-nli-v1_train_23824,neutral
klue-nli-v1_train_13675,neutral
klue-nli-v1_train_21973,neutral
klue-nli-v1_train_14026,contradiction
klue-nli-v1_train_04902,neutral
klue-nli-v1_train_04154,contradiction
klue-nli-v1_train_09431,entailment
klue-nli-v1_train_23022,entailment
klue-nli-v1_train_16804,contradiction
klue-nli-v1_train_03350,entailment
klue-nli-v1_train_04922,neutral
klue-nli-v1_train_05065,contradiction
klue-nli-v1_train_04750,contradiction
klue-nli-v1_train_22724,contradiction
klue-nli-v1_train_15508,entailment
klue-nli-v1_train_15417,contradiction
klue-nli-v1_train_01791,entailment
klue-nli-v1_train_11050,neutral
klue-nli-v1_train_15161,neutral
klue-nli-v1_train_09309,neutral
klue-nli-v1_train_13512,entailment
klue-nli-v1_train_06466,entailment
klue-nli-v1_train_12957,entailment
klue-nli-v1_train_05860,entailment
klue-nli-v1_train_23670,entailment
klue-nli-v1_train_15545,contradiction
klue-nli-v1_train_19266,contradiction
klue-nli-v1_train_17743,neutral
klue-nli-v1_train_16206,contradiction
klue-nli-v1_train_11477,neutral
klue-nli-v1_train_14581,entailment
klue-nli-v1_train_14626,contradiction
klue-nli-v1_train_11308,entailment
klue-nli-v1_train_16589,contradiction
klue-nli-v1_train_21893,entailment
klue-nli-v1_train_21459,contradiction
klue-nli-v1_train_22676,contradiction
klue-nli-v1_train_14563,entailment
klue-nli-v1_train_11920,entailment
klue-nli-v1_train_13323,entailment
klue-nli-v1_train_13649,contradiction
klue-nli-v1_train_19175,contradiction
klue-nli-v1_train_08712,entailment
klue-nli-v1_train_04370,entailment
klue-nli-v1_train_08365,entailment
klue-nli-v1_train_12746,entailment
klue-nli-v1_train_00090,neutral
klue-nli-v1_train_15248,contradiction
klue-nli-v1_train_08600,contradiction
klue-nli-v1_train_22609,neutral
klue-nli-v1_train_00234,entailment
klue-nli-v1_train_08896,contradiction
klue-nli-v1_train_06402,entailment
klue-nli-v1_train_10064,contradiction
klue-nli-v1_train_09705,neutral
klue-nli-v1_train_22381,contradiction
klue-nli-v1_train_11611,entailment
klue-nli-v1_train_07724,entailment
klue-nli-v1_train_06055,entailment
klue-nli-v1_train_10706,contradiction
klue-nli-v1_train_02712,entailment
klue-nli-v1_train_22725,neutral
klue-nli-v1_train_19563,contradiction
klue-nli-v1_train_17599,neutral
klue-nli-v1_train_19882,contradiction
klue-nli-v1_train_01156,contradiction
klue-nli-v1_train_24091,entailment
klue-nli-v1_train_22596,entailment
klue-nli-v1_train_16465,entailment
klue-nli-v1_train_19990,contradiction
klue-nli-v1_train_02830,neutral
klue-nli-v1_train_00768,entailment
klue-nli-v1_train_19499,contradiction
klue-nli-v1_train_11360,contradiction
klue-nli-v1_train_04396,neutral
klue-nli-v1_train_09035,neutral
klue-nli-v1_train_11765,neutral
klue-nli-v1_train_18874,neutral
klue-nli-v1_train_22619,entailment
klue-nli-v1_train_15699,neutral
klue-nli-v1_train_19983,entailment
klue-nli-v1_train_23092,contradiction
klue-nli-v1_train_00447,entailment
klue-nli-v1_train_21151,neutral
klue-nli-v1_train_14313,entailment
klue-nli-v1_train_23098,contradiction
klue-nli-v1_train_10643,entailment
klue-nli-v1_train_14939,contradiction
klue-nli-v1_train_08227,contradiction
klue-nli-v1_train_09782,entailment
klue-nli-v1_train_07543,entailment
klue-nli-v1_train_07356,neutral
klue-nli-v1_train_18354,entailment
klue-nli-v1_train_00224,entailment
klue-nli-v1_train_12598,neutral
klue-nli-v1_train_00110,neutral
klue-nli-v1_train_04841,entailment
klue-nli-v1_train_21970,neutral
klue-nli-v1_train_22384,contradiction
klue-nli-v1_train_10405,contradiction
klue-nli-v1_train_23185,contradiction
klue-nli-v1_train_19804,entailment
klue-nli-v1_train_13373,neutral
klue-nli-v1_train_17066,contradiction
klue-nli-v1_train_24551,contradiction
klue-nli-v1_train_11705,neutral
klue-nli-v1_train_23836,entailment
klue-nli-v1_train_06486,entailment
klue-nli-v1_train_08019,contradiction
klue-nli-v1_train_04187,entailment
klue-nli-v1_train_19153,contradiction
klue-nli-v1_train_00946,contradiction
klue-nli-v1_train_18280,contradiction
klue-nli-v1_train_17625,neutral
klue-nli-v1_train_06023,entailment
klue-nli-v1_train_04053,entailment
klue-nli-v1_train_10632,entailment
klue-nli-v1_train_16976,entailment
klue-nli-v1_train_13172,contradiction
klue-nli-v1_train_04317,neutral
klue-nli-v1_train_21562,entailment
klue-nli-v1_train_20681,contradiction
klue-nli-v1_train_13714,neutral
klue-nli-v1_train_14624,entailment
klue-nli-v1_train_01548,contradiction
klue-nli-v1_train_17691,entailment
klue-nli-v1_train_01558,neutral
klue-nli-v1_train_07661,entailment
klue-nli-v1_train_11610,contradiction
klue-nli-v1_train_20291,contradiction
klue-nli-v1_train_17050,entailment
klue-nli-v1_train_23610,neutral
klue-nli-v1_train_02441,contradiction
klue-nli-v1_train_16523,entailment
klue-nli-v1_train_02462,contradiction
klue-nli-v1_train_06431,entailment
klue-nli-v1_train_00288,contradiction
klue-nli-v1_train_10614,neutral
klue-nli-v1_train_09863,contradiction
klue-nli-v1_train_09600,entailment
klue-nli-v1_train_22237,contradiction
klue-nli-v1_train_03003,contradiction
klue-nli-v1_train_24819,contradiction
klue-nli-v1_train_19241,contradiction
klue-nli-v1_train_05934,entailment
klue-nli-v1_train_16705,entailment
klue-nli-v1_train_00622,entailment
klue-nli-v1_train_19846,neutral
klue-nli-v1_train_16570,entailment
klue-nli-v1_train_02643,entailment
klue-nli-v1_train_14573,neutral
klue-nli-v1_train_17783,entailment
klue-nli-v1_train_20061,neutral
klue-nli-v1_train_02867,contradiction
klue-nli-v1_train_20688,contradiction
klue-nli-v1_train_13266,neutral
klue-nli-v1_train_22691,entailment
klue-nli-v1_train_14715,neutral
klue-nli-v1_train_11374,entailment
klue-nli-v1_train_12516,neutral
klue-nli-v1_train_18962,contradiction
klue-nli-v1_train_15003,neutral
klue-nli-v1_train_04975,neutral
klue-nli-v1_train_10484,neutral
klue-nli-v1_train_12473,neutral
klue-nli-v1_train_00167,contradiction
klue-nli-v1_train_14500,contradiction
klue-nli-v1_train_01462,entailment
klue-nli-v1_train_01182,entailment
klue-nli-v1_train_20454,neutral
klue-nli-v1_train_10999,neutral
klue-nli-v1_train_06061,entailment
klue-nli-v1_train_04773,neutral
klue-nli-v1_train_23454,contradiction
klue-nli-v1_train_20241,neutral
klue-nli-v1_train_16474,entailment
klue-nli-v1_train_04598,entailment
klue-nli-v1_train_16656,neutral
klue-nli-v1_train_11736,contradiction
klue-nli-v1_train_01552,entailment
klue-nli-v1_train_21289,neutral
klue-nli-v1_train_18880,contradiction
klue-nli-v1_train_17448,entailment
klue-nli-v1_train_20004,entailment
klue-nli-v1_train_23233,entailment
klue-nli-v1_train_24668,contradiction
klue-nli-v1_train_17316,entailment
klue-nli-v1_train_06878,neutral
klue-nli-v1_train_24010,contradiction
klue-nli-v1_train_05133,neutral
klue-nli-v1_train_14829,entailment
klue-nli-v1_train_06029,neutral
klue-nli-v1_train_17945,contradiction
klue-nli-v1_train_18908,entailment
klue-nli-v1_train_07300,neutral
klue-nli-v1_train_15694,neutral
klue-nli-v1_train_01149,entailment
klue-nli-v1_train_23666,contradiction
klue-nli-v1_train_15338,neutral
klue-nli-v1_train_17617,entailment
klue-nli-v1_train_19404,neutral
klue-nli-v1_train_05350,contradiction
klue-nli-v1_train_09208,entailment
klue-nli-v1_train_10250,entailment
klue-nli-v1_train_12224,entailment
klue-nli-v1_train_14772,neutral
klue-nli-v1_train_20224,neutral
klue-nli-v1_train_06471,neutral
klue-nli-v1_train_17885,neutral
klue-nli-v1_train_22335,neutral
klue-nli-v1_train_17894,entailment
klue-nli-v1_train_13407,neutral
klue-nli-v1_train_09636,entailment
klue-nli-v1_train_12364,contradiction
klue-nli-v1_train_10755,contradiction
klue-nli-v1_train_10957,neutral
klue-nli-v1_train_09538,contradiction
klue-nli-v1_train_23249,entailment
klue-nli-v1_train_05202,neutral
klue-nli-v1_train_06075,neutral
klue-nli-v1_train_03969,neutral
klue-nli-v1_train_11279,contradiction
klue-nli-v1_train_23010,entailment
klue-nli-v1_train_15231,entailment
klue-nli-v1_train_16401,contradiction
klue-nli-v1_train_06904,entailment
klue-nli-v1_train_23532,contradiction
klue-nli-v1_train_18455,neutral
klue-nli-v1_train_07372,neutral
klue-nli-v1_train_19032,contradiction
klue-nli-v1_train_20844,contradiction
klue-nli-v1_train_09816,entailment
klue-nli-v1_train_05199,entailment
klue-nli-v1_train_17049,contradiction
klue-nli-v1_train_05279,entailment
klue-nli-v1_train_13716,contradiction
klue-nli-v1_train_14222,neutral
klue-nli-v1_train_09773,neutral
klue-nli-v1_train_01964,contradiction
klue-nli-v1_train_10842,entailment
klue-nli-v1_train_07484,entailment
klue-nli-v1_train_19664,entailment
klue-nli-v1_train_15373,contradiction
klue-nli-v1_train_03910,neutral
klue-nli-v1_train_09207,contradiction
klue-nli-v1_train_19039,neutral
klue-nli-v1_train_07383,neutral
klue-nli-v1_train_15002,contradiction
klue-nli-v1_train_22749,entailment
klue-nli-v1_train_19821,contradiction
klue-nli-v1_train_08548,contradiction
klue-nli-v1_train_13951,entailment
klue-nli-v1_train_10774,contradiction
klue-nli-v1_train_20491,contradiction
klue-nli-v1_train_18743,entailment
klue-nli-v1_train_08708,contradiction
klue-nli-v1_train_16310,neutral
klue-nli-v1_train_14856,entailment
klue-nli-v1_train_05908,entailment
klue-nli-v1_train_15136,entailment
klue-nli-v1_train_01884,entailment
klue-nli-v1_train_04499,neutral
klue-nli-v1_train_18898,neutral
klue-nli-v1_train_10025,entailment
klue-nli-v1_train_08213,contradiction
klue-nli-v1_train_06225,entailment
klue-nli-v1_train_04996,neutral
klue-nli-v1_train_01114,entailment
klue-nli-v1_train_05713,neutral
klue-nli-v1_train_12177,contradiction
klue-nli-v1_train_11878,entailment
klue-nli-v1_train_07134,entailment
klue-nli-v1_train_18190,neutral
klue-nli-v1_train_21991,neutral
klue-nli-v1_train_05344,contradiction
klue-nli-v1_train_11418,contradiction
klue-nli-v1_train_22639,contradiction
klue-nli-v1_train_02432,entailment
klue-nli-v1_train_12734,neutral
klue-nli-v1_train_02335,entailment
klue-nli-v1_train_23940,neutral
klue-nli-v1_train_19467,neutral
klue-nli-v1_train_11041,neutral
klue-nli-v1_train_06173,neutral
klue-nli-v1_train_21654,neutral
klue-nli-v1_train_21969,entailment
klue-nli-v1_train_00192,entailment
klue-nli-v1_train_24805,entailment
klue-nli-v1_train_18636,entailment
klue-nli-v1_train_17802,contradiction
klue-nli-v1_train_04887,entailment
klue-nli-v1_train_13154,contradiction
klue-nli-v1_train_20604,entailment
klue-nli-v1_train_02985,contradiction
klue-nli-v1_train_13288,contradiction
klue-nli-v1_train_24737,contradiction
klue-nli-v1_train_21213,neutral
klue-nli-v1_train_14415,entailment
klue-nli-v1_train_21799,neutral
klue-nli-v1_train_03806,neutral
klue-nli-v1_train_04432,neutral
klue-nli-v1_train_10528,neutral
klue-nli-v1_train_08317,entailment
klue-nli-v1_train_20609,contradiction
klue-nli-v1_train_20406,entailment
klue-nli-v1_train_20248,neutral
klue-nli-v1_train_03682,neutral
klue-nli-v1_train_12535,entailment
klue-nli-v1_train_16626,entailment
klue-nli-v1_train_10300,neutral
klue-nli-v1_train_08561,neutral
klue-nli-v1_train_13732,entailment
klue-nli-v1_train_03450,neutral
klue-nli-v1_train_00213,neutral
klue-nli-v1_train_15754,contradiction
klue-nli-v1_train_13362,entailment
klue-nli-v1_train_20616,contradiction
klue-nli-v1_train_09415,neutral
klue-nli-v1_train_03550,entailment
klue-nli-v1_train_24397,entailment
klue-nli-v1_train_01449,contradiction
klue-nli-v1_train_08458,contradiction
klue-nli-v1_train_11244,entailment
klue-nli-v1_train_14095,contradiction
klue-nli-v1_train_10176,contradiction
klue-nli-v1_train_20934,neutral
klue-nli-v1_train_12563,neutral
klue-nli-v1_train_10534,neutral
klue-nli-v1_train_22945,contradiction
klue-nli-v1_train_17862,contradiction
klue-nli-v1_train_08437,entailment
klue-nli-v1_train_11896,contradiction
klue-nli-v1_train_15670,contradiction
klue-nli-v1_train_05552,entailment
klue-nli-v1_train_16222,contradiction
klue-nli-v1_train_09482,contradiction
klue-nli-v1_train_03685,entailment
klue-nli-v1_train_23101,contradiction
klue-nli-v1_train_02808,entailment
klue-nli-v1_train_23017,entailment
klue-nli-v1_train_18217,entailment
klue-nli-v1_train_13561,contradiction
klue-nli-v1_train_10354,contradiction
klue-nli-v1_train_17386,neutral
klue-nli-v1_train_13964,neutral
klue-nli-v1_train_17091,contradiction
klue-nli-v1_train_06687,contradiction
klue-nli-v1_train_15474,entailment
klue-nli-v1_train_08057,entailment
klue-nli-v1_train_22594,neutral
klue-nli-v1_train_16828,contradiction
klue-nli-v1_train_15106,neutral
klue-nli-v1_train_01941,entailment
klue-nli-v1_train_08215,entailment
klue-nli-v1_train_05076,neutral
klue-nli-v1_train_20187,entailment
klue-nli-v1_train_24436,neutral
klue-nli-v1_train_14845,contradiction
klue-nli-v1_train_20716,neutral
klue-nli-v1_train_08422,contradiction
klue-nli-v1_train_07495,neutral
klue-nli-v1_train_16671,neutral
klue-nli-v1_train_19086,contradiction
klue-nli-v1_train_00422,neutral
klue-nli-v1_train_03878,entailment
klue-nli-v1_train_19836,contradiction
klue-nli-v1_train_10283,contradiction
klue-nli-v1_train_08673,neutral
klue-nli-v1_train_11198,contradiction
klue-nli-v1_train_12527,neutral
klue-nli-v1_train_08225,neutral
klue-nli-v1_train_16219,contradiction
klue-nli-v1_train_11341,entailment
klue-nli-v1_train_24175,entailment
klue-nli-v1_train_23525,entailment
klue-nli-v1_train_04676,entailment
klue-nli-v1_train_06034,contradiction
klue-nli-v1_train_02696,neutral
klue-nli-v1_train_21188,contradiction
klue-nli-v1_train_15254,entailment
klue-nli-v1_train_13948,neutral
klue-nli-v1_train_13636,neutral
klue-nli-v1_train_20962,contradiction
klue-nli-v1_train_06526,entailment
klue-nli-v1_train_06053,entailment
klue-nli-v1_train_24326,contradiction
klue-nli-v1_train_06129,neutral
klue-nli-v1_train_22968,contradiction
klue-nli-v1_train_14223,entailment
klue-nli-v1_train_14671,entailment
klue-nli-v1_train_20891,contradiction
klue-nli-v1_train_05613,entailment
klue-nli-v1_train_04117,neutral
klue-nli-v1_train_04276,contradiction
klue-nli-v1_train_17343,entailment
klue-nli-v1_train_11981,contradiction
klue-nli-v1_train_11331,entailment
klue-nli-v1_train_08686,entailment
klue-nli-v1_train_05475,contradiction
klue-nli-v1_train_07276,entailment
klue-nli-v1_train_07569,contradiction
klue-nli-v1_train_08679,neutral
klue-nli-v1_train_01325,neutral
klue-nli-v1_train_17436,neutral
klue-nli-v1_train_21797,contradiction
klue-nli-v1_train_22978,neutral
klue-nli-v1_train_17035,neutral
klue-nli-v1_train_11663,entailment
klue-nli-v1_train_01226,neutral
klue-nli-v1_train_19479,contradiction
klue-nli-v1_train_13137,entailment
klue-nli-v1_train_08220,entailment
klue-nli-v1_train_19385,contradiction
klue-nli-v1_train_20441,entailment
klue-nli-v1_train_22221,entailment
klue-nli-v1_train_17175,entailment
klue-nli-v1_train_10804,neutral
klue-nli-v1_train_22808,entailment
klue-nli-v1_train_01764,entailment
klue-nli-v1_train_04690,contradiction
klue-nli-v1_train_02183,contradiction
klue-nli-v1_train_00173,neutral
klue-nli-v1_train_18677,contradiction
klue-nli-v1_train_24676,entailment
klue-nli-v1_train_13176,neutral
klue-nli-v1_train_24015,entailment
klue-nli-v1_train_11889,neutral
klue-nli-v1_train_09961,neutral
klue-nli-v1_train_07950,contradiction
klue-nli-v1_train_15948,neutral
klue-nli-v1_train_08838,contradiction
klue-nli-v1_train_21078,entailment
klue-nli-v1_train_24406,contradiction
klue-nli-v1_train_05899,neutral
klue-nli-v1_train_15222,neutral
klue-nli-v1_train_23170,neutral
klue-nli-v1_train_09033,neutral
klue-nli-v1_train_15526,entailment
klue-nli-v1_train_09174,contradiction
klue-nli-v1_train_24132,entailment
klue-nli-v1_train_08165,contradiction
klue-nli-v1_train_04552,entailment
klue-nli-v1_train_13420,neutral
klue-nli-v1_train_10120,contradiction
klue-nli-v1_train_11327,neutral
klue-nli-v1_train_15809,entailment
klue-nli-v1_train_12052,contradiction
klue-nli-v1_train_03974,neutral
klue-nli-v1_train_17882,neutral
klue-nli-v1_train_23333,contradiction
klue-nli-v1_train_16288,contradiction
klue-nli-v1_train_19101,entailment
klue-nli-v1_train_16567,neutral
klue-nli-v1_train_09565,entailment
klue-nli-v1_train_18797,neutral
klue-nli-v1_train_22048,contradiction
klue-nli-v1_train_03569,contradiction
klue-nli-v1_train_01906,entailment
klue-nli-v1_train_21522,neutral
klue-nli-v1_train_20390,entailment
klue-nli-v1_train_15354,neutral
klue-nli-v1_train_23318,entailment
klue-nli-v1_train_09195,entailment
klue-nli-v1_train_14651,neutral
klue-nli-v1_train_14609,entailment
klue-nli-v1_train_11537,entailment
klue-nli-v1_train_09107,entailment
klue-nli-v1_train_23485,contradiction
klue-nli-v1_train_13375,neutral
klue-nli-v1_train_02857,neutral
klue-nli-v1_train_10105,entailment
klue-nli-v1_train_10258,entailment
klue-nli-v1_train_16891,contradiction
klue-nli-v1_train_13998,neutral
klue-nli-v1_train_12837,contradiction
klue-nli-v1_train_08508,neutral
klue-nli-v1_train_18262,entailment
klue-nli-v1_train_21777,neutral
klue-nli-v1_train_23986,entailment
klue-nli-v1_train_06089,entailment
klue-nli-v1_train_16975,entailment
klue-nli-v1_train_19733,neutral
klue-nli-v1_train_24728,neutral
klue-nli-v1_train_04845,contradiction
klue-nli-v1_train_14327,entailment
klue-nli-v1_train_00069,entailment
klue-nli-v1_train_10091,neutral
klue-nli-v1_train_08564,entailment
klue-nli-v1_train_04897,neutral
klue-nli-v1_train_20444,contradiction
klue-nli-v1_train_24612,entailment
klue-nli-v1_train_20279,entailment
klue-nli-v1_train_06436,neutral
klue-nli-v1_train_12455,neutral
klue-nli-v1_train_12885,entailment
klue-nli-v1_train_20267,entailment
klue-nli-v1_train_12235,neutral
klue-nli-v1_train_10184,contradiction
klue-nli-v1_train_15924,contradiction
klue-nli-v1_train_24948,contradiction
klue-nli-v1_train_12411,entailment
klue-nli-v1_train_10486,entailment
klue-nli-v1_train_14397,neutral
klue-nli-v1_train_15285,contradiction
klue-nli-v1_train_05115,neutral
klue-nli-v1_train_09978,contradiction
klue-nli-v1_train_18024,contradiction
klue-nli-v1_train_05135,contradiction
klue-nli-v1_train_05587,neutral
klue-nli-v1_train_20322,contradiction
klue-nli-v1_train_07179,entailment
klue-nli-v1_train_01927,entailment
klue-nli-v1_train_04747,contradiction
klue-nli-v1_train_24874,neutral
klue-nli-v1_train_02380,neutral
klue-nli-v1_train_24986,entailment
klue-nli-v1_train_02052,entailment
klue-nli-v1_train_19006,entailment
klue-nli-v1_train_22601,neutral
klue-nli-v1_train_12482,neutral
klue-nli-v1_train_09956,entailment
klue-nli-v1_train_24340,entailment
klue-nli-v1_train_19232,entailment
klue-nli-v1_train_21632,entailment
klue-nli-v1_train_21398,contradiction
klue-nli-v1_train_09884,entailment
klue-nli-v1_train_16313,neutral
klue-nli-v1_train_21646,neutral
klue-nli-v1_train_06461,entailment
klue-nli-v1_train_16864,contradiction
klue-nli-v1_train_24888,neutral
klue-nli-v1_train_04817,neutral
klue-nli-v1_train_15128,entailment
klue-nli-v1_train_11547,neutral
klue-nli-v1_train_12626,neutral
klue-nli-v1_train_14137,entailment
klue-nli-v1_train_20693,neutral
klue-nli-v1_train_14863,neutral
klue-nli-v1_train_11841,neutral
klue-nli-v1_train_10844,entailment
klue-nli-v1_train_02021,contradiction
klue-nli-v1_train_10149,neutral
klue-nli-v1_train_14699,contradiction
klue-nli-v1_train_18074,contradiction
klue-nli-v1_train_22883,neutral
klue-nli-v1_train_12057,contradiction
klue-nli-v1_train_02819,neutral
klue-nli-v1_train_08645,entailment
klue-nli-v1_train_10347,neutral
klue-nli-v1_train_14882,contradiction
klue-nli-v1_train_20471,contradiction
klue-nli-v1_train_03770,entailment
klue-nli-v1_train_19843,neutral
klue-nli-v1_train_10714,entailment
klue-nli-v1_train_00435,contradiction
klue-nli-v1_train_14913,entailment
klue-nli-v1_train_13222,neutral
klue-nli-v1_train_05572,neutral
klue-nli-v1_train_08723,contradiction
