id,label
ynat-v1_train_27005,정치
ynat-v1_train_30588,정치
ynat-v1_train_24395,생활문화
ynat-v1_train_02150,스포츠
ynat-v1_train_37684,세계
ynat-v1_train_23823,사회
ynat-v1_train_18572,정치
ynat-v1_train_38825,정치
ynat-v1_train_06979,정치
ynat-v1_train_03428,정치
ynat-v1_train_08457,생활문화
ynat-v1_train_29509,사회
ynat-v1_train_26018,스포츠
ynat-v1_train_11369,정치
ynat-v1_train_38786,IT과학
ynat-v1_train_44218,스포츠
ynat-v1_train_11276,스포츠
ynat-v1_train_18698,생활문화
ynat-v1_train_37651,생활문화
ynat-v1_train_33376,스포츠
ynat-v1_train_45097,스포츠
ynat-v1_train_08241,경제
ynat-v1_train_26579,경제
ynat-v1_train_39698,IT과학
ynat-v1_train_39408,스포츠
ynat-v1_train_24988,정치
ynat-v1_train_00995,세계
ynat-v1_train_17886,스포츠
ynat-v1_train_34030,경제
ynat-v1_train_42617,스포츠
ynat-v1_train_42987,IT과학
ynat-v1_train_23656,스포츠
ynat-v1_train_04050,세계
ynat-v1_train_38107,정치
ynat-v1_train_18908,IT과학
ynat-v1_train_39795,정치
ynat-v1_train_39764,스포츠
ynat-v1_train_42547,IT과학
ynat-v1_train_05094,세계
ynat-v1_train_45240,생활문화
ynat-v1_train_35628,스포츠
ynat-v1_train_29626,스포츠
ynat-v1_train_38902,경제
ynat-v1_train_20120,경제
ynat-v1_train_35935,경제
ynat-v1_train_27752,사회
ynat-v1_train_23218,세계
ynat-v1_train_06489,경제
ynat-v1_train_07566,정치
ynat-v1_train_36734,세계
ynat-v1_train_39005,정치
ynat-v1_train_23692,사회
ynat-v1_train_31123,정치
ynat-v1_train_23004,세계
ynat-v1_train_41357,경제
ynat-v1_train_09935,세계
ynat-v1_train_42268,정치
ynat-v1_train_40157,정치
ynat-v1_train_02368,사회
ynat-v1_train_01565,사회
ynat-v1_train_13600,IT과학
ynat-v1_train_22191,세계
ynat-v1_train_34176,생활문화
ynat-v1_train_31793,IT과학
ynat-v1_train_13450,생활문화
ynat-v1_train_10477,스포츠
ynat-v1_train_08300,사회
ynat-v1_train_25836,스포츠
ynat-v1_train_08976,세계
ynat-v1_train_35713,생활문화
ynat-v1_train_20159,경제
ynat-v1_train_12367,IT과학
ynat-v1_train_06895,정치
ynat-v1_train_34542,생활문화
ynat-v1_train_26850,스포츠
ynat-v1_train_32701,사회
ynat-v1_train_14065,경제
ynat-v1_train_24565,스포츠
ynat-v1_train_05908,IT과학
ynat-v1_train_22257,IT과학
ynat-v1_train_10168,세계
ynat-v1_train_44324,세계
ynat-v1_train_11378,스포츠
ynat-v1_train_29924,사회
ynat-v1_train_00319,정치
ynat-v1_train_15399,경제
ynat-v1_train_40773,IT과학
ynat-v1_train_29929,경제
ynat-v1_train_23124,세계
ynat-v1_train_43598,정치
ynat-v1_train_34314,IT과학
ynat-v1_train_33145,스포츠
ynat-v1_train_09607,IT과학
ynat-v1_train_13318,정치
ynat-v1_train_42392,생활문화
ynat-v1_train_41176,세계
ynat-v1_train_32957,스포츠
ynat-v1_train_06326,세계
ynat-v1_train_26369,사회
ynat-v1_train_10765,경제
ynat-v1_train_22198,정치
ynat-v1_train_16961,정치
ynat-v1_train_41398,경제
ynat-v1_train_24363,IT과학
ynat-v1_train_41083,세계
ynat-v1_train_37384,정치
ynat-v1_train_13382,스포츠
ynat-v1_train_10618,사회
ynat-v1_train_45354,정치
ynat-v1_train_37062,스포츠
ynat-v1_train_38349,사회
ynat-v1_train_39141,생활문화
ynat-v1_train_30150,경제
ynat-v1_train_01024,세계
ynat-v1_train_08055,정치
ynat-v1_train_15503,사회
ynat-v1_train_38066,세계
ynat-v1_train_44579,사회
ynat-v1_train_18178,사회
ynat-v1_train_36313,IT과학
ynat-v1_train_39666,스포츠
ynat-v1_train_44753,생활문화
ynat-v1_train_11087,스포츠
ynat-v1_train_19140,세계
ynat-v1_train_39415,정치
ynat-v1_train_39440,정치
ynat-v1_train_01791,생활문화
ynat-v1_train_28375,생활문화
ynat-v1_train_33062,세계
ynat-v1_train_30136,IT과학
ynat-v1_train_00810,스포츠
ynat-v1_train_30088,생활문화
ynat-v1_train_14369,생활문화
ynat-v1_train_29348,경제
ynat-v1_train_05753,생활문화
ynat-v1_train_14001,스포츠
ynat-v1_train_16546,스포츠
ynat-v1_train_07234,스포츠
ynat-v1_train_00787,사회
ynat-v1_train_19569,세계
ynat-v1_train_17447,경제
ynat-v1_train_34433,세계
ynat-v1_train_38101,경제
ynat-v1_train_42604,생활문화
ynat-v1_train_35721,세계
ynat-v1_train_20444,정치
ynat-v1_train_44025,스포츠
ynat-v1_train_33252,생활문화
ynat-v1_train_35320,정치
ynat-v1_train_44855,세계
ynat-v1_train_04772,세계
ynat-v1_train_33533,세계
ynat-v1_train_12529,생활문화
ynat-v1_train_34077,스포츠
ynat-v1_train_42363,생활문화
ynat-v1_train_43397,사회
ynat-v1_train_37214,세계
ynat-v1_train_42713,스포츠
ynat-v1_train_12952,IT과학
ynat-v1_train_37177,세계
ynat-v1_train_05135,경제
ynat-v1_train_02707,스포츠
ynat-v1_train_41628,IT과학
ynat-v1_train_11610,세계
ynat-v1_train_32947,경제
ynat-v1_train_07827,경제
ynat-v1_train_38333,생활문화
ynat-v1_train_45002,정치
ynat-v1_train_04097,IT과학
ynat-v1_train_44234,경제
ynat-v1_train_19598,정치
ynat-v1_train_43221,정치
ynat-v1_train_15799,경제
ynat-v1_train_45157,사회
ynat-v1_train_27355,생활문화
ynat-v1_train_09892,세계
ynat-v1_train_07486,정치
ynat-v1_train_02553,사회
ynat-v1_train_09060,경제
ynat-v1_train_13773,경제
ynat-v1_train_01478,정치
ynat-v1_train_07459,경제
ynat-v1_train_24854,사회
ynat-v1_train_29173,정치
ynat-v1_train_22467,스포츠
ynat-v1_train_01799,스포츠
ynat-v1_train_08821,사회
ynat-v1_train_24214,경제
ynat-v1_train_24334,스포츠
ynat-v1_train_21685,정치
ynat-v1_train_28263,IT과학
ynat-v1_train_17812,정치
ynat-v1_train_23827,세계
ynat-v1_train_25555,스포츠
ynat-v1_train_01612,IT과학
ynat-v1_train_19884,정치
ynat-v1_train_41737,IT과학
ynat-v1_train_27274,IT과학
ynat-v1_train_41112,스포츠
ynat-v1_train_14891,경제
ynat-v1_train_24328,스포츠
ynat-v1_train_24554,스포츠
ynat-v1_train_44874,생활문화
ynat-v1_train_40616,스포츠
ynat-v1_train_30416,사회
ynat-v1_train_19951,IT과학
ynat-v1_train_09286,정치
ynat-v1_train_32513,사회
ynat-v1_train_29222,정치
ynat-v1_train_30459,경제
ynat-v1_train_01876,세계
ynat-v1_train_11930,경제
ynat-v1_train_16289,세계
ynat-v1_train_40695,정치
ynat-v1_train_00152,경제
ynat-v1_train_29081,스포츠
ynat-v1_train_00211,경제
ynat-v1_train_00848,정치
ynat-v1_train_26400,사회
ynat-v1_train_15607,IT과학
ynat-v1_train_09921,정치
ynat-v1_train_03967,세계
ynat-v1_train_30713,세계
ynat-v1_train_05548,경제
ynat-v1_train_10365,경제
ynat-v1_train_41895,IT과학
ynat-v1_train_45108,세계
ynat-v1_train_31271,생활문화
ynat-v1_train_31738,경제
ynat-v1_train_03129,세계
ynat-v1_train_41063,경제
ynat-v1_train_36025,세계
ynat-v1_train_01092,사회
ynat-v1_train_36037,정치
ynat-v1_train_41871,경제
ynat-v1_train_23271,세계
ynat-v1_train_38043,IT과학
ynat-v1_train_35597,정치
ynat-v1_train_34821,생활문화
ynat-v1_train_17760,스포츠
ynat-v1_train_05033,사회
ynat-v1_train_08212,생활문화
ynat-v1_train_41776,세계
ynat-v1_train_02769,경제
ynat-v1_train_08253,생활문화
ynat-v1_train_42928,생활문화
ynat-v1_train_21593,세계
ynat-v1_train_38403,스포츠
ynat-v1_train_01347,세계
ynat-v1_train_11604,스포츠
ynat-v1_train_38312,생활문화
ynat-v1_train_01597,정치
ynat-v1_train_23201,스포츠
ynat-v1_train_31169,스포츠
ynat-v1_train_25425,세계
ynat-v1_train_09358,스포츠
ynat-v1_train_44895,생활문화
ynat-v1_train_04580,사회
ynat-v1_train_35481,세계
ynat-v1_train_11328,사회
ynat-v1_train_09232,사회
ynat-v1_train_42040,세계
ynat-v1_train_31406,스포츠
ynat-v1_train_08397,정치
ynat-v1_train_04541,정치
ynat-v1_train_16910,IT과학
ynat-v1_train_40703,경제
ynat-v1_train_24665,스포츠
ynat-v1_train_45624,세계
ynat-v1_train_10152,정치
ynat-v1_train_42243,IT과학
ynat-v1_train_28799,정치
ynat-v1_train_38104,IT과학
ynat-v1_train_42387,생활문화
ynat-v1_train_39866,IT과학
ynat-v1_train_43168,경제
ynat-v1_train_16223,스포츠
ynat-v1_train_12953,경제
ynat-v1_train_07998,경제
ynat-v1_train_16397,사회
ynat-v1_train_06291,사회
ynat-v1_train_41728,생활문화
ynat-v1_train_23591,정치
ynat-v1_train_11385,스포츠
ynat-v1_train_10944,경제
ynat-v1_train_04878,생활문화
ynat-v1_train_30926,생활문화
ynat-v1_train_35608,사회
ynat-v1_train_35858,정치
ynat-v1_train_05821,생활문화
ynat-v1_train_23399,IT과학
ynat-v1_train_10014,스포츠
ynat-v1_train_41853,경제
ynat-v1_train_28614,경제
ynat-v1_train_34733,생활문화
ynat-v1_train_24029,IT과학
ynat-v1_train_12755,정치
ynat-v1_train_33058,정치
ynat-v1_train_33815,세계
ynat-v1_train_27870,IT과학
ynat-v1_train_03367,정치
ynat-v1_train_36373,사회
ynat-v1_train_30019,스포츠
ynat-v1_train_42444,정치
ynat-v1_train_43814,스포츠
ynat-v1_train_06806,생활문화
ynat-v1_train_21382,사회
ynat-v1_train_35878,생활문화
ynat-v1_train_41099,스포츠
ynat-v1_train_15151,경제
ynat-v1_train_00727,세계
ynat-v1_train_04038,세계
ynat-v1_train_16433,사회
ynat-v1_train_10834,스포츠
ynat-v1_train_16205,스포츠
ynat-v1_train_05494,세계
ynat-v1_train_16928,IT과학
ynat-v1_train_31753,생활문화
ynat-v1_train_10092,세계
ynat-v1_train_42781,정치
ynat-v1_train_11293,IT과학
ynat-v1_train_26223,경제
ynat-v1_train_00086,세계
ynat-v1_train_06134,정치
ynat-v1_train_13088,사회
ynat-v1_train_29353,사회
ynat-v1_train_27365,IT과학
ynat-v1_train_12818,생활문화
ynat-v1_train_16211,IT과학
ynat-v1_train_39291,생활문화
ynat-v1_train_38467,세계
ynat-v1_train_09979,정치
ynat-v1_train_40781,생활문화
ynat-v1_train_26787,스포츠
ynat-v1_train_38855,스포츠
ynat-v1_train_40252,정치
ynat-v1_train_35776,스포츠
ynat-v1_train_02711,생활문화
ynat-v1_train_11997,스포츠
ynat-v1_train_14419,세계
ynat-v1_train_37248,스포츠
ynat-v1_train_37189,스포츠
ynat-v1_train_44953,세계
ynat-v1_train_42955,경제
ynat-v1_train_34618,스포츠
ynat-v1_train_11194,IT과학
ynat-v1_train_12872,IT과학
ynat-v1_train_03869,생활문화
ynat-v1_train_31064,사회
ynat-v1_train_01609,IT과학
ynat-v1_train_27253,정치
ynat-v1_train_04399,생활문화
ynat-v1_train_40349,정치
ynat-v1_train_21249,정치
ynat-v1_train_30594,생활문화
ynat-v1_train_31430,스포츠
ynat-v1_train_20006,세계
ynat-v1_train_20064,사회
ynat-v1_train_30186,스포츠
ynat-v1_train_40683,경제
ynat-v1_train_18201,스포츠
ynat-v1_train_17494,생활문화
ynat-v1_train_16355,사회
ynat-v1_train_02607,세계
ynat-v1_train_24989,스포츠
ynat-v1_train_44174,정치
ynat-v1_train_31434,세계
ynat-v1_train_03479,세계
ynat-v1_train_05739,세계
ynat-v1_train_02343,경제
ynat-v1_train_18496,사회
ynat-v1_train_15163,사회
ynat-v1_train_03070,스포츠
ynat-v1_train_06181,경제
ynat-v1_train_19286,세계
ynat-v1_train_41384,생활문화
ynat-v1_train_41329,세계
ynat-v1_train_45193,스포츠
ynat-v1_train_07113,생활문화
ynat-v1_train_18654,세계
ynat-v1_train_31871,스포츠
ynat-v1_train_14628,스포츠
ynat-v1_train_30881,IT과학
ynat-v1_train_10509,정치
ynat-v1_train_39158,세계
ynat-v1_train_32511,생활문화
ynat-v1_train_16990,생활문화
ynat-v1_train_08221,IT과학
ynat-v1_train_25773,스포츠
ynat-v1_train_07237,스포츠
ynat-v1_train_21060,세계
ynat-v1_train_12991,세계
ynat-v1_train_22383,스포츠
ynat-v1_train_40746,세계
ynat-v1_train_24686,정치
ynat-v1_train_18231,스포츠
ynat-v1_train_09372,스포츠
ynat-v1_train_32520,세계
ynat-v1_train_05333,스포츠
ynat-v1_train_24095,정치
ynat-v1_train_44877,사회
ynat-v1_train_03882,세계
ynat-v1_train_43737,정치
ynat-v1_train_31768,경제
ynat-v1_train_11463,세계
ynat-v1_train_41223,IT과학
ynat-v1_train_43047,생활문화
ynat-v1_train_40900,스포츠
ynat-v1_train_11102,스포츠
ynat-v1_train_23906,IT과학
ynat-v1_train_16822,경제
ynat-v1_train_04645,정치
ynat-v1_train_00638,사회
ynat-v1_train_40955,세계
ynat-v1_train_32443,생활문화
ynat-v1_train_13529,경제
ynat-v1_train_33126,정치
ynat-v1_train_33808,IT과학
ynat-v1_train_06173,IT과학
ynat-v1_train_21696,경제
ynat-v1_train_25263,IT과학
ynat-v1_train_30419,경제
ynat-v1_train_14810,세계
ynat-v1_train_41400,경제
ynat-v1_train_21374,세계
ynat-v1_train_31689,IT과학
ynat-v1_train_03485,경제
ynat-v1_train_36979,스포츠
ynat-v1_train_28942,스포츠
ynat-v1_train_22517,세계
ynat-v1_train_34292,사회
ynat-v1_train_38519,사회
ynat-v1_train_12209,스포츠
ynat-v1_train_29511,세계
ynat-v1_train_00747,정치
ynat-v1_train_31076,IT과학
ynat-v1_train_42688,정치
ynat-v1_train_22985,생활문화
ynat-v1_train_02215,경제
ynat-v1_train_21501,세계
ynat-v1_train_03508,스포츠
ynat-v1_train_31745,생활문화
ynat-v1_train_44397,정치
ynat-v1_train_21299,사회
ynat-v1_train_06629,세계
ynat-v1_train_09377,IT과학
ynat-v1_train_10978,경제
ynat-v1_train_24303,생활문화
ynat-v1_train_38743,생활문화
ynat-v1_train_32552,IT과학
ynat-v1_train_01276,세계
ynat-v1_train_36276,정치
ynat-v1_train_27700,세계
ynat-v1_train_33450,정치
ynat-v1_train_18721,IT과학
ynat-v1_train_19162,정치
ynat-v1_train_44611,경제
ynat-v1_train_37202,정치
ynat-v1_train_10983,생활문화
ynat-v1_train_39663,정치
ynat-v1_train_25506,경제
ynat-v1_train_13316,IT과학
ynat-v1_train_33305,스포츠
ynat-v1_train_33793,IT과학
ynat-v1_train_43962,경제
ynat-v1_train_27979,정치
ynat-v1_train_06508,경제
ynat-v1_train_35665,스포츠
ynat-v1_train_03327,스포츠
ynat-v1_train_36485,생활문화
ynat-v1_train_10897,사회
ynat-v1_train_13601,정치
ynat-v1_train_22168,IT과학
ynat-v1_train_06159,생활문화
ynat-v1_train_10778,세계
ynat-v1_train_31355,세계
ynat-v1_train_30703,생활문화
ynat-v1_train_32418,정치
ynat-v1_train_16618,IT과학
ynat-v1_train_30508,스포츠
ynat-v1_train_35664,IT과학
ynat-v1_train_17690,스포츠
ynat-v1_train_15366,스포츠
ynat-v1_train_15386,세계
ynat-v1_train_44402,세계
ynat-v1_train_04465,경제
ynat-v1_train_37582,세계
ynat-v1_train_05414,생활문화
ynat-v1_train_02495,스포츠
ynat-v1_train_43790,생활문화
ynat-v1_train_04231,생활문화
ynat-v1_train_13299,세계
ynat-v1_train_27159,IT과학
ynat-v1_train_45589,IT과학
ynat-v1_train_24229,세계
ynat-v1_train_32846,IT과학
ynat-v1_train_23073,IT과학
ynat-v1_train_37534,생활문화
ynat-v1_train_12100,세계
ynat-v1_train_28026,스포츠
ynat-v1_train_41819,생활문화
ynat-v1_train_16371,경제
ynat-v1_train_16020,정치
ynat-v1_train_05597,경제
ynat-v1_train_38388,세계
ynat-v1_train_27613,경제
ynat-v1_train_08211,세계
ynat-v1_train_01937,경제
ynat-v1_train_44307,스포츠
ynat-v1_train_02354,세계
ynat-v1_train_08809,세계
ynat-v1_train_23832,사회
ynat-v1_train_00402,생활문화
ynat-v1_train_43378,사회
ynat-v1_train_07142,세계
ynat-v1_train_01884,세계
ynat-v1_train_39461,정치
ynat-v1_train_14492,스포츠
ynat-v1_train_08453,생활문화
ynat-v1_train_13869,경제
ynat-v1_train_12643,생활문화
ynat-v1_train_27464,스포츠
ynat-v1_train_17954,경제
ynat-v1_train_39699,스포츠
ynat-v1_train_40417,세계
ynat-v1_train_37073,스포츠
ynat-v1_train_12160,스포츠
ynat-v1_train_05771,세계
ynat-v1_train_07268,정치
ynat-v1_train_44783,세계
ynat-v1_train_36333,경제
ynat-v1_train_19616,사회
ynat-v1_train_44285,사회
ynat-v1_train_42361,IT과학
ynat-v1_train_24945,경제
ynat-v1_train_02809,경제
ynat-v1_train_41986,생활문화
ynat-v1_train_01749,IT과학
ynat-v1_train_16517,스포츠
ynat-v1_train_26281,세계
ynat-v1_train_23618,스포츠
ynat-v1_train_20611,스포츠
ynat-v1_train_02042,스포츠
ynat-v1_train_17717,경제
ynat-v1_train_05615,사회
ynat-v1_train_18442,IT과학
ynat-v1_train_29702,정치
ynat-v1_train_32160,정치
ynat-v1_train_36330,세계
ynat-v1_train_30062,정치
ynat-v1_train_30503,경제
ynat-v1_train_07423,세계
ynat-v1_train_45388,경제
ynat-v1_train_23001,경제
ynat-v1_train_11404,생활문화
ynat-v1_train_16655,스포츠
ynat-v1_train_09052,정치
ynat-v1_train_41502,IT과학
ynat-v1_train_41971,세계
ynat-v1_train_42451,정치
ynat-v1_train_19624,생활문화
ynat-v1_train_13221,정치
ynat-v1_train_01855,스포츠
ynat-v1_train_34010,경제
ynat-v1_train_07189,정치
ynat-v1_train_34999,스포츠
ynat-v1_train_08752,경제
ynat-v1_train_26625,세계
ynat-v1_train_09375,스포츠
ynat-v1_train_14939,경제
ynat-v1_train_10746,스포츠
ynat-v1_train_31802,사회
ynat-v1_train_38918,IT과학
ynat-v1_train_19921,세계
ynat-v1_train_29460,세계
ynat-v1_train_21565,스포츠
ynat-v1_train_35166,스포츠
ynat-v1_train_33884,정치
ynat-v1_train_31682,IT과학
ynat-v1_train_38486,정치
ynat-v1_train_04931,경제
ynat-v1_train_24884,스포츠
ynat-v1_train_29311,스포츠
ynat-v1_train_25630,생활문화
ynat-v1_train_10274,생활문화
ynat-v1_train_21857,스포츠
ynat-v1_train_09006,스포츠
ynat-v1_train_05716,세계
ynat-v1_train_05215,정치
ynat-v1_train_03127,사회
ynat-v1_train_35221,정치
ynat-v1_train_01379,정치
ynat-v1_train_41365,정치
ynat-v1_train_30142,사회
ynat-v1_train_19735,생활문화
ynat-v1_train_11963,세계
ynat-v1_train_21428,스포츠
ynat-v1_train_21223,세계
ynat-v1_train_45504,IT과학
ynat-v1_train_29672,정치
ynat-v1_train_01974,경제
ynat-v1_train_01208,정치
ynat-v1_train_32974,세계
ynat-v1_train_16293,정치
ynat-v1_train_32005,스포츠
ynat-v1_train_02127,사회
ynat-v1_train_19895,세계
ynat-v1_train_37958,스포츠
ynat-v1_train_00874,세계
ynat-v1_train_08540,사회
ynat-v1_train_22306,세계
ynat-v1_train_30586,정치
ynat-v1_train_08672,경제
ynat-v1_train_02349,정치
ynat-v1_train_24711,세계
ynat-v1_train_42088,IT과학
ynat-v1_train_28523,경제
ynat-v1_train_35237,경제
ynat-v1_train_36710,정치
ynat-v1_train_21206,경제
ynat-v1_train_33843,정치
ynat-v1_train_27972,세계
ynat-v1_train_09547,사회
ynat-v1_train_37667,생활문화
ynat-v1_train_41355,정치
ynat-v1_train_03800,세계
ynat-v1_train_34550,스포츠
ynat-v1_train_19180,정치
ynat-v1_train_32997,정치
ynat-v1_train_12574,생활문화
ynat-v1_train_08031,IT과학
ynat-v1_train_24247,생활문화
ynat-v1_train_22970,생활문화
ynat-v1_train_26200,생활문화
ynat-v1_train_31375,정치
ynat-v1_train_02043,경제
ynat-v1_train_39953,생활문화
ynat-v1_train_45030,세계
ynat-v1_train_14796,스포츠
ynat-v1_train_18019,세계
ynat-v1_train_07128,경제
ynat-v1_train_13210,경제
ynat-v1_train_39763,경제
ynat-v1_train_10673,스포츠
ynat-v1_train_04611,IT과학
ynat-v1_train_16276,경제
ynat-v1_train_07736,세계
ynat-v1_train_22100,IT과학
ynat-v1_train_09027,정치
ynat-v1_train_13868,IT과학
ynat-v1_train_06748,정치
ynat-v1_train_12928,사회
ynat-v1_train_23746,스포츠
ynat-v1_train_35951,정치
ynat-v1_train_11111,경제
ynat-v1_train_20929,스포츠
ynat-v1_train_07557,정치
ynat-v1_train_38866,스포츠
ynat-v1_train_45143,정치
ynat-v1_train_20450,세계
ynat-v1_train_10520,생활문화
ynat-v1_train_14886,IT과학
ynat-v1_train_04236,경제
ynat-v1_train_14572,스포츠
ynat-v1_train_41809,스포츠
ynat-v1_train_25290,경제
ynat-v1_train_42151,경제
ynat-v1_train_15084,세계
ynat-v1_train_38829,IT과학
ynat-v1_train_25583,사회
ynat-v1_train_11863,IT과학
ynat-v1_train_16499,스포츠
ynat-v1_train_27581,세계
ynat-v1_train_02996,정치
ynat-v1_train_37916,정치
ynat-v1_train_45593,사회
ynat-v1_train_01526,스포츠
ynat-v1_train_37792,사회
ynat-v1_train_25699,스포츠
ynat-v1_train_12826,정치
ynat-v1_train_14239,세계
ynat-v1_train_26998,사회
ynat-v1_train_23841,세계
ynat-v1_train_23067,경제
ynat-v1_train_03689,IT과학
ynat-v1_train_27058,세계
ynat-v1_train_13947,정치
ynat-v1_train_34811,세계
ynat-v1_train_00368,정치
ynat-v1_train_43576,세계
ynat-v1_train_20831,세계
ynat-v1_train_20881,정치
ynat-v1_train_05773,세계
ynat-v1_train_36611,정치
ynat-v1_train_33814,세계
ynat-v1_train_44023,정치
ynat-v1_train_00150,정치
ynat-v1_train_42191,경제
ynat-v1_train_10316,생활문화
ynat-v1_train_21053,스포츠
ynat-v1_train_28444,경제
ynat-v1_train_04733,생활문화
ynat-v1_train_17152,사회
ynat-v1_train_08495,정치
ynat-v1_train_20026,IT과학
ynat-v1_train_35621,생활문화
ynat-v1_train_21500,스포츠
ynat-v1_train_31141,경제
ynat-v1_train_23607,IT과학
ynat-v1_train_40241,세계
ynat-v1_train_44956,생활문화
ynat-v1_train_43465,스포츠
ynat-v1_train_37697,정치
ynat-v1_train_00547,스포츠
ynat-v1_train_24477,IT과학
ynat-v1_train_07377,경제
ynat-v1_train_24852,IT과학
ynat-v1_train_35968,IT과학
ynat-v1_train_14049,사회
ynat-v1_train_07669,사회
ynat-v1_train_29879,경제
ynat-v1_train_31509,사회
ynat-v1_train_41726,경제
ynat-v1_train_02695,세계
ynat-v1_train_10753,정치
ynat-v1_train_24499,세계
ynat-v1_train_08187,세계
ynat-v1_train_23782,세계
ynat-v1_train_33236,생활문화
ynat-v1_train_28976,사회
ynat-v1_train_08571,세계
ynat-v1_train_16299,스포츠
ynat-v1_train_19988,정치
ynat-v1_train_34375,IT과학
ynat-v1_train_14853,정치
ynat-v1_train_40864,경제
ynat-v1_train_17592,경제
ynat-v1_train_25532,정치
ynat-v1_train_36416,정치
ynat-v1_train_07518,경제
ynat-v1_train_43786,IT과학
ynat-v1_train_07232,스포츠
ynat-v1_train_02903,정치
ynat-v1_train_21468,생활문화
ynat-v1_train_18774,스포츠
ynat-v1_train_04172,세계
ynat-v1_train_32581,사회
ynat-v1_train_26512,IT과학
ynat-v1_train_02729,세계
ynat-v1_train_44898,정치
ynat-v1_train_29724,생활문화
ynat-v1_train_13489,생활문화
ynat-v1_train_37642,스포츠
ynat-v1_train_01423,경제
ynat-v1_train_37250,생활문화
ynat-v1_train_28528,사회
ynat-v1_train_39056,세계
ynat-v1_train_13323,경제
ynat-v1_train_19865,IT과학
ynat-v1_train_33008,경제
ynat-v1_train_05257,스포츠
ynat-v1_train_39970,정치
ynat-v1_train_39710,스포츠
ynat-v1_train_29206,스포츠
ynat-v1_train_29190,경제
ynat-v1_train_15216,스포츠
ynat-v1_train_03210,생활문화
ynat-v1_train_00959,IT과학
ynat-v1_train_02370,경제
ynat-v1_train_39892,정치
ynat-v1_train_25177,사회
ynat-v1_train_43989,스포츠
ynat-v1_train_39294,IT과학
ynat-v1_train_15811,스포츠
ynat-v1_train_02313,IT과학
ynat-v1_train_14898,경제
ynat-v1_train_18054,스포츠
ynat-v1_train_14867,경제
ynat-v1_train_40447,스포츠
ynat-v1_train_21701,사회
ynat-v1_train_41490,스포츠
ynat-v1_train_10840,스포츠
ynat-v1_train_04245,경제
ynat-v1_train_30977,스포츠
ynat-v1_train_16606,경제
ynat-v1_train_00336,IT과학
ynat-v1_train_42625,세계
ynat-v1_train_29915,생활문화
ynat-v1_train_31165,세계
ynat-v1_train_09192,사회
ynat-v1_train_10402,경제
ynat-v1_train_16178,정치
ynat-v1_train_02040,정치
ynat-v1_train_35367,스포츠
ynat-v1_train_36443,IT과학
ynat-v1_train_42483,생활문화
ynat-v1_train_40896,경제
ynat-v1_train_23914,스포츠
ynat-v1_train_40975,세계
ynat-v1_train_15106,스포츠
ynat-v1_train_07368,스포츠
ynat-v1_train_07897,생활문화
ynat-v1_train_27670,세계
ynat-v1_train_29057,사회
ynat-v1_train_33161,스포츠
ynat-v1_train_05900,IT과학
ynat-v1_train_08129,스포츠
ynat-v1_train_19854,IT과학
ynat-v1_train_11289,IT과학
ynat-v1_train_42903,스포츠
ynat-v1_train_07059,세계
ynat-v1_train_44765,사회
ynat-v1_train_24420,사회
ynat-v1_train_26142,세계
ynat-v1_train_26809,생활문화
ynat-v1_train_31743,경제
ynat-v1_train_16535,스포츠
ynat-v1_train_16082,세계
ynat-v1_train_17203,생활문화
ynat-v1_train_43471,IT과학
ynat-v1_train_07327,스포츠
ynat-v1_train_03542,정치
ynat-v1_train_23003,정치
ynat-v1_train_19760,세계
ynat-v1_train_22053,생활문화
ynat-v1_train_15901,정치
ynat-v1_train_43879,IT과학
ynat-v1_train_38227,세계
ynat-v1_train_26815,세계
ynat-v1_train_43167,생활문화
ynat-v1_train_33831,경제
ynat-v1_train_14245,정치
ynat-v1_train_03213,정치
ynat-v1_train_09416,정치
ynat-v1_train_25324,경제
ynat-v1_train_13163,세계
ynat-v1_train_31359,IT과학
ynat-v1_train_13569,경제
ynat-v1_train_39566,경제
ynat-v1_train_37677,정치
ynat-v1_train_43744,스포츠
ynat-v1_train_19188,세계
ynat-v1_train_07976,세계
ynat-v1_train_35785,스포츠
ynat-v1_train_13469,스포츠
ynat-v1_train_24980,세계
ynat-v1_train_07953,IT과학
ynat-v1_train_08620,세계
ynat-v1_train_34109,세계
ynat-v1_train_41632,스포츠
ynat-v1_train_18964,정치
ynat-v1_train_14681,사회
ynat-v1_train_36066,생활문화
ynat-v1_train_16775,스포츠
ynat-v1_train_33608,IT과학
ynat-v1_train_20944,세계
ynat-v1_train_40445,IT과학
ynat-v1_train_25815,스포츠
ynat-v1_train_44760,정치
ynat-v1_train_07752,IT과학
ynat-v1_train_18859,정치
ynat-v1_train_22018,생활문화
ynat-v1_train_17898,정치
ynat-v1_train_07508,세계
ynat-v1_train_43788,정치
ynat-v1_train_31138,세계
ynat-v1_train_12214,IT과학
ynat-v1_train_11208,경제
ynat-v1_train_22221,정치
ynat-v1_train_31520,IT과학
ynat-v1_train_20549,세계
ynat-v1_train_21605,스포츠
ynat-v1_train_23730,생활문화
ynat-v1_train_06846,경제
ynat-v1_train_22472,IT과학
ynat-v1_train_33597,세계
ynat-v1_train_23926,IT과학
ynat-v1_train_00050,IT과학
ynat-v1_train_04860,사회
ynat-v1_train_06056,사회
ynat-v1_train_45546,정치
ynat-v1_train_05820,세계
ynat-v1_train_02759,사회
ynat-v1_train_22234,스포츠
ynat-v1_train_25079,생활문화
ynat-v1_train_40569,스포츠
ynat-v1_train_32267,정치
ynat-v1_train_32963,경제
ynat-v1_train_17985,생활문화
ynat-v1_train_24105,정치
ynat-v1_train_28289,스포츠
ynat-v1_train_32279,사회
ynat-v1_train_03172,정치
ynat-v1_train_39097,생활문화
ynat-v1_train_12885,정치
ynat-v1_train_42038,세계
ynat-v1_train_24657,스포츠
ynat-v1_train_15967,경제
ynat-v1_train_44422,경제
ynat-v1_train_28904,스포츠
ynat-v1_train_07483,세계
ynat-v1_train_33068,IT과학
ynat-v1_train_35278,정치
ynat-v1_train_34651,사회
ynat-v1_train_40929,생활문화
ynat-v1_train_21728,스포츠
ynat-v1_train_44853,IT과학
ynat-v1_train_44834,스포츠
ynat-v1_train_03936,사회
ynat-v1_train_40861,정치
ynat-v1_train_11712,정치
ynat-v1_train_25463,생활문화
ynat-v1_train_34929,세계
ynat-v1_train_26944,세계
ynat-v1_train_45119,생활문화
ynat-v1_train_05130,경제
ynat-v1_train_17550,경제
ynat-v1_train_25137,정치
ynat-v1_train_29852,세계
ynat-v1_train_19271,생활문화
ynat-v1_train_31519,스포츠
ynat-v1_train_22429,세계
ynat-v1_train_14640,세계
ynat-v1_train_41031,IT과학
ynat-v1_train_38347,생활문화
ynat-v1_train_08613,정치
ynat-v1_train_10877,세계
ynat-v1_train_05041,정치
ynat-v1_train_20762,정치
ynat-v1_train_00230,정치
ynat-v1_train_08638,IT과학
ynat-v1_train_23768,스포츠
ynat-v1_train_09957,경제
ynat-v1_train_16861,정치
ynat-v1_train_40736,정치
ynat-v1_train_22289,정치
ynat-v1_train_18085,사회
ynat-v1_train_45563,정치
ynat-v1_train_32797,정치
ynat-v1_train_23509,사회
ynat-v1_train_22819,생활문화
ynat-v1_train_25944,IT과학
ynat-v1_train_32822,정치
ynat-v1_train_43159,경제
ynat-v1_train_12018,IT과학
ynat-v1_train_14199,정치
ynat-v1_train_40269,생활문화
ynat-v1_train_43535,경제
ynat-v1_train_14432,경제
ynat-v1_train_02021,사회
ynat-v1_train_00788,세계
ynat-v1_train_31482,스포츠
ynat-v1_train_08387,IT과학
ynat-v1_train_29078,경제
ynat-v1_train_21950,경제
ynat-v1_train_12429,생활문화
ynat-v1_train_00718,스포츠
ynat-v1_train_25533,IT과학
ynat-v1_train_03294,IT과학
ynat-v1_train_22160,IT과학
ynat-v1_train_43894,IT과학
ynat-v1_train_08135,세계
ynat-v1_train_24385,세계
ynat-v1_train_37154,IT과학
ynat-v1_train_00221,생활문화
ynat-v1_train_45378,스포츠
ynat-v1_train_15168,스포츠
ynat-v1_train_24813,정치
ynat-v1_train_29477,경제
ynat-v1_train_42856,IT과학
ynat-v1_train_26588,사회
ynat-v1_train_17394,세계
ynat-v1_train_12807,스포츠
ynat-v1_train_34568,사회
ynat-v1_train_31421,IT과학
ynat-v1_train_43333,정치
ynat-v1_train_31410,세계
ynat-v1_train_32807,스포츠
ynat-v1_train_12693,IT과학
ynat-v1_train_17994,IT과학
ynat-v1_train_27264,생활문화
ynat-v1_train_25509,스포츠
ynat-v1_train_14657,정치
ynat-v1_train_02224,경제
ynat-v1_train_17971,세계
ynat-v1_train_10373,IT과학
ynat-v1_train_37586,정치
ynat-v1_train_33442,스포츠
ynat-v1_train_38410,IT과학
ynat-v1_train_24626,생활문화
ynat-v1_train_24957,정치
ynat-v1_train_29064,경제
ynat-v1_train_32234,정치
ynat-v1_train_12397,세계
ynat-v1_train_06464,세계
ynat-v1_train_04313,사회
ynat-v1_train_36935,사회
ynat-v1_train_41086,세계
ynat-v1_train_17000,경제
ynat-v1_train_31090,사회
ynat-v1_train_25908,스포츠
ynat-v1_train_14906,IT과학
ynat-v1_train_22252,경제
ynat-v1_train_38574,세계
ynat-v1_train_32410,경제
ynat-v1_train_26517,스포츠
ynat-v1_train_06914,스포츠
ynat-v1_train_42562,스포츠
ynat-v1_train_36538,경제
ynat-v1_train_41780,정치
ynat-v1_train_37702,생활문화
ynat-v1_train_40097,스포츠
ynat-v1_train_15729,스포츠
ynat-v1_train_08026,스포츠
ynat-v1_train_06980,IT과학
ynat-v1_train_31884,사회
ynat-v1_train_00555,정치
ynat-v1_train_08834,사회
ynat-v1_train_16141,정치
ynat-v1_train_43387,경제
ynat-v1_train_17255,정치
ynat-v1_train_01253,생활문화
ynat-v1_train_11572,정치
ynat-v1_train_06987,생활문화
ynat-v1_train_02501,세계
ynat-v1_train_23122,스포츠
ynat-v1_train_34086,스포츠
ynat-v1_train_17872,경제
ynat-v1_train_40802,세계
ynat-v1_train_03679,정치
ynat-v1_train_44933,세계
ynat-v1_train_43896,정치
ynat-v1_train_09196,경제
ynat-v1_train_45131,IT과학
ynat-v1_train_29278,IT과학
ynat-v1_train_42476,정치
ynat-v1_train_15712,스포츠
ynat-v1_train_22041,정치
ynat-v1_train_39720,생활문화
ynat-v1_train_16603,세계
ynat-v1_train_43798,사회
ynat-v1_train_27887,세계
ynat-v1_train_33354,경제
ynat-v1_train_09151,정치
ynat-v1_train_24375,세계
ynat-v1_train_12444,스포츠
ynat-v1_train_18461,세계
ynat-v1_train_07633,정치
ynat-v1_train_15119,정치
ynat-v1_train_13327,사회
ynat-v1_train_14044,스포츠
ynat-v1_train_27252,IT과학
ynat-v1_train_32355,경제
ynat-v1_train_13238,생활문화
ynat-v1_train_12871,IT과학
ynat-v1_train_23707,경제
ynat-v1_train_15683,정치
ynat-v1_train_30371,생활문화
ynat-v1_train_31365,생활문화
ynat-v1_train_43310,IT과학
ynat-v1_train_11841,IT과학
ynat-v1_train_05578,IT과학
ynat-v1_train_03793,스포츠
ynat-v1_train_39200,정치
ynat-v1_train_00643,사회
ynat-v1_train_17305,사회
ynat-v1_train_02494,세계
ynat-v1_train_41030,경제
ynat-v1_train_23142,세계
ynat-v1_train_03984,IT과학
ynat-v1_train_19369,경제
ynat-v1_train_23009,세계
ynat-v1_train_16662,스포츠
ynat-v1_train_16621,세계
ynat-v1_train_02712,경제
ynat-v1_train_15343,세계
ynat-v1_train_04503,세계
ynat-v1_train_10059,세계
ynat-v1_train_07195,세계
ynat-v1_train_37731,스포츠
ynat-v1_train_05694,IT과학
ynat-v1_train_10517,정치
ynat-v1_train_21639,세계
ynat-v1_train_34445,경제
ynat-v1_train_38421,스포츠
ynat-v1_train_37296,생활문화
ynat-v1_train_04158,생활문화
ynat-v1_train_02338,정치
ynat-v1_train_12068,생활문화
ynat-v1_train_20870,생활문화
ynat-v1_train_00328,세계
ynat-v1_train_13078,세계
ynat-v1_train_43670,스포츠
ynat-v1_train_23368,세계
ynat-v1_train_20743,정치
ynat-v1_train_23676,스포츠
ynat-v1_train_18213,정치
ynat-v1_train_40143,경제
ynat-v1_train_13414,스포츠
ynat-v1_train_36560,경제
ynat-v1_train_26265,IT과학
ynat-v1_train_34491,IT과학
ynat-v1_train_05181,세계
ynat-v1_train_45271,스포츠
ynat-v1_train_01322,사회
ynat-v1_train_27399,스포츠
ynat-v1_train_25120,생활문화
ynat-v1_train_22456,세계
ynat-v1_train_02067,경제
ynat-v1_train_18974,스포츠
ynat-v1_train_13137,스포츠
ynat-v1_train_18345,사회
ynat-v1_train_34461,세계
ynat-v1_train_31869,IT과학
ynat-v1_train_18594,사회
ynat-v1_train_20115,세계
ynat-v1_train_36978,IT과학
ynat-v1_train_39073,IT과학
ynat-v1_train_33580,스포츠
ynat-v1_train_00844,스포츠
ynat-v1_train_40729,IT과학
ynat-v1_train_21974,경제
ynat-v1_train_42264,세계
ynat-v1_train_14373,경제
ynat-v1_train_42940,IT과학
ynat-v1_train_15492,경제
ynat-v1_train_44459,스포츠
ynat-v1_train_14815,생활문화
ynat-v1_train_35919,세계
ynat-v1_train_19325,IT과학
ynat-v1_train_10434,세계
ynat-v1_train_08934,스포츠
ynat-v1_train_42619,스포츠
ynat-v1_train_43936,IT과학
ynat-v1_train_37662,IT과학
ynat-v1_train_00578,세계
ynat-v1_train_15372,경제
ynat-v1_train_18033,세계
ynat-v1_train_22060,생활문화
ynat-v1_train_34898,정치
ynat-v1_train_43584,정치
ynat-v1_train_43641,IT과학
ynat-v1_train_15323,스포츠
ynat-v1_train_28855,스포츠
ynat-v1_train_38847,IT과학
ynat-v1_train_35023,스포츠
ynat-v1_train_45372,IT과학
ynat-v1_train_41523,경제
ynat-v1_train_42831,IT과학
ynat-v1_train_08454,생활문화
ynat-v1_train_00693,세계
ynat-v1_train_16349,스포츠
ynat-v1_train_29007,생활문화
ynat-v1_train_15467,경제
ynat-v1_train_41669,생활문화
ynat-v1_train_10563,세계
ynat-v1_train_26421,세계
ynat-v1_train_06049,세계
ynat-v1_train_20129,생활문화
ynat-v1_train_34266,정치
ynat-v1_train_24238,정치
ynat-v1_train_17965,사회
ynat-v1_train_12165,정치
ynat-v1_train_12785,IT과학
ynat-v1_train_15891,스포츠
ynat-v1_train_12985,사회
ynat-v1_train_12729,스포츠
ynat-v1_train_30260,세계
ynat-v1_train_45459,세계
ynat-v1_train_09182,세계
ynat-v1_train_26858,스포츠
ynat-v1_train_44843,경제
ynat-v1_train_08555,정치
ynat-v1_train_15577,정치
ynat-v1_train_21378,경제
ynat-v1_train_14671,세계
ynat-v1_train_36383,정치
ynat-v1_train_34696,세계
ynat-v1_train_18961,IT과학
ynat-v1_train_34496,IT과학
ynat-v1_train_11224,IT과학
ynat-v1_train_30820,IT과학
ynat-v1_train_25701,세계
ynat-v1_train_19121,IT과학
ynat-v1_train_43543,스포츠
ynat-v1_train_41023,생활문화
ynat-v1_train_17777,세계
ynat-v1_train_15865,스포츠
ynat-v1_train_13268,스포츠
ynat-v1_train_01072,스포츠
ynat-v1_train_34582,생활문화
ynat-v1_train_07431,세계
ynat-v1_train_26665,사회
ynat-v1_train_32098,세계
ynat-v1_train_03681,세계
ynat-v1_train_14509,사회
ynat-v1_train_28401,생활문화
ynat-v1_train_17781,경제
ynat-v1_train_02545,생활문화
ynat-v1_train_33611,정치
ynat-v1_train_23091,정치
ynat-v1_train_04996,사회
ynat-v1_train_22762,스포츠
ynat-v1_train_24072,정치
ynat-v1_train_34768,생활문화
ynat-v1_train_19638,IT과학
ynat-v1_train_20516,사회
ynat-v1_train_38995,스포츠
ynat-v1_train_36956,세계
ynat-v1_train_21297,스포츠
ynat-v1_train_38157,생활문화
ynat-v1_train_21447,사회
ynat-v1_train_39393,사회
ynat-v1_train_44808,스포츠
ynat-v1_train_27847,세계
ynat-v1_train_08032,세계
ynat-v1_train_34762,생활문화
ynat-v1_train_19302,경제
ynat-v1_train_16620,세계
ynat-v1_train_15222,IT과학
ynat-v1_train_12506,경제
ynat-v1_train_00345,경제
ynat-v1_train_12599,경제
ynat-v1_train_21000,사회
ynat-v1_train_03760,IT과학
ynat-v1_train_11132,경제
ynat-v1_train_24236,스포츠
ynat-v1_train_06651,정치
ynat-v1_train_14761,정치
ynat-v1_train_29148,경제
ynat-v1_train_17758,생활문화
ynat-v1_train_30175,생활문화
ynat-v1_train_42093,생활문화
ynat-v1_train_43490,정치
ynat-v1_train_19712,세계
ynat-v1_train_30344,경제
ynat-v1_train_33431,스포츠
ynat-v1_train_36136,세계
ynat-v1_train_21453,세계
ynat-v1_train_13291,경제
ynat-v1_train_29894,IT과학
ynat-v1_train_24636,세계
ynat-v1_train_43042,IT과학
ynat-v1_train_44823,IT과학
ynat-v1_train_07018,세계
ynat-v1_train_14783,사회
ynat-v1_train_14529,생활문화
ynat-v1_train_12720,정치
ynat-v1_train_26972,사회
ynat-v1_train_22933,세계
ynat-v1_train_10238,IT과학
ynat-v1_train_36171,경제
ynat-v1_train_22247,사회
ynat-v1_train_03842,스포츠
ynat-v1_train_25358,생활문화
ynat-v1_train_33596,생활문화
ynat-v1_train_16939,정치
ynat-v1_train_24198,세계
ynat-v1_train_05143,세계
ynat-v1_train_30401,정치
ynat-v1_train_34103,세계
ynat-v1_train_05124,세계
ynat-v1_train_34000,생활문화
ynat-v1_train_13635,정치
ynat-v1_train_37030,사회
ynat-v1_train_43227,세계
ynat-v1_train_22068,생활문화
ynat-v1_train_13879,경제
ynat-v1_train_22666,생활문화
ynat-v1_train_03888,스포츠
ynat-v1_train_16950,경제
ynat-v1_train_42164,사회
ynat-v1_train_40563,세계
ynat-v1_train_03587,경제
ynat-v1_train_30989,정치
ynat-v1_train_38828,정치
ynat-v1_train_36414,정치
ynat-v1_train_20308,경제
ynat-v1_train_02295,경제
ynat-v1_train_16784,스포츠
ynat-v1_train_26904,생활문화
ynat-v1_train_13502,세계
ynat-v1_train_43625,정치
ynat-v1_train_09523,경제
ynat-v1_train_21273,IT과학
ynat-v1_train_30397,스포츠
ynat-v1_train_33560,세계
ynat-v1_train_05151,생활문화
ynat-v1_train_25601,IT과학
ynat-v1_train_15613,사회
ynat-v1_train_42487,IT과학
ynat-v1_train_09240,IT과학
ynat-v1_train_19751,세계
ynat-v1_train_41930,경제
ynat-v1_train_16247,IT과학
ynat-v1_train_33054,세계
ynat-v1_train_17488,생활문화
ynat-v1_train_00572,정치
ynat-v1_train_34792,스포츠
ynat-v1_train_23693,IT과학
ynat-v1_train_14310,세계
ynat-v1_train_41576,정치
ynat-v1_train_04198,스포츠
ynat-v1_train_29478,스포츠
ynat-v1_train_33527,세계
ynat-v1_train_05144,세계
ynat-v1_train_35145,스포츠
ynat-v1_train_41767,스포츠
ynat-v1_train_12376,세계
ynat-v1_train_21383,IT과학
ynat-v1_train_05317,세계
ynat-v1_train_00009,세계
ynat-v1_train_27708,스포츠
ynat-v1_train_36888,스포츠
ynat-v1_train_44012,IT과학
ynat-v1_train_06340,IT과학
ynat-v1_train_08941,사회
ynat-v1_train_40213,세계
ynat-v1_train_45398,스포츠
ynat-v1_train_22079,생활문화
ynat-v1_train_06062,스포츠
ynat-v1_train_25193,경제
ynat-v1_train_05267,세계
ynat-v1_train_07021,IT과학
ynat-v1_train_00846,스포츠
ynat-v1_train_11256,경제
ynat-v1_train_36808,경제
ynat-v1_train_22703,세계
ynat-v1_train_01744,경제
ynat-v1_train_30853,세계
ynat-v1_train_33930,스포츠
ynat-v1_train_39251,세계
ynat-v1_train_14946,경제
ynat-v1_train_39772,세계
ynat-v1_train_27069,정치
ynat-v1_train_38580,경제
ynat-v1_train_15185,세계
ynat-v1_train_33499,정치
ynat-v1_train_28272,세계
ynat-v1_train_14768,IT과학
ynat-v1_train_02013,세계
ynat-v1_train_00669,사회
ynat-v1_train_07761,세계
ynat-v1_train_18139,IT과학
ynat-v1_train_30991,사회
ynat-v1_train_08719,IT과학
ynat-v1_train_09495,사회
ynat-v1_train_04884,생활문화
ynat-v1_train_02350,사회
ynat-v1_train_00744,스포츠
ynat-v1_train_22463,세계
ynat-v1_train_42177,세계
ynat-v1_train_16313,IT과학
ynat-v1_train_35812,IT과학
ynat-v1_train_19216,IT과학
ynat-v1_train_36798,생활문화
ynat-v1_train_31149,세계
ynat-v1_train_03247,정치
ynat-v1_train_20051,세계
ynat-v1_train_41173,스포츠
ynat-v1_train_12020,생활문화
ynat-v1_train_21196,스포츠
ynat-v1_train_42226,스포츠
ynat-v1_train_02772,세계
ynat-v1_train_16657,IT과학
ynat-v1_train_19119,정치
ynat-v1_train_00902,세계
ynat-v1_train_10181,스포츠
ynat-v1_train_06825,세계
ynat-v1_train_43399,사회
ynat-v1_train_14766,스포츠
ynat-v1_train_30281,세계
ynat-v1_train_21524,생활문화
ynat-v1_train_17089,정치
ynat-v1_train_32773,IT과학
ynat-v1_train_40575,스포츠
ynat-v1_train_41676,생활문화
ynat-v1_train_01113,사회
ynat-v1_train_26131,세계
ynat-v1_train_42457,스포츠
ynat-v1_train_26605,스포츠
ynat-v1_train_45506,경제
ynat-v1_train_17989,스포츠
ynat-v1_train_37870,생활문화
ynat-v1_train_03303,스포츠
ynat-v1_train_10642,생활문화
ynat-v1_train_25361,스포츠
ynat-v1_train_17917,스포츠
ynat-v1_train_29358,경제
ynat-v1_train_09497,정치
ynat-v1_train_00872,IT과학
ynat-v1_train_27884,세계
ynat-v1_train_35284,스포츠
ynat-v1_train_29569,IT과학
ynat-v1_train_26745,사회
ynat-v1_train_22341,스포츠
ynat-v1_train_00312,스포츠
ynat-v1_train_18017,세계
ynat-v1_train_38027,경제
ynat-v1_train_35126,생활문화
ynat-v1_train_11568,경제
ynat-v1_train_45566,IT과학
ynat-v1_train_24270,IT과학
ynat-v1_train_40231,경제
ynat-v1_train_33394,IT과학
ynat-v1_train_07713,생활문화
ynat-v1_train_26687,정치
ynat-v1_train_35391,생활문화
ynat-v1_train_19529,사회
ynat-v1_train_27125,경제
ynat-v1_train_18505,스포츠
ynat-v1_train_16440,세계
ynat-v1_train_33352,사회
ynat-v1_train_05742,생활문화
ynat-v1_train_28034,세계
ynat-v1_train_37657,정치
ynat-v1_train_44651,생활문화
ynat-v1_train_09938,IT과학
ynat-v1_train_04002,정치
ynat-v1_train_36495,세계
ynat-v1_train_27239,경제
ynat-v1_train_07672,스포츠
ynat-v1_train_17820,IT과학
ynat-v1_train_37236,스포츠
ynat-v1_train_21963,스포츠
ynat-v1_train_30335,경제
ynat-v1_train_22621,정치
ynat-v1_train_04355,스포츠
ynat-v1_train_15966,스포츠
ynat-v1_train_36541,세계
ynat-v1_train_29723,IT과학
ynat-v1_train_28379,스포츠
ynat-v1_train_01601,스포츠
ynat-v1_train_25174,경제
ynat-v1_train_03700,IT과학
ynat-v1_train_42113,스포츠
ynat-v1_train_19959,경제
ynat-v1_train_01005,정치
ynat-v1_train_03229,생활문화
ynat-v1_train_07951,IT과학
ynat-v1_train_13218,정치
ynat-v1_train_23373,스포츠
ynat-v1_train_39116,IT과학
ynat-v1_train_16980,경제
ynat-v1_train_01879,IT과학
ynat-v1_train_14254,경제
ynat-v1_train_33254,생활문화
ynat-v1_train_26571,경제
ynat-v1_train_45331,세계
ynat-v1_train_19593,생활문화
ynat-v1_train_21153,생활문화
ynat-v1_train_11630,생활문화
ynat-v1_train_38137,생활문화
ynat-v1_train_13115,경제
ynat-v1_train_39256,경제
ynat-v1_train_22987,생활문화
ynat-v1_train_16612,세계
ynat-v1_train_43597,세계
ynat-v1_train_44577,세계
ynat-v1_train_09887,정치
ynat-v1_train_04194,경제
ynat-v1_train_09814,스포츠
ynat-v1_train_08491,IT과학
ynat-v1_train_13372,사회
ynat-v1_train_04618,IT과학
ynat-v1_train_30390,스포츠
ynat-v1_train_44335,IT과학
ynat-v1_train_05330,세계
ynat-v1_train_22911,스포츠
ynat-v1_train_31602,생활문화
ynat-v1_train_01656,사회
ynat-v1_train_05004,IT과학
ynat-v1_train_09615,사회
ynat-v1_train_10172,스포츠
ynat-v1_train_43578,정치
ynat-v1_train_37968,정치
ynat-v1_train_04312,세계
ynat-v1_train_19386,사회
ynat-v1_train_39672,IT과학
ynat-v1_train_25373,스포츠
ynat-v1_train_35568,정치
ynat-v1_train_28377,정치
ynat-v1_train_42721,경제
ynat-v1_train_06013,스포츠
ynat-v1_train_42731,정치
ynat-v1_train_40493,정치
ynat-v1_train_06047,경제
ynat-v1_train_26610,스포츠
ynat-v1_train_06858,세계
ynat-v1_train_32233,경제
ynat-v1_train_27876,IT과학
ynat-v1_train_34061,정치
ynat-v1_train_39996,세계
ynat-v1_train_44345,세계
ynat-v1_train_00737,스포츠
ynat-v1_train_36158,세계
ynat-v1_train_43993,세계
ynat-v1_train_21537,생활문화
ynat-v1_train_12533,스포츠
ynat-v1_train_18238,스포츠
ynat-v1_train_02970,스포츠
ynat-v1_train_10078,IT과학
ynat-v1_train_37851,세계
ynat-v1_train_06190,IT과학
ynat-v1_train_01593,스포츠
ynat-v1_train_25827,정치
ynat-v1_train_09709,정치
ynat-v1_train_18492,생활문화
ynat-v1_train_45229,스포츠
ynat-v1_train_08644,정치
ynat-v1_train_34161,경제
ynat-v1_train_30262,생활문화
ynat-v1_train_28042,정치
ynat-v1_train_07236,스포츠
ynat-v1_train_29474,정치
ynat-v1_train_18198,정치
ynat-v1_train_35031,사회
ynat-v1_train_38824,스포츠
ynat-v1_train_41378,스포츠
ynat-v1_train_39889,세계
ynat-v1_train_00348,세계
ynat-v1_train_41600,경제
ynat-v1_train_33478,스포츠
ynat-v1_train_06969,스포츠
ynat-v1_train_07331,경제
ynat-v1_train_24452,생활문화
ynat-v1_train_45376,정치
ynat-v1_train_22951,스포츠
ynat-v1_train_21161,스포츠
ynat-v1_train_06380,스포츠
ynat-v1_train_13647,IT과학
ynat-v1_train_15826,IT과학
ynat-v1_train_19093,정치
ynat-v1_train_35805,스포츠
ynat-v1_train_42734,IT과학
ynat-v1_train_18757,경제
ynat-v1_train_20670,스포츠
ynat-v1_train_07524,세계
ynat-v1_train_01910,사회
ynat-v1_train_20768,경제
ynat-v1_train_41116,스포츠
ynat-v1_train_03300,생활문화
ynat-v1_train_35870,IT과학
ynat-v1_train_07632,정치
ynat-v1_train_35914,경제
ynat-v1_train_08035,스포츠
ynat-v1_train_45406,IT과학
ynat-v1_train_09039,경제
ynat-v1_train_23414,사회
ynat-v1_train_07118,세계
ynat-v1_train_27911,경제
ynat-v1_train_21553,정치
ynat-v1_train_45218,IT과학
ynat-v1_train_38069,경제
ynat-v1_train_13038,세계
ynat-v1_train_33235,정치
ynat-v1_train_08179,IT과학
ynat-v1_train_06345,세계
ynat-v1_train_44191,경제
ynat-v1_train_04456,세계
ynat-v1_train_34947,스포츠
ynat-v1_train_30960,세계
ynat-v1_train_30656,스포츠
ynat-v1_train_21391,세계
ynat-v1_train_13456,경제
ynat-v1_train_14047,경제
ynat-v1_train_26655,경제
ynat-v1_train_26145,세계
ynat-v1_train_38032,IT과학
ynat-v1_train_02419,세계
ynat-v1_train_21583,사회
ynat-v1_train_17919,IT과학
ynat-v1_train_33934,정치
ynat-v1_train_26947,생활문화
ynat-v1_train_45562,IT과학
ynat-v1_train_39146,경제
ynat-v1_train_34934,경제
ynat-v1_train_20882,스포츠
ynat-v1_train_28619,생활문화
ynat-v1_train_29771,생활문화
ynat-v1_train_04630,생활문화
ynat-v1_train_32241,경제
ynat-v1_train_29528,세계
ynat-v1_train_11354,경제
ynat-v1_train_02847,스포츠
ynat-v1_train_23254,생활문화
ynat-v1_train_20247,생활문화
ynat-v1_train_22183,세계
ynat-v1_train_06343,세계
ynat-v1_train_26731,스포츠
ynat-v1_train_33904,IT과학
ynat-v1_train_13482,생활문화
ynat-v1_train_11392,스포츠
ynat-v1_train_44502,경제
ynat-v1_train_41608,IT과학
ynat-v1_train_24942,생활문화
ynat-v1_train_20880,스포츠
ynat-v1_train_40344,IT과학
ynat-v1_train_31152,IT과학
ynat-v1_train_05419,IT과학
ynat-v1_train_24469,사회
ynat-v1_train_28902,정치
ynat-v1_train_18087,IT과학
ynat-v1_train_27783,IT과학
ynat-v1_train_17752,생활문화
ynat-v1_train_39642,정치
ynat-v1_train_35806,경제
ynat-v1_train_44537,생활문화
ynat-v1_train_18174,생활문화
ynat-v1_train_02031,경제
ynat-v1_train_15685,생활문화
ynat-v1_train_05535,스포츠
ynat-v1_train_35467,스포츠
ynat-v1_train_37294,정치
ynat-v1_train_31371,IT과학
ynat-v1_train_35971,정치
ynat-v1_train_32539,스포츠
ynat-v1_train_13047,생활문화
ynat-v1_train_24116,스포츠
ynat-v1_train_18006,경제
ynat-v1_train_43060,IT과학
ynat-v1_train_28076,스포츠
ynat-v1_train_18851,스포츠
ynat-v1_train_19691,세계
ynat-v1_train_10302,IT과학
ynat-v1_train_22851,스포츠
ynat-v1_train_13409,생활문화
ynat-v1_train_05013,IT과학
ynat-v1_train_32673,세계
ynat-v1_train_29365,스포츠
ynat-v1_train_11358,생활문화
ynat-v1_train_37809,생활문화
ynat-v1_train_39045,IT과학
ynat-v1_train_20121,IT과학
ynat-v1_train_17360,스포츠
ynat-v1_train_36988,IT과학
ynat-v1_train_44428,생활문화
ynat-v1_train_27576,사회
ynat-v1_train_01186,세계
ynat-v1_train_44262,스포츠
ynat-v1_train_11234,생활문화
ynat-v1_train_21629,생활문화
ynat-v1_train_08436,정치
ynat-v1_train_07437,세계
ynat-v1_train_39014,경제
ynat-v1_train_03361,경제
ynat-v1_train_13566,사회
ynat-v1_train_27963,정치
ynat-v1_train_19999,세계
ynat-v1_train_07696,스포츠
ynat-v1_train_27707,정치
ynat-v1_train_42152,스포츠
ynat-v1_train_16626,생활문화
ynat-v1_train_42121,세계
ynat-v1_train_42180,생활문화
ynat-v1_train_39075,경제
ynat-v1_train_42906,경제
ynat-v1_train_40956,생활문화
ynat-v1_train_09329,세계
ynat-v1_train_42359,생활문화
ynat-v1_train_26136,IT과학
ynat-v1_train_11133,IT과학
ynat-v1_train_04477,경제
ynat-v1_train_05655,생활문화
ynat-v1_train_31944,경제
ynat-v1_train_30648,사회
ynat-v1_train_25465,정치
ynat-v1_train_00620,정치
ynat-v1_train_12753,정치
ynat-v1_train_28722,정치
ynat-v1_train_35405,경제
ynat-v1_train_10687,생활문화
ynat-v1_train_34376,사회
ynat-v1_train_05490,경제
ynat-v1_train_35939,경제
ynat-v1_train_00992,사회
ynat-v1_train_25664,경제
ynat-v1_train_09213,정치
ynat-v1_train_00699,사회
ynat-v1_train_33786,스포츠
ynat-v1_train_45256,세계
ynat-v1_train_43450,IT과학
ynat-v1_train_10826,세계
ynat-v1_train_19828,IT과학
ynat-v1_train_26280,경제
ynat-v1_train_22084,스포츠
ynat-v1_train_07534,경제
ynat-v1_train_35543,정치
ynat-v1_train_06595,IT과학
ynat-v1_train_45333,IT과학
ynat-v1_train_17010,사회
ynat-v1_train_42858,정치
ynat-v1_train_26903,경제
ynat-v1_train_42610,스포츠
ynat-v1_train_18356,경제
ynat-v1_train_31372,정치
ynat-v1_train_28347,사회
ynat-v1_train_37270,정치
ynat-v1_train_17256,IT과학
ynat-v1_train_39088,정치
ynat-v1_train_42350,생활문화
ynat-v1_train_14718,생활문화
ynat-v1_train_35193,사회
ynat-v1_train_36884,정치
ynat-v1_train_10590,사회
ynat-v1_train_38384,정치
ynat-v1_train_10123,사회
ynat-v1_train_02266,경제
ynat-v1_train_30617,사회
ynat-v1_train_40501,사회
ynat-v1_train_03299,세계
ynat-v1_train_25164,생활문화
ynat-v1_train_06703,사회
ynat-v1_train_29579,IT과학
ynat-v1_train_30487,IT과학
ynat-v1_train_45116,경제
ynat-v1_train_16257,사회
ynat-v1_train_22498,생활문화
ynat-v1_train_31241,IT과학
ynat-v1_train_40065,스포츠
ynat-v1_train_17864,세계
ynat-v1_train_13608,세계
ynat-v1_train_19833,경제
ynat-v1_train_04544,경제
ynat-v1_train_03742,생활문화
ynat-v1_train_32067,경제
ynat-v1_train_35373,세계
ynat-v1_train_31087,생활문화
ynat-v1_train_15388,세계
ynat-v1_train_38167,정치
ynat-v1_train_06970,스포츠
ynat-v1_train_41095,정치
ynat-v1_train_44316,정치
ynat-v1_train_09217,사회
ynat-v1_train_11259,정치
ynat-v1_train_25854,IT과학
ynat-v1_train_37469,세계
ynat-v1_train_34322,생활문화
ynat-v1_train_35691,세계
ynat-v1_train_03143,정치
ynat-v1_train_08654,경제
ynat-v1_train_16305,스포츠
ynat-v1_train_12604,사회
ynat-v1_train_40435,정치
ynat-v1_train_21315,세계
ynat-v1_train_19564,IT과학
ynat-v1_train_32825,IT과학
ynat-v1_train_03933,IT과학
ynat-v1_train_01304,세계
ynat-v1_train_29413,스포츠
ynat-v1_train_42574,생활문화
ynat-v1_train_13669,세계
ynat-v1_train_25687,생활문화
ynat-v1_train_25788,사회
ynat-v1_train_42568,경제
ynat-v1_train_41585,정치
ynat-v1_train_30079,스포츠
ynat-v1_train_11301,경제
ynat-v1_train_05275,스포츠
ynat-v1_train_33799,생활문화
ynat-v1_train_38193,생활문화
ynat-v1_train_44551,정치
ynat-v1_train_31747,경제
ynat-v1_train_12178,생활문화
ynat-v1_train_45283,정치
ynat-v1_train_34620,스포츠
ynat-v1_train_32896,스포츠
ynat-v1_train_33534,스포츠
ynat-v1_train_02714,IT과학
ynat-v1_train_43519,세계
ynat-v1_train_33160,정치
ynat-v1_train_08359,사회
ynat-v1_train_40018,정치
ynat-v1_train_18927,스포츠
ynat-v1_train_07767,IT과학
ynat-v1_train_07279,IT과학
ynat-v1_train_31449,스포츠
ynat-v1_train_39082,세계
ynat-v1_train_41599,경제
ynat-v1_train_07345,정치
ynat-v1_train_32733,세계
ynat-v1_train_16050,생활문화
ynat-v1_train_26608,정치
ynat-v1_train_06429,IT과학
ynat-v1_train_41373,생활문화
ynat-v1_train_06282,사회
ynat-v1_train_03391,정치
ynat-v1_train_02821,생활문화
ynat-v1_train_36926,IT과학
ynat-v1_train_41197,세계
ynat-v1_train_06670,사회
ynat-v1_train_29922,세계
ynat-v1_train_41045,스포츠
ynat-v1_train_12530,IT과학
ynat-v1_train_26592,IT과학
ynat-v1_train_29799,스포츠
ynat-v1_train_03283,정치
ynat-v1_train_40943,사회
ynat-v1_train_18609,생활문화
ynat-v1_train_17142,경제
ynat-v1_train_08028,경제
ynat-v1_train_16963,사회
ynat-v1_train_43187,사회
ynat-v1_train_19207,정치
ynat-v1_train_14665,경제
ynat-v1_train_03535,정치
ynat-v1_train_44635,스포츠
ynat-v1_train_12815,세계
ynat-v1_train_25651,스포츠
ynat-v1_train_45043,IT과학
ynat-v1_train_00525,사회
ynat-v1_train_36138,생활문화
ynat-v1_train_05392,스포츠
ynat-v1_train_27671,스포츠
ynat-v1_train_42819,정치
ynat-v1_train_12092,세계
ynat-v1_train_13721,스포츠
ynat-v1_train_37110,스포츠
ynat-v1_train_27624,스포츠
ynat-v1_train_19345,스포츠
ynat-v1_train_36262,스포츠
ynat-v1_train_26347,사회
ynat-v1_train_21804,정치
ynat-v1_train_31499,생활문화
ynat-v1_train_35489,생활문화
ynat-v1_train_42208,세계
ynat-v1_train_37239,스포츠
ynat-v1_train_15380,스포츠
ynat-v1_train_21056,스포츠
ynat-v1_train_24658,경제
ynat-v1_train_32040,세계
ynat-v1_train_23181,경제
ynat-v1_train_42380,경제
ynat-v1_train_36764,IT과학
ynat-v1_train_17077,생활문화
ynat-v1_train_00538,정치
ynat-v1_train_10605,정치
ynat-v1_train_00156,스포츠
ynat-v1_train_44455,정치
ynat-v1_train_25912,스포츠
ynat-v1_train_23135,스포츠
ynat-v1_train_14046,IT과학
ynat-v1_train_01333,생활문화
ynat-v1_train_08493,IT과학
ynat-v1_train_07009,스포츠
ynat-v1_train_03808,정치
ynat-v1_train_22187,IT과학
ynat-v1_train_21710,세계
ynat-v1_train_15728,사회
ynat-v1_train_31244,스포츠
ynat-v1_train_17422,IT과학
ynat-v1_train_22271,사회
ynat-v1_train_24652,정치
ynat-v1_train_31599,정치
ynat-v1_train_43189,세계
ynat-v1_train_04342,세계
ynat-v1_train_20076,경제
ynat-v1_train_00519,사회
ynat-v1_train_33064,생활문화
ynat-v1_train_33717,사회
ynat-v1_train_10576,생활문화
ynat-v1_train_18207,정치
ynat-v1_train_28430,IT과학
ynat-v1_train_19491,스포츠
ynat-v1_train_05587,경제
ynat-v1_train_13461,스포츠
ynat-v1_train_31836,생활문화
ynat-v1_train_33440,스포츠
ynat-v1_train_14581,세계
ynat-v1_train_02927,스포츠
ynat-v1_train_09486,IT과학
ynat-v1_train_32064,경제
ynat-v1_train_15796,사회
ynat-v1_train_36621,정치
ynat-v1_train_10666,정치
ynat-v1_train_15962,IT과학
ynat-v1_train_36735,IT과학
ynat-v1_train_17847,세계
ynat-v1_train_38052,경제
ynat-v1_train_24475,정치
ynat-v1_train_05971,사회
ynat-v1_train_18708,정치
ynat-v1_train_03615,경제
ynat-v1_train_45571,사회
ynat-v1_train_33749,사회
ynat-v1_train_24826,정치
ynat-v1_train_24121,IT과학
ynat-v1_train_20451,정치
ynat-v1_train_45050,생활문화
ynat-v1_train_02555,세계
ynat-v1_train_15064,사회
ynat-v1_train_43027,경제
ynat-v1_train_27999,경제
ynat-v1_train_09597,세계
ynat-v1_train_14564,생활문화
ynat-v1_train_02879,세계
ynat-v1_train_34622,세계
ynat-v1_train_11520,세계
ynat-v1_train_20827,정치
ynat-v1_train_21244,생활문화
ynat-v1_train_16523,세계
ynat-v1_train_43426,정치
ynat-v1_train_21722,사회
ynat-v1_train_24994,세계
ynat-v1_train_19914,경제
ynat-v1_train_16104,스포츠
ynat-v1_train_10162,스포츠
ynat-v1_train_06883,생활문화
ynat-v1_train_20720,스포츠
ynat-v1_train_13908,정치
ynat-v1_train_33678,생활문화
ynat-v1_train_05089,스포츠
ynat-v1_train_13295,생활문화
ynat-v1_train_13686,스포츠
ynat-v1_train_41870,스포츠
ynat-v1_train_41000,정치
ynat-v1_train_43907,세계
ynat-v1_train_11739,경제
ynat-v1_train_01083,사회
ynat-v1_train_35800,세계
ynat-v1_train_01951,사회
ynat-v1_train_27250,정치
ynat-v1_train_40154,경제
ynat-v1_train_05168,정치
ynat-v1_train_09619,생활문화
ynat-v1_train_34482,IT과학
ynat-v1_train_01919,경제
ynat-v1_train_33810,스포츠
ynat-v1_train_28383,세계
ynat-v1_train_31966,세계
ynat-v1_train_42707,IT과학
ynat-v1_train_11533,스포츠
ynat-v1_train_16475,스포츠
ynat-v1_train_15379,스포츠
ynat-v1_train_08230,스포츠
ynat-v1_train_18955,IT과학
ynat-v1_train_22431,정치
ynat-v1_train_35357,스포츠
ynat-v1_train_42634,스포츠
ynat-v1_train_06288,세계
ynat-v1_train_41108,스포츠
ynat-v1_train_28371,경제
ynat-v1_train_30256,정치
ynat-v1_train_05308,생활문화
ynat-v1_train_22412,정치
ynat-v1_train_06346,사회
ynat-v1_train_02187,사회
ynat-v1_train_22776,정치
ynat-v1_train_00976,정치
ynat-v1_train_30537,세계
ynat-v1_train_32855,사회
ynat-v1_train_40261,스포츠
ynat-v1_train_37109,경제
ynat-v1_train_33979,정치
ynat-v1_train_10611,정치
ynat-v1_train_14411,세계
ynat-v1_train_21927,생활문화
ynat-v1_train_03945,경제
ynat-v1_train_03591,세계
ynat-v1_train_44460,스포츠
ynat-v1_train_23535,정치
ynat-v1_train_12432,생활문화
ynat-v1_train_17192,생활문화
ynat-v1_train_03396,스포츠
ynat-v1_train_13700,경제
ynat-v1_train_12248,스포츠
ynat-v1_train_33605,경제
ynat-v1_train_25048,세계
ynat-v1_train_30835,스포츠
ynat-v1_train_40828,경제
ynat-v1_train_27425,IT과학
ynat-v1_train_26562,생활문화
ynat-v1_train_06981,경제
ynat-v1_train_34124,IT과학
ynat-v1_train_04448,스포츠
ynat-v1_train_26310,정치
ynat-v1_train_03297,정치
ynat-v1_train_43538,세계
ynat-v1_train_27742,생활문화
ynat-v1_train_06558,세계
ynat-v1_train_43723,스포츠
ynat-v1_train_39636,사회
ynat-v1_train_26049,세계
ynat-v1_train_21555,IT과학
ynat-v1_train_08854,세계
ynat-v1_train_26276,세계
ynat-v1_train_10188,세계
ynat-v1_train_22049,세계
ynat-v1_train_17884,경제
ynat-v1_train_37200,IT과학
ynat-v1_train_41957,세계
ynat-v1_train_20547,스포츠
ynat-v1_train_02197,사회
ynat-v1_train_18026,생활문화
ynat-v1_train_21346,스포츠
ynat-v1_train_00203,정치
ynat-v1_train_23982,정치
ynat-v1_train_17840,세계
ynat-v1_train_04857,사회
ynat-v1_train_20502,세계
ynat-v1_train_37382,세계
ynat-v1_train_09032,경제
ynat-v1_train_42608,정치
ynat-v1_train_31010,IT과학
ynat-v1_train_00502,스포츠
ynat-v1_train_36510,생활문화
ynat-v1_train_07314,경제
ynat-v1_train_25467,생활문화
ynat-v1_train_35724,정치
ynat-v1_train_06207,정치
ynat-v1_train_21334,스포츠
ynat-v1_train_13200,스포츠
ynat-v1_train_29204,IT과학
ynat-v1_train_19132,생활문화
ynat-v1_train_31898,경제
ynat-v1_train_39357,생활문화
ynat-v1_train_19820,정치
ynat-v1_train_04539,정치
ynat-v1_train_21534,IT과학
ynat-v1_train_41423,정치
ynat-v1_train_35717,정치
ynat-v1_train_04483,정치
ynat-v1_train_03459,사회
ynat-v1_train_39054,세계
ynat-v1_train_34411,스포츠
ynat-v1_train_22903,생활문화
ynat-v1_train_01821,경제
ynat-v1_train_29804,스포츠
ynat-v1_train_10755,경제
ynat-v1_train_15473,경제
ynat-v1_train_27163,생활문화
ynat-v1_train_07099,IT과학
ynat-v1_train_40369,스포츠
ynat-v1_train_05976,사회
ynat-v1_train_00163,스포츠
ynat-v1_train_23610,생활문화
ynat-v1_train_20867,경제
ynat-v1_train_18183,스포츠
ynat-v1_train_21080,세계
ynat-v1_train_34624,정치
ynat-v1_train_15619,스포츠
ynat-v1_train_43797,생활문화
ynat-v1_train_35720,정치
ynat-v1_train_01155,IT과학
ynat-v1_train_31610,IT과학
ynat-v1_train_06041,스포츠
ynat-v1_train_28497,사회
ynat-v1_train_06267,스포츠
ynat-v1_train_13896,생활문화
ynat-v1_train_38603,IT과학
ynat-v1_train_26301,정치
ynat-v1_train_43777,사회
ynat-v1_train_31916,IT과학
ynat-v1_train_16723,스포츠
ynat-v1_train_34739,스포츠
ynat-v1_train_10287,스포츠
ynat-v1_train_25159,사회
ynat-v1_train_32843,IT과학
ynat-v1_train_36768,세계
ynat-v1_train_27402,경제
ynat-v1_train_01629,사회
ynat-v1_train_43563,정치
ynat-v1_train_04148,사회
ynat-v1_train_07943,경제
ynat-v1_train_18525,정치
ynat-v1_train_08487,스포츠
ynat-v1_train_45553,IT과학
ynat-v1_train_45319,경제
ynat-v1_train_14155,경제
ynat-v1_train_13555,스포츠
ynat-v1_train_16888,세계
ynat-v1_train_41601,스포츠
ynat-v1_train_36142,생활문화
ynat-v1_train_41722,정치
ynat-v1_train_00269,스포츠
ynat-v1_train_07452,경제
ynat-v1_train_12904,스포츠
ynat-v1_train_23935,경제
ynat-v1_train_29308,스포츠
ynat-v1_train_30170,스포츠
ynat-v1_train_21465,생활문화
ynat-v1_train_21212,정치
ynat-v1_train_41186,IT과학
ynat-v1_train_10103,경제
ynat-v1_train_19537,세계
ynat-v1_train_38399,사회
ynat-v1_train_25030,IT과학
ynat-v1_train_14776,스포츠
ynat-v1_train_39818,생활문화
ynat-v1_train_16919,스포츠
ynat-v1_train_00623,세계
ynat-v1_train_38937,IT과학
ynat-v1_train_32499,IT과학
ynat-v1_train_41693,IT과학
ynat-v1_train_29321,IT과학
ynat-v1_train_42988,IT과학
ynat-v1_train_30014,IT과학
ynat-v1_train_38380,정치
ynat-v1_train_39345,경제
ynat-v1_train_12743,사회
ynat-v1_train_18435,경제
ynat-v1_train_20286,세계
ynat-v1_train_30029,사회
ynat-v1_train_08259,스포츠
ynat-v1_train_32162,세계
ynat-v1_train_00957,생활문화
ynat-v1_train_39688,생활문화
ynat-v1_train_33246,IT과학
ynat-v1_train_25826,세계
ynat-v1_train_20689,정치
ynat-v1_train_14073,세계
ynat-v1_train_14502,사회
ynat-v1_train_14567,스포츠
ynat-v1_train_41833,생활문화
ynat-v1_train_34654,정치
ynat-v1_train_20371,경제
ynat-v1_train_14351,세계
ynat-v1_train_37390,IT과학
ynat-v1_train_38811,스포츠
ynat-v1_train_38642,IT과학
ynat-v1_train_33748,IT과학
ynat-v1_train_04672,사회
ynat-v1_train_12719,정치
ynat-v1_train_33129,생활문화
ynat-v1_train_16763,IT과학
ynat-v1_train_11802,정치
ynat-v1_train_05646,정치
ynat-v1_train_34477,스포츠
ynat-v1_train_31393,정치
ynat-v1_train_41139,생활문화
ynat-v1_train_41335,정치
ynat-v1_train_36195,생활문화
ynat-v1_train_26733,세계
ynat-v1_train_21604,세계
ynat-v1_train_35527,경제
ynat-v1_train_32892,정치
ynat-v1_train_23211,IT과학
ynat-v1_train_02908,사회
ynat-v1_train_12532,세계
ynat-v1_train_09537,스포츠
ynat-v1_train_39633,생활문화
ynat-v1_train_06025,경제
ynat-v1_train_05226,정치
ynat-v1_train_06529,경제
ynat-v1_train_25879,세계
ynat-v1_train_05823,생활문화
ynat-v1_train_29780,정치
ynat-v1_train_27225,IT과학
ynat-v1_train_29470,세계
ynat-v1_train_27448,정치
ynat-v1_train_18932,스포츠
ynat-v1_train_29589,세계
ynat-v1_train_13444,생활문화
ynat-v1_train_36074,스포츠
ynat-v1_train_05463,정치
ynat-v1_train_37106,세계
ynat-v1_train_08486,세계
ynat-v1_train_43747,사회
ynat-v1_train_21228,정치
ynat-v1_train_43772,정치
ynat-v1_train_29479,세계
ynat-v1_train_42172,스포츠
ynat-v1_train_09252,스포츠
ynat-v1_train_21944,경제
ynat-v1_train_42194,세계
ynat-v1_train_02616,IT과학
ynat-v1_train_01358,스포츠
ynat-v1_train_36029,정치
ynat-v1_train_23847,세계
ynat-v1_train_45265,세계
ynat-v1_train_09136,세계
ynat-v1_train_20595,사회
ynat-v1_train_21874,IT과학
ynat-v1_train_33579,사회
ynat-v1_train_44481,스포츠
ynat-v1_train_29830,정치
ynat-v1_train_36802,정치
ynat-v1_train_22917,세계
ynat-v1_train_05179,사회
ynat-v1_train_35927,생활문화
ynat-v1_train_30354,사회
ynat-v1_train_37718,사회
ynat-v1_train_31116,세계
ynat-v1_train_42320,사회
ynat-v1_train_20959,정치
ynat-v1_train_28455,생활문화
ynat-v1_train_00514,사회
ynat-v1_train_13774,세계
ynat-v1_train_27172,스포츠
ynat-v1_train_07550,경제
ynat-v1_train_38089,사회
ynat-v1_train_09365,생활문화
ynat-v1_train_03859,IT과학
ynat-v1_train_07233,스포츠
ynat-v1_train_09843,스포츠
ynat-v1_train_45293,정치
ynat-v1_train_32761,IT과학
ynat-v1_train_40774,사회
ynat-v1_train_40971,세계
ynat-v1_train_25075,사회
ynat-v1_train_30234,스포츠
ynat-v1_train_24937,스포츠
ynat-v1_train_37767,스포츠
ynat-v1_train_03176,정치
ynat-v1_train_15609,IT과학
ynat-v1_train_35140,생활문화
ynat-v1_train_41494,경제
ynat-v1_train_03671,스포츠
ynat-v1_train_26238,사회
ynat-v1_train_17336,세계
ynat-v1_train_27236,경제
ynat-v1_train_04332,사회
ynat-v1_train_39216,경제
ynat-v1_train_24681,정치
ynat-v1_train_21218,사회
ynat-v1_train_01750,경제
ynat-v1_train_25367,IT과학
ynat-v1_train_32386,스포츠
ynat-v1_train_26498,IT과학
ynat-v1_train_09480,정치
ynat-v1_train_31227,경제
ynat-v1_train_12568,세계
ynat-v1_train_43892,경제
ynat-v1_train_01278,IT과학
ynat-v1_train_31384,경제
ynat-v1_train_32879,생활문화
ynat-v1_train_17482,IT과학
ynat-v1_train_08628,세계
ynat-v1_train_34463,사회
ynat-v1_train_31732,사회
ynat-v1_train_31677,세계
ynat-v1_train_39283,IT과학
ynat-v1_train_34595,정치
ynat-v1_train_27873,IT과학
ynat-v1_train_25012,스포츠
ynat-v1_train_18156,스포츠
ynat-v1_train_33143,세계
ynat-v1_train_23946,경제
ynat-v1_train_19718,IT과학
ynat-v1_train_38971,세계
ynat-v1_train_39595,세계
ynat-v1_train_34005,IT과학
ynat-v1_train_18519,정치
ynat-v1_train_41951,IT과학
ynat-v1_train_18501,세계
ynat-v1_train_29590,생활문화
ynat-v1_train_03318,사회
ynat-v1_train_12923,세계
ynat-v1_train_32551,세계
ynat-v1_train_30118,세계
ynat-v1_train_25276,세계
ynat-v1_train_04784,경제
ynat-v1_train_34335,경제
ynat-v1_train_05042,정치
ynat-v1_train_21481,사회
ynat-v1_train_25472,정치
ynat-v1_train_13018,경제
ynat-v1_train_10280,경제
ynat-v1_train_12375,정치
ynat-v1_train_09466,정치
ynat-v1_train_13397,스포츠
ynat-v1_train_20524,IT과학
ynat-v1_train_39143,IT과학
ynat-v1_train_05681,정치
ynat-v1_train_27265,생활문화
ynat-v1_train_02244,정치
ynat-v1_train_03699,정치
ynat-v1_train_08950,스포츠
ynat-v1_train_26862,세계
ynat-v1_train_29893,생활문화
ynat-v1_train_11662,정치
ynat-v1_train_07614,경제
ynat-v1_train_39531,경제
ynat-v1_train_33956,IT과학
ynat-v1_train_11448,경제
ynat-v1_train_36013,사회
ynat-v1_train_03638,스포츠
ynat-v1_train_29120,생활문화
ynat-v1_train_15534,정치
ynat-v1_train_34597,스포츠
ynat-v1_train_41662,정치
ynat-v1_train_39099,스포츠
ynat-v1_train_44866,생활문화
ynat-v1_train_17715,정치
ynat-v1_train_04521,스포츠
ynat-v1_train_38998,IT과학
ynat-v1_train_26693,경제
ynat-v1_train_25309,세계
ynat-v1_train_39628,경제
ynat-v1_train_29618,IT과학
ynat-v1_train_40204,스포츠
ynat-v1_train_19126,스포츠
ynat-v1_train_40321,경제
ynat-v1_train_45227,정치
ynat-v1_train_41929,스포츠
ynat-v1_train_28476,세계
ynat-v1_train_17125,세계
ynat-v1_train_03387,스포츠
ynat-v1_train_44403,정치
ynat-v1_train_29251,스포츠
ynat-v1_train_29282,경제
ynat-v1_train_04208,세계
ynat-v1_train_43085,경제
ynat-v1_train_29515,스포츠
ynat-v1_train_31730,스포츠
ynat-v1_train_44067,IT과학
ynat-v1_train_19787,사회
ynat-v1_train_34238,스포츠
ynat-v1_train_20583,사회
ynat-v1_train_16098,생활문화
ynat-v1_train_22680,IT과학
ynat-v1_train_04379,생활문화
ynat-v1_train_25498,스포츠
ynat-v1_train_40080,세계
ynat-v1_train_19374,경제
ynat-v1_train_16978,사회
ynat-v1_train_38036,스포츠
ynat-v1_train_14237,경제
ynat-v1_train_29153,IT과학
ynat-v1_train_40570,세계
ynat-v1_train_28731,정치
ynat-v1_train_27773,세계
ynat-v1_train_09050,사회
ynat-v1_train_02325,세계
ynat-v1_train_11244,세계
ynat-v1_train_21646,경제
ynat-v1_train_29543,사회
ynat-v1_train_02328,생활문화
ynat-v1_train_02559,정치
ynat-v1_train_13415,스포츠
ynat-v1_train_32287,IT과학
ynat-v1_train_10018,정치
ynat-v1_train_45072,IT과학
ynat-v1_train_34239,정치
ynat-v1_train_25629,IT과학
ynat-v1_train_21564,생활문화
ynat-v1_train_05661,생활문화
ynat-v1_train_27825,세계
ynat-v1_train_30140,세계
ynat-v1_train_37836,IT과학
ynat-v1_train_34170,스포츠
ynat-v1_train_12999,스포츠
ynat-v1_train_09488,스포츠
ynat-v1_train_05689,사회
ynat-v1_train_08838,생활문화
ynat-v1_train_09180,경제
ynat-v1_train_09931,세계
ynat-v1_train_12400,경제
ynat-v1_train_30914,경제
ynat-v1_train_16722,사회
ynat-v1_train_23057,사회
ynat-v1_train_26868,정치
ynat-v1_train_13274,스포츠
ynat-v1_train_09477,생활문화
ynat-v1_train_39171,경제
ynat-v1_train_00758,세계
ynat-v1_train_34546,생활문화
ynat-v1_train_24367,사회
ynat-v1_train_39991,세계
ynat-v1_train_38320,세계
ynat-v1_train_16434,스포츠
ynat-v1_train_20140,정치
ynat-v1_train_35389,스포츠
ynat-v1_train_02126,사회
ynat-v1_train_44670,스포츠
ynat-v1_train_01415,IT과학
ynat-v1_train_45500,생활문화
ynat-v1_train_42262,사회
ynat-v1_train_07560,정치
ynat-v1_train_43194,경제
ynat-v1_train_01933,세계
ynat-v1_train_02462,IT과학
ynat-v1_train_43146,IT과학
ynat-v1_train_25557,세계
ynat-v1_train_34940,정치
ynat-v1_train_13398,스포츠
ynat-v1_train_13466,IT과학
ynat-v1_train_35899,스포츠
ynat-v1_train_24299,생활문화
ynat-v1_train_38927,경제
ynat-v1_train_16315,생활문화
ynat-v1_train_22958,정치
ynat-v1_train_22923,정치
ynat-v1_train_28767,경제
ynat-v1_train_44979,정치
ynat-v1_train_29054,세계
ynat-v1_train_09459,IT과학
ynat-v1_train_42970,스포츠
ynat-v1_train_21911,스포츠
ynat-v1_train_22778,스포츠
ynat-v1_train_35415,스포츠
ynat-v1_train_41835,사회
ynat-v1_train_35741,사회
ynat-v1_train_09953,세계
ynat-v1_train_17804,정치
ynat-v1_train_12803,스포츠
ynat-v1_train_30023,스포츠
ynat-v1_train_25192,세계
ynat-v1_train_42490,정치
ynat-v1_train_07686,스포츠
ynat-v1_train_42281,스포츠
ynat-v1_train_00707,사회
ynat-v1_train_39965,경제
ynat-v1_train_00909,경제
ynat-v1_train_00586,정치
ynat-v1_train_40257,생활문화
ynat-v1_train_10055,세계
ynat-v1_train_36583,사회
ynat-v1_train_27833,사회
ynat-v1_train_31656,스포츠
ynat-v1_train_16394,스포츠
ynat-v1_train_12410,스포츠
ynat-v1_train_31862,IT과학
ynat-v1_train_08881,세계
ynat-v1_train_34520,경제
ynat-v1_train_31130,경제
ynat-v1_train_12911,사회
ynat-v1_train_20001,정치
ynat-v1_train_19990,IT과학
ynat-v1_train_15740,세계
ynat-v1_train_16295,스포츠
ynat-v1_train_30990,경제
ynat-v1_train_29351,생활문화
ynat-v1_train_34140,세계
ynat-v1_train_27021,생활문화
ynat-v1_train_38716,세계
ynat-v1_train_34307,세계
ynat-v1_train_19394,사회
ynat-v1_train_27844,세계
ynat-v1_train_26550,사회
ynat-v1_train_14185,IT과학
ynat-v1_train_01564,세계
ynat-v1_train_39205,세계
ynat-v1_train_35754,정치
ynat-v1_train_37759,세계
ynat-v1_train_18204,생활문화
ynat-v1_train_40845,세계
ynat-v1_train_11750,스포츠
ynat-v1_train_19779,정치
ynat-v1_train_00626,세계
ynat-v1_train_13576,생활문화
ynat-v1_train_45361,생활문화
ynat-v1_train_24331,세계
ynat-v1_train_12281,스포츠
ynat-v1_train_23156,정치
ynat-v1_train_30557,IT과학
ynat-v1_train_14050,생활문화
ynat-v1_train_00602,스포츠
ynat-v1_train_36614,세계
ynat-v1_train_22351,세계
ynat-v1_train_20086,IT과학
ynat-v1_train_34701,정치
ynat-v1_train_02914,사회
ynat-v1_train_09443,세계
ynat-v1_train_42106,생활문화
ynat-v1_train_14362,경제
ynat-v1_train_42007,스포츠
ynat-v1_train_06409,스포츠
ynat-v1_train_08927,사회
ynat-v1_train_01898,IT과학
ynat-v1_train_10422,IT과학
ynat-v1_train_22465,경제
ynat-v1_train_41203,정치
ynat-v1_train_24899,세계
ynat-v1_train_04821,스포츠
ynat-v1_train_21953,경제
ynat-v1_train_11092,생활문화
ynat-v1_train_07145,정치
ynat-v1_train_45183,세계
ynat-v1_train_29299,정치
ynat-v1_train_08248,세계
ynat-v1_train_35159,스포츠
ynat-v1_train_25279,세계
ynat-v1_train_33963,스포츠
ynat-v1_train_06735,IT과학
ynat-v1_train_25628,세계
ynat-v1_train_21158,세계
ynat-v1_train_15373,스포츠
ynat-v1_train_29104,세계
ynat-v1_train_08800,IT과학
ynat-v1_train_01586,IT과학
ynat-v1_train_27743,스포츠
ynat-v1_train_42488,IT과학
ynat-v1_train_38056,세계
ynat-v1_train_24257,생활문화
ynat-v1_train_35436,스포츠
ynat-v1_train_02663,세계
ynat-v1_train_23370,IT과학
ynat-v1_train_27593,생활문화
ynat-v1_train_10397,IT과학
ynat-v1_train_45203,IT과학
ynat-v1_train_22083,생활문화
ynat-v1_train_19197,경제
ynat-v1_train_05428,정치
ynat-v1_train_17274,IT과학
ynat-v1_train_05244,경제
ynat-v1_train_29224,정치
ynat-v1_train_30253,스포츠
ynat-v1_train_09199,IT과학
ynat-v1_train_06638,스포츠
ynat-v1_train_44291,세계
ynat-v1_train_18687,정치
ynat-v1_train_06145,IT과학
ynat-v1_train_11151,IT과학
ynat-v1_train_18465,정치
ynat-v1_train_41850,스포츠
ynat-v1_train_04365,사회
ynat-v1_train_35816,사회
ynat-v1_train_24389,스포츠
ynat-v1_train_16112,생활문화
ynat-v1_train_42049,세계
ynat-v1_train_15365,세계
ynat-v1_train_16441,세계
ynat-v1_train_11825,경제
ynat-v1_train_28157,정치
ynat-v1_train_19097,정치
ynat-v1_train_44031,스포츠
ynat-v1_train_05368,세계
ynat-v1_train_41517,정치
ynat-v1_train_02618,사회
ynat-v1_train_09996,생활문화
ynat-v1_train_32829,세계
ynat-v1_train_31285,스포츠
ynat-v1_train_01185,스포츠
ynat-v1_train_41627,IT과학
ynat-v1_train_23345,생활문화
ynat-v1_train_07180,스포츠
ynat-v1_train_17219,사회
ynat-v1_train_38903,스포츠
ynat-v1_train_35269,세계
ynat-v1_train_28836,세계
ynat-v1_train_34465,사회
ynat-v1_train_14309,스포츠
ynat-v1_train_23760,경제
ynat-v1_train_44683,경제
ynat-v1_train_42953,정치
ynat-v1_train_25540,세계
ynat-v1_train_31631,스포츠
ynat-v1_train_34730,IT과학
ynat-v1_train_38575,스포츠
ynat-v1_train_33138,세계
ynat-v1_train_05369,세계
ynat-v1_train_03730,스포츠
ynat-v1_train_23432,스포츠
ynat-v1_train_07591,세계
ynat-v1_train_36432,정치
ynat-v1_train_34817,생활문화
ynat-v1_train_44887,세계
ynat-v1_train_10117,스포츠
ynat-v1_train_44717,정치
ynat-v1_train_18667,세계
ynat-v1_train_14115,정치
ynat-v1_train_02241,IT과학
ynat-v1_train_30337,스포츠
ynat-v1_train_36103,세계
ynat-v1_train_17943,생활문화
ynat-v1_train_05158,경제
ynat-v1_train_26503,생활문화
ynat-v1_train_40148,생활문화
ynat-v1_train_41285,IT과학
ynat-v1_train_39220,정치
ynat-v1_train_27308,세계
ynat-v1_train_30824,사회
ynat-v1_train_14789,세계
ynat-v1_train_30497,경제
ynat-v1_train_45243,IT과학
ynat-v1_train_07255,정치
ynat-v1_train_37388,정치
ynat-v1_train_24405,사회
ynat-v1_train_07412,생활문화
ynat-v1_train_44222,사회
ynat-v1_train_40688,정치
ynat-v1_train_25796,IT과학
ynat-v1_train_11573,사회
ynat-v1_train_18917,생활문화
ynat-v1_train_37465,세계
ynat-v1_train_16259,IT과학
ynat-v1_train_07409,IT과학
ynat-v1_train_30793,세계
ynat-v1_train_00141,사회
ynat-v1_train_34153,IT과학
ynat-v1_train_28822,생활문화
ynat-v1_train_25115,세계
ynat-v1_train_38909,생활문화
ynat-v1_train_11142,세계
ynat-v1_train_04133,정치
ynat-v1_train_40800,정치
ynat-v1_train_36004,스포츠
ynat-v1_train_29939,사회
ynat-v1_train_43874,스포츠
ynat-v1_train_29010,경제
ynat-v1_train_37571,생활문화
ynat-v1_train_01361,세계
ynat-v1_train_06439,스포츠
ynat-v1_train_27954,정치
ynat-v1_train_02692,스포츠
ynat-v1_train_29326,생활문화
ynat-v1_train_26953,스포츠
ynat-v1_train_06506,스포츠
ynat-v1_train_21775,사회
ynat-v1_train_42992,IT과학
ynat-v1_train_41388,경제
ynat-v1_train_43368,IT과학
ynat-v1_train_21872,정치
ynat-v1_train_21042,경제
ynat-v1_train_13104,IT과학
ynat-v1_train_37935,스포츠
ynat-v1_train_24480,IT과학
ynat-v1_train_22754,생활문화
ynat-v1_train_30528,세계
ynat-v1_train_07150,정치
ynat-v1_train_04597,사회
ynat-v1_train_38335,스포츠
ynat-v1_train_29426,생활문화
ynat-v1_train_37031,경제
ynat-v1_train_41434,정치
ynat-v1_train_17672,세계
ynat-v1_train_29688,정치
ynat-v1_train_26236,정치
ynat-v1_train_25727,경제
ynat-v1_train_13844,생활문화
ynat-v1_train_00390,생활문화
ynat-v1_train_27546,정치
ynat-v1_train_00714,생활문화
ynat-v1_train_09776,생활문화
ynat-v1_train_45657,IT과학
ynat-v1_train_43761,사회
ynat-v1_train_40138,생활문화
ynat-v1_train_27322,세계
ynat-v1_train_43255,경제
ynat-v1_train_37615,스포츠
ynat-v1_train_41706,세계
ynat-v1_train_02437,경제
ynat-v1_train_26372,스포츠
ynat-v1_train_18727,경제
ynat-v1_train_38817,스포츠
ynat-v1_train_04410,경제
ynat-v1_train_39329,정치
ynat-v1_train_07174,스포츠
ynat-v1_train_36628,세계
ynat-v1_train_04559,스포츠
ynat-v1_train_20471,생활문화
ynat-v1_train_33617,스포츠
ynat-v1_train_12848,정치
ynat-v1_train_33179,경제
ynat-v1_train_18799,세계
ynat-v1_train_30047,정치
ynat-v1_train_08085,정치
ynat-v1_train_22954,생활문화
ynat-v1_train_44648,세계
ynat-v1_train_28973,정치
ynat-v1_train_24671,사회
ynat-v1_train_38853,정치
ynat-v1_train_25538,IT과학
ynat-v1_train_30748,정치
ynat-v1_train_09121,스포츠
ynat-v1_train_02216,경제
ynat-v1_train_12582,생활문화
ynat-v1_train_25867,사회
ynat-v1_train_05217,세계
ynat-v1_train_44299,IT과학
ynat-v1_train_13992,스포츠
ynat-v1_train_24112,세계
ynat-v1_train_15958,생활문화
ynat-v1_train_10292,IT과학
ynat-v1_train_18115,스포츠
ynat-v1_train_30389,스포츠
ynat-v1_train_26129,IT과학
ynat-v1_train_10664,스포츠
ynat-v1_train_05176,세계
ynat-v1_train_44434,스포츠
ynat-v1_train_08974,정치
ynat-v1_train_17823,스포츠
ynat-v1_train_34331,스포츠
ynat-v1_train_35698,경제
ynat-v1_train_36582,세계
ynat-v1_train_12317,세계
ynat-v1_train_30948,스포츠
ynat-v1_train_14482,생활문화
ynat-v1_train_35272,스포츠
ynat-v1_train_19927,스포츠
ynat-v1_train_27326,정치
ynat-v1_train_37234,정치
ynat-v1_train_28325,경제
ynat-v1_train_01805,세계
ynat-v1_train_26104,생활문화
ynat-v1_train_01646,정치
ynat-v1_train_38073,스포츠
ynat-v1_train_22103,경제
ynat-v1_train_07873,사회
ynat-v1_train_19030,경제
ynat-v1_train_14755,정치
ynat-v1_train_12817,사회
ynat-v1_train_20503,세계
ynat-v1_train_09539,경제
ynat-v1_train_21342,경제
ynat-v1_train_43381,IT과학
ynat-v1_train_18639,생활문화
ynat-v1_train_38323,스포츠
ynat-v1_train_42630,세계
ynat-v1_train_40540,정치
ynat-v1_train_17362,사회
ynat-v1_train_30996,정치
ynat-v1_train_22722,정치
ynat-v1_train_31513,스포츠
ynat-v1_train_43619,세계
ynat-v1_train_08286,사회
ynat-v1_train_27437,IT과학
ynat-v1_train_12679,경제
ynat-v1_train_04548,생활문화
ynat-v1_train_28576,IT과학
ynat-v1_train_41137,스포츠
ynat-v1_train_18123,사회
ynat-v1_train_04652,생활문화
ynat-v1_train_45036,세계
ynat-v1_train_22633,스포츠
ynat-v1_train_42907,정치
ynat-v1_train_44581,IT과학
ynat-v1_train_39507,세계
ynat-v1_train_32306,IT과학
ynat-v1_train_20126,스포츠
ynat-v1_train_11760,세계
ynat-v1_train_23850,사회
ynat-v1_train_13006,사회
ynat-v1_train_41082,정치
ynat-v1_train_37134,사회
ynat-v1_train_04218,IT과학
ynat-v1_train_22317,생활문화
ynat-v1_train_13057,스포츠
ynat-v1_train_34134,정치
ynat-v1_train_45026,생활문화
ynat-v1_train_26070,생활문화
ynat-v1_train_25762,사회
ynat-v1_train_27423,사회
ynat-v1_train_32152,경제
ynat-v1_train_05950,세계
ynat-v1_train_30295,사회
ynat-v1_train_26688,경제
ynat-v1_train_02465,스포츠
ynat-v1_train_44759,경제
ynat-v1_train_29995,생활문화
ynat-v1_train_22388,경제
ynat-v1_train_19620,사회
ynat-v1_train_17557,정치
ynat-v1_train_19058,생활문화
ynat-v1_train_20706,IT과학
ynat-v1_train_32817,생활문화
ynat-v1_train_25212,정치
ynat-v1_train_24829,IT과학
ynat-v1_train_12920,스포츠
ynat-v1_train_05481,생활문화
ynat-v1_train_42014,스포츠
ynat-v1_train_32474,정치
ynat-v1_train_36215,사회
ynat-v1_train_28985,세계
ynat-v1_train_22089,사회
ynat-v1_train_32060,세계
ynat-v1_train_26412,스포츠
ynat-v1_train_16559,세계
ynat-v1_train_03682,세계
ynat-v1_train_19650,세계
ynat-v1_train_13241,IT과학
ynat-v1_train_03708,세계
ynat-v1_train_14926,세계
ynat-v1_train_45125,세계
ynat-v1_train_11579,생활문화
ynat-v1_train_11858,세계
ynat-v1_train_28757,사회
ynat-v1_train_37827,세계
ynat-v1_train_26359,정치
ynat-v1_train_32320,세계
ynat-v1_train_03008,IT과학
ynat-v1_train_16006,스포츠
ynat-v1_train_16545,IT과학
ynat-v1_train_02293,사회
ynat-v1_train_16631,경제
ynat-v1_train_06691,경제
ynat-v1_train_00243,세계
ynat-v1_train_34939,사회
ynat-v1_train_02638,정치
ynat-v1_train_15980,세계
ynat-v1_train_09138,경제
ynat-v1_train_24086,세계
ynat-v1_train_11513,생활문화
ynat-v1_train_13480,정치
ynat-v1_train_38620,생활문화
ynat-v1_train_04368,생활문화
ynat-v1_train_21460,세계
ynat-v1_train_41103,사회
ynat-v1_train_01599,스포츠
ynat-v1_train_22454,경제
ynat-v1_train_08484,IT과학
ynat-v1_train_25043,경제
ynat-v1_train_31387,경제
ynat-v1_train_10497,경제
ynat-v1_train_18956,IT과학
ynat-v1_train_07909,세계
ynat-v1_train_12272,IT과학
ynat-v1_train_30016,경제
ynat-v1_train_25036,IT과학
ynat-v1_train_07299,사회
ynat-v1_train_14147,세계
ynat-v1_train_20043,정치
ynat-v1_train_00017,사회
ynat-v1_train_15727,사회
ynat-v1_train_02118,경제
ynat-v1_train_25620,IT과학
ynat-v1_train_06597,경제
ynat-v1_train_03755,정치
ynat-v1_train_26719,생활문화
ynat-v1_train_05471,IT과학
ynat-v1_train_21120,정치
ynat-v1_train_11067,경제
ynat-v1_train_13429,생활문화
ynat-v1_train_21132,스포츠
ynat-v1_train_27618,스포츠
ynat-v1_train_12173,세계
ynat-v1_train_24311,스포츠
ynat-v1_train_20469,스포츠
ynat-v1_train_24542,사회
ynat-v1_train_40209,스포츠
ynat-v1_train_28481,생활문화
ynat-v1_train_29094,정치
ynat-v1_train_37098,IT과학
ynat-v1_train_38846,스포츠
ynat-v1_train_00948,생활문화
ynat-v1_train_38769,IT과학
ynat-v1_train_03363,생활문화
ynat-v1_train_17097,스포츠
ynat-v1_train_30448,IT과학
ynat-v1_train_07680,IT과학
ynat-v1_train_22030,세계
ynat-v1_train_38783,정치
ynat-v1_train_13899,사회
ynat-v1_train_26484,정치
ynat-v1_train_38538,스포츠
ynat-v1_train_38204,세계
ynat-v1_train_04658,IT과학
ynat-v1_train_18150,스포츠
ynat-v1_train_14221,정치
ynat-v1_train_16320,생활문화
ynat-v1_train_05251,세계
ynat-v1_train_24678,스포츠
ynat-v1_train_44890,사회
ynat-v1_train_01028,정치
ynat-v1_train_09809,생활문화
ynat-v1_train_30177,정치
ynat-v1_train_14802,스포츠
ynat-v1_train_23981,스포츠
ynat-v1_train_09012,사회
ynat-v1_train_02248,정치
ynat-v1_train_38987,생활문화
ynat-v1_train_17251,세계
ynat-v1_train_18241,정치
ynat-v1_train_16146,스포츠
ynat-v1_train_04235,경제
ynat-v1_train_12988,정치
ynat-v1_train_09623,사회
ynat-v1_train_01187,스포츠
ynat-v1_train_11892,세계
ynat-v1_train_05278,세계
ynat-v1_train_28435,IT과학
ynat-v1_train_18200,스포츠
ynat-v1_train_09408,정치
ynat-v1_train_21470,정치
ynat-v1_train_39674,생활문화
ynat-v1_train_07175,세계
ynat-v1_train_37598,IT과학
ynat-v1_train_30981,경제
ynat-v1_train_09916,스포츠
ynat-v1_train_09351,정치
ynat-v1_train_23816,경제
ynat-v1_train_18580,세계
ynat-v1_train_21960,IT과학
ynat-v1_train_24650,IT과학
ynat-v1_train_12895,IT과학
ynat-v1_train_19709,정치
ynat-v1_train_12810,세계
ynat-v1_train_01129,정치
ynat-v1_train_20324,스포츠
ynat-v1_train_28571,생활문화
ynat-v1_train_04814,경제
ynat-v1_train_44294,스포츠
ynat-v1_train_37162,정치
ynat-v1_train_21670,스포츠
ynat-v1_train_44736,생활문화
ynat-v1_train_09407,정치
ynat-v1_train_37304,세계
ynat-v1_train_34732,사회
ynat-v1_train_16239,경제
ynat-v1_train_32447,세계
ynat-v1_train_05875,스포츠
ynat-v1_train_13431,IT과학
ynat-v1_train_36633,IT과학
ynat-v1_train_24441,경제
ynat-v1_train_45622,경제
ynat-v1_train_00817,세계
ynat-v1_train_26784,세계
ynat-v1_train_23306,IT과학
ynat-v1_train_29790,세계
ynat-v1_train_12212,경제
ynat-v1_train_25771,세계
ynat-v1_train_06352,정치
ynat-v1_train_35128,세계
ynat-v1_train_36335,정치
ynat-v1_train_22480,IT과학
ynat-v1_train_13303,정치
ynat-v1_train_06768,IT과학
ynat-v1_train_20989,사회
ynat-v1_train_13046,정치
ynat-v1_train_20365,스포츠
ynat-v1_train_24965,스포츠
ynat-v1_train_21556,세계
ynat-v1_train_08190,세계
ynat-v1_train_26650,스포츠
ynat-v1_train_16336,생활문화
ynat-v1_train_32885,세계
ynat-v1_train_22421,정치
ynat-v1_train_04239,생활문화
ynat-v1_train_32260,생활문화
ynat-v1_train_03770,정치
ynat-v1_train_17443,경제
ynat-v1_train_33985,스포츠
ynat-v1_train_19544,스포츠
ynat-v1_train_30961,경제
ynat-v1_train_42216,정치
ynat-v1_train_02709,스포츠
ynat-v1_train_18113,정치
ynat-v1_train_19606,경제
ynat-v1_train_39405,생활문화
ynat-v1_train_36209,IT과학
ynat-v1_train_40110,IT과학
ynat-v1_train_06438,IT과학
ynat-v1_train_28213,IT과학
ynat-v1_train_13193,스포츠
ynat-v1_train_17449,세계
ynat-v1_train_13434,사회
ynat-v1_train_25329,정치
ynat-v1_train_12288,정치
ynat-v1_train_32269,스포츠
ynat-v1_train_22203,세계
ynat-v1_train_06673,IT과학
ynat-v1_train_21770,세계
ynat-v1_train_23504,스포츠
ynat-v1_train_00561,정치
ynat-v1_train_32839,스포츠
ynat-v1_train_35856,사회
ynat-v1_train_27153,생활문화
ynat-v1_train_26345,생활문화
ynat-v1_train_38294,스포츠
ynat-v1_train_05073,사회
ynat-v1_train_19615,스포츠
ynat-v1_train_32472,세계
ynat-v1_train_45594,IT과학
ynat-v1_train_06496,세계
ynat-v1_train_24186,정치
ynat-v1_train_31640,세계
ynat-v1_train_20848,사회
ynat-v1_train_06006,IT과학
ynat-v1_train_11752,정치
ynat-v1_train_36850,세계
ynat-v1_train_25868,IT과학
ynat-v1_train_00647,정치
ynat-v1_train_04686,경제
ynat-v1_train_35655,생활문화
ynat-v1_train_15970,생활문화
ynat-v1_train_20055,스포츠
ynat-v1_train_18070,사회
ynat-v1_train_42741,사회
ynat-v1_train_33096,사회
ynat-v1_train_39152,스포츠
ynat-v1_train_34212,정치
ynat-v1_train_09574,세계
ynat-v1_train_36718,생활문화
ynat-v1_train_09825,정치
ynat-v1_train_40172,정치
ynat-v1_train_30946,세계
ynat-v1_train_36419,세계
ynat-v1_train_44426,스포츠
ynat-v1_train_10721,스포츠
ynat-v1_train_02240,스포츠
ynat-v1_train_20314,IT과학
ynat-v1_train_23636,경제
ynat-v1_train_05735,IT과학
ynat-v1_train_11589,사회
ynat-v1_train_33783,세계
ynat-v1_train_10229,IT과학
ynat-v1_train_00201,스포츠
ynat-v1_train_44545,IT과학
ynat-v1_train_18940,세계
ynat-v1_train_00378,스포츠
ynat-v1_train_35704,세계
ynat-v1_train_24045,스포츠
ynat-v1_train_03312,경제
ynat-v1_train_41085,경제
ynat-v1_train_18755,세계
ynat-v1_train_35532,생활문화
ynat-v1_train_02606,스포츠
ynat-v1_train_25059,사회
ynat-v1_train_44523,생활문화
ynat-v1_train_23123,사회
ynat-v1_train_14919,세계
ynat-v1_train_39631,정치
ynat-v1_train_07967,스포츠
ynat-v1_train_15203,스포츠
ynat-v1_train_38905,경제
ynat-v1_train_45379,정치
ynat-v1_train_42413,스포츠
ynat-v1_train_17755,경제
ynat-v1_train_29171,경제
ynat-v1_train_44624,IT과학
ynat-v1_train_06782,생활문화
ynat-v1_train_16248,세계
ynat-v1_train_42770,세계
ynat-v1_train_03315,세계
ynat-v1_train_38774,스포츠
ynat-v1_train_19574,경제
ynat-v1_train_35746,스포츠
ynat-v1_train_25005,경제
ynat-v1_train_20496,세계
ynat-v1_train_22654,세계
ynat-v1_train_20322,경제
ynat-v1_train_43624,IT과학
ynat-v1_train_20024,세계
ynat-v1_train_24473,경제
ynat-v1_train_09815,경제
ynat-v1_train_38093,스포츠
ynat-v1_train_40534,사회
ynat-v1_train_35079,사회
ynat-v1_train_37733,정치
ynat-v1_train_39912,경제
ynat-v1_train_26189,스포츠
ynat-v1_train_13535,생활문화
ynat-v1_train_06470,사회
ynat-v1_train_25988,스포츠
ynat-v1_train_26927,생활문화
ynat-v1_train_32368,정치
ynat-v1_train_23879,IT과학
ynat-v1_train_32644,경제
ynat-v1_train_04505,생활문화
ynat-v1_train_24693,정치
ynat-v1_train_15041,정치
ynat-v1_train_03673,스포츠
ynat-v1_train_15639,세계
ynat-v1_train_23161,생활문화
ynat-v1_train_33033,생활문화
ynat-v1_train_00212,생활문화
ynat-v1_train_28818,세계
ynat-v1_train_39790,IT과학
ynat-v1_train_37199,생활문화
ynat-v1_train_38659,IT과학
ynat-v1_train_39274,생활문화
ynat-v1_train_34168,경제
ynat-v1_train_43365,사회
ynat-v1_train_16120,IT과학
ynat-v1_train_11426,세계
ynat-v1_train_28650,스포츠
ynat-v1_train_42597,스포츠
ynat-v1_train_41807,정치
ynat-v1_train_04851,IT과학
ynat-v1_train_36953,스포츠
ynat-v1_train_05075,세계
ynat-v1_train_41024,스포츠
ynat-v1_train_36270,생활문화
ynat-v1_train_16095,스포츠
ynat-v1_train_33377,경제
ynat-v1_train_13931,스포츠
ynat-v1_train_39378,IT과학
ynat-v1_train_21478,IT과학
ynat-v1_train_33523,정치
ynat-v1_train_13777,세계
ynat-v1_train_10496,생활문화
ynat-v1_train_24011,생활문화
ynat-v1_train_32973,세계
ynat-v1_train_09356,경제
ynat-v1_train_37369,스포츠
ynat-v1_train_14238,정치
ynat-v1_train_21104,세계
ynat-v1_train_34704,정치
ynat-v1_train_03442,IT과학
ynat-v1_train_32127,IT과학
ynat-v1_train_03157,정치
ynat-v1_train_35051,사회
ynat-v1_train_06649,세계
ynat-v1_train_18075,세계
ynat-v1_train_32432,정치
ynat-v1_train_13250,생활문화
ynat-v1_train_35809,경제
ynat-v1_train_42733,스포츠
ynat-v1_train_16245,정치
ynat-v1_train_23792,사회
ynat-v1_train_27212,사회
ynat-v1_train_03102,경제
ynat-v1_train_22042,생활문화
ynat-v1_train_30370,IT과학
ynat-v1_train_18531,세계
ynat-v1_train_29731,생활문화
ynat-v1_train_20602,IT과학
ynat-v1_train_31333,IT과학
ynat-v1_train_30756,스포츠
ynat-v1_train_37621,정치
ynat-v1_train_21539,IT과학
ynat-v1_train_00675,세계
ynat-v1_train_12538,IT과학
ynat-v1_train_18953,정치
ynat-v1_train_03801,정치
ynat-v1_train_35963,스포츠
ynat-v1_train_02739,정치
ynat-v1_train_43191,생활문화
ynat-v1_train_42498,정치
ynat-v1_train_11726,IT과학
ynat-v1_train_19053,사회
ynat-v1_train_22464,IT과학
ynat-v1_train_32141,정치
ynat-v1_train_28084,생활문화
ynat-v1_train_14282,IT과학
ynat-v1_train_07645,세계
ynat-v1_train_41882,스포츠
ynat-v1_train_20287,세계
ynat-v1_train_13916,정치
ynat-v1_train_22357,세계
ynat-v1_train_04060,생활문화
ynat-v1_train_34715,스포츠
ynat-v1_train_29472,생활문화
ynat-v1_train_28127,스포츠
ynat-v1_train_45166,스포츠
ynat-v1_train_27247,스포츠
ynat-v1_train_37409,IT과학
ynat-v1_train_26922,IT과학
ynat-v1_train_21858,경제
ynat-v1_train_14901,IT과학
ynat-v1_train_10868,정치
ynat-v1_train_15195,정치
ynat-v1_train_04680,정치
ynat-v1_train_18787,세계
ynat-v1_train_11182,세계
ynat-v1_train_23889,스포츠
ynat-v1_train_18642,사회
ynat-v1_train_16372,IT과학
ynat-v1_train_31346,세계
ynat-v1_train_40142,정치
ynat-v1_train_42708,스포츠
ynat-v1_train_14401,IT과학
ynat-v1_train_16115,세계
ynat-v1_train_19823,IT과학
ynat-v1_train_34695,사회
ynat-v1_train_43664,경제
ynat-v1_train_12053,사회
ynat-v1_train_36288,세계
ynat-v1_train_02766,사회
ynat-v1_train_01907,세계
ynat-v1_train_32295,경제
ynat-v1_train_07916,경제
ynat-v1_train_06882,사회
ynat-v1_train_40469,경제
ynat-v1_train_02921,IT과학
ynat-v1_train_15615,정치
ynat-v1_train_16829,세계
ynat-v1_train_44330,세계
ynat-v1_train_21071,사회
ynat-v1_train_14658,생활문화
ynat-v1_train_23689,정치
ynat-v1_train_04304,생활문화
ynat-v1_train_04237,생활문화
ynat-v1_train_12261,정치
ynat-v1_train_13551,정치
ynat-v1_train_16602,경제
ynat-v1_train_33798,세계
ynat-v1_train_39181,스포츠
ynat-v1_train_16811,경제
ynat-v1_train_27459,생활문화
ynat-v1_train_01265,스포츠
ynat-v1_train_43690,정치
ynat-v1_train_34683,세계
ynat-v1_train_05851,생활문화
ynat-v1_train_25632,세계
ynat-v1_train_22404,세계
ynat-v1_train_01374,정치
ynat-v1_train_07434,정치
ynat-v1_train_09913,사회
ynat-v1_train_12012,경제
ynat-v1_train_22393,스포츠
ynat-v1_train_05551,스포츠
ynat-v1_train_13817,사회
ynat-v1_train_16534,스포츠
ynat-v1_train_12461,사회
ynat-v1_train_10483,생활문화
ynat-v1_train_06778,정치
ynat-v1_train_35733,IT과학
ynat-v1_train_39778,경제
ynat-v1_train_27964,세계
ynat-v1_train_37118,정치
ynat-v1_train_15269,스포츠
ynat-v1_train_40300,정치
ynat-v1_train_33403,IT과학
ynat-v1_train_43980,정치
ynat-v1_train_07925,스포츠
ynat-v1_train_45051,경제
ynat-v1_train_17182,세계
ynat-v1_train_22478,스포츠
ynat-v1_train_26299,세계
ynat-v1_train_12371,사회
ynat-v1_train_27814,정치
ynat-v1_train_20030,세계
ynat-v1_train_24527,IT과학
ynat-v1_train_19856,사회
ynat-v1_train_34802,정치
ynat-v1_train_42425,경제
ynat-v1_train_43893,생활문화
ynat-v1_train_35263,스포츠
ynat-v1_train_29668,생활문화
ynat-v1_train_33645,생활문화
ynat-v1_train_37174,정치
ynat-v1_train_19516,스포츠
ynat-v1_train_44142,경제
ynat-v1_train_29276,생활문화
ynat-v1_train_03658,정치
ynat-v1_train_28298,경제
ynat-v1_train_16920,스포츠
ynat-v1_train_30652,세계
ynat-v1_train_30635,경제
ynat-v1_train_44865,세계
ynat-v1_train_00472,생활문화
ynat-v1_train_32020,경제
ynat-v1_train_11535,세계
ynat-v1_train_15108,세계
ynat-v1_train_34951,IT과학
ynat-v1_train_07548,스포츠
ynat-v1_train_33099,스포츠
ynat-v1_train_09965,스포츠
ynat-v1_train_05270,사회
ynat-v1_train_38700,생활문화
ynat-v1_train_11652,경제
ynat-v1_train_12857,정치
ynat-v1_train_20812,사회
ynat-v1_train_18287,사회
ynat-v1_train_23734,경제
ynat-v1_train_23522,정치
ynat-v1_train_18092,스포츠
ynat-v1_train_27901,정치
ynat-v1_train_05995,정치
ynat-v1_train_15885,스포츠
ynat-v1_train_45231,스포츠
ynat-v1_train_13191,경제
ynat-v1_train_25722,생활문화
ynat-v1_train_07831,경제
ynat-v1_train_43320,스포츠
ynat-v1_train_34531,IT과학
ynat-v1_train_04046,생활문화
ynat-v1_train_22775,스포츠
ynat-v1_train_22732,IT과학
ynat-v1_train_00454,IT과학
ynat-v1_train_26912,정치
ynat-v1_train_25668,스포츠
ynat-v1_train_44226,정치
ynat-v1_train_17300,정치
ynat-v1_train_21338,사회
ynat-v1_train_02758,세계
ynat-v1_train_23558,세계
ynat-v1_train_34645,IT과학
ynat-v1_train_03272,세계
ynat-v1_train_33330,스포츠
ynat-v1_train_22094,IT과학
ynat-v1_train_09554,IT과학
ynat-v1_train_35371,세계
ynat-v1_train_10609,세계
ynat-v1_train_44846,생활문화
ynat-v1_train_20687,사회
ynat-v1_train_32714,세계
ynat-v1_train_17339,세계
ynat-v1_train_42793,세계
ynat-v1_train_44223,사회
ynat-v1_train_29092,IT과학
ynat-v1_train_00613,생활문화
ynat-v1_train_18603,사회
ynat-v1_train_37655,IT과학
ynat-v1_train_08746,스포츠
ynat-v1_train_19190,생활문화
ynat-v1_train_13653,정치
ynat-v1_train_05180,생활문화
ynat-v1_train_28055,스포츠
ynat-v1_train_39047,경제
ynat-v1_train_29179,스포츠
ynat-v1_train_21302,IT과학
ynat-v1_train_36221,경제
ynat-v1_train_39717,스포츠
ynat-v1_train_07374,세계
ynat-v1_train_06315,사회
ynat-v1_train_40103,세계
ynat-v1_train_10964,사회
ynat-v1_train_37693,세계
ynat-v1_train_00767,생활문화
ynat-v1_train_39719,사회
ynat-v1_train_31782,사회
ynat-v1_train_13035,스포츠
ynat-v1_train_08920,스포츠
ynat-v1_train_28077,IT과학
ynat-v1_train_03560,스포츠
ynat-v1_train_10825,경제
ynat-v1_train_31050,세계
ynat-v1_train_13806,세계
ynat-v1_train_20404,스포츠
ynat-v1_train_08562,세계
ynat-v1_train_26601,경제
ynat-v1_train_30734,IT과학
ynat-v1_train_32632,스포츠
ynat-v1_train_19128,세계
ynat-v1_train_09417,세계
ynat-v1_train_10974,사회
ynat-v1_train_10624,정치
ynat-v1_train_41370,스포츠
ynat-v1_train_18358,경제
ynat-v1_train_20708,사회
ynat-v1_train_41889,정치
ynat-v1_train_03899,정치
ynat-v1_train_33498,경제
ynat-v1_train_08551,정치
ynat-v1_train_00516,경제
ynat-v1_train_05700,경제
ynat-v1_train_09624,IT과학
ynat-v1_train_09429,스포츠
ynat-v1_train_00989,스포츠
ynat-v1_train_05211,생활문화
ynat-v1_train_33693,세계
ynat-v1_train_36125,IT과학
ynat-v1_train_25680,스포츠
ynat-v1_train_42764,세계
ynat-v1_train_10736,세계
ynat-v1_train_19850,IT과학
ynat-v1_train_10115,IT과학
ynat-v1_train_45042,스포츠
ynat-v1_train_34360,경제
ynat-v1_train_00096,정치
ynat-v1_train_25282,스포츠
ynat-v1_train_34033,사회
ynat-v1_train_37847,IT과학
ynat-v1_train_01075,경제
ynat-v1_train_17897,경제
ynat-v1_train_15230,IT과학
ynat-v1_train_26555,정치
ynat-v1_train_19171,세계
ynat-v1_train_11877,생활문화
ynat-v1_train_00782,정치
ynat-v1_train_07338,IT과학
ynat-v1_train_25931,경제
ynat-v1_train_18136,생활문화
ynat-v1_train_07824,생활문화
ynat-v1_train_16898,세계
ynat-v1_train_12686,사회
ynat-v1_train_14905,스포츠
ynat-v1_train_10992,경제
ynat-v1_train_03066,생활문화
ynat-v1_train_10223,사회
ynat-v1_train_01538,정치
ynat-v1_train_02108,생활문화
ynat-v1_train_01385,경제
ynat-v1_train_27341,정치
ynat-v1_train_12708,생활문화
ynat-v1_train_22756,생활문화
ynat-v1_train_22340,스포츠
ynat-v1_train_43529,IT과학
ynat-v1_train_05886,경제
ynat-v1_train_26654,스포츠
ynat-v1_train_42401,생활문화
ynat-v1_train_45061,세계
ynat-v1_train_26697,IT과학
ynat-v1_train_14993,경제
ynat-v1_train_27286,IT과학
ynat-v1_train_27685,사회
ynat-v1_train_18585,경제
ynat-v1_train_12493,세계
ynat-v1_train_40325,경제
ynat-v1_train_28394,사회
ynat-v1_train_07754,정치
ynat-v1_train_08238,세계
ynat-v1_train_42348,사회
ynat-v1_train_43111,경제
ynat-v1_train_24767,IT과학
ynat-v1_train_10139,사회
ynat-v1_train_26034,스포츠
ynat-v1_train_44020,정치
ynat-v1_train_43132,정치
ynat-v1_train_05676,IT과학
ynat-v1_train_37400,생활문화
ynat-v1_train_32340,스포츠
ynat-v1_train_34448,정치
ynat-v1_train_43930,세계
ynat-v1_train_06666,사회
ynat-v1_train_12646,정치
ynat-v1_train_15081,IT과학
ynat-v1_train_26854,사회
ynat-v1_train_34599,세계
ynat-v1_train_43861,정치
ynat-v1_train_06893,정치
ynat-v1_train_03931,정치
ynat-v1_train_23878,생활문화
ynat-v1_train_04371,스포츠
ynat-v1_train_11161,스포츠
ynat-v1_train_25411,스포츠
ynat-v1_train_05185,경제
ynat-v1_train_33667,IT과학
ynat-v1_train_10126,정치
ynat-v1_train_12924,사회
ynat-v1_train_35595,생활문화
ynat-v1_train_39969,세계
ynat-v1_train_29669,IT과학
ynat-v1_train_32597,세계
ynat-v1_train_17629,생활문화
ynat-v1_train_45132,경제
ynat-v1_train_34227,경제
ynat-v1_train_38328,스포츠
ynat-v1_train_27923,세계
ynat-v1_train_09718,스포츠
ynat-v1_train_26987,정치
ynat-v1_train_04078,경제
ynat-v1_train_24607,정치
ynat-v1_train_18632,세계
ynat-v1_train_13720,IT과학
ynat-v1_train_41594,IT과학
ynat-v1_train_34667,IT과학
ynat-v1_train_12450,경제
ynat-v1_train_27628,세계
ynat-v1_train_32286,세계
ynat-v1_train_21004,정치
ynat-v1_train_01624,IT과학
ynat-v1_train_36395,세계
ynat-v1_train_38924,세계
ynat-v1_train_10617,경제
ynat-v1_train_18759,생활문화
ynat-v1_train_19246,IT과학
ynat-v1_train_40039,사회
ynat-v1_train_13861,스포츠
ynat-v1_train_26789,생활문화
ynat-v1_train_06148,정치
ynat-v1_train_43201,생활문화
ynat-v1_train_17490,IT과학
ynat-v1_train_36903,IT과학
ynat-v1_train_09621,세계
ynat-v1_train_10584,세계
ynat-v1_train_09004,사회
ynat-v1_train_29781,사회
ynat-v1_train_37868,정치
ynat-v1_train_24108,정치
ynat-v1_train_28517,세계
ynat-v1_train_42902,경제
ynat-v1_train_05528,정치
ynat-v1_train_26801,정치
ynat-v1_train_21939,경제
ynat-v1_train_20464,정치
ynat-v1_train_23513,세계
ynat-v1_train_15005,세계
ynat-v1_train_39751,세계
ynat-v1_train_25140,IT과학
ynat-v1_train_19063,사회
ynat-v1_train_19377,사회
ynat-v1_train_33827,IT과학
ynat-v1_train_03001,IT과학
ynat-v1_train_04586,정치
ynat-v1_train_05965,스포츠
ynat-v1_train_11013,사회
ynat-v1_train_03240,스포츠
ynat-v1_train_37587,스포츠
ynat-v1_train_15039,생활문화
ynat-v1_train_22038,스포츠
ynat-v1_train_14058,IT과학
ynat-v1_train_44471,세계
ynat-v1_train_23166,정치
ynat-v1_train_23626,세계
ynat-v1_train_21106,IT과학
ynat-v1_train_02906,경제
ynat-v1_train_44484,생활문화
ynat-v1_train_15332,세계
ynat-v1_train_25400,IT과학
ynat-v1_train_23662,IT과학
ynat-v1_train_30565,스포츠
ynat-v1_train_19604,스포츠
ynat-v1_train_10398,세계
ynat-v1_train_23539,스포츠
ynat-v1_train_03321,세계
ynat-v1_train_18145,사회
ynat-v1_train_24841,사회
ynat-v1_train_09402,경제
ynat-v1_train_26653,경제
ynat-v1_train_21986,경제
ynat-v1_train_41313,정치
ynat-v1_train_36794,세계
ynat-v1_train_18332,정치
ynat-v1_train_11927,스포츠
ynat-v1_train_34527,세계
ynat-v1_train_41288,정치
ynat-v1_train_11469,정치
ynat-v1_train_45213,사회
ynat-v1_train_43516,스포츠
ynat-v1_train_02173,정치
ynat-v1_train_27017,사회
ynat-v1_train_17051,세계
ynat-v1_train_41394,세계
ynat-v1_train_32590,세계
ynat-v1_train_20591,사회
ynat-v1_train_24778,생활문화
ynat-v1_train_09819,스포츠
ynat-v1_train_24127,스포츠
ynat-v1_train_28030,IT과학
ynat-v1_train_33981,생활문화
ynat-v1_train_12382,세계
ynat-v1_train_02668,스포츠
ynat-v1_train_03406,세계
ynat-v1_train_38865,경제
ynat-v1_train_16076,스포츠
ynat-v1_train_32006,경제
ynat-v1_train_38506,스포츠
ynat-v1_train_17947,생활문화
ynat-v1_train_24849,생활문화
ynat-v1_train_18254,생활문화
ynat-v1_train_45368,정치
ynat-v1_train_40550,경제
ynat-v1_train_34475,생활문화
ynat-v1_train_08794,생활문화
ynat-v1_train_39767,정치
ynat-v1_train_17209,정치
ynat-v1_train_37397,정치
ynat-v1_train_25753,세계
ynat-v1_train_16836,세계
ynat-v1_train_43292,정치
ynat-v1_train_17101,정치
ynat-v1_train_23488,생활문화
ynat-v1_train_24594,IT과학
ynat-v1_train_45306,세계
ynat-v1_train_45351,정치
ynat-v1_train_34210,세계
ynat-v1_train_44463,스포츠
ynat-v1_train_27808,IT과학
ynat-v1_train_00708,세계
ynat-v1_train_10307,생활문화
ynat-v1_train_21559,세계
ynat-v1_train_43904,스포츠
ynat-v1_train_36162,정치
ynat-v1_train_21708,경제
ynat-v1_train_18119,스포츠
ynat-v1_train_15353,사회
ynat-v1_train_04883,IT과학
ynat-v1_train_42546,생활문화
ynat-v1_train_07664,사회
ynat-v1_train_44315,IT과학
ynat-v1_train_08219,정치
ynat-v1_train_42732,IT과학
ynat-v1_train_25974,스포츠
ynat-v1_train_34592,사회
ynat-v1_train_33118,IT과학
ynat-v1_train_12271,정치
ynat-v1_train_19549,스포츠
ynat-v1_train_03223,IT과학
ynat-v1_train_03408,생활문화
ynat-v1_train_06854,경제
ynat-v1_train_08456,경제
ynat-v1_train_19347,세계
ynat-v1_train_36063,IT과학
ynat-v1_train_17859,IT과학
ynat-v1_train_16525,스포츠
ynat-v1_train_12944,생활문화
ynat-v1_train_15279,스포츠
ynat-v1_train_08770,사회
ynat-v1_train_35048,경제
ynat-v1_train_07321,세계
ynat-v1_train_19265,스포츠
ynat-v1_train_28740,스포츠
ynat-v1_train_01298,세계
ynat-v1_train_32749,사회
ynat-v1_train_09082,정치
ynat-v1_train_41527,스포츠
ynat-v1_train_11465,정치
ynat-v1_train_22245,정치
ynat-v1_train_39519,스포츠
ynat-v1_train_11651,세계
ynat-v1_train_32394,생활문화
ynat-v1_train_28434,세계
ynat-v1_train_25838,스포츠
ynat-v1_train_42985,세계
ynat-v1_train_12889,정치
ynat-v1_train_13021,사회
ynat-v1_train_00518,정치
ynat-v1_train_33558,IT과학
ynat-v1_train_00357,생활문화
ynat-v1_train_24651,정치
ynat-v1_train_39555,생활문화
ynat-v1_train_01404,세계
ynat-v1_train_21063,사회
ynat-v1_train_39376,생활문화
ynat-v1_train_26120,IT과학
ynat-v1_train_16045,사회
ynat-v1_train_13252,스포츠
ynat-v1_train_19431,세계
ynat-v1_train_33803,정치
ynat-v1_train_44851,정치
ynat-v1_train_10899,세계
ynat-v1_train_21581,세계
ynat-v1_train_29123,스포츠
ynat-v1_train_09810,생활문화
ynat-v1_train_16170,경제
ynat-v1_train_20281,생활문화
ynat-v1_train_44622,정치
ynat-v1_train_25745,사회
ynat-v1_train_36045,경제
ynat-v1_train_07908,경제
ynat-v1_train_09186,IT과학
ynat-v1_train_21030,IT과학
ynat-v1_train_25147,세계
ynat-v1_train_32376,경제
ynat-v1_train_01958,세계
ynat-v1_train_03182,사회
ynat-v1_train_30909,생활문화
ynat-v1_train_16186,정치
ynat-v1_train_12021,세계
ynat-v1_train_24465,정치
ynat-v1_train_32949,IT과학
ynat-v1_train_36551,정치
ynat-v1_train_25706,사회
ynat-v1_train_18509,세계
ynat-v1_train_31517,경제
ynat-v1_train_39998,정치
ynat-v1_train_44153,스포츠
ynat-v1_train_22101,생활문화
ynat-v1_train_09460,세계
ynat-v1_train_32523,사회
ynat-v1_train_13499,경제
ynat-v1_train_10537,경제
ynat-v1_train_11976,세계
ynat-v1_train_41530,세계
ynat-v1_train_28326,세계
ynat-v1_train_15854,경제
ynat-v1_train_43205,생활문화
ynat-v1_train_25529,정치
ynat-v1_train_07103,경제
ynat-v1_train_40612,경제
ynat-v1_train_19225,IT과학
ynat-v1_train_36955,IT과학
ynat-v1_train_42039,생활문화
ynat-v1_train_14496,세계
ynat-v1_train_35457,정치
ynat-v1_train_40361,스포츠
ynat-v1_train_17737,정치
ynat-v1_train_09842,정치
ynat-v1_train_44531,정치
ynat-v1_train_26186,세계
ynat-v1_train_09811,사회
ynat-v1_train_39546,세계
ynat-v1_train_34202,경제
ynat-v1_train_30569,사회
ynat-v1_train_32575,IT과학
ynat-v1_train_12205,정치
ynat-v1_train_11082,IT과학
ynat-v1_train_34904,정치
ynat-v1_train_32292,IT과학
ynat-v1_train_33881,경제
ynat-v1_train_16184,경제
ynat-v1_train_33208,생활문화
ynat-v1_train_34125,사회
ynat-v1_train_36774,세계
ynat-v1_train_29370,정치
ynat-v1_train_00105,세계
ynat-v1_train_15174,IT과학
ynat-v1_train_10839,세계
ynat-v1_train_08739,세계
ynat-v1_train_12684,세계
ynat-v1_train_39827,경제
ynat-v1_train_07465,스포츠
ynat-v1_train_13907,세계
ynat-v1_train_43550,정치
ynat-v1_train_20180,사회
ynat-v1_train_18438,정치
ynat-v1_train_35624,사회
ynat-v1_train_16474,사회
ynat-v1_train_30201,IT과학
ynat-v1_train_27071,세계
ynat-v1_train_23063,정치
ynat-v1_train_00772,경제
ynat-v1_train_20940,경제
ynat-v1_train_06019,정치
ynat-v1_train_02671,경제
ynat-v1_train_26593,스포츠
ynat-v1_train_03146,경제
ynat-v1_train_29824,IT과학
ynat-v1_train_06901,사회
ynat-v1_train_16039,세계
ynat-v1_train_20636,정치
ynat-v1_train_31965,정치
ynat-v1_train_29719,사회
ynat-v1_train_23640,경제
ynat-v1_train_16666,경제
ynat-v1_train_09347,스포츠
ynat-v1_train_34832,세계
ynat-v1_train_28605,세계
ynat-v1_train_39489,경제
ynat-v1_train_34220,정치
ynat-v1_train_07247,경제
ynat-v1_train_27276,생활문화
ynat-v1_train_09127,생활문화
ynat-v1_train_36920,세계
ynat-v1_train_41786,스포츠
ynat-v1_train_44057,IT과학
ynat-v1_train_35191,사회
ynat-v1_train_34516,스포츠
ynat-v1_train_13985,세계
ynat-v1_train_11265,정치
ynat-v1_train_34911,스포츠
ynat-v1_train_12879,경제
ynat-v1_train_30168,세계
ynat-v1_train_10606,세계
ynat-v1_train_43273,생활문화
ynat-v1_train_17580,IT과학
ynat-v1_train_17499,생활문화
ynat-v1_train_31579,IT과학
ynat-v1_train_15292,생활문화
ynat-v1_train_00100,스포츠
ynat-v1_train_02454,정치
ynat-v1_train_28820,세계
ynat-v1_train_14566,사회
ynat-v1_train_25253,경제
ynat-v1_train_19322,경제
ynat-v1_train_35929,세계
ynat-v1_train_11994,정치
ynat-v1_train_30974,생활문화
ynat-v1_train_43898,스포츠
ynat-v1_train_34866,경제
ynat-v1_train_05400,정치
ynat-v1_train_25511,스포츠
ynat-v1_train_02586,세계
ynat-v1_train_30625,사회
ynat-v1_train_16509,세계
ynat-v1_train_34214,정치
ynat-v1_train_33095,IT과학
ynat-v1_train_37882,스포츠
ynat-v1_train_21305,스포츠
ynat-v1_train_37872,정치
ynat-v1_train_34948,정치
ynat-v1_train_24262,생활문화
ynat-v1_train_42859,스포츠
ynat-v1_train_06028,세계
ynat-v1_train_04812,스포츠
ynat-v1_train_24606,스포츠
ynat-v1_train_35218,사회
ynat-v1_train_38664,생활문화
ynat-v1_train_25847,IT과학
ynat-v1_train_43533,세계
ynat-v1_train_19496,정치
ynat-v1_train_00099,경제
ynat-v1_train_30375,정치
ynat-v1_train_34257,스포츠
ynat-v1_train_29466,세계
ynat-v1_train_34653,IT과학
ynat-v1_train_19831,경제
ynat-v1_train_03145,생활문화
ynat-v1_train_28102,사회
ynat-v1_train_11705,IT과학
ynat-v1_train_34759,정치
ynat-v1_train_10169,스포츠
ynat-v1_train_38698,세계
ynat-v1_train_20936,사회
ynat-v1_train_31438,정치
ynat-v1_train_14624,정치
ynat-v1_train_28875,정치
ynat-v1_train_09689,생활문화
ynat-v1_train_09509,스포츠
ynat-v1_train_19172,IT과학
ynat-v1_train_29333,스포츠
ynat-v1_train_29876,세계
ynat-v1_train_34804,생활문화
ynat-v1_train_30147,세계
ynat-v1_train_04951,생활문화
ynat-v1_train_35129,사회
ynat-v1_train_25151,사회
ynat-v1_train_01437,정치
ynat-v1_train_34707,스포츠
ynat-v1_train_43972,스포츠
ynat-v1_train_37002,경제
ynat-v1_train_23455,정치
ynat-v1_train_05101,사회
ynat-v1_train_01675,생활문화
ynat-v1_train_00770,생활문화
ynat-v1_train_22331,세계
ynat-v1_train_22266,스포츠
ynat-v1_train_35811,세계
ynat-v1_train_06781,세계
ynat-v1_train_22557,IT과학
ynat-v1_train_15601,IT과학
ynat-v1_train_13085,IT과학
ynat-v1_train_09512,경제
ynat-v1_train_17463,스포츠
ynat-v1_train_32327,IT과학
ynat-v1_train_16962,정치
ynat-v1_train_36483,스포츠
ynat-v1_train_22157,IT과학
ynat-v1_train_45234,세계
ynat-v1_train_03519,정치
ynat-v1_train_43232,정치
ynat-v1_train_02467,생활문화
ynat-v1_train_40620,생활문화
ynat-v1_train_23082,생활문화
ynat-v1_train_34405,스포츠
ynat-v1_train_03304,IT과학
ynat-v1_train_31989,세계
ynat-v1_train_00792,경제
ynat-v1_train_00438,정치
ynat-v1_train_14434,스포츠
ynat-v1_train_20311,사회
ynat-v1_train_44945,정치
ynat-v1_train_01280,IT과학
ynat-v1_train_14223,스포츠
ynat-v1_train_42182,사회
ynat-v1_train_28667,스포츠
ynat-v1_train_37398,IT과학
ynat-v1_train_07419,스포츠
ynat-v1_train_02152,스포츠
ynat-v1_train_10869,정치
ynat-v1_train_26020,스포츠
ynat-v1_train_16538,IT과학
ynat-v1_train_40334,사회
ynat-v1_train_28145,IT과학
ynat-v1_train_27532,IT과학
ynat-v1_train_19228,IT과학
ynat-v1_train_08419,사회
ynat-v1_train_32428,스포츠
ynat-v1_train_37039,세계
ynat-v1_train_41057,스포츠
ynat-v1_train_35890,정치
ynat-v1_train_30816,세계
ynat-v1_train_05927,생활문화
ynat-v1_train_31148,스포츠
ynat-v1_train_16263,경제
ynat-v1_train_10712,스포츠
ynat-v1_train_37168,정치
ynat-v1_train_15141,정치
ynat-v1_train_40192,스포츠
ynat-v1_train_41016,경제
ynat-v1_train_24856,정치
ynat-v1_train_17869,IT과학
ynat-v1_train_25997,정치
ynat-v1_train_35636,스포츠
ynat-v1_train_11148,정치
ynat-v1_train_25394,경제
ynat-v1_train_21219,사회
ynat-v1_train_25976,IT과학
ynat-v1_train_11566,정치
ynat-v1_train_11896,정치
ynat-v1_train_23409,정치
ynat-v1_train_22984,생활문화
ynat-v1_train_06199,사회
ynat-v1_train_10637,경제
ynat-v1_train_07085,세계
ynat-v1_train_09454,경제
ynat-v1_train_15947,생활문화
ynat-v1_train_36075,경제
ynat-v1_train_01717,생활문화
ynat-v1_train_11188,생활문화
ynat-v1_train_32435,스포츠
ynat-v1_train_08282,생활문화
ynat-v1_train_31383,스포츠
ynat-v1_train_17841,경제
ynat-v1_train_19219,정치
ynat-v1_train_44013,IT과학
ynat-v1_train_11473,IT과학
ynat-v1_train_07705,IT과학
ynat-v1_train_08529,생활문화
ynat-v1_train_14074,스포츠
ynat-v1_train_10707,경제
ynat-v1_train_34304,스포츠
ynat-v1_train_27925,세계
ynat-v1_train_23427,스포츠
ynat-v1_train_35934,경제
ynat-v1_train_29434,IT과학
ynat-v1_train_13726,세계
ynat-v1_train_42820,경제
ynat-v1_train_31573,경제
ynat-v1_train_33600,정치
ynat-v1_train_34244,IT과학
ynat-v1_train_29869,세계
ynat-v1_train_45059,사회
ynat-v1_train_02818,정치
ynat-v1_train_32906,세계
ynat-v1_train_18994,IT과학
ynat-v1_train_34740,스포츠
ynat-v1_train_25038,정치
ynat-v1_train_39394,사회
ynat-v1_train_39262,생활문화
ynat-v1_train_03696,경제
ynat-v1_train_03809,세계
ynat-v1_train_16540,경제
ynat-v1_train_10416,IT과학
ynat-v1_train_14230,정치
ynat-v1_train_22743,세계
ynat-v1_train_27167,생활문화
ynat-v1_train_21462,정치
ynat-v1_train_06510,정치
ynat-v1_train_39120,경제
ynat-v1_train_03539,생활문화
ynat-v1_train_42124,IT과학
ynat-v1_train_03953,경제
ynat-v1_train_01783,정치
ynat-v1_train_41279,경제
ynat-v1_train_07400,경제
ynat-v1_train_13632,정치
ynat-v1_train_15954,생활문화
ynat-v1_train_29294,스포츠
ynat-v1_train_11252,생활문화
ynat-v1_train_33977,생활문화
ynat-v1_train_29737,스포츠
ynat-v1_train_44701,스포츠
ynat-v1_train_08819,세계
ynat-v1_train_08277,세계
ynat-v1_train_28844,경제
ynat-v1_train_38189,세계
ynat-v1_train_19309,사회
ynat-v1_train_11637,스포츠
ynat-v1_train_04982,스포츠
ynat-v1_train_45264,IT과학
ynat-v1_train_03894,경제
ynat-v1_train_37742,사회
ynat-v1_train_25983,스포츠
ynat-v1_train_19333,경제
ynat-v1_train_08527,세계
ynat-v1_train_07231,경제
ynat-v1_train_04741,정치
ynat-v1_train_05307,세계
ynat-v1_train_11228,IT과학
ynat-v1_train_18997,스포츠
ynat-v1_train_08175,경제
ynat-v1_train_23969,세계
ynat-v1_train_23081,경제
ynat-v1_train_20741,사회
ynat-v1_train_41201,IT과학
ynat-v1_train_25984,IT과학
ynat-v1_train_05789,스포츠
ynat-v1_train_22824,스포츠
ynat-v1_train_19236,정치
ynat-v1_train_18347,정치
ynat-v1_train_20673,생활문화
ynat-v1_train_38015,정치
ynat-v1_train_11690,스포츠
ynat-v1_train_26612,IT과학
ynat-v1_train_41299,정치
ynat-v1_train_26098,정치
ynat-v1_train_06695,스포츠
ynat-v1_train_05074,생활문화
ynat-v1_train_00167,경제
ynat-v1_train_02627,정치
ynat-v1_train_42404,생활문화
ynat-v1_train_21023,IT과학
ynat-v1_train_37893,경제
ynat-v1_train_06038,정치
ynat-v1_train_04402,세계
ynat-v1_train_41758,세계
ynat-v1_train_00059,생활문화
ynat-v1_train_34878,세계
ynat-v1_train_39951,스포츠
ynat-v1_train_39975,정치
ynat-v1_train_32107,스포츠
ynat-v1_train_30359,정치
ynat-v1_train_08732,사회
ynat-v1_train_10255,경제
ynat-v1_train_43297,스포츠
ynat-v1_train_45185,정치
ynat-v1_train_08321,스포츠
ynat-v1_train_41687,IT과학
ynat-v1_train_32165,사회
ynat-v1_train_44128,경제
ynat-v1_train_20386,사회
ynat-v1_train_19164,정치
ynat-v1_train_16938,생활문화
ynat-v1_train_40029,스포츠
ynat-v1_train_36571,세계
ynat-v1_train_06457,정치
ynat-v1_train_07105,스포츠
ynat-v1_train_02331,IT과학
ynat-v1_train_38563,세계
ynat-v1_train_26714,생활문화
ynat-v1_train_40588,생활문화
ynat-v1_train_00252,경제
ynat-v1_train_39174,생활문화
ynat-v1_train_19106,사회
ynat-v1_train_30953,생활문화
ynat-v1_train_15778,사회
ynat-v1_train_10708,세계
ynat-v1_train_30273,세계
ynat-v1_train_22553,사회
ynat-v1_train_35716,사회
ynat-v1_train_28471,IT과학
ynat-v1_train_04005,경제
ynat-v1_train_29231,세계
ynat-v1_train_22797,세계
ynat-v1_train_00393,세계
ynat-v1_train_08547,경제
ynat-v1_train_11098,세계
ynat-v1_train_24811,정치
ynat-v1_train_20868,생활문화
ynat-v1_train_19981,스포츠
ynat-v1_train_15257,세계
ynat-v1_train_05919,생활문화
ynat-v1_train_11522,사회
ynat-v1_train_36065,정치
ynat-v1_train_40818,세계
ynat-v1_train_22065,경제
ynat-v1_train_31350,경제
ynat-v1_train_35470,스포츠
ynat-v1_train_41659,IT과학
ynat-v1_train_27595,사회
ynat-v1_train_28438,경제
ynat-v1_train_35970,사회
ynat-v1_train_07325,스포츠
ynat-v1_train_17776,정치
ynat-v1_train_22505,스포츠
ynat-v1_train_13264,사회
ynat-v1_train_38833,정치
ynat-v1_train_43981,스포츠
ynat-v1_train_27617,IT과학
ynat-v1_train_16169,정치
ynat-v1_train_16270,IT과학
ynat-v1_train_03714,스포츠
ynat-v1_train_07608,경제
ynat-v1_train_23704,IT과학
ynat-v1_train_20326,경제
ynat-v1_train_04802,스포츠
ynat-v1_train_45214,정치
ynat-v1_train_04575,스포츠
ynat-v1_train_01301,경제
ynat-v1_train_13220,세계
ynat-v1_train_07982,생활문화
ynat-v1_train_23930,정치
ynat-v1_train_26165,IT과학
ynat-v1_train_14318,정치
ynat-v1_train_44101,스포츠
ynat-v1_train_39211,IT과학
ynat-v1_train_09560,스포츠
ynat-v1_train_05838,IT과학
ynat-v1_train_38729,세계
ynat-v1_train_07242,스포츠
ynat-v1_train_26267,스포츠
ynat-v1_train_01422,스포츠
ynat-v1_train_08027,생활문화
ynat-v1_train_17445,스포츠
ynat-v1_train_28297,세계
ynat-v1_train_00723,세계
ynat-v1_train_03494,정치
ynat-v1_train_39392,사회
ynat-v1_train_05890,정치
ynat-v1_train_20684,정치
ynat-v1_train_08466,세계
ynat-v1_train_13383,경제
ynat-v1_train_02427,생활문화
ynat-v1_train_29580,경제
ynat-v1_train_24407,생활문화
ynat-v1_train_44443,정치
ynat-v1_train_17517,스포츠
ynat-v1_train_21381,정치
ynat-v1_train_43275,정치
ynat-v1_train_26025,생활문화
ynat-v1_train_00582,생활문화
ynat-v1_train_01290,생활문화
ynat-v1_train_21324,IT과학
ynat-v1_train_40855,생활문화
ynat-v1_train_33141,사회
ynat-v1_train_43913,생활문화
ynat-v1_train_24782,생활문화
ynat-v1_train_35243,사회
ynat-v1_train_35394,정치
ynat-v1_train_17202,정치
ynat-v1_train_08995,생활문화
ynat-v1_train_17518,경제
ynat-v1_train_28642,경제
ynat-v1_train_28565,정치
ynat-v1_train_14053,정치
ynat-v1_train_39156,생활문화
ynat-v1_train_31199,경제
ynat-v1_train_03416,스포츠
ynat-v1_train_29266,세계
ynat-v1_train_39779,스포츠
ynat-v1_train_13073,정치
ynat-v1_train_02798,정치
ynat-v1_train_32748,세계
ynat-v1_train_42223,정치
ynat-v1_train_29070,사회
ynat-v1_train_14214,정치
ynat-v1_train_19623,정치
ynat-v1_train_38332,사회
ynat-v1_train_01435,세계
ynat-v1_train_06477,사회
ynat-v1_train_38146,정치
ynat-v1_train_13980,정치
ynat-v1_train_36505,정치
ynat-v1_train_28140,경제
ynat-v1_train_07927,세계
ynat-v1_train_22964,정치
ynat-v1_train_17356,IT과학
ynat-v1_train_32785,세계
ynat-v1_train_17992,IT과학
ynat-v1_train_09118,경제
ynat-v1_train_42368,스포츠
ynat-v1_train_08773,세계
ynat-v1_train_18090,정치
ynat-v1_train_35146,사회
ynat-v1_train_21822,사회
ynat-v1_train_03502,스포츠
ynat-v1_train_26343,IT과학
ynat-v1_train_08958,정치
ynat-v1_train_09452,IT과학
ynat-v1_train_03027,스포츠
ynat-v1_train_19525,스포츠
ynat-v1_train_17798,스포츠
ynat-v1_train_38973,사회
ynat-v1_train_31143,스포츠
ynat-v1_train_04980,경제
ynat-v1_train_37956,IT과학
ynat-v1_train_42198,스포츠
ynat-v1_train_42141,IT과학
ynat-v1_train_28798,정치
ynat-v1_train_41596,IT과학
ynat-v1_train_26761,경제
ynat-v1_train_28645,스포츠
ynat-v1_train_35712,세계
ynat-v1_train_16605,스포츠
ynat-v1_train_27038,세계
ynat-v1_train_31505,정치
ynat-v1_train_35238,생활문화
ynat-v1_train_00661,스포츠
ynat-v1_train_22179,세계
ynat-v1_train_17071,스포츠
ynat-v1_train_07495,IT과학
ynat-v1_train_31821,생활문화
ynat-v1_train_10602,정치
ynat-v1_train_04001,세계
ynat-v1_train_45628,스포츠
ynat-v1_train_19388,스포츠
ynat-v1_train_08240,정치
ynat-v1_train_16416,IT과학
ynat-v1_train_37011,스포츠
ynat-v1_train_03524,경제
ynat-v1_train_39309,생활문화
ynat-v1_train_40499,IT과학
ynat-v1_train_28953,IT과학
ynat-v1_train_30522,스포츠
ynat-v1_train_08076,스포츠
ynat-v1_train_11907,스포츠
ynat-v1_train_42631,스포츠
ynat-v1_train_05915,스포츠
ynat-v1_train_37762,경제
ynat-v1_train_31828,경제
ynat-v1_train_29743,세계
ynat-v1_train_02117,스포츠
ynat-v1_train_26030,스포츠
ynat-v1_train_33077,경제
ynat-v1_train_29554,스포츠
ynat-v1_train_43063,정치
ynat-v1_train_20851,정치
ynat-v1_train_16934,정치
ynat-v1_train_39583,정치
ynat-v1_train_12119,생활문화
ynat-v1_train_01160,정치
ynat-v1_train_43048,IT과학
ynat-v1_train_02303,생활문화
ynat-v1_train_41813,IT과학
ynat-v1_train_36585,정치
ynat-v1_train_17147,생활문화
ynat-v1_train_27880,정치
ynat-v1_train_13424,세계
ynat-v1_train_22527,세계
ynat-v1_train_12186,세계
ynat-v1_train_31665,정치
ynat-v1_train_32215,생활문화
ynat-v1_train_36638,세계
ynat-v1_train_01787,세계
ynat-v1_train_27169,IT과학
ynat-v1_train_41619,생활문화
ynat-v1_train_26152,정치
ynat-v1_train_43120,경제
ynat-v1_train_15551,스포츠
ynat-v1_train_04875,스포츠
ynat-v1_train_40978,IT과학
ynat-v1_train_32440,정치
ynat-v1_train_04540,IT과학
ynat-v1_train_41689,IT과학
ynat-v1_train_30655,세계
ynat-v1_train_11532,경제
ynat-v1_train_06830,스포츠
ynat-v1_train_15510,경제
ynat-v1_train_25678,세계
ynat-v1_train_13693,정치
ynat-v1_train_15382,세계
ynat-v1_train_14036,세계
ynat-v1_train_13578,정치
ynat-v1_train_09785,생활문화
ynat-v1_train_17268,사회
ynat-v1_train_41593,경제
ynat-v1_train_15263,사회
ynat-v1_train_10762,IT과학
ynat-v1_train_42542,IT과학
ynat-v1_train_33890,IT과학
ynat-v1_train_42676,세계
ynat-v1_train_04670,스포츠
ynat-v1_train_35514,경제
ynat-v1_train_36936,스포츠
ynat-v1_train_09216,정치
ynat-v1_train_17946,사회
ynat-v1_train_08332,IT과학
ynat-v1_train_37496,생활문화
ynat-v1_train_17979,정치
ynat-v1_train_16798,IT과학
ynat-v1_train_23154,정치
ynat-v1_train_28580,정치
ynat-v1_train_19728,세계
ynat-v1_train_14785,경제
ynat-v1_train_05311,정치
ynat-v1_train_37925,경제
ynat-v1_train_31062,세계
ynat-v1_train_19378,세계
ynat-v1_train_14077,세계
ynat-v1_train_05911,세계
ynat-v1_train_23960,생활문화
ynat-v1_train_16156,정치
ynat-v1_train_15385,정치
ynat-v1_train_39723,세계
ynat-v1_train_38149,정치
ynat-v1_train_25268,세계
ynat-v1_train_32222,정치
ynat-v1_train_24771,정치
ynat-v1_train_04708,스포츠
ynat-v1_train_29744,세계
ynat-v1_train_27476,스포츠
ynat-v1_train_13591,생활문화
ynat-v1_train_15465,세계
ynat-v1_train_12090,정치
ynat-v1_train_16897,경제
ynat-v1_train_25378,스포츠
ynat-v1_train_20711,정치
ynat-v1_train_12331,세계
ynat-v1_train_09806,IT과학
ynat-v1_train_41381,정치
ynat-v1_train_45401,생활문화
ynat-v1_train_07033,경제
ynat-v1_train_34503,정치
ynat-v1_train_11434,정치
ynat-v1_train_44279,정치
ynat-v1_train_01777,스포츠
ynat-v1_train_31972,정치
ynat-v1_train_01112,IT과학
ynat-v1_train_41857,IT과학
ynat-v1_train_44352,생활문화
ynat-v1_train_44050,생활문화
ynat-v1_train_21968,정치
ynat-v1_train_11009,사회
ynat-v1_train_20090,스포츠
ynat-v1_train_19579,사회
ynat-v1_train_30778,생활문화
ynat-v1_train_01664,정치
ynat-v1_train_37601,생활문화
ynat-v1_train_39811,스포츠
ynat-v1_train_19433,스포츠
ynat-v1_train_15019,세계
ynat-v1_train_26962,IT과학
ynat-v1_train_13365,세계
ynat-v1_train_41489,정치
ynat-v1_train_14611,스포츠
ynat-v1_train_39857,정치
ynat-v1_train_30488,스포츠
ynat-v1_train_01131,IT과학
ynat-v1_train_23010,경제
ynat-v1_train_36085,세계
ynat-v1_train_44130,생활문화
ynat-v1_train_08767,사회
ynat-v1_train_02591,정치
ynat-v1_train_05987,IT과학
ynat-v1_train_16816,세계
ynat-v1_train_29582,스포츠
ynat-v1_train_44606,스포츠
ynat-v1_train_26860,사회
ynat-v1_train_19494,스포츠
ynat-v1_train_07781,세계
ynat-v1_train_36454,정치
ynat-v1_train_02178,스포츠
ynat-v1_train_39878,세계
ynat-v1_train_36842,스포츠
ynat-v1_train_12184,세계
ynat-v1_train_23514,생활문화
ynat-v1_train_25219,정치
ynat-v1_train_41010,세계
ynat-v1_train_30326,정치
ynat-v1_train_34514,정치
ynat-v1_train_15664,생활문화
ynat-v1_train_02920,정치
ynat-v1_train_08089,세계
ynat-v1_train_02315,세계
ynat-v1_train_31859,IT과학
ynat-v1_train_11850,IT과학
ynat-v1_train_34424,스포츠
ynat-v1_train_41477,생활문화
ynat-v1_train_04795,생활문화
ynat-v1_train_16725,경제
ynat-v1_train_25571,경제
ynat-v1_train_42621,정치
ynat-v1_train_23605,스포츠
ynat-v1_train_29789,세계
ynat-v1_train_40230,생활문화
ynat-v1_train_12635,IT과학
ynat-v1_train_02472,정치
ynat-v1_train_30212,IT과학
ynat-v1_train_23627,생활문화
ynat-v1_train_40542,정치
ynat-v1_train_45164,세계
ynat-v1_train_26211,IT과학
ynat-v1_train_29694,IT과학
ynat-v1_train_01042,정치
ynat-v1_train_18029,IT과학
ynat-v1_train_01250,사회
ynat-v1_train_33313,경제
ynat-v1_train_07070,세계
ynat-v1_train_39319,스포츠
ynat-v1_train_25592,세계
ynat-v1_train_25206,IT과학
ynat-v1_train_13217,생활문화
ynat-v1_train_42362,정치
ynat-v1_train_40024,IT과학
ynat-v1_train_23210,세계
ynat-v1_train_38584,세계
ynat-v1_train_04781,스포츠
ynat-v1_train_38186,세계
ynat-v1_train_04811,세계
ynat-v1_train_29454,스포츠
ynat-v1_train_04687,IT과학
ynat-v1_train_26159,사회
ynat-v1_train_06710,경제
ynat-v1_train_41790,스포츠
ynat-v1_train_42917,정치
ynat-v1_train_09886,생활문화
ynat-v1_train_24817,스포츠
ynat-v1_train_16390,경제
ynat-v1_train_08832,세계
ynat-v1_train_30663,생활문화
ynat-v1_train_21012,경제
ynat-v1_train_25787,스포츠
ynat-v1_train_14202,사회
ynat-v1_train_20858,스포츠
ynat-v1_train_30822,세계
ynat-v1_train_11150,생활문화
ynat-v1_train_45626,경제
ynat-v1_train_31376,IT과학
ynat-v1_train_04331,경제
ynat-v1_train_00827,세계
ynat-v1_train_28544,생활문화
ynat-v1_train_03147,사회
ynat-v1_train_40645,스포츠
ynat-v1_train_38859,정치
ynat-v1_train_00343,생활문화
ynat-v1_train_23721,스포츠
ynat-v1_train_19046,경제
ynat-v1_train_22206,정치
ynat-v1_train_02096,사회
ynat-v1_train_23675,경제
ynat-v1_train_16365,스포츠
ynat-v1_train_09034,스포츠
ynat-v1_train_43222,스포츠
ynat-v1_train_27421,경제
ynat-v1_train_36082,IT과학
ynat-v1_train_32745,세계
ynat-v1_train_13657,스포츠
ynat-v1_train_05060,IT과학
ynat-v1_train_05171,세계
ynat-v1_train_44004,IT과학
ynat-v1_train_38444,생활문화
ynat-v1_train_23573,스포츠
ynat-v1_train_33710,사회
ynat-v1_train_19764,스포츠
ynat-v1_train_26651,IT과학
ynat-v1_train_30181,경제
ynat-v1_train_32555,세계
ynat-v1_train_29974,경제
ynat-v1_train_37037,정치
ynat-v1_train_37141,스포츠
ynat-v1_train_45159,스포츠
ynat-v1_train_08461,스포츠
ynat-v1_train_34590,생활문화
ynat-v1_train_31457,경제
ynat-v1_train_16057,스포츠
ynat-v1_train_32776,스포츠
ynat-v1_train_19897,IT과학
ynat-v1_train_29565,세계
ynat-v1_train_17795,세계
ynat-v1_train_28627,사회
ynat-v1_train_18701,생활문화
ynat-v1_train_41937,IT과학
ynat-v1_train_15822,IT과학
ynat-v1_train_00807,세계
ynat-v1_train_11283,세계
ynat-v1_train_27353,IT과학
ynat-v1_train_32537,세계
ynat-v1_train_17334,경제
ynat-v1_train_10589,스포츠
ynat-v1_train_42838,스포츠
ynat-v1_train_05592,세계
ynat-v1_train_27160,스포츠
ynat-v1_train_35541,세계
ynat-v1_train_11052,생활문화
ynat-v1_train_00621,스포츠
ynat-v1_train_34637,스포츠
ynat-v1_train_16327,생활문화
ynat-v1_train_07462,IT과학
ynat-v1_train_18669,사회
ynat-v1_train_40265,정치
ynat-v1_train_43342,스포츠
ynat-v1_train_13174,경제
ynat-v1_train_29055,세계
ynat-v1_train_08469,생활문화
ynat-v1_train_32505,스포츠
ynat-v1_train_16588,세계
ynat-v1_train_31775,생활문화
ynat-v1_train_38160,정치
ynat-v1_train_37874,스포츠
ynat-v1_train_10628,생활문화
ynat-v1_train_08909,IT과학
ynat-v1_train_38228,스포츠
ynat-v1_train_01952,IT과학
ynat-v1_train_41554,세계
ynat-v1_train_41233,세계
ynat-v1_train_20380,세계
ynat-v1_train_35740,생활문화
ynat-v1_train_26241,스포츠
ynat-v1_train_06587,세계
ynat-v1_train_34388,스포츠
ynat-v1_train_25914,사회
ynat-v1_train_33780,IT과학
ynat-v1_train_07585,정치
ynat-v1_train_07062,스포츠
ynat-v1_train_03173,세계
ynat-v1_train_27922,정치
ynat-v1_train_37217,IT과학
ynat-v1_train_06086,정치
ynat-v1_train_11648,사회
ynat-v1_train_30015,경제
ynat-v1_train_41731,경제
ynat-v1_train_18468,정치
ynat-v1_train_23801,세계
ynat-v1_train_20362,생활문화
ynat-v1_train_16789,경제
ynat-v1_train_26402,정치
ynat-v1_train_32685,정치
ynat-v1_train_27400,경제
ynat-v1_train_34896,경제
ynat-v1_train_27560,경제
ynat-v1_train_20998,스포츠
ynat-v1_train_40189,생활문화
ynat-v1_train_42758,IT과학
ynat-v1_train_24073,정치
ynat-v1_train_22806,생활문화
ynat-v1_train_13370,생활문화
ynat-v1_train_00967,세계
ynat-v1_train_35151,사회
ynat-v1_train_27695,스포츠
ynat-v1_train_15196,스포츠
ynat-v1_train_17298,사회
ynat-v1_train_16134,세계
ynat-v1_train_09839,생활문화
ynat-v1_train_17402,스포츠
ynat-v1_train_14431,생활문화
ynat-v1_train_18226,생활문화
ynat-v1_train_12343,생활문화
ynat-v1_train_25673,스포츠
ynat-v1_train_03456,세계
ynat-v1_train_06196,세계
ynat-v1_train_25359,사회
ynat-v1_train_08715,정치
ynat-v1_train_01224,스포츠
ynat-v1_train_23359,세계
ynat-v1_train_14563,사회
ynat-v1_train_03757,정치
ynat-v1_train_34186,세계
ynat-v1_train_28935,정치
ynat-v1_train_04275,세계
ynat-v1_train_07005,경제
ynat-v1_train_19946,세계
ynat-v1_train_35015,생활문화
ynat-v1_train_05984,세계
ynat-v1_train_11395,세계
ynat-v1_train_15508,생활문화
ynat-v1_train_31022,스포츠
ynat-v1_train_44254,IT과학
ynat-v1_train_27440,생활문화
ynat-v1_train_30435,정치
ynat-v1_train_39995,경제
ynat-v1_train_32116,사회
ynat-v1_train_33240,생활문화
ynat-v1_train_42750,IT과학
ynat-v1_train_00766,세계
ynat-v1_train_00543,IT과학
ynat-v1_train_42787,정치
ynat-v1_train_34392,IT과학
ynat-v1_train_36754,정치
ynat-v1_train_02523,스포츠
ynat-v1_train_42395,정치
ynat-v1_train_30890,사회
ynat-v1_train_16587,IT과학
ynat-v1_train_19879,생활문화
ynat-v1_train_12757,경제
ynat-v1_train_11292,정치
ynat-v1_train_42355,경제
ynat-v1_train_06771,정치
ynat-v1_train_30470,경제
ynat-v1_train_18220,사회
ynat-v1_train_33265,생활문화
ynat-v1_train_39165,정치
ynat-v1_train_30263,IT과학
ynat-v1_train_20072,세계
ynat-v1_train_20385,정치
ynat-v1_train_06258,세계
ynat-v1_train_30385,경제
ynat-v1_train_32037,스포츠
ynat-v1_train_21364,사회
ynat-v1_train_10245,사회
ynat-v1_train_34296,사회
ynat-v1_train_23556,세계
ynat-v1_train_43327,세계
ynat-v1_train_31068,세계
ynat-v1_train_16728,생활문화
ynat-v1_train_22503,세계
ynat-v1_train_38283,세계
ynat-v1_train_11419,스포츠
ynat-v1_train_33592,사회
ynat-v1_train_28494,세계
ynat-v1_train_09540,IT과학
ynat-v1_train_23315,경제
ynat-v1_train_12492,정치
ynat-v1_train_02897,생활문화
ynat-v1_train_44925,세계
ynat-v1_train_29756,스포츠
ynat-v1_train_31075,사회
ynat-v1_train_36329,세계
ynat-v1_train_40087,IT과학
ynat-v1_train_21301,세계
ynat-v1_train_00425,정치
ynat-v1_train_27798,경제
ynat-v1_train_07463,세계
ynat-v1_train_07026,스포츠
ynat-v1_train_31980,생활문화
ynat-v1_train_07700,사회
ynat-v1_train_36905,스포츠
ynat-v1_train_43414,스포츠
ynat-v1_train_19575,경제
ynat-v1_train_30872,스포츠
ynat-v1_train_35426,정치
ynat-v1_train_40725,경제
ynat-v1_train_44975,사회
ynat-v1_train_06215,스포츠
ynat-v1_train_40812,정치
ynat-v1_train_38767,스포츠
ynat-v1_train_06967,생활문화
ynat-v1_train_14938,정치
ynat-v1_train_21291,세계
ynat-v1_train_35897,사회
ynat-v1_train_27255,스포츠
ynat-v1_train_41017,세계
ynat-v1_train_41656,경제
ynat-v1_train_14396,세계
ynat-v1_train_16353,경제
ynat-v1_train_38695,IT과학
ynat-v1_train_03038,세계
ynat-v1_train_12527,스포츠
ynat-v1_train_27955,사회
ynat-v1_train_39533,경제
ynat-v1_train_34409,사회
ynat-v1_train_06005,IT과학
ynat-v1_train_03665,정치
ynat-v1_train_24845,스포츠
ynat-v1_train_30913,세계
ynat-v1_train_42620,경제
ynat-v1_train_16542,정치
ynat-v1_train_30468,생활문화
ynat-v1_train_38449,세계
ynat-v1_train_13963,스포츠
ynat-v1_train_36399,경제
ynat-v1_train_20302,사회
ynat-v1_train_23583,IT과학
ynat-v1_train_04215,정치
ynat-v1_train_06903,생활문화
ynat-v1_train_24422,생활문화
ynat-v1_train_01946,세계
ynat-v1_train_15623,사회
ynat-v1_train_35418,사회
ynat-v1_train_38586,생활문화
ynat-v1_train_29144,IT과학
ynat-v1_train_38696,정치
ynat-v1_train_31179,정치
ynat-v1_train_17104,사회
ynat-v1_train_38809,스포츠
ynat-v1_train_21983,세계
ynat-v1_train_04144,경제
ynat-v1_train_26564,스포츠
ynat-v1_train_18281,세계
ynat-v1_train_18600,정치
ynat-v1_train_05203,IT과학
ynat-v1_train_14208,세계
ynat-v1_train_21038,스포츠
ynat-v1_train_28236,정치
ynat-v1_train_18626,세계
ynat-v1_train_08185,IT과학
ynat-v1_train_15714,스포츠
ynat-v1_train_39730,세계
ynat-v1_train_28245,스포츠
ynat-v1_train_08245,사회
ynat-v1_train_07769,정치
ynat-v1_train_42269,정치
ynat-v1_train_25218,세계
ynat-v1_train_27490,생활문화
ynat-v1_train_29225,생활문화
ynat-v1_train_07783,정치
ynat-v1_train_38243,정치
ynat-v1_train_18053,세계
ynat-v1_train_41159,IT과학
ynat-v1_train_36772,경제
ynat-v1_train_14108,사회
ynat-v1_train_00557,스포츠
ynat-v1_train_44367,IT과학
ynat-v1_train_11526,경제
ynat-v1_train_24903,세계
ynat-v1_train_20982,생활문화
ynat-v1_train_36845,스포츠
ynat-v1_train_23550,IT과학
ynat-v1_train_30301,사회
ynat-v1_train_08109,정치
ynat-v1_train_44633,사회
ynat-v1_train_13628,생활문화
ynat-v1_train_03203,세계
ynat-v1_train_15409,세계
ynat-v1_train_21622,세계
ynat-v1_train_43718,생활문화
ynat-v1_train_36150,세계
ynat-v1_train_32672,사회
ynat-v1_train_22106,스포츠
ynat-v1_train_31696,경제
ynat-v1_train_02102,세계
ynat-v1_train_12479,사회
ynat-v1_train_23826,경제
ynat-v1_train_20174,사회
ynat-v1_train_26235,정치
ynat-v1_train_14194,세계
ynat-v1_train_41354,스포츠
ynat-v1_train_21300,스포츠
ynat-v1_train_25558,생활문화
ynat-v1_train_21316,정치
ynat-v1_train_13109,정치
ynat-v1_train_43235,생활문화
ynat-v1_train_03932,생활문화
ynat-v1_train_12390,세계
ynat-v1_train_15844,사회
ynat-v1_train_27333,스포츠
ynat-v1_train_01889,정치
ynat-v1_train_42224,세계
ynat-v1_train_30916,생활문화
ynat-v1_train_02446,IT과학
ynat-v1_train_26979,경제
ynat-v1_train_32381,정치
ynat-v1_train_41827,정치
ynat-v1_train_23378,생활문화
ynat-v1_train_28862,스포츠
ynat-v1_train_35020,경제
ynat-v1_train_24368,경제
ynat-v1_train_38915,세계
ynat-v1_train_40548,스포츠
ynat-v1_train_11805,경제
ynat-v1_train_22277,스포츠
ynat-v1_train_17539,생활문화
ynat-v1_train_01901,스포츠
ynat-v1_train_18154,생활문화
ynat-v1_train_19628,스포츠
ynat-v1_train_02457,IT과학
ynat-v1_train_44257,세계
ynat-v1_train_43343,경제
ynat-v1_train_44766,스포츠
ynat-v1_train_27445,경제
ynat-v1_train_28321,IT과학
ynat-v1_train_10871,세계
ynat-v1_train_31765,세계
ynat-v1_train_17658,생활문화
ynat-v1_train_08599,정치
ynat-v1_train_20185,IT과학
ynat-v1_train_37537,경제
ynat-v1_train_10593,사회
ynat-v1_train_01983,세계
ynat-v1_train_28940,세계
ynat-v1_train_17647,정치
ynat-v1_train_05525,IT과학
ynat-v1_train_14007,생활문화
ynat-v1_train_19099,경제
ynat-v1_train_06880,IT과학
ynat-v1_train_11514,IT과학
ynat-v1_train_14591,세계
ynat-v1_train_11218,스포츠
ynat-v1_train_16075,스포츠
ynat-v1_train_42686,세계
ynat-v1_train_44676,정치
ynat-v1_train_07992,IT과학
ynat-v1_train_03761,IT과학
ynat-v1_train_00404,스포츠
ynat-v1_train_25611,경제
ynat-v1_train_26393,세계
ynat-v1_train_12964,정치
ynat-v1_train_15089,생활문화
ynat-v1_train_23111,생활문화
ynat-v1_train_45134,사회
ynat-v1_train_24979,경제
ynat-v1_train_45399,스포츠
ynat-v1_train_40830,정치
ynat-v1_train_02357,사회
ynat-v1_train_41205,세계
ynat-v1_train_41765,경제
ynat-v1_train_03895,경제
ynat-v1_train_13730,스포츠
ynat-v1_train_22574,스포츠
ynat-v1_train_08615,생활문화
ynat-v1_train_10484,스포츠
ynat-v1_train_39715,경제
ynat-v1_train_42665,IT과학
ynat-v1_train_44992,스포츠
ynat-v1_train_11946,정치
ynat-v1_train_21498,정치
ynat-v1_train_45585,IT과학
ynat-v1_train_00978,정치
ynat-v1_train_36275,정치
ynat-v1_train_08538,사회
ynat-v1_train_30216,스포츠
ynat-v1_train_39323,세계
ynat-v1_train_38616,세계
ynat-v1_train_23246,세계
ynat-v1_train_31607,정치
ynat-v1_train_45543,생활문화
ynat-v1_train_38461,스포츠
ynat-v1_train_40304,스포츠
ynat-v1_train_44015,세계
ynat-v1_train_05039,생활문화
ynat-v1_train_17577,스포츠
ynat-v1_train_06121,경제
ynat-v1_train_31664,생활문화
ynat-v1_train_03013,생활문화
ynat-v1_train_12763,생활문화
ynat-v1_train_34679,IT과학
ynat-v1_train_08092,생활문화
ynat-v1_train_27899,스포츠
ynat-v1_train_38630,세계
ynat-v1_train_45141,생활문화
ynat-v1_train_23872,IT과학
ynat-v1_train_07989,세계
ynat-v1_train_31390,스포츠
ynat-v1_train_14805,정치
ynat-v1_train_39307,경제
ynat-v1_train_29841,경제
ynat-v1_train_04380,스포츠
ynat-v1_train_28687,사회
ynat-v1_train_06275,세계
ynat-v1_train_24526,정치
ynat-v1_train_39096,경제
ynat-v1_train_34348,생활문화
ynat-v1_train_28281,IT과학
ynat-v1_train_07260,IT과학
ynat-v1_train_10248,스포츠
ynat-v1_train_19290,경제
ynat-v1_train_18164,세계
ynat-v1_train_30008,스포츠
ynat-v1_train_40517,스포츠
ynat-v1_train_06577,생활문화
ynat-v1_train_43096,스포츠
ynat-v1_train_09883,경제
ynat-v1_train_19016,세계
ynat-v1_train_00970,세계
ynat-v1_train_27512,사회
ynat-v1_train_41724,IT과학
ynat-v1_train_42137,생활문화
ynat-v1_train_26201,스포츠
ynat-v1_train_33643,IT과학
ynat-v1_train_42442,세계
ynat-v1_train_43552,정치
ynat-v1_train_09736,IT과학
ynat-v1_train_07972,IT과학
ynat-v1_train_42816,스포츠
ynat-v1_train_12488,사회
ynat-v1_train_28239,정치
ynat-v1_train_15313,세계
ynat-v1_train_19151,IT과학
ynat-v1_train_31934,스포츠
ynat-v1_train_12327,스포츠
ynat-v1_train_13287,정치
ynat-v1_train_30400,IT과학
ynat-v1_train_03646,사회
ynat-v1_train_21270,세계
ynat-v1_train_11169,IT과학
ynat-v1_train_27537,경제
ynat-v1_train_31608,세계
ynat-v1_train_23356,스포츠
ynat-v1_train_41897,정치
ynat-v1_train_03349,생활문화
ynat-v1_train_14387,IT과학
ynat-v1_train_43647,IT과학
ynat-v1_train_03614,경제
ynat-v1_train_25203,스포츠
ynat-v1_train_39746,경제
ynat-v1_train_35714,IT과학
ynat-v1_train_39259,경제
ynat-v1_train_12182,정치
ynat-v1_train_15859,경제
ynat-v1_train_39896,세계
ynat-v1_train_01947,IT과학
ynat-v1_train_27753,IT과학
ynat-v1_train_05939,세계
ynat-v1_train_03841,스포츠
ynat-v1_train_06486,IT과학
ynat-v1_train_02379,생활문화
ynat-v1_train_17120,경제
ynat-v1_train_06425,스포츠
ynat-v1_train_25675,정치
ynat-v1_train_17124,세계
ynat-v1_train_21882,세계
ynat-v1_train_42632,생활문화
ynat-v1_train_34621,스포츠
ynat-v1_train_23869,세계
ynat-v1_train_30681,세계
ynat-v1_train_01620,경제
ynat-v1_train_10824,IT과학
ynat-v1_train_42848,IT과학
ynat-v1_train_12683,사회
ynat-v1_train_37804,IT과학
ynat-v1_train_07219,사회
ynat-v1_train_19517,세계
ynat-v1_train_34317,세계
ynat-v1_train_05467,스포츠
ynat-v1_train_35561,세계
ynat-v1_train_02645,사회
ynat-v1_train_12352,세계
ynat-v1_train_40235,IT과학
ynat-v1_train_42374,세계
ynat-v1_train_08539,생활문화
ynat-v1_train_32793,스포츠
ynat-v1_train_22061,정치
ynat-v1_train_34151,스포츠
ynat-v1_train_39027,IT과학
ynat-v1_train_12734,생활문화
ynat-v1_train_26519,스포츠
ynat-v1_train_18874,IT과학
ynat-v1_train_38780,IT과학
ynat-v1_train_24993,경제
ynat-v1_train_22345,IT과학
ynat-v1_train_44924,정치
ynat-v1_train_10451,생활문화
ynat-v1_train_30226,정치
ynat-v1_train_16142,스포츠
ynat-v1_train_10468,경제
ynat-v1_train_10294,경제
ynat-v1_train_07547,스포츠
ynat-v1_train_24264,생활문화
ynat-v1_train_30884,IT과학
ynat-v1_train_25777,경제
ynat-v1_train_09992,경제
ynat-v1_train_35533,정치
ynat-v1_train_23668,사회
ynat-v1_train_43173,경제
ynat-v1_train_04991,생활문화
ynat-v1_train_28400,스포츠
ynat-v1_train_04901,IT과학
ynat-v1_train_18044,IT과학
ynat-v1_train_42616,정치
ynat-v1_train_17771,경제
ynat-v1_train_15992,스포츠
ynat-v1_train_35862,IT과학
ynat-v1_train_01135,세계
ynat-v1_train_15272,스포츠
ynat-v1_train_06783,사회
ynat-v1_train_39263,스포츠
ynat-v1_train_29154,경제
ynat-v1_train_00021,세계
ynat-v1_train_43885,정치
ynat-v1_train_00146,경제
ynat-v1_train_35518,경제
ynat-v1_train_07901,생활문화
ynat-v1_train_17308,스포츠
ynat-v1_train_42898,경제
ynat-v1_train_16459,스포츠
ynat-v1_train_07487,IT과학
ynat-v1_train_19372,정치
ynat-v1_train_45323,IT과학
ynat-v1_train_06466,세계
ynat-v1_train_28212,스포츠
ynat-v1_train_05077,경제
ynat-v1_train_23551,스포츠
ynat-v1_train_18848,정치
ynat-v1_train_42943,사회
ynat-v1_train_24227,세계
ynat-v1_train_01418,사회
ynat-v1_train_27108,생활문화
ynat-v1_train_35588,생활문화
ynat-v1_train_23282,정치
ynat-v1_train_07230,세계
ynat-v1_train_29461,정치
ynat-v1_train_27975,정치
ynat-v1_train_24560,세계
ynat-v1_train_22051,생활문화
ynat-v1_train_41580,스포츠
ynat-v1_train_34094,세계
ynat-v1_train_09490,세계
ynat-v1_train_27102,정치
ynat-v1_train_23398,생활문화
ynat-v1_train_37895,생활문화
ynat-v1_train_03271,생활문화
ynat-v1_train_44036,정치
ynat-v1_train_10290,IT과학
ynat-v1_train_00946,사회
ynat-v1_train_12674,세계
ynat-v1_train_33147,IT과학
ynat-v1_train_36552,세계
ynat-v1_train_33944,경제
ynat-v1_train_10495,경제
ynat-v1_train_16252,생활문화
ynat-v1_train_08736,세계
ynat-v1_train_27481,사회
ynat-v1_train_40450,정치
ynat-v1_train_14258,IT과학
ynat-v1_train_18780,사회
ynat-v1_train_22715,스포츠
ynat-v1_train_34855,경제
ynat-v1_train_33437,정치
ynat-v1_train_40915,생활문화
ynat-v1_train_33779,경제
ynat-v1_train_36474,경제
ynat-v1_train_36214,세계
ynat-v1_train_05422,IT과학
ynat-v1_train_36010,정치
ynat-v1_train_29941,IT과학
ynat-v1_train_22659,정치
ynat-v1_train_00057,정치
ynat-v1_train_04341,정치
ynat-v1_train_05902,스포츠
ynat-v1_train_03007,세계
ynat-v1_train_44374,스포츠
ynat-v1_train_11001,사회
ynat-v1_train_43530,IT과학
ynat-v1_train_27271,정치
ynat-v1_train_31207,스포츠
ynat-v1_train_25119,경제
ynat-v1_train_31894,IT과학
ynat-v1_train_20722,사회
ynat-v1_train_16409,정치
ynat-v1_train_06039,정치
ynat-v1_train_18399,경제
ynat-v1_train_00569,사회
ynat-v1_train_19069,세계
ynat-v1_train_23759,사회
ynat-v1_train_16118,IT과학
ynat-v1_train_14574,IT과학
ynat-v1_train_41439,정치
ynat-v1_train_29825,스포츠
ynat-v1_train_09264,경제
ynat-v1_train_24444,사회
ynat-v1_train_41444,생활문화
ynat-v1_train_32750,생활문화
ynat-v1_train_41904,경제
ynat-v1_train_01023,생활문화
ynat-v1_train_28142,사회
ynat-v1_train_21440,경제
ynat-v1_train_19933,사회
ynat-v1_train_20640,IT과학
ynat-v1_train_29747,경제
ynat-v1_train_38407,스포츠
ynat-v1_train_24358,경제
ynat-v1_train_22171,경제
ynat-v1_train_38370,세계
ynat-v1_train_38306,정치
ynat-v1_train_00012,세계
ynat-v1_train_00866,세계
ynat-v1_train_03531,생활문화
ynat-v1_train_36290,IT과학
ynat-v1_train_45222,생활문화
ynat-v1_train_41674,생활문화
ynat-v1_train_08111,스포츠
ynat-v1_train_00660,IT과학
ynat-v1_train_10569,정치
ynat-v1_train_07240,경제
ynat-v1_train_10863,세계
ynat-v1_train_03006,스포츠
ynat-v1_train_23808,사회
ynat-v1_train_09432,IT과학
ynat-v1_train_40290,스포츠
ynat-v1_train_22485,세계
ynat-v1_train_30694,정치
ynat-v1_train_17271,세계
ynat-v1_train_21379,IT과학
ynat-v1_train_11416,정치
ynat-v1_train_14064,스포츠
ynat-v1_train_30812,IT과학
ynat-v1_train_32365,IT과학
ynat-v1_train_19241,정치
ynat-v1_train_39990,세계
ynat-v1_train_07811,스포츠
ynat-v1_train_03158,세계
ynat-v1_train_17148,생활문화
ynat-v1_train_26380,IT과학
ynat-v1_train_08545,IT과학
ynat-v1_train_03495,IT과학
ynat-v1_train_26869,IT과학
ynat-v1_train_08685,세계
ynat-v1_train_02648,스포츠
ynat-v1_train_36874,경제
ynat-v1_train_36606,생활문화
ynat-v1_train_35590,생활문화
ynat-v1_train_03212,세계
ynat-v1_train_43398,정치
ynat-v1_train_16302,사회
ynat-v1_train_04299,정치
ynat-v1_train_08718,IT과학
ynat-v1_train_20440,정치
ynat-v1_train_32208,정치
ynat-v1_train_41206,IT과학
ynat-v1_train_38282,IT과학
ynat-v1_train_13648,스포츠
ynat-v1_train_20981,세계
ynat-v1_train_40164,세계
ynat-v1_train_37808,생활문화
ynat-v1_train_05642,스포츠
ynat-v1_train_04694,스포츠
ynat-v1_train_14293,세계
ynat-v1_train_31385,생활문화
ynat-v1_train_19974,IT과학
ynat-v1_train_20188,사회
ynat-v1_train_11005,경제
ynat-v1_train_17668,사회
ynat-v1_train_18341,생활문화
ynat-v1_train_41228,IT과학
ynat-v1_train_14304,생활문화
ynat-v1_train_06070,IT과학
ynat-v1_train_07760,스포츠
ynat-v1_train_11193,생활문화
ynat-v1_train_45422,세계
ynat-v1_train_22598,정치
ynat-v1_train_10990,세계
ynat-v1_train_28599,정치
ynat-v1_train_44326,세계
ynat-v1_train_43705,생활문화
ynat-v1_train_00689,스포츠
ynat-v1_train_08229,IT과학
ynat-v1_train_32634,IT과학
ynat-v1_train_40752,정치
ynat-v1_train_37331,정치
ynat-v1_train_31968,정치
ynat-v1_train_07935,세계
ynat-v1_train_10521,세계
ynat-v1_train_44859,정치
ynat-v1_train_00468,생활문화
ynat-v1_train_33771,세계
ynat-v1_train_41041,정치
ynat-v1_train_10198,생활문화
ynat-v1_train_05202,세계
ynat-v1_train_01588,스포츠
ynat-v1_train_39505,생활문화
ynat-v1_train_18259,스포츠
ynat-v1_train_39006,세계
ynat-v1_train_25277,정치
ynat-v1_train_13186,세계
ynat-v1_train_33042,사회
ynat-v1_train_08188,세계
ynat-v1_train_15254,세계
ynat-v1_train_20836,정치
ynat-v1_train_00414,스포츠
ynat-v1_train_23456,정치
ynat-v1_train_41346,세계
ynat-v1_train_26799,정치
ynat-v1_train_14997,세계
ynat-v1_train_36782,세계
ynat-v1_train_43374,스포츠
ynat-v1_train_18830,정치
ynat-v1_train_43804,경제
ynat-v1_train_39318,경제
ynat-v1_train_02334,정치
ynat-v1_train_11101,세계
ynat-v1_train_16599,생활문화
ynat-v1_train_24450,정치
ynat-v1_train_33826,경제
ynat-v1_train_05717,IT과학
ynat-v1_train_11128,스포츠
ynat-v1_train_43909,스포츠
ynat-v1_train_31224,사회
ynat-v1_train_12539,생활문화
ynat-v1_train_00108,IT과학
ynat-v1_train_16421,스포츠
ynat-v1_train_00419,생활문화
ynat-v1_train_26747,스포츠
ynat-v1_train_40025,경제
ynat-v1_train_30733,경제
ynat-v1_train_18633,사회
ynat-v1_train_16904,IT과학
ynat-v1_train_17218,스포츠
ynat-v1_train_17044,세계
ynat-v1_train_17166,세계
ynat-v1_train_22961,세계
ynat-v1_train_04716,생활문화
ynat-v1_train_43611,생활문화
ynat-v1_train_20145,스포츠
ynat-v1_train_17085,생활문화
ynat-v1_train_18301,IT과학
ynat-v1_train_33082,세계
ynat-v1_train_06665,스포츠
ynat-v1_train_19737,사회
ynat-v1_train_24098,생활문화
ynat-v1_train_08869,세계
ynat-v1_train_34133,스포츠
ynat-v1_train_04517,사회
ynat-v1_train_33190,IT과학
ynat-v1_train_36720,정치
ynat-v1_train_15537,생활문화
ynat-v1_train_42459,IT과학
ynat-v1_train_27727,IT과학
ynat-v1_train_38241,세계
ynat-v1_train_34766,정치
ynat-v1_train_06347,스포츠
ynat-v1_train_44053,스포츠
ynat-v1_train_37596,스포츠
ynat-v1_train_41090,스포츠
ynat-v1_train_39929,생활문화
ynat-v1_train_04534,사회
ynat-v1_train_34957,경제
ynat-v1_train_03779,경제
ynat-v1_train_08563,사회
ynat-v1_train_19337,정치
ynat-v1_train_26103,생활문화
ynat-v1_train_37515,정치
ynat-v1_train_32072,사회
ynat-v1_train_38505,경제
ynat-v1_train_22609,정치
ynat-v1_train_17666,경제
ynat-v1_train_04668,IT과학
ynat-v1_train_19260,사회
ynat-v1_train_10368,세계
ynat-v1_train_33219,세계
ynat-v1_train_37840,스포츠
ynat-v1_train_33761,세계
ynat-v1_train_13197,사회
ynat-v1_train_44578,세계
ynat-v1_train_34319,경제
ynat-v1_train_39980,세계
ynat-v1_train_42439,정치
ynat-v1_train_14179,생활문화
ynat-v1_train_27454,사회
ynat-v1_train_09390,세계
ynat-v1_train_44190,세계
ynat-v1_train_22400,정치
ynat-v1_train_06596,사회
ynat-v1_train_09658,세계
ynat-v1_train_16171,세계
ynat-v1_train_21996,세계
ynat-v1_train_12849,정치
ynat-v1_train_14985,생활문화
ynat-v1_train_21644,스포츠
ynat-v1_train_06150,IT과학
ynat-v1_train_14623,정치
ynat-v1_train_27600,정치
ynat-v1_train_28982,IT과학
ynat-v1_train_41234,세계
ynat-v1_train_19924,정치
ynat-v1_train_40985,세계
ynat-v1_train_42918,정치
ynat-v1_train_04436,세계
ynat-v1_train_24620,경제
ynat-v1_train_20700,정치
ynat-v1_train_32689,사회
ynat-v1_train_27029,IT과학
ynat-v1_train_15334,생활문화
ynat-v1_train_12716,세계
ynat-v1_train_42142,정치
ynat-v1_train_31184,정치
ynat-v1_train_23163,경제
ynat-v1_train_34378,생활문화
ynat-v1_train_00755,정치
ynat-v1_train_08875,사회
ynat-v1_train_11955,세계
ynat-v1_train_28933,IT과학
ynat-v1_train_42962,스포츠
ynat-v1_train_22913,IT과학
ynat-v1_train_37396,정치
ynat-v1_train_12867,IT과학
ynat-v1_train_09179,정치
ynat-v1_train_23401,생활문화
ynat-v1_train_35142,세계
ynat-v1_train_13814,경제
ynat-v1_train_19881,스포츠
ynat-v1_train_34812,스포츠
ynat-v1_train_19827,사회
ynat-v1_train_15304,세계
ynat-v1_train_44940,스포츠
ynat-v1_train_40589,세계
ynat-v1_train_26611,생활문화
ynat-v1_train_24161,생활문화
ynat-v1_train_44085,세계
ynat-v1_train_30902,정치
ynat-v1_train_18387,IT과학
ynat-v1_train_01827,세계
ynat-v1_train_31915,IT과학
ynat-v1_train_30203,정치
ynat-v1_train_14514,스포츠
ynat-v1_train_13816,경제
ynat-v1_train_42286,스포츠
ynat-v1_train_28296,IT과학
ynat-v1_train_05280,생활문화
ynat-v1_train_29684,세계
ynat-v1_train_14438,스포츠
ynat-v1_train_20317,정치
ynat-v1_train_39640,스포츠
ynat-v1_train_28387,세계
ynat-v1_train_16405,스포츠
ynat-v1_train_21275,세계
ynat-v1_train_42667,IT과학
ynat-v1_train_33079,생활문화
ynat-v1_train_09123,생활문화
ynat-v1_train_04876,스포츠
ynat-v1_train_07963,스포츠
ynat-v1_train_11373,세계
ynat-v1_train_21505,사회
ynat-v1_train_01709,세계
ynat-v1_train_42515,IT과학
ynat-v1_train_35813,세계
ynat-v1_train_11555,경제
ynat-v1_train_37115,스포츠
ynat-v1_train_11692,스포츠
ynat-v1_train_17667,경제
ynat-v1_train_41787,경제
ynat-v1_train_42390,사회
ynat-v1_train_00800,사회
ynat-v1_train_05633,정치
ynat-v1_train_21637,정치
ynat-v1_train_35376,생활문화
ynat-v1_train_17492,세계
ynat-v1_train_41597,정치
ynat-v1_train_40838,세계
ynat-v1_train_21213,정치
ynat-v1_train_40765,IT과학
ynat-v1_train_28033,경제
ynat-v1_train_18197,정치
ynat-v1_train_18292,IT과학
ynat-v1_train_42660,IT과학
ynat-v1_train_34892,정치
ynat-v1_train_12850,정치
ynat-v1_train_33447,세계
ynat-v1_train_04136,생활문화
ynat-v1_train_41709,경제
ynat-v1_train_37313,IT과학
ynat-v1_train_02179,스포츠
ynat-v1_train_05137,사회
ynat-v1_train_41019,세계
ynat-v1_train_40980,경제
ynat-v1_train_06859,사회
ynat-v1_train_05207,스포츠
ynat-v1_train_29149,IT과학
ynat-v1_train_11345,세계
ynat-v1_train_25916,경제
ynat-v1_train_16189,생활문화
ynat-v1_train_11443,세계
ynat-v1_train_06817,사회
ynat-v1_train_35944,경제
ynat-v1_train_01026,정치
ynat-v1_train_37507,스포츠
ynat-v1_train_40210,생활문화
ynat-v1_train_06534,정치
ynat-v1_train_04157,생활문화
ynat-v1_train_21977,세계
ynat-v1_train_28056,IT과학
ynat-v1_train_26774,경제
ynat-v1_train_41805,정치
ynat-v1_train_21385,정치
ynat-v1_train_20288,스포츠
ynat-v1_train_14386,정치
ynat-v1_train_22501,사회
ynat-v1_train_34718,스포츠
ynat-v1_train_25345,세계
ynat-v1_train_24243,IT과학
ynat-v1_train_24199,스포츠
ynat-v1_train_32593,경제
ynat-v1_train_23830,생활문화
ynat-v1_train_35734,정치
ynat-v1_train_44169,생활문화
ynat-v1_train_04211,생활문화
ynat-v1_train_28828,세계
ynat-v1_train_37075,IT과학
ynat-v1_train_18762,세계
ynat-v1_train_42144,세계
ynat-v1_train_27749,스포츠
ynat-v1_train_27885,생활문화
ynat-v1_train_31398,사회
ynat-v1_train_30179,세계
ynat-v1_train_23288,스포츠
ynat-v1_train_37960,생활문화
ynat-v1_train_20997,사회
ynat-v1_train_18402,생활문화
ynat-v1_train_10616,경제
ynat-v1_train_10850,IT과학
ynat-v1_train_07528,생활문화
ynat-v1_train_13643,세계
ynat-v1_train_07841,생활문화
ynat-v1_train_42782,IT과학
ynat-v1_train_24219,경제
ynat-v1_train_42032,스포츠
ynat-v1_train_12153,스포츠
ynat-v1_train_02776,세계
ynat-v1_train_22687,경제
ynat-v1_train_33117,IT과학
ynat-v1_train_36364,세계
ynat-v1_train_30744,세계
ynat-v1_train_00040,스포츠
ynat-v1_train_37909,정치
ynat-v1_train_22186,경제
ynat-v1_train_38652,IT과학
ynat-v1_train_11696,스포츠
ynat-v1_train_04735,정치
ynat-v1_train_38626,스포츠
ynat-v1_train_29993,정치
ynat-v1_train_00493,생활문화
ynat-v1_train_30052,정치
ynat-v1_train_23771,IT과학
ynat-v1_train_43249,사회
ynat-v1_train_33537,스포츠
ynat-v1_train_42763,생활문화
ynat-v1_train_29032,세계
ynat-v1_train_38560,정치
ynat-v1_train_20183,스포츠
ynat-v1_train_07071,사회
ynat-v1_train_34532,생활문화
ynat-v1_train_33568,생활문화
ynat-v1_train_37625,세계
ynat-v1_train_39605,IT과학
ynat-v1_train_18101,정치
ynat-v1_train_13226,IT과학
ynat-v1_train_31724,스포츠
ynat-v1_train_32430,정치
ynat-v1_train_34480,생활문화
ynat-v1_train_23891,스포츠
ynat-v1_train_10560,경제
ynat-v1_train_39959,스포츠
ynat-v1_train_32017,IT과학
ynat-v1_train_16491,세계
ynat-v1_train_13888,사회
ynat-v1_train_14659,IT과학
ynat-v1_train_16448,경제
ynat-v1_train_24292,스포츠
ynat-v1_train_14922,스포츠
ynat-v1_train_41907,세계
ynat-v1_train_41564,경제
ynat-v1_train_34565,스포츠
ynat-v1_train_08358,경제
ynat-v1_train_39536,경제
ynat-v1_train_40115,스포츠
ynat-v1_train_36595,생활문화
ynat-v1_train_08842,정치
ynat-v1_train_39680,생활문화
ynat-v1_train_15116,정치
ynat-v1_train_30937,스포츠
ynat-v1_train_05958,경제
ynat-v1_train_27933,경제
ynat-v1_train_25769,정치
ynat-v1_train_39453,생활문화
ynat-v1_train_13724,세계
ynat-v1_train_01817,경제
ynat-v1_train_40937,사회
ynat-v1_train_35966,세계
ynat-v1_train_42936,생활문화
ynat-v1_train_34047,세계
ynat-v1_train_29261,IT과학
ynat-v1_train_22474,정치
ynat-v1_train_44082,IT과학
ynat-v1_train_12484,IT과학
ynat-v1_train_01294,생활문화
ynat-v1_train_36420,스포츠
ynat-v1_train_13698,세계
ynat-v1_train_03814,스포츠
ynat-v1_train_29720,생활문화
ynat-v1_train_16027,경제
ynat-v1_train_19806,스포츠
ynat-v1_train_29675,세계
ynat-v1_train_03083,경제
ynat-v1_train_19081,사회
ynat-v1_train_20091,IT과학
ynat-v1_train_03920,경제
ynat-v1_train_36455,정치
ynat-v1_train_31932,IT과학
ynat-v1_train_00658,스포츠
ynat-v1_train_40938,경제
ynat-v1_train_03025,생활문화
ynat-v1_train_25775,세계
ynat-v1_train_00000,생활문화
ynat-v1_train_06744,정치
ynat-v1_train_27777,정치
ynat-v1_train_28835,세계
ynat-v1_train_45273,세계
ynat-v1_train_20079,정치
ynat-v1_train_14949,생활문화
ynat-v1_train_28861,정치
ynat-v1_train_45507,스포츠
ynat-v1_train_37915,세계
ynat-v1_train_45676,세계
ynat-v1_train_19699,사회
ynat-v1_train_19118,세계
ynat-v1_train_10257,생활문화
ynat-v1_train_45386,경제
ynat-v1_train_28493,사회
ynat-v1_train_22110,IT과학
ynat-v1_train_02601,IT과학
ynat-v1_train_21169,IT과학
ynat-v1_train_41204,IT과학
ynat-v1_train_38755,정치
ynat-v1_train_17513,경제
ynat-v1_train_29436,스포츠
ynat-v1_train_33828,세계
ynat-v1_train_43773,세계
ynat-v1_train_34881,경제
ynat-v1_train_27164,경제
ynat-v1_train_12626,스포츠
ynat-v1_train_21066,IT과학
ynat-v1_train_40676,사회
ynat-v1_train_34014,정치
ynat-v1_train_15671,세계
ynat-v1_train_10063,경제
ynat-v1_train_26442,정치
ynat-v1_train_06562,세계
ynat-v1_train_18391,세계
ynat-v1_train_29806,경제
ynat-v1_train_31005,세계
ynat-v1_train_41217,스포츠
ynat-v1_train_19905,정치
ynat-v1_train_34642,정치
ynat-v1_train_35986,사회
ynat-v1_train_26154,정치
ynat-v1_train_03633,세계
ynat-v1_train_29335,스포츠
ynat-v1_train_18810,정치
ynat-v1_train_41367,생활문화
ynat-v1_train_07319,스포츠
ynat-v1_train_44187,세계
ynat-v1_train_09755,세계
ynat-v1_train_11624,생활문화
ynat-v1_train_03579,스포츠
ynat-v1_train_40299,경제
ynat-v1_train_25103,IT과학
ynat-v1_train_45356,IT과학
ynat-v1_train_32145,세계
ynat-v1_train_20784,스포츠
ynat-v1_train_00742,세계
ynat-v1_train_36472,IT과학
ynat-v1_train_04763,IT과학
ynat-v1_train_04382,IT과학
ynat-v1_train_14441,세계
ynat-v1_train_21884,생활문화
ynat-v1_train_13380,스포츠
ynat-v1_train_09616,경제
ynat-v1_train_02309,스포츠
ynat-v1_train_14355,스포츠
ynat-v1_train_11778,세계
ynat-v1_train_44542,세계
ynat-v1_train_20236,정치
ynat-v1_train_22537,사회
ynat-v1_train_01101,생활문화
ynat-v1_train_13385,IT과학
ynat-v1_train_39048,세계
ynat-v1_train_42863,세계
ynat-v1_train_17459,생활문화
ynat-v1_train_14366,경제
ynat-v1_train_24167,사회
ynat-v1_train_32653,생활문화
ynat-v1_train_26915,정치
ynat-v1_train_03016,생활문화
ynat-v1_train_45423,정치
ynat-v1_train_28530,세계
ynat-v1_train_01097,세계
ynat-v1_train_21910,경제
ynat-v1_train_44095,세계
ynat-v1_train_45402,IT과학
ynat-v1_train_41152,사회
ynat-v1_train_10625,세계
ynat-v1_train_02493,생활문화
ynat-v1_train_12730,스포츠
ynat-v1_train_45443,세계
ynat-v1_train_00691,세계
ynat-v1_train_14192,IT과학
ynat-v1_train_32217,경제
ynat-v1_train_12075,사회
ynat-v1_train_05495,사회
ynat-v1_train_15564,경제
ynat-v1_train_18877,정치
ynat-v1_train_26370,IT과학
ynat-v1_train_38148,생활문화
ynat-v1_train_44195,생활문화
ynat-v1_train_44763,스포츠
ynat-v1_train_28203,스포츠
ynat-v1_train_22417,IT과학
ynat-v1_train_42983,IT과학
ynat-v1_train_04425,스포츠
ynat-v1_train_13172,생활문화
ynat-v1_train_00143,생활문화
ynat-v1_train_22193,경제
ynat-v1_train_38928,정치
ynat-v1_train_13293,경제
ynat-v1_train_37878,스포츠
ynat-v1_train_25995,세계
ynat-v1_train_39103,스포츠
ynat-v1_train_44274,IT과학
ynat-v1_train_17816,세계
ynat-v1_train_29071,정치
ynat-v1_train_39050,정치
ynat-v1_train_07904,IT과학
ynat-v1_train_26251,경제
ynat-v1_train_19032,스포츠
ynat-v1_train_16426,스포츠
ynat-v1_train_32800,IT과학
ynat-v1_train_29034,생활문화
ynat-v1_train_07797,스포츠
ynat-v1_train_05702,사회
ynat-v1_train_12704,스포츠
ynat-v1_train_38772,정치
ynat-v1_train_08335,정치
ynat-v1_train_43041,IT과학
ynat-v1_train_18688,사회
ynat-v1_train_28376,세계
ynat-v1_train_25792,정치
ynat-v1_train_18077,세계
ynat-v1_train_30591,사회
ynat-v1_train_00053,세계
ynat-v1_train_24530,스포츠
ynat-v1_train_44461,세계
ynat-v1_train_14662,경제
ynat-v1_train_36349,IT과학
ynat-v1_train_24578,스포츠
ynat-v1_train_05814,정치
ynat-v1_train_16242,경제
ynat-v1_train_21724,스포츠
ynat-v1_train_16304,정치
ynat-v1_train_35180,스포츠
ynat-v1_train_36319,생활문화
ynat-v1_train_45033,스포츠
ynat-v1_train_18308,정치
ynat-v1_train_39115,IT과학
ynat-v1_train_02455,정치
ynat-v1_train_35081,생활문화
ynat-v1_train_35445,세계
ynat-v1_train_06443,IT과학
ynat-v1_train_29262,IT과학
ynat-v1_train_27539,세계
ynat-v1_train_41426,정치
ynat-v1_train_28634,스포츠
ynat-v1_train_39973,스포츠
ynat-v1_train_15964,스포츠
ynat-v1_train_42640,사회
ynat-v1_train_39445,경제
ynat-v1_train_26539,스포츠
ynat-v1_train_28821,IT과학
ynat-v1_train_03597,세계
ynat-v1_train_38578,스포츠
ynat-v1_train_24705,스포츠
ynat-v1_train_28850,세계
ynat-v1_train_16114,스포츠
ynat-v1_train_15594,경제
ynat-v1_train_03688,세계
ynat-v1_train_39375,세계
ynat-v1_train_14035,생활문화
ynat-v1_train_25416,경제
ynat-v1_train_09009,세계
ynat-v1_train_26461,경제
ynat-v1_train_24510,생활문화
ynat-v1_train_11247,IT과학
ynat-v1_train_39377,세계
ynat-v1_train_11486,스포츠
ynat-v1_train_06646,경제
ynat-v1_train_24880,세계
ynat-v1_train_09897,정치
ynat-v1_train_15460,세계
ynat-v1_train_42379,정치
ynat-v1_train_14877,사회
ynat-v1_train_13183,IT과학
ynat-v1_train_01631,정치
ynat-v1_train_02221,세계
ynat-v1_train_39273,정치
ynat-v1_train_36279,사회
ynat-v1_train_11470,세계
ynat-v1_train_18540,생활문화
ynat-v1_train_27507,생활문화
ynat-v1_train_22890,세계
ynat-v1_train_08951,세계
ynat-v1_train_19354,세계
ynat-v1_train_42227,세계
ynat-v1_train_26362,정치
ynat-v1_train_34254,IT과학
ynat-v1_train_07114,경제
ynat-v1_train_25490,세계
ynat-v1_train_33260,정치
ynat-v1_train_35150,생활문화
ynat-v1_train_10507,정치
ynat-v1_train_41140,생활문화
ynat-v1_train_06029,스포츠
ynat-v1_train_31629,스포츠
ynat-v1_train_12769,생활문화
ynat-v1_train_39840,IT과학
ynat-v1_train_08885,사회
ynat-v1_train_32527,스포츠
ynat-v1_train_21124,세계
ynat-v1_train_02132,생활문화
ynat-v1_train_07984,정치
ynat-v1_train_32636,정치
ynat-v1_train_02904,경제
ynat-v1_train_22087,정치
ynat-v1_train_13448,사회
ynat-v1_train_04956,IT과학
ynat-v1_train_44563,정치
ynat-v1_train_24020,정치
ynat-v1_train_11081,정치
ynat-v1_train_16841,스포츠
ynat-v1_train_04110,IT과학
ynat-v1_train_12220,생활문화
ynat-v1_train_04407,정치
ynat-v1_train_17082,스포츠
ynat-v1_train_43421,IT과학
ynat-v1_train_43215,생활문화
ynat-v1_train_31617,생활문화
ynat-v1_train_03946,IT과학
ynat-v1_train_42872,IT과학
ynat-v1_train_30785,세계
ynat-v1_train_23365,정치
ynat-v1_train_01692,스포츠
ynat-v1_train_43291,스포츠
ynat-v1_train_00566,사회
ynat-v1_train_26078,스포츠
ynat-v1_train_40745,경제
ynat-v1_train_02747,스포츠
ynat-v1_train_09813,세계
ynat-v1_train_00379,세계
ynat-v1_train_42443,세계
ynat-v1_train_24481,IT과학
ynat-v1_train_10925,경제
ynat-v1_train_25000,경제
ynat-v1_train_01529,생활문화
ynat-v1_train_16594,사회
ynat-v1_train_02243,생활문화
ynat-v1_train_30132,세계
ynat-v1_train_25606,스포츠
ynat-v1_train_27115,IT과학
ynat-v1_train_11145,세계
ynat-v1_train_01699,스포츠
ynat-v1_train_09903,사회
ynat-v1_train_29138,세계
ynat-v1_train_13749,스포츠
ynat-v1_train_10090,생활문화
ynat-v1_train_33917,정치
ynat-v1_train_31276,정치
ynat-v1_train_45524,경제
ynat-v1_train_43323,세계
ynat-v1_train_01774,세계
ynat-v1_train_16914,세계
ynat-v1_train_24022,사회
ynat-v1_train_12204,IT과학
ynat-v1_train_41952,IT과학
ynat-v1_train_03410,세계
ynat-v1_train_34639,정치
ynat-v1_train_29420,사회
ynat-v1_train_30889,세계
ynat-v1_train_17920,생활문화
ynat-v1_train_19973,경제
ynat-v1_train_35977,정치
ynat-v1_train_31105,사회
ynat-v1_train_18553,세계
ynat-v1_train_25161,생활문화
ynat-v1_train_16122,사회
ynat-v1_train_13515,스포츠
ynat-v1_train_43335,사회
ynat-v1_train_34412,정치
ynat-v1_train_07030,스포츠
ynat-v1_train_17578,사회
ynat-v1_train_05410,스포츠
ynat-v1_train_31077,정치
ynat-v1_train_21810,IT과학
ynat-v1_train_39823,정치
ynat-v1_train_21863,세계
ynat-v1_train_44875,스포츠
ynat-v1_train_28070,경제
ynat-v1_train_26175,경제
ynat-v1_train_08730,스포츠
ynat-v1_train_26351,스포츠
ynat-v1_train_39756,세계
ynat-v1_train_42648,스포츠
ynat-v1_train_00803,정치
ynat-v1_train_01861,스포츠
ynat-v1_train_03743,경제
ynat-v1_train_18629,생활문화
ynat-v1_train_25447,생활문화
ynat-v1_train_15581,정치
ynat-v1_train_38285,생활문화
ynat-v1_train_27471,스포츠
ynat-v1_train_36110,스포츠
ynat-v1_train_09581,스포츠
ynat-v1_train_18901,정치
ynat-v1_train_11736,스포츠
ynat-v1_train_29401,경제
ynat-v1_train_12996,사회
ynat-v1_train_43251,생활문화
ynat-v1_train_31018,생활문화
ynat-v1_train_17604,세계
ynat-v1_train_05864,세계
ynat-v1_train_35620,정치
ynat-v1_train_23051,세계
ynat-v1_train_07572,경제
ynat-v1_train_36061,세계
ynat-v1_train_40409,세계
ynat-v1_train_00148,생활문화
ynat-v1_train_34016,사회
ynat-v1_train_18481,스포츠
ynat-v1_train_16670,생활문화
ynat-v1_train_10159,스포츠
ynat-v1_train_45334,IT과학
ynat-v1_train_34069,정치
ynat-v1_train_19649,스포츠
ynat-v1_train_12575,정치
ynat-v1_train_24360,IT과학
ynat-v1_train_37957,정치
ynat-v1_train_06323,정치
ynat-v1_train_09472,사회
ynat-v1_train_06310,경제
ynat-v1_train_06370,스포츠
ynat-v1_train_19334,세계
ynat-v1_train_30691,생활문화
ynat-v1_train_08272,IT과학
ynat-v1_train_33291,IT과학
ynat-v1_train_16498,IT과학
ynat-v1_train_01018,생활문화
ynat-v1_train_27552,경제
ynat-v1_train_41866,생활문화
ynat-v1_train_14746,경제
ynat-v1_train_25308,스포츠
ynat-v1_train_01383,사회
ynat-v1_train_05190,세계
ynat-v1_train_35689,정치
ynat-v1_train_17245,경제
ynat-v1_train_31183,생활문화
ynat-v1_train_28867,생활문화
ynat-v1_train_30491,정치
ynat-v1_train_05054,IT과학
ynat-v1_train_33529,경제
ynat-v1_train_31135,세계
ynat-v1_train_01102,세계
ynat-v1_train_05562,세계
ynat-v1_train_24511,경제
ynat-v1_train_15957,스포츠
ynat-v1_train_26837,정치
ynat-v1_train_21365,정치
ynat-v1_train_12412,경제
ynat-v1_train_15245,IT과학
ynat-v1_train_24638,정치
ynat-v1_train_05855,정치
ynat-v1_train_06829,생활문화
ynat-v1_train_33468,사회
ynat-v1_train_40502,스포츠
ynat-v1_train_44378,스포츠
ynat-v1_train_01039,경제
ynat-v1_train_27128,생활문화
ynat-v1_train_20681,생활문화
ynat-v1_train_43147,세계
ynat-v1_train_42718,세계
ynat-v1_train_28484,정치
ynat-v1_train_14178,세계
ynat-v1_train_38913,생활문화
ynat-v1_train_44083,경제
ynat-v1_train_24528,IT과학
ynat-v1_train_38730,경제
ynat-v1_train_09168,IT과학
ynat-v1_train_02381,스포츠
ynat-v1_train_40339,생활문화
ynat-v1_train_04199,정치
ynat-v1_train_21136,사회
ynat-v1_train_15991,세계
ynat-v1_train_39346,생활문화
ynat-v1_train_13767,경제
ynat-v1_train_43211,정치
ynat-v1_train_03897,세계
ynat-v1_train_22546,IT과학
ynat-v1_train_09059,경제
ynat-v1_train_42649,스포츠
ynat-v1_train_09193,경제
ynat-v1_train_39480,생활문화
ynat-v1_train_37612,경제
ynat-v1_train_35046,스포츠
ynat-v1_train_17212,스포츠
ynat-v1_train_00662,사회
ynat-v1_train_16814,정치
ynat-v1_train_15010,생활문화
ynat-v1_train_15056,스포츠
ynat-v1_train_44553,경제
ynat-v1_train_36823,경제
ynat-v1_train_23261,IT과학
ynat-v1_train_28890,IT과학
ynat-v1_train_33488,사회
ynat-v1_train_40858,스포츠
ynat-v1_train_31145,생활문화
ynat-v1_train_11366,정치
ynat-v1_train_16792,생활문화
ynat-v1_train_14649,스포츠
ynat-v1_train_04651,경제
ynat-v1_train_01838,정치
ynat-v1_train_02407,생활문화
ynat-v1_train_15396,사회
ynat-v1_train_19218,IT과학
ynat-v1_train_35249,정치
ynat-v1_train_29948,생활문화
ynat-v1_train_17572,세계
ynat-v1_train_14371,스포츠
ynat-v1_train_04113,정치
ynat-v1_train_13885,사회
ynat-v1_train_27889,사회
ynat-v1_train_15700,생활문화
ynat-v1_train_13633,정치
ynat-v1_train_42728,생활문화
ynat-v1_train_25965,경제
ynat-v1_train_12487,IT과학
ynat-v1_train_04924,스포츠
ynat-v1_train_12640,정치
ynat-v1_train_06984,사회
ynat-v1_train_25486,스포츠
ynat-v1_train_31008,경제
ynat-v1_train_28110,경제
ynat-v1_train_26880,정치
ynat-v1_train_10383,정치
ynat-v1_train_42376,세계
ynat-v1_train_08098,세계
ynat-v1_train_14654,스포츠
ynat-v1_train_27196,경제
ynat-v1_train_18982,정치
ynat-v1_train_30379,경제
ynat-v1_train_08878,세계
ynat-v1_train_16456,정치
ynat-v1_train_03825,IT과학
ynat-v1_train_06113,IT과학
ynat-v1_train_11912,경제
ynat-v1_train_38690,생활문화
ynat-v1_train_32388,정치
ynat-v1_train_19493,세계
ynat-v1_train_42235,세계
ynat-v1_train_15515,생활문화
ynat-v1_train_22932,정치
ynat-v1_train_14856,세계
ynat-v1_train_10744,세계
ynat-v1_train_18549,경제
ynat-v1_train_15363,사회
ynat-v1_train_09670,생활문화
ynat-v1_train_39689,스포츠
ynat-v1_train_16251,정치
ynat-v1_train_38593,IT과학
ynat-v1_train_32228,사회
ynat-v1_train_38327,IT과학
ynat-v1_train_21050,IT과학
ynat-v1_train_06586,생활문화
ynat-v1_train_13891,세계
ynat-v1_train_43518,경제
ynat-v1_train_11709,스포츠
ynat-v1_train_07200,경제
ynat-v1_train_23972,정치
ynat-v1_train_33528,스포츠
ynat-v1_train_23476,경제
ynat-v1_train_36254,스포츠
ynat-v1_train_11510,정치
ynat-v1_train_25904,IT과학
ynat-v1_train_21681,생활문화
ynat-v1_train_45012,사회
ynat-v1_train_14786,생활문화
ynat-v1_train_20886,세계
ynat-v1_train_15592,경제
ynat-v1_train_00490,세계
ynat-v1_train_07224,IT과학
ynat-v1_train_06925,IT과학
ynat-v1_train_11006,스포츠
ynat-v1_train_06194,스포츠
ynat-v1_train_30367,IT과학
ynat-v1_train_17963,스포츠
ynat-v1_train_12162,사회
ynat-v1_train_11810,세계
ynat-v1_train_08151,사회
ynat-v1_train_24136,스포츠
ynat-v1_train_39379,생활문화
ynat-v1_train_23812,IT과학
ynat-v1_train_34126,생활문화
ynat-v1_train_30580,경제
ynat-v1_train_34141,정치
ynat-v1_train_30692,사회
ynat-v1_train_12862,생활문화
ynat-v1_train_12000,경제
ynat-v1_train_12026,경제
ynat-v1_train_31015,스포츠
ynat-v1_train_18196,세계
ynat-v1_train_38098,경제
ynat-v1_train_06630,세계
ynat-v1_train_41460,정치
ynat-v1_train_23521,정치
ynat-v1_train_09859,IT과학
ynat-v1_train_02294,정치
ynat-v1_train_33707,IT과학
ynat-v1_train_35328,세계
ynat-v1_train_18268,정치
ynat-v1_train_04310,스포츠
ynat-v1_train_13009,생활문화
ynat-v1_train_40276,세계
ynat-v1_train_42779,생활문화
ynat-v1_train_12718,생활문화
ynat-v1_train_29903,사회
ynat-v1_train_44977,경제
ynat-v1_train_22565,생활문화
ynat-v1_train_21128,정치
ynat-v1_train_21452,세계
ynat-v1_train_06120,스포츠
ynat-v1_train_00904,스포츠
ynat-v1_train_07787,세계
ynat-v1_train_27433,IT과학
ynat-v1_train_01124,사회
ynat-v1_train_35331,IT과학
ynat-v1_train_26709,경제
ynat-v1_train_15904,경제
ynat-v1_train_35133,경제
ynat-v1_train_16269,사회
ynat-v1_train_41914,스포츠
ynat-v1_train_17505,정치
ynat-v1_train_41562,IT과학
ynat-v1_train_21267,세계
ynat-v1_train_08114,스포츠
ynat-v1_train_03281,IT과학
ynat-v1_train_02518,사회
ynat-v1_train_29989,정치
ynat-v1_train_40778,생활문화
ynat-v1_train_17660,IT과학
ynat-v1_train_17483,세계
ynat-v1_train_31818,경제
ynat-v1_train_43870,IT과학
ynat-v1_train_39539,IT과학
ynat-v1_train_41360,세계
ynat-v1_train_13791,사회
ynat-v1_train_14061,IT과학
ynat-v1_train_02111,생활문화
ynat-v1_train_26567,IT과학
ynat-v1_train_36879,스포츠
ynat-v1_train_03852,IT과학
ynat-v1_train_01293,경제
ynat-v1_train_33551,세계
ynat-v1_train_29761,생활문화
ynat-v1_train_43172,정치
ynat-v1_train_22007,생활문화
ynat-v1_train_07772,IT과학
ynat-v1_train_19719,정치
ynat-v1_train_28019,경제
ynat-v1_train_35521,세계
ynat-v1_train_02474,경제
ynat-v1_train_18588,생활문화
ynat-v1_train_24459,사회
ynat-v1_train_15524,정치
ynat-v1_train_29083,경제
ynat-v1_train_39452,경제
ynat-v1_train_14914,경제
ynat-v1_train_35998,세계
ynat-v1_train_20252,정치
ynat-v1_train_16086,스포츠
ynat-v1_train_24601,IT과학
ynat-v1_train_03035,세계
ynat-v1_train_09308,세계
ynat-v1_train_31464,정치
ynat-v1_train_28986,IT과학
ynat-v1_train_45010,IT과학
ynat-v1_train_09266,경제
ynat-v1_train_11852,세계
ynat-v1_train_23979,정치
ynat-v1_train_10230,사회
ynat-v1_train_38556,스포츠
ynat-v1_train_01158,생활문화
ynat-v1_train_27323,사회
ynat-v1_train_24666,생활문화
ynat-v1_train_02768,정치
ynat-v1_train_31734,정치
ynat-v1_train_17444,세계
ynat-v1_train_28059,생활문화
ynat-v1_train_27623,정치
ynat-v1_train_37354,경제
ynat-v1_train_03570,사회
ynat-v1_train_27904,스포츠
ynat-v1_train_01300,사회
ynat-v1_train_10546,경제
ynat-v1_train_33682,스포츠
ynat-v1_train_07261,경제
ynat-v1_train_22248,스포츠
ynat-v1_train_05523,정치
ynat-v1_train_10641,생활문화
ynat-v1_train_22734,정치
ynat-v1_train_22644,생활문화
ynat-v1_train_20677,생활문화
ynat-v1_train_24875,세계
ynat-v1_train_35375,정치
ynat-v1_train_11386,생활문화
ynat-v1_train_20697,IT과학
ynat-v1_train_05032,정치
ynat-v1_train_10336,정치
ynat-v1_train_22611,정치
ynat-v1_train_07277,스포츠
ynat-v1_train_40757,세계
ynat-v1_train_32992,IT과학
ynat-v1_train_38778,IT과학
ynat-v1_train_24404,생활문화
ynat-v1_train_24055,세계
ynat-v1_train_11991,정치
ynat-v1_train_10442,생활문화
ynat-v1_train_17224,경제
ynat-v1_train_38364,IT과학
ynat-v1_train_15306,생활문화
ynat-v1_train_32709,스포츠
ynat-v1_train_17342,경제
ynat-v1_train_11973,스포츠
ynat-v1_train_11057,IT과학
ynat-v1_train_12056,세계
ynat-v1_train_44549,생활문화
ynat-v1_train_19471,정치
ynat-v1_train_07745,스포츠
ynat-v1_train_14248,사회
ynat-v1_train_42322,세계
ynat-v1_train_40512,세계
ynat-v1_train_12254,IT과학
ynat-v1_train_00149,정치
ynat-v1_train_41511,사회
ynat-v1_train_44355,경제
ynat-v1_train_12478,생활문화
ynat-v1_train_21850,정치
ynat-v1_train_05316,세계
ynat-v1_train_13452,세계
ynat-v1_train_13516,경제
ynat-v1_train_31690,경제
ynat-v1_train_36575,스포츠
ynat-v1_train_45541,정치
ynat-v1_train_13285,세계
ynat-v1_train_01935,IT과학
ynat-v1_train_24258,스포츠
ynat-v1_train_11355,스포츠
ynat-v1_train_20514,세계
ynat-v1_train_22001,스포츠
ynat-v1_train_43677,세계
ynat-v1_train_18613,경제
ynat-v1_train_30477,생활문화
ynat-v1_train_25072,IT과학
ynat-v1_train_40829,생활문화
ynat-v1_train_16882,스포츠
ynat-v1_train_00531,경제
ynat-v1_train_12792,정치
ynat-v1_train_33255,정치
ynat-v1_train_27180,스포츠
ynat-v1_train_30208,정치
ynat-v1_train_25387,생활문화
ynat-v1_train_27519,세계
ynat-v1_train_30318,스포츠
ynat-v1_train_07832,스포츠
ynat-v1_train_29991,경제
ynat-v1_train_05430,세계
ynat-v1_train_17618,IT과학
ynat-v1_train_35903,스포츠
ynat-v1_train_18146,경제
ynat-v1_train_06974,스포츠
ynat-v1_train_17462,스포츠
ynat-v1_train_09084,정치
ynat-v1_train_14869,스포츠
ynat-v1_train_42407,IT과학
ynat-v1_train_30806,세계
ynat-v1_train_19975,정치
ynat-v1_train_24377,사회
ynat-v1_train_31167,생활문화
ynat-v1_train_33501,스포츠
ynat-v1_train_34978,정치
ynat-v1_train_15369,스포츠
ynat-v1_train_30765,정치
ynat-v1_train_31668,생활문화
ynat-v1_train_31422,세계
ynat-v1_train_01987,경제
ynat-v1_train_13494,생활문화
ynat-v1_train_14967,스포츠
ynat-v1_train_40419,IT과학
ynat-v1_train_44018,스포츠
ynat-v1_train_15798,세계
ynat-v1_train_23652,세계
ynat-v1_train_37050,경제
ynat-v1_train_22044,정치
ynat-v1_train_17636,정치
ynat-v1_train_19367,사회
ynat-v1_train_43997,경제
ynat-v1_train_06530,정치
ynat-v1_train_02761,정치
ynat-v1_train_15023,생활문화
ynat-v1_train_30421,세계
ynat-v1_train_13064,스포츠
ynat-v1_train_41202,사회
ynat-v1_train_06723,정치
ynat-v1_train_18390,정치
ynat-v1_train_28351,정치
ynat-v1_train_00346,세계
ynat-v1_train_31674,IT과학
ynat-v1_train_31701,생활문화
ynat-v1_train_18126,세계
ynat-v1_train_38266,세계
ynat-v1_train_21489,스포츠
ynat-v1_train_34479,사회
ynat-v1_train_10335,세계
ynat-v1_train_21697,정치
ynat-v1_train_19889,사회
ynat-v1_train_04877,정치
ynat-v1_train_17885,생활문화
ynat-v1_train_28408,IT과학
ynat-v1_train_14296,경제
ynat-v1_train_40944,스포츠
ynat-v1_train_19922,정치
ynat-v1_train_26738,경제
ynat-v1_train_27130,정치
ynat-v1_train_37372,스포츠
ynat-v1_train_03053,스포츠
ynat-v1_train_30845,정치
ynat-v1_train_35499,정치
ynat-v1_train_11818,스포츠
ynat-v1_train_29313,사회
ynat-v1_train_35637,IT과학
ynat-v1_train_37873,IT과학
ynat-v1_train_32833,세계
ynat-v1_train_14170,생활문화
ynat-v1_train_41888,스포츠
ynat-v1_train_11094,경제
ynat-v1_train_06877,IT과학
ynat-v1_train_15183,정치
ynat-v1_train_30784,생활문화
ynat-v1_train_01282,스포츠
ynat-v1_train_34847,경제
ynat-v1_train_33959,정치
ynat-v1_train_21059,생활문화
ynat-v1_train_07630,스포츠
ynat-v1_train_14205,정치
ynat-v1_train_23580,생활문화
ynat-v1_train_32929,경제
ynat-v1_train_06433,경제
ynat-v1_train_29343,세계
ynat-v1_train_22777,세계
ynat-v1_train_43507,IT과학
ynat-v1_train_20066,스포츠
ynat-v1_train_09349,IT과학
ynat-v1_train_45055,스포츠
ynat-v1_train_00729,정치
ynat-v1_train_16407,정치
ynat-v1_train_37819,스포츠
ynat-v1_train_01659,세계
ynat-v1_train_14056,정치
ynat-v1_train_16024,생활문화
ynat-v1_train_12847,스포츠
ynat-v1_train_11287,경제
ynat-v1_train_38313,경제
ynat-v1_train_30994,세계
ynat-v1_train_08066,스포츠
ynat-v1_train_22390,경제
ynat-v1_train_43206,사회
ynat-v1_train_42337,사회
ynat-v1_train_35286,세계
ynat-v1_train_08846,세계
ynat-v1_train_13487,세계
ynat-v1_train_37504,경제
ynat-v1_train_33472,생활문화
ynat-v1_train_36188,스포츠
ynat-v1_train_00539,경제
ynat-v1_train_43500,사회
ynat-v1_train_35002,스포츠
ynat-v1_train_44269,스포츠
ynat-v1_train_03378,스포츠
ynat-v1_train_12300,세계
ynat-v1_train_24494,경제
ynat-v1_train_43745,IT과학
ynat-v1_train_36064,세계
ynat-v1_train_26553,세계
ynat-v1_train_01955,스포츠
ynat-v1_train_41865,경제
ynat-v1_train_33344,경제
ynat-v1_train_42735,IT과학
ynat-v1_train_23248,생활문화
ynat-v1_train_37527,정치
ynat-v1_train_40885,스포츠
ynat-v1_train_26830,세계
ynat-v1_train_23312,스포츠
ynat-v1_train_30221,생활문화
ynat-v1_train_08609,사회
ynat-v1_train_19847,세계
ynat-v1_train_16835,사회
ynat-v1_train_21254,세계
ynat-v1_train_01712,경제
ynat-v1_train_42134,IT과학
ynat-v1_train_08521,세계
ynat-v1_train_43795,경제
ynat-v1_train_16617,IT과학
ynat-v1_train_22870,정치
ynat-v1_train_37542,IT과학
ynat-v1_train_06475,세계
ynat-v1_train_10387,스포츠
ynat-v1_train_38086,IT과학
ynat-v1_train_33554,경제
ynat-v1_train_42036,사회
ynat-v1_train_24263,정치
ynat-v1_train_17130,생활문화
ynat-v1_train_14324,사회
ynat-v1_train_32543,세계
ynat-v1_train_26058,정치
ynat-v1_train_13585,정치
ynat-v1_train_37811,IT과학
ynat-v1_train_02838,사회
ynat-v1_train_29689,IT과학
ynat-v1_train_10862,생활문화
ynat-v1_train_35339,사회
ynat-v1_train_29001,생활문화
ynat-v1_train_33024,IT과학
ynat-v1_train_12784,정치
ynat-v1_train_43517,IT과학
ynat-v1_train_01818,IT과학
ynat-v1_train_25650,사회
ynat-v1_train_44615,생활문화
ynat-v1_train_33345,스포츠
ynat-v1_train_34825,세계
ynat-v1_train_05613,정치
ynat-v1_train_26796,세계
ynat-v1_train_14473,정치
ynat-v1_train_26293,사회
ynat-v1_train_27375,스포츠
ynat-v1_train_07414,스포츠
ynat-v1_train_43108,스포츠
ynat-v1_train_08363,스포츠
ynat-v1_train_08160,경제
ynat-v1_train_35024,IT과학
ynat-v1_train_22173,사회
ynat-v1_train_18842,경제
ynat-v1_train_33217,경제
ynat-v1_train_30708,스포츠
ynat-v1_train_29297,스포츠
ynat-v1_train_04135,경제
ynat-v1_train_44081,스포츠
ynat-v1_train_01354,스포츠
ynat-v1_train_36661,정치
ynat-v1_train_12788,생활문화
ynat-v1_train_39897,스포츠
ynat-v1_train_08091,생활문화
ynat-v1_train_05081,IT과학
ynat-v1_train_17548,경제
ynat-v1_train_10820,세계
ynat-v1_train_25133,사회
ynat-v1_train_31408,IT과학
ynat-v1_train_32605,IT과학
ynat-v1_train_07102,IT과학
ynat-v1_train_26438,IT과학
ynat-v1_train_23919,세계
ynat-v1_train_28491,경제
ynat-v1_train_36507,세계
ynat-v1_train_02752,경제
ynat-v1_train_14263,정치
ynat-v1_train_27097,IT과학
ynat-v1_train_25398,정치
ynat-v1_train_40258,IT과학
ynat-v1_train_44631,세계
ynat-v1_train_16935,세계
ynat-v1_train_05095,정치
ynat-v1_train_37812,스포츠
ynat-v1_train_45133,생활문화
ynat-v1_train_17631,생활문화
ynat-v1_train_42329,세계
ynat-v1_train_39697,IT과학
ynat-v1_train_04730,생활문화
ynat-v1_train_26999,세계
ynat-v1_train_32751,스포츠
ynat-v1_train_04756,생활문화
ynat-v1_train_32891,세계
ynat-v1_train_44580,IT과학
ynat-v1_train_11341,세계
ynat-v1_train_36490,정치
ynat-v1_train_17916,경제
ynat-v1_train_02421,IT과학
ynat-v1_train_44457,생활문화
ynat-v1_train_27779,정치
ynat-v1_train_16874,IT과학
ynat-v1_train_36023,경제
ynat-v1_train_17561,IT과학
ynat-v1_train_30942,스포츠
ynat-v1_train_12777,세계
ynat-v1_train_36673,스포츠
ynat-v1_train_25709,생활문화
ynat-v1_train_28583,세계
ynat-v1_train_32582,정치
ynat-v1_train_32177,정치
ynat-v1_train_24443,스포츠
ynat-v1_train_30264,사회
ynat-v1_train_35352,생활문화
ynat-v1_train_30280,생활문화
ynat-v1_train_08371,경제
ynat-v1_train_12619,세계
ynat-v1_train_05477,세계
ynat-v1_train_10124,스포츠
ynat-v1_train_44930,IT과학
ynat-v1_train_45092,경제
ynat-v1_train_33813,정치
ynat-v1_train_09144,경제
ynat-v1_train_37242,스포츠
ynat-v1_train_06417,IT과학
ynat-v1_train_40909,IT과학
ynat-v1_train_38572,정치
ynat-v1_train_37481,생활문화
ynat-v1_train_05382,정치
ynat-v1_train_40044,스포츠
ynat-v1_train_02447,스포츠
ynat-v1_train_36021,세계
ynat-v1_train_19746,사회
ynat-v1_train_10024,생활문화
ynat-v1_train_20489,경제
ynat-v1_train_33220,세계
ynat-v1_train_42445,생활문화
ynat-v1_train_40463,생활문화
ynat-v1_train_08396,IT과학
ynat-v1_train_33270,IT과학
ynat-v1_train_21621,스포츠
ynat-v1_train_33500,경제
ynat-v1_train_38042,정치
ynat-v1_train_33923,사회
ynat-v1_train_32705,세계
ynat-v1_train_09592,생활문화
ynat-v1_train_40350,IT과학
ynat-v1_train_33990,경제
ynat-v1_train_08372,생활문화
ynat-v1_train_42061,IT과학
ynat-v1_train_36893,생활문화
ynat-v1_train_28945,세계
ynat-v1_train_23491,스포츠
ynat-v1_train_05936,세계
ynat-v1_train_29958,IT과학
ynat-v1_train_07921,생활문화
ynat-v1_train_15359,세계
ynat-v1_train_12658,스포츠
ynat-v1_train_26308,IT과학
ynat-v1_train_26472,IT과학
ynat-v1_train_27494,세계
ynat-v1_train_38733,세계
ynat-v1_train_21988,사회
ynat-v1_train_32309,스포츠
ynat-v1_train_27176,경제
ynat-v1_train_21942,세계
ynat-v1_train_08266,생활문화
ynat-v1_train_10057,생활문화
ynat-v1_train_24349,정치
ynat-v1_train_07621,정치
ynat-v1_train_32055,세계
ynat-v1_train_33564,경제
ynat-v1_train_03421,IT과학
ynat-v1_train_06648,세계
ynat-v1_train_34313,IT과학
ynat-v1_train_06354,사회
ynat-v1_train_42108,세계
ynat-v1_train_17331,세계
ynat-v1_train_28378,IT과학
ynat-v1_train_40031,스포츠
ynat-v1_train_42533,사회
ynat-v1_train_00180,스포츠
ynat-v1_train_04214,생활문화
ynat-v1_train_30971,정치
ynat-v1_train_24445,정치
ynat-v1_train_34566,정치
ynat-v1_train_12048,정치
ynat-v1_train_20969,사회
ynat-v1_train_32455,세계
ynat-v1_train_05679,정치
ynat-v1_train_08105,정치
ynat-v1_train_10719,생활문화
ynat-v1_train_13670,세계
ynat-v1_train_10098,생활문화
ynat-v1_train_00654,스포츠
ynat-v1_train_45448,사회
ynat-v1_train_40263,정치
ynat-v1_train_31800,스포츠
ynat-v1_train_10066,생활문화
ynat-v1_train_02362,경제
ynat-v1_train_27738,스포츠
ynat-v1_train_43225,스포츠
ynat-v1_train_26509,스포츠
ynat-v1_train_36442,IT과학
ynat-v1_train_06557,정치
ynat-v1_train_41540,경제
ynat-v1_train_09508,사회
ynat-v1_train_18219,스포츠
ynat-v1_train_26647,사회
ynat-v1_train_19930,스포츠
ynat-v1_train_35641,정치
ynat-v1_train_29945,IT과학
ynat-v1_train_03122,정치
ynat-v1_train_42994,IT과학
ynat-v1_train_41430,사회
ynat-v1_train_00892,사회
ynat-v1_train_19226,IT과학
ynat-v1_train_09142,세계
ynat-v1_train_36747,생활문화
ynat-v1_train_08014,경제
ynat-v1_train_41478,경제
ynat-v1_train_30929,세계
ynat-v1_train_42195,경제
ynat-v1_train_28834,사회
ynat-v1_train_41270,세계
ynat-v1_train_39844,생활문화
ynat-v1_train_19114,경제
ynat-v1_train_19470,IT과학
ynat-v1_train_25185,생활문화
ynat-v1_train_33195,생활문화
ynat-v1_train_06119,정치
ynat-v1_train_17272,사회
ynat-v1_train_45445,스포츠
ynat-v1_train_11855,IT과학
ynat-v1_train_09185,IT과학
ynat-v1_train_25716,사회
ynat-v1_train_20804,스포츠
ynat-v1_train_10345,세계
ynat-v1_train_05425,생활문화
ynat-v1_train_42489,정치
ynat-v1_train_14945,정치
ynat-v1_train_05725,IT과학
ynat-v1_train_09774,정치
ynat-v1_train_39342,정치
ynat-v1_train_19223,정치
ynat-v1_train_14370,정치
ynat-v1_train_38963,세계
ynat-v1_train_35274,사회
ynat-v1_train_16480,경제
ynat-v1_train_39913,세계
ynat-v1_train_39870,경제
ynat-v1_train_10359,IT과학
ynat-v1_train_34635,정치
ynat-v1_train_34814,경제
ynat-v1_train_05303,스포츠
ynat-v1_train_17261,사회
ynat-v1_train_22616,생활문화
ynat-v1_train_05139,세계
ynat-v1_train_25862,세계
ynat-v1_train_45148,생활문화
ynat-v1_train_09766,사회
ynat-v1_train_38163,정치
ynat-v1_train_23604,스포츠
ynat-v1_train_23910,정치
ynat-v1_train_10854,스포츠
ynat-v1_train_27982,경제
ynat-v1_train_17238,경제
ynat-v1_train_22871,스포츠
ynat-v1_train_28657,스포츠
ynat-v1_train_16933,스포츠
ynat-v1_train_23941,스포츠
ynat-v1_train_32635,세계
ynat-v1_train_43632,세계
ynat-v1_train_19993,스포츠
ynat-v1_train_15308,IT과학
ynat-v1_train_04513,세계
ynat-v1_train_02442,정치
ynat-v1_train_33903,경제
ynat-v1_train_04101,사회
ynat-v1_train_00062,세계
ynat-v1_train_25423,사회
ynat-v1_train_29916,경제
ynat-v1_train_12945,생활문화
ynat-v1_train_39987,IT과학
ynat-v1_train_17942,경제
ynat-v1_train_04453,생활문화
ynat-v1_train_12462,사회
ynat-v1_train_04408,스포츠
ynat-v1_train_35010,세계
ynat-v1_train_14500,세계
ynat-v1_train_06868,경제
ynat-v1_train_06166,생활문화
ynat-v1_train_31104,정치
ynat-v1_train_23991,경제
ynat-v1_train_25800,생활문화
ynat-v1_train_39676,세계
ynat-v1_train_06473,스포츠
ynat-v1_train_40324,스포츠
ynat-v1_train_38557,세계
ynat-v1_train_03000,생활문화
ynat-v1_train_40359,정치
ynat-v1_train_19095,경제
ynat-v1_train_26050,사회
ynat-v1_train_36312,정치
ynat-v1_train_10106,생활문화
ynat-v1_train_07157,사회
ynat-v1_train_08234,IT과학
ynat-v1_train_13684,스포츠
ynat-v1_train_16663,세계
ynat-v1_train_29329,정치
ynat-v1_train_28681,IT과학
ynat-v1_train_06446,사회
ynat-v1_train_17344,스포츠
ynat-v1_train_15341,세계
ynat-v1_train_26122,생활문화
ynat-v1_train_33421,IT과학
ynat-v1_train_03460,스포츠
ynat-v1_train_26893,정치
ynat-v1_train_13827,생활문화
ynat-v1_train_20864,정치
ynat-v1_train_34834,스포츠
ynat-v1_train_25697,세계
ynat-v1_train_19323,경제
ynat-v1_train_12775,세계
ynat-v1_train_02681,스포츠
ynat-v1_train_04775,IT과학
ynat-v1_train_19608,사회
ynat-v1_train_16956,IT과학
ynat-v1_train_29700,스포츠
ynat-v1_train_01390,IT과학
ynat-v1_train_22392,정치
ynat-v1_train_23738,세계
ynat-v1_train_11170,스포츠
ynat-v1_train_28860,생활문화
ynat-v1_train_16447,경제
ynat-v1_train_00545,IT과학
ynat-v1_train_27456,사회
ynat-v1_train_31479,스포츠
ynat-v1_train_31558,정치
ynat-v1_train_25350,생활문화
ynat-v1_train_09831,세계
ynat-v1_train_35448,세계
ynat-v1_train_23595,경제
ynat-v1_train_19911,정치
ynat-v1_train_29890,생활문화
ynat-v1_train_31110,스포츠
ynat-v1_train_40982,스포츠
ynat-v1_train_23020,스포츠
ynat-v1_train_43197,경제
ynat-v1_train_14600,스포츠
ynat-v1_train_33454,정치
ynat-v1_train_18513,세계
ynat-v1_train_36826,정치
ynat-v1_train_24865,스포츠
ynat-v1_train_09368,정치
ynat-v1_train_31463,세계
ynat-v1_train_14931,스포츠
ynat-v1_train_30167,생활문화
ynat-v1_train_41034,세계
ynat-v1_train_17822,IT과학
ynat-v1_train_07997,경제
ynat-v1_train_33056,IT과학
ynat-v1_train_15625,스포츠
ynat-v1_train_12285,세계
ynat-v1_train_20476,경제
ynat-v1_train_35189,세계
ynat-v1_train_34697,생활문화
ynat-v1_train_26061,세계
ynat-v1_train_28704,IT과학
ynat-v1_train_10026,생활문화
ynat-v1_train_07485,정치
ynat-v1_train_22261,스포츠
ynat-v1_train_40767,정치
ynat-v1_train_27371,사회
ynat-v1_train_32073,스포츠
ynat-v1_train_06223,경제
ynat-v1_train_09202,IT과학
ynat-v1_train_23376,정치
ynat-v1_train_08200,정치
ynat-v1_train_03762,스포츠
ynat-v1_train_33411,스포츠
ynat-v1_train_39051,세계
ynat-v1_train_27660,스포츠
ynat-v1_train_24795,IT과학
ynat-v1_train_06437,IT과학
ynat-v1_train_30228,IT과학
ynat-v1_train_24309,생활문화
ynat-v1_train_13545,사회
ynat-v1_train_20676,IT과학
ynat-v1_train_10926,사회
ynat-v1_train_24131,사회
ynat-v1_train_20269,IT과학
ynat-v1_train_26508,세계
ynat-v1_train_42845,정치
ynat-v1_train_30462,생활문화
ynat-v1_train_17773,IT과학
ynat-v1_train_23213,정치
ynat-v1_train_42563,생활문화
ynat-v1_train_06686,스포츠
ynat-v1_train_26179,정치
ynat-v1_train_31217,정치
ynat-v1_train_26272,경제
ynat-v1_train_33676,스포츠
ynat-v1_train_12884,IT과학
ynat-v1_train_06358,생활문화
ynat-v1_train_27561,세계
ynat-v1_train_43928,정치
ynat-v1_train_38647,스포츠
ynat-v1_train_42003,생활문화
ynat-v1_train_39552,세계
ynat-v1_train_18624,세계
ynat-v1_train_10356,IT과학
ynat-v1_train_17479,스포츠
ynat-v1_train_41160,경제
ynat-v1_train_34422,세계
ynat-v1_train_11144,정치
ynat-v1_train_12759,경제
ynat-v1_train_16476,세계
ynat-v1_train_17851,스포츠
ynat-v1_train_15557,IT과학
ynat-v1_train_33864,경제
ynat-v1_train_42518,경제
ynat-v1_train_31122,생활문화
ynat-v1_train_16157,스포츠
ynat-v1_train_11639,사회
ynat-v1_train_01315,세계
ynat-v1_train_45236,세계
ynat-v1_train_17064,생활문화
ynat-v1_train_00703,정치
ynat-v1_train_25126,경제
ynat-v1_train_33849,스포츠
ynat-v1_train_32810,정치
ynat-v1_train_31258,경제
ynat-v1_train_17516,생활문화
ynat-v1_train_08626,세계
ynat-v1_train_29152,세계
ynat-v1_train_07378,경제
ynat-v1_train_18417,사회
ynat-v1_train_06447,사회
ynat-v1_train_43970,정치
ynat-v1_train_02619,생활문화
ynat-v1_train_14078,경제
ynat-v1_train_31328,스포츠
ynat-v1_train_22029,세계
ynat-v1_train_31066,세계
ynat-v1_train_32460,정치
ynat-v1_train_43288,경제
ynat-v1_train_45146,세계
ynat-v1_train_15963,생활문화
ynat-v1_train_39316,정치
ynat-v1_train_05695,세계
ynat-v1_train_20408,생활문화
ynat-v1_train_29650,스포츠
ynat-v1_train_37265,IT과학
ynat-v1_train_26213,IT과학
ynat-v1_train_33193,사회
ynat-v1_train_10979,정치
ynat-v1_train_10273,IT과학
ynat-v1_train_20338,IT과학
ynat-v1_train_43228,생활문화
ynat-v1_train_40249,생활문화
ynat-v1_train_05926,생활문화
ynat-v1_train_33976,스포츠
ynat-v1_train_27086,세계
ynat-v1_train_27427,IT과학
ynat-v1_train_31636,정치
ynat-v1_train_41068,세계
ynat-v1_train_25666,생활문화
ynat-v1_train_01043,세계
ynat-v1_train_03178,세계
ynat-v1_train_42312,경제
ynat-v1_train_43587,정치
ynat-v1_train_04933,스포츠
ynat-v1_train_14240,정치
ynat-v1_train_35287,사회
ynat-v1_train_16030,정치
ynat-v1_train_11240,정치
ynat-v1_train_13101,IT과학
ynat-v1_train_24287,IT과학
ynat-v1_train_36049,경제
ynat-v1_train_09807,세계
ynat-v1_train_37314,세계
ynat-v1_train_11971,스포츠
ynat-v1_train_19829,스포츠
ynat-v1_train_23056,생활문화
ynat-v1_train_09933,IT과학
ynat-v1_train_15606,경제
ynat-v1_train_27896,경제
ynat-v1_train_11559,세계
ynat-v1_train_09780,사회
ynat-v1_train_36634,IT과학
ynat-v1_train_08409,IT과학
ynat-v1_train_06371,스포츠
ynat-v1_train_10202,스포츠
ynat-v1_train_42722,경제
ynat-v1_train_03019,세계
ynat-v1_train_19435,세계
ynat-v1_train_45408,생활문화
ynat-v1_train_18368,IT과학
ynat-v1_train_39554,정치
ynat-v1_train_40116,경제
ynat-v1_train_35758,경제
ynat-v1_train_40766,정치
ynat-v1_train_03917,세계
ynat-v1_train_20825,경제
ynat-v1_train_38057,생활문화
ynat-v1_train_04180,경제
ynat-v1_train_44442,IT과학
ynat-v1_train_29476,IT과학
ynat-v1_train_22081,정치
ynat-v1_train_22727,정치
ynat-v1_train_06389,사회
ynat-v1_train_26144,IT과학
ynat-v1_train_43866,생활문화
ynat-v1_train_04143,사회
ynat-v1_train_01409,IT과학
ynat-v1_train_32780,정치
ynat-v1_train_23525,IT과학
ynat-v1_train_42709,IT과학
ynat-v1_train_38862,생활문화
ynat-v1_train_24744,정치
ynat-v1_train_29838,IT과학
ynat-v1_train_06655,정치
ynat-v1_train_34173,사회
ynat-v1_train_23397,스포츠
ynat-v1_train_41403,정치
ynat-v1_train_04532,경제
ynat-v1_train_02510,세계
ynat-v1_train_10660,세계
ynat-v1_train_17663,경제
ynat-v1_train_43052,스포츠
ynat-v1_train_15434,정치
ynat-v1_train_38929,경제
ynat-v1_train_31382,사회
ynat-v1_train_06832,경제
ynat-v1_train_19096,IT과학
ynat-v1_train_24221,사회
ynat-v1_train_41071,스포츠
ynat-v1_train_23134,정치
ynat-v1_train_39960,IT과학
ynat-v1_train_17875,세계
ynat-v1_train_21867,스포츠
ynat-v1_train_20069,사회
ynat-v1_train_37992,생활문화
ynat-v1_train_06419,정치
ynat-v1_train_15628,생활문화
ynat-v1_train_03511,정치
ynat-v1_train_33740,IT과학
ynat-v1_train_22026,정치
ynat-v1_train_13977,정치
ynat-v1_train_40666,경제
ynat-v1_train_11754,경제
ynat-v1_train_21825,IT과학
ynat-v1_train_16262,정치
ynat-v1_train_07274,정치
ynat-v1_train_22934,정치
ynat-v1_train_18063,세계
ynat-v1_train_35399,생활문화
ynat-v1_train_03877,생활문화
ynat-v1_train_00210,경제
ynat-v1_train_39334,사회
ynat-v1_train_00867,경제
ynat-v1_train_23795,스포츠
ynat-v1_train_44203,사회
ynat-v1_train_12001,정치
ynat-v1_train_03656,생활문화
ynat-v1_train_18434,IT과학
ynat-v1_train_41120,세계
ynat-v1_train_43436,IT과학
ynat-v1_train_39923,정치
ynat-v1_train_30507,IT과학
ynat-v1_train_22685,경제
ynat-v1_train_41753,스포츠
ynat-v1_train_28895,정치
ynat-v1_train_02526,IT과학
ynat-v1_train_15974,세계
ynat-v1_train_04952,사회
ynat-v1_train_05767,스포츠
ynat-v1_train_08532,IT과학
ynat-v1_train_14546,사회
ynat-v1_train_35343,스포츠
ynat-v1_train_13829,생활문화
ynat-v1_train_20356,생활문화
ynat-v1_train_10037,경제
ynat-v1_train_07454,IT과학
ynat-v1_train_25733,생활문화
ynat-v1_train_35324,IT과학
ynat-v1_train_36623,경제
ynat-v1_train_23497,생활문화
ynat-v1_train_41640,IT과학
ynat-v1_train_14340,IT과학
ynat-v1_train_17187,정치
ynat-v1_train_20217,스포츠
ynat-v1_train_23061,경제
ynat-v1_train_15857,IT과학
ynat-v1_train_31642,IT과학
ynat-v1_train_27900,세계
ynat-v1_train_33618,스포츠
ynat-v1_train_33355,IT과학
ynat-v1_train_00907,생활문화
ynat-v1_train_20965,경제
ynat-v1_train_21887,경제
ynat-v1_train_15360,IT과학
ynat-v1_train_00417,경제
ynat-v1_train_29522,생활문화
ynat-v1_train_27597,스포츠
ynat-v1_train_44850,정치
ynat-v1_train_05029,세계
ynat-v1_train_28472,스포츠
ynat-v1_train_00255,세계
ynat-v1_train_10208,스포츠
ynat-v1_train_03942,생활문화
ynat-v1_train_34466,스포츠
ynat-v1_train_22158,세계
ynat-v1_train_03360,생활문화
ynat-v1_train_33804,IT과학
ynat-v1_train_08291,정치
ynat-v1_train_40660,사회
ynat-v1_train_07439,세계
ynat-v1_train_39932,정치
ynat-v1_train_04196,생활문화
ynat-v1_train_05726,정치
ynat-v1_train_38340,사회
ynat-v1_train_14305,생활문화
ynat-v1_train_33589,세계
ynat-v1_train_13852,사회
ynat-v1_train_36650,정치
ynat-v1_train_35042,스포츠
ynat-v1_train_34615,세계
ynat-v1_train_13602,IT과학
ynat-v1_train_33359,경제
ynat-v1_train_21580,스포츠
ynat-v1_train_32777,스포츠
ynat-v1_train_20267,사회
ynat-v1_train_11428,경제
ynat-v1_train_07047,세계
ynat-v1_train_40320,세계
ynat-v1_train_19124,세계
ynat-v1_train_30767,세계
ynat-v1_train_40411,정치
ynat-v1_train_08331,경제
ynat-v1_train_14247,스포츠
ynat-v1_train_04376,스포츠
ynat-v1_train_27406,세계
ynat-v1_train_08147,정치
ynat-v1_train_16275,경제
ynat-v1_train_08991,사회
ynat-v1_train_00996,경제
ynat-v1_train_24624,생활문화
ynat-v1_train_36957,생활문화
ynat-v1_train_43115,스포츠
ynat-v1_train_44468,생활문화
ynat-v1_train_18537,경제
ynat-v1_train_01132,경제
ynat-v1_train_43841,스포츠
ynat-v1_train_18348,사회
ynat-v1_train_41193,생활문화
ynat-v1_train_22251,정치
ynat-v1_train_20702,사회
ynat-v1_train_12706,스포츠
ynat-v1_train_05690,정치
ynat-v1_train_14203,스포츠
ynat-v1_train_02119,사회
ynat-v1_train_05534,세계
ynat-v1_train_03719,사회
ynat-v1_train_33204,정치
ynat-v1_train_03711,사회
ynat-v1_train_09593,세계
ynat-v1_train_11108,스포츠
ynat-v1_train_10924,정치
ynat-v1_train_26170,세계
ynat-v1_train_07778,스포츠
ynat-v1_train_15192,스포츠
ynat-v1_train_26454,세계
ynat-v1_train_18239,경제
ynat-v1_train_26019,사회
ynat-v1_train_23326,사회
ynat-v1_train_41757,IT과학
ynat-v1_train_31963,정치
ynat-v1_train_33065,IT과학
ynat-v1_train_30779,정치
ynat-v1_train_15787,정치
ynat-v1_train_10187,사회
ynat-v1_train_00104,스포츠
ynat-v1_train_09567,세계
ynat-v1_train_37255,세계
ynat-v1_train_05708,정치
ynat-v1_train_38379,IT과학
ynat-v1_train_29145,사회
ynat-v1_train_19958,경제
ynat-v1_train_41470,경제
ynat-v1_train_41555,사회
ynat-v1_train_22733,정치
ynat-v1_train_43963,생활문화
ynat-v1_train_41323,스포츠
ynat-v1_train_44480,생활문화
ynat-v1_train_11311,생활문화
ynat-v1_train_10966,생활문화
ynat-v1_train_16437,스포츠
ynat-v1_train_08999,정치
ynat-v1_train_40903,사회
ynat-v1_train_07335,스포츠
ynat-v1_train_22752,사회
ynat-v1_train_31379,세계
ynat-v1_train_31154,생활문화
ynat-v1_train_37310,정치
ynat-v1_train_26810,정치
ynat-v1_train_44447,경제
ynat-v1_train_41515,사회
ynat-v1_train_03319,생활문화
ynat-v1_train_27956,사회
ynat-v1_train_39416,IT과학
ynat-v1_train_11779,생활문화
ynat-v1_train_27591,사회
ynat-v1_train_19738,스포츠
ynat-v1_train_11617,생활문화
ynat-v1_train_28697,세계
ynat-v1_train_43573,정치
ynat-v1_train_00488,IT과학
ynat-v1_train_39619,사회
ynat-v1_train_22804,IT과학
ynat-v1_train_07250,사회
ynat-v1_train_00743,스포츠
ynat-v1_train_01917,사회
ynat-v1_train_26956,세계
ynat-v1_train_20829,경제
ynat-v1_train_25459,스포츠
ynat-v1_train_36449,IT과학
ynat-v1_train_25541,사회
ynat-v1_train_19910,스포츠
ynat-v1_train_40527,스포츠
ynat-v1_train_34249,생활문화
ynat-v1_train_01747,정치
ynat-v1_train_14176,사회
ynat-v1_train_36674,스포츠
ynat-v1_train_14684,스포츠
ynat-v1_train_40076,생활문화
ynat-v1_train_02864,사회
ynat-v1_train_16515,IT과학
ynat-v1_train_13354,정치
ynat-v1_train_31261,경제
ynat-v1_train_35232,생활문화
ynat-v1_train_03164,사회
ynat-v1_train_35563,사회
ynat-v1_train_34764,생활문화
ynat-v1_train_38225,스포츠
ynat-v1_train_09701,정치
ynat-v1_train_26130,IT과학
ynat-v1_train_37044,스포츠
ynat-v1_train_15973,IT과학
ynat-v1_train_20025,IT과학
ynat-v1_train_40930,IT과학
ynat-v1_train_08947,IT과학
ynat-v1_train_30653,IT과학
ynat-v1_train_29544,생활문화
ynat-v1_train_20530,경제
ynat-v1_train_25474,정치
ynat-v1_train_01786,정치
ynat-v1_train_23905,스포츠
ynat-v1_train_22461,스포츠
ynat-v1_train_30137,세계
ynat-v1_train_41614,세계
ynat-v1_train_41079,정치
ynat-v1_train_20124,세계
ynat-v1_train_13262,IT과학
ynat-v1_train_26160,사회
ynat-v1_train_04419,정치
ynat-v1_train_24751,정치
ynat-v1_train_41465,스포츠
ynat-v1_train_03674,스포츠
ynat-v1_train_04502,경제
ynat-v1_train_10999,IT과학
ynat-v1_train_12617,사회
ynat-v1_train_18604,IT과학
ynat-v1_train_10490,경제
ynat-v1_train_14691,IT과학
ynat-v1_train_41067,사회
ynat-v1_train_44379,경제
ynat-v1_train_43524,IT과학
ynat-v1_train_13143,사회
ynat-v1_train_30529,사회
ynat-v1_train_06453,정치
ynat-v1_train_17457,사회
ynat-v1_train_12055,스포츠
ynat-v1_train_26168,IT과학
ynat-v1_train_20392,세계
ynat-v1_train_07382,정치
ynat-v1_train_15546,IT과학
ynat-v1_train_36736,생활문화
ynat-v1_train_40962,IT과학
ynat-v1_train_25695,생활문화
ynat-v1_train_01349,경제
ynat-v1_train_00769,정치
ynat-v1_train_36363,생활문화
ynat-v1_train_36977,경제
ynat-v1_train_01869,경제
ynat-v1_train_35558,정치
ynat-v1_train_07383,IT과학
ynat-v1_train_24479,스포츠
ynat-v1_train_18785,정치
ynat-v1_train_08581,정치
ynat-v1_train_43984,세계
ynat-v1_train_37046,경제
ynat-v1_train_00085,스포츠
ynat-v1_train_21608,생활문화
ynat-v1_train_44723,세계
ynat-v1_train_41500,세계
ynat-v1_train_25462,사회
ynat-v1_train_11660,사회
ynat-v1_train_41950,생활문화
ynat-v1_train_04799,경제
ynat-v1_train_25793,사회
ynat-v1_train_02749,정치
ynat-v1_train_08713,스포츠
ynat-v1_train_16885,사회
ynat-v1_train_24825,사회
ynat-v1_train_23980,정치
ynat-v1_train_44671,정치
ynat-v1_train_15823,세계
ynat-v1_train_31338,IT과학
ynat-v1_train_42025,세계
ynat-v1_train_27769,정치
ynat-v1_train_08629,세계
ynat-v1_train_21845,스포츠
ynat-v1_train_34286,IT과학
ynat-v1_train_39169,생활문화
ynat-v1_train_17803,정치
ynat-v1_train_45081,경제
ynat-v1_train_45352,정치
ynat-v1_train_41546,경제
ynat-v1_train_09834,정치
ynat-v1_train_07603,정치
ynat-v1_train_11770,사회
ynat-v1_train_03889,스포츠
ynat-v1_train_33816,경제
ynat-v1_train_13049,생활문화
ynat-v1_train_42815,정치
ynat-v1_train_34232,사회
ynat-v1_train_15219,IT과학
ynat-v1_train_26782,스포츠
ynat-v1_train_41077,경제
ynat-v1_train_00681,IT과학
ynat-v1_train_23606,경제
ynat-v1_train_27803,정치
ynat-v1_train_39485,IT과학
ynat-v1_train_31614,경제
ynat-v1_train_06551,스포츠
ynat-v1_train_07385,경제
ynat-v1_train_32337,경제
ynat-v1_train_38318,생활문화
ynat-v1_train_44609,경제
ynat-v1_train_35910,세계
ynat-v1_train_13763,경제
ynat-v1_train_05349,세계
ynat-v1_train_16002,세계
ynat-v1_train_38661,세계
ynat-v1_train_21652,세계
ynat-v1_train_29464,생활문화
ynat-v1_train_08012,IT과학
ynat-v1_train_12196,스포츠
ynat-v1_train_04501,IT과학
ynat-v1_train_38345,IT과학
ynat-v1_train_44321,세계
ynat-v1_train_02260,세계
ynat-v1_train_01362,IT과학
ynat-v1_train_04392,정치
ynat-v1_train_27258,세계
ynat-v1_train_08792,IT과학
ynat-v1_train_07554,세계
ynat-v1_train_25196,스포츠
ynat-v1_train_28390,정치
ynat-v1_train_34745,사회
ynat-v1_train_10793,생활문화
ynat-v1_train_38742,정치
ynat-v1_train_14337,세계
ynat-v1_train_07644,사회
ynat-v1_train_00316,생활문화
ynat-v1_train_09354,스포츠
ynat-v1_train_34612,생활문화
ynat-v1_train_28550,정치
ynat-v1_train_26898,경제
ynat-v1_train_22938,사회
ynat-v1_train_11721,정치
ynat-v1_train_44799,세계
ynat-v1_train_28462,세계
ynat-v1_train_00398,정치
ynat-v1_train_10331,경제
ynat-v1_train_09966,스포츠
ynat-v1_train_08908,IT과학
ynat-v1_train_09518,정치
ynat-v1_train_44446,세계
ynat-v1_train_38725,세계
ynat-v1_train_35526,정치
ynat-v1_train_02737,사회
ynat-v1_train_02394,세계
ynat-v1_train_42629,세계
ynat-v1_train_13609,경제
ynat-v1_train_42303,사회
ynat-v1_train_22745,경제
ynat-v1_train_24507,IT과학
ynat-v1_train_35368,생활문화
ynat-v1_train_16690,세계
ynat-v1_train_30247,정치
ynat-v1_train_21259,사회
ynat-v1_train_13795,IT과학
ynat-v1_train_26590,생활문화
ynat-v1_train_23694,생활문화
ynat-v1_train_35869,스포츠
ynat-v1_train_42695,IT과학
ynat-v1_train_38330,스포츠
ynat-v1_train_43525,생활문화
ynat-v1_train_34721,세계
ynat-v1_train_34960,스포츠
ynat-v1_train_18432,생활문화
ynat-v1_train_43680,경제
ynat-v1_train_35229,경제
ynat-v1_train_26736,세계
ynat-v1_train_31120,정치
ynat-v1_train_29898,사회
ynat-v1_train_36771,IT과학
ynat-v1_train_21039,생활문화
ynat-v1_train_38832,생활문화
ynat-v1_train_20458,경제
ynat-v1_train_24365,생활문화
ynat-v1_train_35888,IT과학
ynat-v1_train_44746,생활문화
ynat-v1_train_42079,세계
ynat-v1_train_22937,경제
ynat-v1_train_38844,생활문화
ynat-v1_train_01249,IT과학
ynat-v1_train_09102,스포츠
ynat-v1_train_20841,생활문화
ynat-v1_train_02400,스포츠
ynat-v1_train_33241,세계
ynat-v1_train_41064,사회
ynat-v1_train_00144,세계
ynat-v1_train_14731,생활문화
ynat-v1_train_00132,정치
ynat-v1_train_29453,스포츠
ynat-v1_train_04104,정치
ynat-v1_train_42339,경제
ynat-v1_train_15215,생활문화
ynat-v1_train_25772,스포츠
ynat-v1_train_06804,경제
ynat-v1_train_25985,경제
ynat-v1_train_41649,생활문화
ynat-v1_train_03093,세계
ynat-v1_train_13110,세계
ynat-v1_train_03104,생활문화
ynat-v1_train_11518,스포츠
ynat-v1_train_42583,정치
ynat-v1_train_24531,사회
ynat-v1_train_22145,정치
ynat-v1_train_20957,IT과학
ynat-v1_train_40674,경제
ynat-v1_train_13537,생활문화
ynat-v1_train_43145,세계
ynat-v1_train_38473,세계
ynat-v1_train_15446,사회
ynat-v1_train_14012,세계
ynat-v1_train_42929,스포츠
ynat-v1_train_29427,사회
ynat-v1_train_45612,정치
ynat-v1_train_01107,스포츠
ynat-v1_train_04887,정치
ynat-v1_train_14835,정치
ynat-v1_train_10222,생활문화
ynat-v1_train_08806,스포츠
ynat-v1_train_31832,정치
ynat-v1_train_39930,세계
ynat-v1_train_06618,스포츠
ynat-v1_train_34083,정치
ynat-v1_train_38790,사회
ynat-v1_train_27117,스포츠
ynat-v1_train_40648,IT과학
ynat-v1_train_04992,세계
ynat-v1_train_12813,IT과학
ynat-v1_train_26948,IT과학
ynat-v1_train_41843,스포츠
ynat-v1_train_00289,사회
ynat-v1_train_41170,정치
ynat-v1_train_13055,정치
ynat-v1_train_22809,스포츠
ynat-v1_train_37379,사회
ynat-v1_train_09406,정치
ynat-v1_train_44470,세계
ynat-v1_train_37456,세계
ynat-v1_train_38724,경제
ynat-v1_train_19622,생활문화
ynat-v1_train_05594,사회
ynat-v1_train_04249,세계
ynat-v1_train_32275,스포츠
ynat-v1_train_11189,스포츠
ynat-v1_train_26946,사회
ynat-v1_train_34570,생활문화
ynat-v1_train_08365,정치
ynat-v1_train_24037,생활문화
ynat-v1_train_34748,세계
ynat-v1_train_05670,정치
ynat-v1_train_43089,정치
ynat-v1_train_44252,사회
ynat-v1_train_12584,생활문화
ynat-v1_train_25006,세계
ynat-v1_train_37906,스포츠
ynat-v1_train_02157,IT과학
ynat-v1_train_20163,세계
ynat-v1_train_20486,IT과학
ynat-v1_train_32101,정치
ynat-v1_train_01519,IT과학
ynat-v1_train_28806,경제
ynat-v1_train_26352,사회
ynat-v1_train_26570,정치
ynat-v1_train_07722,생활문화
ynat-v1_train_19984,스포츠
ynat-v1_train_44773,사회
ynat-v1_train_37573,스포츠
ynat-v1_train_11230,경제
ynat-v1_train_42259,세계
ynat-v1_train_00811,IT과학
ynat-v1_train_20029,생활문화
ynat-v1_train_01663,생활문화
ynat-v1_train_41422,생활문화
ynat-v1_train_31814,사회
ynat-v1_train_38954,생활문화
ynat-v1_train_40312,IT과학
ynat-v1_train_36758,세계
ynat-v1_train_45069,스포츠
ynat-v1_train_20067,경제
ynat-v1_train_18577,생활문화
ynat-v1_train_11890,스포츠
ynat-v1_train_11798,세계
ynat-v1_train_08681,생활문화
ynat-v1_train_26036,스포츠
ynat-v1_train_45358,사회
ynat-v1_train_15160,세계
ynat-v1_train_00969,스포츠
ynat-v1_train_23973,정치
ynat-v1_train_38858,IT과학
ynat-v1_train_12138,IT과학
ynat-v1_train_09312,세계
ynat-v1_train_08610,스포츠
ynat-v1_train_14663,사회
ynat-v1_train_36897,정치
ynat-v1_train_14143,경제
ynat-v1_train_30339,IT과학
ynat-v1_train_07718,생활문화
ynat-v1_train_31639,세계
ynat-v1_train_27864,정치
ynat-v1_train_39470,경제
ynat-v1_train_33128,정치
ynat-v1_train_06434,정치
ynat-v1_train_01211,스포츠
ynat-v1_train_14474,IT과학
ynat-v1_train_29899,사회
ynat-v1_train_28063,IT과학
ynat-v1_train_25881,정치
ynat-v1_train_00849,세계
ynat-v1_train_15133,생활문화
ynat-v1_train_30910,경제
ynat-v1_train_06252,사회
ynat-v1_train_20048,사회
ynat-v1_train_39053,IT과학
ynat-v1_train_14465,스포츠
ynat-v1_train_42068,세계
ynat-v1_train_05790,경제
ynat-v1_train_07996,사회
ynat-v1_train_37888,정치
ynat-v1_train_06583,세계
ynat-v1_train_15611,세계
ynat-v1_train_06007,경제
ynat-v1_train_01740,세계
ynat-v1_train_40222,정치
ynat-v1_train_12638,경제
ynat-v1_train_04725,스포츠
ynat-v1_train_18677,사회
ynat-v1_train_40987,사회
ynat-v1_train_37111,스포츠
ynat-v1_train_03964,생활문화
ynat-v1_train_37112,정치
ynat-v1_train_41743,세계
ynat-v1_train_03574,스포츠
ynat-v1_train_16159,사회
ynat-v1_train_23298,경제
ynat-v1_train_31319,IT과학
ynat-v1_train_44645,IT과학
ynat-v1_train_20073,경제
ynat-v1_train_21691,생활문화
ynat-v1_train_01433,스포츠
ynat-v1_train_29412,IT과학
ynat-v1_train_12242,정치
ynat-v1_train_12557,정치
ynat-v1_train_08954,IT과학
ynat-v1_train_33239,경제
ynat-v1_train_32767,세계
ynat-v1_train_29657,생활문화
ynat-v1_train_43918,생활문화
ynat-v1_train_45431,세계
ynat-v1_train_02326,스포츠
ynat-v1_train_19406,경제
ynat-v1_train_07649,스포츠
ynat-v1_train_01054,스포츠
ynat-v1_train_40438,사회
ynat-v1_train_18756,세계
ynat-v1_train_33970,세계
ynat-v1_train_08430,정치
ynat-v1_train_17378,스포츠
ynat-v1_train_14288,스포츠
ynat-v1_train_31771,경제
ynat-v1_train_29524,IT과학
ynat-v1_train_14173,사회
ynat-v1_train_36022,정치
ynat-v1_train_03055,경제
ynat-v1_train_42360,생활문화
ynat-v1_train_02874,경제
ynat-v1_train_26913,IT과학
ynat-v1_train_13691,경제
ynat-v1_train_21789,스포츠
ynat-v1_train_34323,스포츠
ynat-v1_train_40328,세계
ynat-v1_train_29228,정치
ynat-v1_train_20245,경제
ynat-v1_train_41961,생활문화
ynat-v1_train_05402,스포츠
ynat-v1_train_44939,경제
ynat-v1_train_00612,IT과학
ynat-v1_train_06151,생활문화
ynat-v1_train_38895,경제
ynat-v1_train_25368,경제
ynat-v1_train_43694,정치
ynat-v1_train_26237,정치
ynat-v1_train_10984,정치
ynat-v1_train_19206,경제
ynat-v1_train_38553,생활문화
ynat-v1_train_45625,정치
ynat-v1_train_09421,IT과학
ynat-v1_train_28887,생활문화
ynat-v1_train_17581,스포츠
ynat-v1_train_09548,생활문화
ynat-v1_train_00487,정치
ynat-v1_train_15073,세계
ynat-v1_train_04678,스포츠
ynat-v1_train_31091,정치
ynat-v1_train_33430,스포츠
ynat-v1_train_18322,세계
ynat-v1_train_36821,스포츠
ynat-v1_train_03717,세계
ynat-v1_train_23831,정치
ynat-v1_train_26595,세계
ynat-v1_train_07270,경제
ynat-v1_train_01991,IT과학
ynat-v1_train_10329,사회
ynat-v1_train_17747,IT과학
ynat-v1_train_33214,생활문화
ynat-v1_train_23729,세계
ynat-v1_train_33655,정치
ynat-v1_train_14849,경제
ynat-v1_train_37279,스포츠
ynat-v1_train_08407,정치
ynat-v1_train_37744,경제
ynat-v1_train_29355,정치
ynat-v1_train_08009,세계
ynat-v1_train_16906,IT과학
ynat-v1_train_39192,정치
ynat-v1_train_38684,경제
ynat-v1_train_14156,경제
ynat-v1_train_15145,스포츠
ynat-v1_train_19475,IT과학
ynat-v1_train_32651,정치
ynat-v1_train_18846,스포츠
ynat-v1_train_33010,스포츠
ynat-v1_train_37447,경제
ynat-v1_train_18602,IT과학
ynat-v1_train_08018,생활문화
ynat-v1_train_32180,IT과학
ynat-v1_train_34492,IT과학
ynat-v1_train_32336,IT과학
ynat-v1_train_12101,스포츠
ynat-v1_train_19980,사회
ynat-v1_train_19643,IT과학
ynat-v1_train_34417,생활문화
ynat-v1_train_11051,스포츠
ynat-v1_train_28040,IT과학
ynat-v1_train_06293,사회
ynat-v1_train_38249,생활문화
ynat-v1_train_05906,사회
ynat-v1_train_34171,사회
ynat-v1_train_06126,경제
ynat-v1_train_28744,스포츠
ynat-v1_train_32299,스포츠
ynat-v1_train_30803,정치
ynat-v1_train_38213,경제
ynat-v1_train_06835,세계
ynat-v1_train_20907,사회
ynat-v1_train_08887,세계
ynat-v1_train_18551,사회
ynat-v1_train_30413,사회
ynat-v1_train_29191,사회
ynat-v1_train_29188,스포츠
ynat-v1_train_15315,경제
ynat-v1_train_10129,생활문화
ynat-v1_train_30823,세계
ynat-v1_train_08670,정치
ynat-v1_train_19434,세계
ynat-v1_train_18005,세계
ynat-v1_train_34823,스포츠
ynat-v1_train_01106,생활문화
ynat-v1_train_30082,생활문화
ynat-v1_train_39164,경제
ynat-v1_train_44394,생활문화
ynat-v1_train_15919,세계
ynat-v1_train_40775,경제
ynat-v1_train_45389,정치
ynat-v1_train_19402,세계
ynat-v1_train_01741,경제
ynat-v1_train_41909,사회
ynat-v1_train_35204,세계
ynat-v1_train_07192,경제
ynat-v1_train_13140,생활문화
ynat-v1_train_20603,IT과학
ynat-v1_train_20291,생활문화
ynat-v1_train_37786,경제
ynat-v1_train_40206,정치
ynat-v1_train_15803,스포츠
ynat-v1_train_13187,IT과학
ynat-v1_train_44368,스포츠
ynat-v1_train_20555,세계
ynat-v1_train_01204,생활문화
ynat-v1_train_18873,IT과학
ynat-v1_train_09603,IT과학
ynat-v1_train_43949,경제
ynat-v1_train_06130,세계
ynat-v1_train_06684,사회
ynat-v1_train_07612,스포츠
ynat-v1_train_19773,생활문화
ynat-v1_train_32243,스포츠
ynat-v1_train_31056,세계
ynat-v1_train_03461,세계
ynat-v1_train_34964,스포츠
ynat-v1_train_45285,생활문화
ynat-v1_train_13067,IT과학
ynat-v1_train_15928,생활문화
ynat-v1_train_24541,스포츠
ynat-v1_train_37505,정치
ynat-v1_train_13390,경제
ynat-v1_train_29114,스포츠
ynat-v1_train_17475,세계
ynat-v1_train_35434,IT과학
ynat-v1_train_11820,스포츠
ynat-v1_train_34604,사회
ynat-v1_train_34200,정치
ynat-v1_train_12190,경제
ynat-v1_train_38607,스포츠
ynat-v1_train_38596,생활문화
ynat-v1_train_33650,정치
ynat-v1_train_03705,생활문화
ynat-v1_train_42575,경제
ynat-v1_train_45124,경제
ynat-v1_train_34598,IT과학
ynat-v1_train_00529,생활문화
ynat-v1_train_24099,생활문화
ynat-v1_train_03310,세계
ynat-v1_train_15225,정치
ynat-v1_train_28022,스포츠
ynat-v1_train_35379,스포츠
ynat-v1_train_29839,정치
ynat-v1_train_18518,IT과학
ynat-v1_train_24260,스포츠
ynat-v1_train_18066,세계
ynat-v1_train_40675,IT과학
ynat-v1_train_17891,스포츠
ynat-v1_train_03253,스포츠
ynat-v1_train_33818,정치
ynat-v1_train_09246,경제
ynat-v1_train_18793,사회
ynat-v1_train_28668,생활문화
ynat-v1_train_37568,정치
ynat-v1_train_08937,생활문화
ynat-v1_train_20628,정치
ynat-v1_train_22408,정치
ynat-v1_train_00815,정치
ynat-v1_train_09860,IT과학
ynat-v1_train_29685,세계
ynat-v1_train_22292,정치
ynat-v1_train_03963,사회
ynat-v1_train_37803,사회
ynat-v1_train_03578,정치
ynat-v1_train_10567,스포츠
ynat-v1_train_03488,IT과학
ynat-v1_train_07562,IT과학
ynat-v1_train_14425,세계
ynat-v1_train_27761,스포츠
ynat-v1_train_44672,경제
ynat-v1_train_15753,사회
ynat-v1_train_13771,경제
ynat-v1_train_06795,생활문화
ynat-v1_train_18057,IT과학
ynat-v1_train_20415,스포츠
ynat-v1_train_30817,스포츠
ynat-v1_train_34340,생활문화
ynat-v1_train_06810,IT과학
ynat-v1_train_17381,스포츠
ynat-v1_train_03807,IT과학
ynat-v1_train_22622,세계
ynat-v1_train_01260,스포츠
ynat-v1_train_39815,생활문화
ynat-v1_train_40574,정치
ynat-v1_train_43210,IT과학
ynat-v1_train_07276,세계
ynat-v1_train_20189,IT과학
ynat-v1_train_17972,IT과학
ynat-v1_train_09234,생활문화
ynat-v1_train_36479,IT과학
ynat-v1_train_36497,스포츠
ynat-v1_train_43451,IT과학
ynat-v1_train_17523,세계
ynat-v1_train_09927,정치
ynat-v1_train_43700,경제
ynat-v1_train_28950,IT과학
ynat-v1_train_43991,정치
ynat-v1_train_44972,정치
ynat-v1_train_21144,세계
ynat-v1_train_23070,사회
ynat-v1_train_05248,경제
ynat-v1_train_37455,정치
ynat-v1_train_13612,생활문화
ynat-v1_train_01098,생활문화
ynat-v1_train_32300,세계
ynat-v1_train_34402,스포츠
ynat-v1_train_20839,스포츠
ynat-v1_train_38482,IT과학
ynat-v1_train_32726,세계
ynat-v1_train_27485,스포츠
ynat-v1_train_12782,세계
ynat-v1_train_27720,스포츠
ynat-v1_train_36009,IT과학
ynat-v1_train_39429,경제
ynat-v1_train_02547,스포츠
ynat-v1_train_01395,IT과학
ynat-v1_train_32059,스포츠
ynat-v1_train_39315,정치
ynat-v1_train_26286,정치
ynat-v1_train_13004,세계
ynat-v1_train_36952,경제
ynat-v1_train_22514,세계
ynat-v1_train_38223,생활문화
ynat-v1_train_19996,IT과학
ynat-v1_train_01309,스포츠
ynat-v1_train_27655,생활문화
ynat-v1_train_20800,세계
ynat-v1_train_12159,세계
ynat-v1_train_06567,생활문화
ynat-v1_train_32975,정치
ynat-v1_train_40440,생활문화
ynat-v1_train_12169,스포츠
ynat-v1_train_25106,스포츠
ynat-v1_train_15345,경제
ynat-v1_train_02831,경제
ynat-v1_train_31098,정치
ynat-v1_train_38677,정치
ynat-v1_train_20731,사회
ynat-v1_train_28159,정치
ynat-v1_train_12074,경제
ynat-v1_train_44121,경제
ynat-v1_train_14333,스포츠
ynat-v1_train_21113,스포츠
ynat-v1_train_26766,IT과학
ynat-v1_train_23590,스포츠
ynat-v1_train_06826,세계
ynat-v1_train_21253,생활문화
ynat-v1_train_30532,생활문화
ynat-v1_train_02738,정치
ynat-v1_train_36286,경제
ynat-v1_train_06225,정치
ynat-v1_train_32586,경제
ynat-v1_train_00631,세계
ynat-v1_train_25562,IT과학
ynat-v1_train_02929,사회
ynat-v1_train_20457,세계
ynat-v1_train_25240,세계
ynat-v1_train_19744,경제
ynat-v1_train_07172,세계
ynat-v1_train_28931,경제
ynat-v1_train_15698,IT과학
ynat-v1_train_07662,사회
ynat-v1_train_44718,정치
ynat-v1_train_42229,사회
ynat-v1_train_32501,생활문화
ynat-v1_train_10214,세계
ynat-v1_train_14303,스포츠
ynat-v1_train_13276,정치
ynat-v1_train_45573,스포츠
ynat-v1_train_24559,정치
ynat-v1_train_28626,IT과학
ynat-v1_train_37231,정치
ynat-v1_train_38184,생활문화
ynat-v1_train_11582,정치
ynat-v1_train_28402,경제
ynat-v1_train_27418,정치
ynat-v1_train_39344,세계
ynat-v1_train_38533,생활문화
ynat-v1_train_23016,생활문화
ynat-v1_train_39922,IT과학
ynat-v1_train_23435,정치
ynat-v1_train_15413,사회
ynat-v1_train_29161,스포츠
ynat-v1_train_33090,경제
ynat-v1_train_42783,정치
ynat-v1_train_41475,생활문화
ynat-v1_train_01582,경제
ynat-v1_train_16705,생활문화
ynat-v1_train_16249,사회
ynat-v1_train_35480,사회
ynat-v1_train_21469,생활문화
ynat-v1_train_21692,정치
ynat-v1_train_18059,생활문화
ynat-v1_train_10965,사회
ynat-v1_train_35630,생활문화
ynat-v1_train_05975,생활문화
ynat-v1_train_13577,세계
ynat-v1_train_19382,사회
ynat-v1_train_08423,스포츠
ynat-v1_train_15205,사회
ynat-v1_train_34240,생활문화
ynat-v1_train_20598,스포츠
ynat-v1_train_32317,세계
ynat-v1_train_33340,IT과학
ynat-v1_train_00513,생활문화
ynat-v1_train_22477,세계
ynat-v1_train_20113,스포츠
ynat-v1_train_09507,스포츠
ynat-v1_train_08839,경제
ynat-v1_train_16310,생활문화
ynat-v1_train_25921,세계
ynat-v1_train_21487,정치
ynat-v1_train_01950,세계
ynat-v1_train_21712,경제
ynat-v1_train_23496,경제
ynat-v1_train_22063,경제
ynat-v1_train_01444,경제
ynat-v1_train_07389,세계
ynat-v1_train_23661,세계
ynat-v1_train_24915,세계
ynat-v1_train_36675,세계
ynat-v1_train_07641,사회
ynat-v1_train_22294,세계
ynat-v1_train_42024,생활문화
ynat-v1_train_29296,세계
ynat-v1_train_04958,IT과학
ynat-v1_train_21394,정치
ynat-v1_train_19250,스포츠
ynat-v1_train_01595,사회
ynat-v1_train_11478,사회
ynat-v1_train_12565,IT과학
ynat-v1_train_29676,IT과학
ynat-v1_train_00831,생활문화
ynat-v1_train_02507,생활문화
ynat-v1_train_14714,스포츠
ynat-v1_train_37675,정치
ynat-v1_train_41061,정치
ynat-v1_train_23269,생활문화
ynat-v1_train_09699,정치
ynat-v1_train_39071,생활문화
ynat-v1_train_43589,스포츠
ynat-v1_train_39506,스포츠
ynat-v1_train_04100,스포츠
ynat-v1_train_13167,생활문화
ynat-v1_train_15598,정치
ynat-v1_train_41366,경제
ynat-v1_train_42948,생활문화
ynat-v1_train_33880,사회
ynat-v1_train_36076,경제
ynat-v1_train_02311,스포츠
ynat-v1_train_32924,스포츠
ynat-v1_train_24581,세계
ynat-v1_train_10728,생활문화
ynat-v1_train_07851,스포츠
ynat-v1_train_02774,세계
ynat-v1_train_12961,세계
ynat-v1_train_19389,세계
ynat-v1_train_23022,생활문화
ynat-v1_train_25662,경제
ynat-v1_train_20994,사회
ynat-v1_train_33689,스포츠
ynat-v1_train_21602,경제
ynat-v1_train_37182,생활문화
ynat-v1_train_28422,생활문화
ynat-v1_train_09627,생활문화
ynat-v1_train_44825,경제
ynat-v1_train_12620,생활문화
ynat-v1_train_17598,세계
ynat-v1_train_03805,정치
ynat-v1_train_31591,IT과학
ynat-v1_train_20671,정치
ynat-v1_train_40649,경제
ynat-v1_train_25477,경제
ynat-v1_train_29891,생활문화
ynat-v1_train_15190,스포츠
ynat-v1_train_42047,스포츠
ynat-v1_train_33768,IT과학
ynat-v1_train_18175,생활문화
ynat-v1_train_21773,세계
ynat-v1_train_10692,생활문화
ynat-v1_train_08284,세계
ynat-v1_train_39354,세계
ynat-v1_train_33293,정치
ynat-v1_train_39364,정치
ynat-v1_train_44444,IT과학
ynat-v1_train_42537,세계
ynat-v1_train_34476,경제
ynat-v1_train_40658,세계
ynat-v1_train_09124,정치
ynat-v1_train_06034,생활문화
ynat-v1_train_41638,세계
ynat-v1_train_13517,정치
ynat-v1_train_43939,사회
ynat-v1_train_43996,정치
ynat-v1_train_33535,세계
ynat-v1_train_13562,사회
ynat-v1_train_05499,세계
ynat-v1_train_15180,사회
ynat-v1_train_40051,사회
ynat-v1_train_25382,스포츠
ynat-v1_train_34104,경제
ynat-v1_train_05549,정치
ynat-v1_train_01634,세계
ynat-v1_train_44566,경제
ynat-v1_train_30333,IT과학
ynat-v1_train_28998,세계
ynat-v1_train_01988,사회
ynat-v1_train_37006,경제
ynat-v1_train_20007,생활문화
ynat-v1_train_09911,세계
ynat-v1_train_31526,생활문화
ynat-v1_train_20701,IT과학
ynat-v1_train_19870,스포츠
ynat-v1_train_27458,정치
ynat-v1_train_16758,IT과학
ynat-v1_train_15016,생활문화
ynat-v1_train_37201,스포츠
ynat-v1_train_01809,생활문화
ynat-v1_train_21766,세계
ynat-v1_train_00440,IT과학
ynat-v1_train_44725,IT과학
ynat-v1_train_01666,경제
ynat-v1_train_10068,경제
ynat-v1_train_29323,IT과학
ynat-v1_train_43302,정치
ynat-v1_train_35772,정치
ynat-v1_train_44405,스포츠
ynat-v1_train_36733,스포츠
ynat-v1_train_09491,IT과학
ynat-v1_train_10073,IT과학
ynat-v1_train_13437,경제
ynat-v1_train_27986,세계
ynat-v1_train_28563,경제
ynat-v1_train_26751,IT과학
ynat-v1_train_02144,스포츠
ynat-v1_train_32989,정치
ynat-v1_train_22541,경제
ynat-v1_train_26643,경제
ynat-v1_train_16592,IT과학
ynat-v1_train_19583,사회
ynat-v1_train_19917,경제
ynat-v1_train_11461,경제
ynat-v1_train_12793,세계
ynat-v1_train_01866,경제
ynat-v1_train_14165,정치
ynat-v1_train_10934,세계
ynat-v1_train_06647,IT과학
ynat-v1_train_03753,사회
ynat-v1_train_22545,경제
ynat-v1_train_32079,스포츠
ynat-v1_train_42323,스포츠
ynat-v1_train_39030,스포츠
ynat-v1_train_13865,스포츠
ynat-v1_train_28478,정치
ynat-v1_train_02490,세계
ynat-v1_train_25046,정치
ynat-v1_train_45021,스포츠
ynat-v1_train_11365,생활문화
ynat-v1_train_44176,정치
ynat-v1_train_26641,IT과학
ynat-v1_train_27654,IT과학
ynat-v1_train_18645,스포츠
ynat-v1_train_13509,생활문화
ynat-v1_train_29829,스포츠
ynat-v1_train_32216,스포츠
ynat-v1_train_08143,스포츠
ynat-v1_train_03296,생활문화
ynat-v1_train_03160,정치
ynat-v1_train_39132,생활문화
ynat-v1_train_44122,세계
ynat-v1_train_29319,정치
ynat-v1_train_23505,정치
ynat-v1_train_03131,정치
ynat-v1_train_35105,사회
ynat-v1_train_10689,생활문화
ynat-v1_train_12338,세계
ynat-v1_train_10917,사회
ynat-v1_train_36545,생활문화
ynat-v1_train_11557,생활문화
ynat-v1_train_38138,생활문화
ynat-v1_train_22329,경제
ynat-v1_train_29194,스포츠
ynat-v1_train_39362,IT과학
ynat-v1_train_25076,세계
ynat-v1_train_24310,세계
ynat-v1_train_38004,IT과학
ynat-v1_train_18658,세계
ynat-v1_train_16207,사회
ynat-v1_train_44854,스포츠
ynat-v1_train_37773,사회
ynat-v1_train_19231,경제
ynat-v1_train_10267,IT과학
ynat-v1_train_25406,사회
ynat-v1_train_19340,정치
ynat-v1_train_25574,정치
ynat-v1_train_17512,스포츠
ynat-v1_train_32016,스포츠
ynat-v1_train_33666,생활문화
ynat-v1_train_21384,스포츠
ynat-v1_train_03273,경제
ynat-v1_train_32606,경제
ynat-v1_train_20945,스포츠
ynat-v1_train_03256,생활문화
ynat-v1_train_24124,사회
ynat-v1_train_20353,경제
ynat-v1_train_12311,세계
ynat-v1_train_40595,사회
ynat-v1_train_44037,경제
ynat-v1_train_33591,세계
ynat-v1_train_13117,스포츠
ynat-v1_train_23716,세계
ynat-v1_train_38958,스포츠
ynat-v1_train_09795,정치
ynat-v1_train_11524,경제
ynat-v1_train_18538,경제
ynat-v1_train_05620,경제
ynat-v1_train_10471,생활문화
ynat-v1_train_28843,세계
ynat-v1_train_15667,세계
ynat-v1_train_35991,IT과학
ynat-v1_train_15818,세계
ynat-v1_train_04945,IT과학
ynat-v1_train_36062,스포츠
ynat-v1_train_12625,경제
ynat-v1_train_00460,스포츠
ynat-v1_train_18073,사회
ynat-v1_train_17761,생활문화
ynat-v1_train_22783,세계
ynat-v1_train_02174,생활문화
ynat-v1_train_18763,세계
ynat-v1_train_17632,스포츠
ynat-v1_train_19139,경제
ynat-v1_train_27396,생활문화
ynat-v1_train_19360,IT과학
ynat-v1_train_19704,경제
ynat-v1_train_16167,스포츠
ynat-v1_train_38188,IT과학
ynat-v1_train_00353,세계
ynat-v1_train_28898,생활문화
ynat-v1_train_33897,경제
ynat-v1_train_33475,정치
ynat-v1_train_43832,정치
ynat-v1_train_12549,사회
ynat-v1_train_36482,IT과학
ynat-v1_train_16058,스포츠
ynat-v1_train_39221,생활문화
ynat-v1_train_34216,세계
ynat-v1_train_17570,생활문화
ynat-v1_train_02788,스포츠
ynat-v1_train_03037,스포츠
ynat-v1_train_30009,사회
ynat-v1_train_11441,사회
ynat-v1_train_21311,스포츠
ynat-v1_train_00073,생활문화
ynat-v1_train_18865,세계
ynat-v1_train_29337,세계
ynat-v1_train_12393,스포츠
ynat-v1_train_15736,IT과학
ynat-v1_train_33335,정치
ynat-v1_train_09220,경제
ynat-v1_train_00136,정치
ynat-v1_train_21058,스포츠
ynat-v1_train_36429,스포츠
ynat-v1_train_40866,스포츠
ynat-v1_train_07493,사회
ynat-v1_train_08589,사회
ynat-v1_train_24050,스포츠
ynat-v1_train_03074,경제
ynat-v1_train_11490,생활문화
ynat-v1_train_02948,생활문화
ynat-v1_train_14652,정치
ynat-v1_train_23446,세계
ynat-v1_train_13371,정치
ynat-v1_train_41887,IT과학
ynat-v1_train_40770,생활문화
ynat-v1_train_45068,스포츠
ynat-v1_train_17720,세계
ynat-v1_train_04068,경제
ynat-v1_train_42148,세계
ynat-v1_train_11717,스포츠
ynat-v1_train_40995,정치
ynat-v1_train_07068,세계
ynat-v1_train_20565,스포츠
ynat-v1_train_40873,정치
ynat-v1_train_04981,세계
ynat-v1_train_41230,경제
ynat-v1_train_38082,IT과학
ynat-v1_train_08006,IT과학
ynat-v1_train_10870,스포츠
ynat-v1_train_23800,스포츠
ynat-v1_train_05450,스포츠
ynat-v1_train_08025,정치
ynat-v1_train_16824,스포츠
ynat-v1_train_33506,경제
ynat-v1_train_27453,생활문화
ynat-v1_train_32035,IT과학
ynat-v1_train_36464,IT과학
ynat-v1_train_38492,정치
ynat-v1_train_13388,정치
ynat-v1_train_28002,생활문화
ynat-v1_train_20341,경제
ynat-v1_train_39712,IT과학
ynat-v1_train_05230,사회
ynat-v1_train_42697,정치
ynat-v1_train_02439,경제
ynat-v1_train_01079,세계
ynat-v1_train_02963,사회
ynat-v1_train_24376,세계
ynat-v1_train_30315,정치
ynat-v1_train_25182,IT과학
ynat-v1_train_43250,사회
ynat-v1_train_36293,경제
ynat-v1_train_42957,사회
ynat-v1_train_17617,정치
ynat-v1_train_34404,생활문화
ynat-v1_train_05737,IT과학
ynat-v1_train_13003,경제
ynat-v1_train_29475,세계
ynat-v1_train_00079,사회
ynat-v1_train_13053,정치
ynat-v1_train_42974,세계
ynat-v1_train_38026,생활문화
ynat-v1_train_31195,사회
ynat-v1_train_17531,스포츠
ynat-v1_train_03666,세계
ynat-v1_train_06206,세계
ynat-v1_train_26467,생활문화
ynat-v1_train_01302,경제
ynat-v1_train_10695,스포츠
ynat-v1_train_43877,스포츠
ynat-v1_train_30589,세계
ynat-v1_train_27549,스포츠
ynat-v1_train_25315,사회
ynat-v1_train_03647,세계
ynat-v1_train_39705,정치
ynat-v1_train_27974,스포츠
ynat-v1_train_43506,IT과학
ynat-v1_train_41671,스포츠
ynat-v1_train_18377,스포츠
ynat-v1_train_44604,생활문화
ynat-v1_train_02568,사회
ynat-v1_train_29184,IT과학
ynat-v1_train_16044,스포츠
ynat-v1_train_40509,생활문화
ynat-v1_train_33446,스포츠
ynat-v1_train_36548,사회
ynat-v1_train_17296,경제
ynat-v1_train_26006,사회
ynat-v1_train_36396,생활문화
ynat-v1_train_09011,세계
ynat-v1_train_34070,경제
ynat-v1_train_21880,경제
ynat-v1_train_03429,생활문화
ynat-v1_train_28748,정치
ynat-v1_train_00905,스포츠
ynat-v1_train_09241,IT과학
ynat-v1_train_12846,생활문화
ynat-v1_train_37959,정치
ynat-v1_train_14685,스포츠
ynat-v1_train_33847,스포츠
ynat-v1_train_44522,IT과학
ynat-v1_train_15351,세계
ynat-v1_train_29622,스포츠
ynat-v1_train_02890,정치
ynat-v1_train_09386,정치
ynat-v1_train_09282,스포츠
ynat-v1_train_31114,경제
ynat-v1_train_23393,세계
ynat-v1_train_32362,경제
ynat-v1_train_01824,세계
ynat-v1_train_06814,사회
ynat-v1_train_27279,생활문화
ynat-v1_train_30496,IT과학
ynat-v1_train_30146,세계
ynat-v1_train_08882,정치
ynat-v1_train_08706,IT과학
ynat-v1_train_00981,IT과학
ynat-v1_train_37703,IT과학
ynat-v1_train_29250,경제
ynat-v1_train_07706,정치
ynat-v1_train_15394,세계
ynat-v1_train_41742,세계
ynat-v1_train_03425,생활문화
ynat-v1_train_36384,IT과학
ynat-v1_train_01954,정치
ynat-v1_train_34584,정치
ynat-v1_train_38663,스포츠
ynat-v1_train_28618,경제
ynat-v1_train_14963,IT과학
ynat-v1_train_24021,생활문화
ynat-v1_train_09710,스포츠
ynat-v1_train_41522,정치
ynat-v1_train_25168,경제
ynat-v1_train_22636,경제
ynat-v1_train_07670,스포츠
ynat-v1_train_44458,세계
ynat-v1_train_33041,정치
ynat-v1_train_42890,IT과학
ynat-v1_train_22759,스포츠
ynat-v1_train_11977,스포츠
ynat-v1_train_39848,경제
ynat-v1_train_14738,세계
ynat-v1_train_28000,생활문화
ynat-v1_train_37885,생활문화
ynat-v1_train_43403,정치
ynat-v1_train_05786,스포츠
ynat-v1_train_36324,사회
ynat-v1_train_18437,스포츠
ynat-v1_train_37832,스포츠
ynat-v1_train_27301,정치
ynat-v1_train_13148,정치
ynat-v1_train_42173,스포츠
ynat-v1_train_26123,정치
ynat-v1_train_32095,경제
ynat-v1_train_30312,정치
ynat-v1_train_40641,세계
ynat-v1_train_39504,스포츠
ynat-v1_train_42925,경제
ynat-v1_train_33883,정치
ynat-v1_train_15066,세계
ynat-v1_train_15511,경제
ynat-v1_train_43763,세계
ynat-v1_train_41304,정치
ynat-v1_train_07594,세계
ynat-v1_train_07898,IT과학
ynat-v1_train_22240,스포츠
ynat-v1_train_19221,경제
ynat-v1_train_39678,생활문화
ynat-v1_train_10107,스포츠
ynat-v1_train_01966,세계
ynat-v1_train_20197,세계
ynat-v1_train_18120,세계
ynat-v1_train_09788,IT과학
ynat-v1_train_17586,경제
ynat-v1_train_40248,IT과학
ynat-v1_train_40597,세계
ynat-v1_train_26505,스포츠
ynat-v1_train_40702,세계
ynat-v1_train_00526,정치
ynat-v1_train_44415,스포츠
ynat-v1_train_03820,경제
ynat-v1_train_39218,스포츠
ynat-v1_train_34935,정치
ynat-v1_train_26162,스포츠
ynat-v1_train_20142,사회
ynat-v1_train_41338,세계
ynat-v1_train_26638,정치
ynat-v1_train_42087,세계
ynat-v1_train_10768,정치
ynat-v1_train_06965,사회
ynat-v1_train_45568,스포츠
ynat-v1_train_06786,세계
ynat-v1_train_32736,경제
ynat-v1_train_36132,사회
ynat-v1_train_30230,사회
ynat-v1_train_45469,IT과학
ynat-v1_train_40387,정치
ynat-v1_train_37904,세계
ynat-v1_train_23125,스포츠
ynat-v1_train_00209,경제
ynat-v1_train_19080,생활문화
ynat-v1_train_40520,사회
ynat-v1_train_39919,정치
ynat-v1_train_07892,경제
ynat-v1_train_06253,경제
ynat-v1_train_25612,사회
ynat-v1_train_20111,정치
ynat-v1_train_06931,스포츠
ynat-v1_train_21645,경제
ynat-v1_train_15075,정치
ynat-v1_train_10751,사회
ynat-v1_train_32945,세계
ynat-v1_train_16740,세계
ynat-v1_train_03333,정치
ynat-v1_train_32967,세계
ynat-v1_train_03669,정치
ynat-v1_train_28108,스포츠
ynat-v1_train_19731,스포츠
ynat-v1_train_10812,스포츠
ynat-v1_train_05500,정치
ynat-v1_train_15239,사회
ynat-v1_train_33755,경제
ynat-v1_train_11266,세계
ynat-v1_train_12745,정치
ynat-v1_train_32525,경제
ynat-v1_train_19739,생활문화
ynat-v1_train_18606,세계
ynat-v1_train_11885,사회
ynat-v1_train_15802,IT과학
ynat-v1_train_14481,생활문화
ynat-v1_train_38497,정치
ynat-v1_train_21655,생활문화
ynat-v1_train_14498,세계
ynat-v1_train_39591,세계
ynat-v1_train_19757,IT과학
ynat-v1_train_15643,세계
ynat-v1_train_05476,정치
ynat-v1_train_30561,세계
ynat-v1_train_35271,경제
ynat-v1_train_21626,세계
ynat-v1_train_40659,생활문화
ynat-v1_train_01271,스포츠
ynat-v1_train_30426,생활문화
ynat-v1_train_09205,스포츠
ynat-v1_train_44109,경제
ynat-v1_train_37630,경제
ynat-v1_train_08153,세계
ynat-v1_train_07708,스포츠
ynat-v1_train_39551,정치
ynat-v1_train_04203,세계
ynat-v1_train_38218,생활문화
ynat-v1_train_05778,경제
ynat-v1_train_34439,사회
ynat-v1_train_44879,사회
ynat-v1_train_37924,경제
ynat-v1_train_41856,스포츠
ynat-v1_train_42397,IT과학
ynat-v1_train_24936,정치
ynat-v1_train_18068,세계
ynat-v1_train_36477,경제
ynat-v1_train_12609,세계
ynat-v1_train_26059,IT과학
ynat-v1_train_35087,사회
ynat-v1_train_27161,스포츠
ynat-v1_train_39826,생활문화
ynat-v1_train_43087,생활문화
ynat-v1_train_03226,세계
ynat-v1_train_06896,정치
ynat-v1_train_18177,사회
ynat-v1_train_23460,정치
ynat-v1_train_15890,스포츠
ynat-v1_train_45188,정치
ynat-v1_train_05045,스포츠
ynat-v1_train_45107,정치
ynat-v1_train_36562,생활문화
ynat-v1_train_41713,생활문화
ynat-v1_train_02724,정치
ynat-v1_train_02763,세계
ynat-v1_train_37726,세계
ynat-v1_train_06147,정치
ynat-v1_train_17222,사회
ynat-v1_train_01618,경제
ynat-v1_train_17838,생활문화
ynat-v1_train_40316,IT과학
ynat-v1_train_23462,세계
ynat-v1_train_29937,IT과학
ynat-v1_train_22790,스포츠
ynat-v1_train_29987,IT과학
ynat-v1_train_19705,IT과학
ynat-v1_train_03353,정치
ynat-v1_train_22255,생활문화
ynat-v1_train_03830,사회
ynat-v1_train_33855,경제
ynat-v1_train_42189,정치
ynat-v1_train_30394,경제
ynat-v1_train_09594,경제
ynat-v1_train_10083,생활문화
ynat-v1_train_12303,스포츠
ynat-v1_train_29293,스포츠
ynat-v1_train_29817,IT과학
ynat-v1_train_42213,경제
ynat-v1_train_29665,스포츠
ynat-v1_train_36372,경제
ynat-v1_train_23829,정치
ynat-v1_train_37777,스포츠
ynat-v1_train_00499,정치
ynat-v1_train_34743,세계
ynat-v1_train_18508,정치
ynat-v1_train_02580,스포츠
ynat-v1_train_30558,스포츠
ynat-v1_train_19007,스포츠
ynat-v1_train_08262,세계
ynat-v1_train_00570,세계
ynat-v1_train_22109,생활문화
ynat-v1_train_12258,사회
ynat-v1_train_22997,생활문화
ynat-v1_train_16301,생활문화
ynat-v1_train_41326,스포츠
ynat-v1_train_10572,스포츠
ynat-v1_train_18046,사회
ynat-v1_train_07153,정치
ynat-v1_train_08709,스포츠
ynat-v1_train_38923,정치
ynat-v1_train_26489,경제
ynat-v1_train_29215,스포츠
ynat-v1_train_40636,정치
ynat-v1_train_08825,정치
ynat-v1_train_21660,IT과학
ynat-v1_train_12992,정치
ynat-v1_train_20823,IT과학
ynat-v1_train_11947,사회
ynat-v1_train_06986,생활문화
ynat-v1_train_21005,IT과학
ynat-v1_train_09131,사회
ynat-v1_train_35452,정치
ynat-v1_train_22702,스포츠
ynat-v1_train_02620,경제
ynat-v1_train_03365,스포츠
ynat-v1_train_05703,생활문화
ynat-v1_train_03307,정치
ynat-v1_train_29050,스포츠
ynat-v1_train_01585,경제
ynat-v1_train_07815,정치
ynat-v1_train_08513,스포츠
ynat-v1_train_41069,스포츠
ynat-v1_train_17951,IT과학
ynat-v1_train_21888,정치
ynat-v1_train_04478,경제
ynat-v1_train_14149,세계
ynat-v1_train_13683,세계
ynat-v1_train_34290,정치
ynat-v1_train_13758,스포츠
ynat-v1_train_16432,사회
ynat-v1_train_35360,세계
ynat-v1_train_22618,경제
ynat-v1_train_32546,정치
ynat-v1_train_20040,IT과학
ynat-v1_train_01948,사회
ynat-v1_train_07522,정치
ynat-v1_train_16381,IT과학
ynat-v1_train_27993,정치
ynat-v1_train_36371,생활문화
ynat-v1_train_16751,사회
ynat-v1_train_27226,IT과학
ynat-v1_train_21860,정치
ynat-v1_train_00801,스포츠
ynat-v1_train_23971,경제
ynat-v1_train_11781,경제
ynat-v1_train_30643,생활문화
ynat-v1_train_08082,세계
ynat-v1_train_05409,IT과학
ynat-v1_train_41189,세계
ynat-v1_train_39250,경제
ynat-v1_train_20044,경제
ynat-v1_train_08366,사회
ynat-v1_train_06954,세계
ynat-v1_train_45272,스포츠
ynat-v1_train_43007,스포츠
ynat-v1_train_43031,정치
ynat-v1_train_42803,세계
ynat-v1_train_36742,생활문화
ynat-v1_train_06094,스포츠
ynat-v1_train_26245,스포츠
ynat-v1_train_01141,경제
ynat-v1_train_28693,정치
ynat-v1_train_11286,정치
ynat-v1_train_00372,정치
ynat-v1_train_00405,세계
ynat-v1_train_41389,정치
ynat-v1_train_02935,스포츠
ynat-v1_train_38870,IT과학
ynat-v1_train_19211,사회
ynat-v1_train_37961,세계
ynat-v1_train_29246,스포츠
ynat-v1_train_26340,정치
ynat-v1_train_24202,세계
ynat-v1_train_32722,세계
ynat-v1_train_38851,스포츠
ynat-v1_train_25189,정치
ynat-v1_train_26541,세계
ynat-v1_train_26721,스포츠
ynat-v1_train_19192,세계
ynat-v1_train_45630,정치
ynat-v1_train_21028,경제
ynat-v1_train_16385,생활문화
ynat-v1_train_43713,생활문화
ynat-v1_train_09767,경제
ynat-v1_train_09541,스포츠
ynat-v1_train_35692,IT과학
ynat-v1_train_03522,IT과학
ynat-v1_train_41409,생활문화
ynat-v1_train_21940,정치
ynat-v1_train_08338,스포츠
ynat-v1_train_38638,생활문화
ynat-v1_train_42605,스포츠
ynat-v1_train_27393,IT과학
ynat-v1_train_38286,IT과학
ynat-v1_train_33312,정치
ynat-v1_train_35209,IT과학
ynat-v1_train_09920,스포츠
ynat-v1_train_39196,IT과학
ynat-v1_train_11130,스포츠
ynat-v1_train_28290,IT과학
ynat-v1_train_07362,경제
ynat-v1_train_02950,IT과학
ynat-v1_train_22739,사회
ynat-v1_train_19224,세계
ynat-v1_train_36481,사회
ynat-v1_train_22056,사회
ynat-v1_train_18047,정치
ynat-v1_train_07129,세계
ynat-v1_train_27969,IT과학
ynat-v1_train_01892,정치
ynat-v1_train_00250,세계
ynat-v1_train_01351,세계
ynat-v1_train_08468,생활문화
ynat-v1_train_07862,생활문화
ynat-v1_train_37787,사회
ynat-v1_train_11809,사회
ynat-v1_train_30922,IT과학
ynat-v1_train_07737,정치
ynat-v1_train_17730,세계
ynat-v1_train_15051,세계
ynat-v1_train_07006,경제
ynat-v1_train_13580,생활문화
ynat-v1_train_16782,생활문화
ynat-v1_train_42536,사회
ynat-v1_train_36246,생활문화
ynat-v1_train_03156,생활문화
ynat-v1_train_07417,스포츠
ynat-v1_train_27711,사회
ynat-v1_train_13001,사회
ynat-v1_train_10040,스포츠
ynat-v1_train_03285,세계
ynat-v1_train_01273,IT과학
ynat-v1_train_45484,정치
ynat-v1_train_43956,스포츠
ynat-v1_train_29275,스포츠
ynat-v1_train_19666,생활문화
ynat-v1_train_44380,경제
ynat-v1_train_35301,세계
ynat-v1_train_25274,세계
ynat-v1_train_04351,사회
ynat-v1_train_34040,세계
ynat-v1_train_27171,경제
ynat-v1_train_00799,IT과학
ynat-v1_train_20596,세계
ynat-v1_train_01654,스포츠
ynat-v1_train_25245,사회
ynat-v1_train_24921,경제
ynat-v1_train_08683,세계
ynat-v1_train_42005,IT과학
ynat-v1_train_41379,IT과학
ynat-v1_train_09426,생활문화
ynat-v1_train_45140,스포츠
ynat-v1_train_38611,경제
ynat-v1_train_02482,스포츠
ynat-v1_train_40484,정치
ynat-v1_train_45321,IT과학
ynat-v1_train_29045,생활문화
ynat-v1_train_23896,스포츠
ynat-v1_train_41557,경제
ynat-v1_train_23207,세계
ynat-v1_train_35490,정치
ynat-v1_train_11970,사회
ynat-v1_train_39253,세계
ynat-v1_train_02051,생활문화
ynat-v1_train_08530,정치
ynat-v1_train_44619,세계
ynat-v1_train_05295,경제
ynat-v1_train_37710,생활문화
ynat-v1_train_34284,정치
ynat-v1_train_04023,생활문화
ynat-v1_train_33712,세계
ynat-v1_train_07482,경제
ynat-v1_train_26229,세계
ynat-v1_train_15233,정치
ynat-v1_train_45509,정치
ynat-v1_train_18662,스포츠
ynat-v1_train_05309,세계
ynat-v1_train_15584,스포츠
ynat-v1_train_04836,정치
ynat-v1_train_11384,생활문화
ynat-v1_train_03991,경제
ynat-v1_train_18395,스포츠
ynat-v1_train_21535,생활문화
ynat-v1_train_15458,스포츠
ynat-v1_train_26357,스포츠
ynat-v1_train_17991,세계
ynat-v1_train_33134,정치
ynat-v1_train_16834,사회
ynat-v1_train_22475,IT과학
ynat-v1_train_17538,생활문화
ynat-v1_train_44120,스포츠
ynat-v1_train_04976,세계
ynat-v1_train_03618,정치
ynat-v1_train_11004,경제
ynat-v1_train_18056,세계
ynat-v1_train_10486,스포츠
ynat-v1_train_34708,IT과학
ynat-v1_train_14070,정치
ynat-v1_train_36777,스포츠
ynat-v1_train_13098,스포츠
ynat-v1_train_21146,세계
ynat-v1_train_28027,경제
ynat-v1_train_00130,IT과학
ynat-v1_train_16668,세계
ynat-v1_train_14977,정치
ynat-v1_train_10953,사회
ynat-v1_train_40787,세계
ynat-v1_train_32210,스포츠
ynat-v1_train_37007,경제
ynat-v1_train_34113,사회
ynat-v1_train_33435,스포츠
ynat-v1_train_27517,세계
ynat-v1_train_15142,IT과학
ynat-v1_train_13118,세계
ynat-v1_train_00955,정치
ynat-v1_train_26881,경제
ynat-v1_train_08586,생활문화
ynat-v1_train_11661,IT과학
ynat-v1_train_16577,세계
ynat-v1_train_07349,스포츠
ynat-v1_train_39797,경제
ynat-v1_train_24828,사회
ynat-v1_train_33298,사회
ynat-v1_train_00592,세계
ynat-v1_train_14177,생활문화
ynat-v1_train_16494,스포츠
ynat-v1_train_44388,세계
ynat-v1_train_38114,세계
ynat-v1_train_08016,정치
ynat-v1_train_04609,IT과학
ynat-v1_train_08649,정치
ynat-v1_train_22723,IT과학
ynat-v1_train_29944,경제
ynat-v1_train_30844,정치
ynat-v1_train_32068,생활문화
ynat-v1_train_39350,정치
ynat-v1_train_16839,세계
ynat-v1_train_34714,세계
ynat-v1_train_28705,정치
ynat-v1_train_00882,경제
ynat-v1_train_24412,사회
ynat-v1_train_36834,경제
ynat-v1_train_16323,IT과학
ynat-v1_train_10183,생활문화
ynat-v1_train_05235,정치
ynat-v1_train_29741,사회
ynat-v1_train_35461,생활문화
ynat-v1_train_41172,정치
ynat-v1_train_33733,스포츠
ynat-v1_train_25748,세계
ynat-v1_train_01923,정치
ynat-v1_train_11811,세계
ynat-v1_train_13467,세계
ynat-v1_train_36689,세계
ynat-v1_train_37610,IT과학
ynat-v1_train_04247,사회
ynat-v1_train_34175,생활문화
ynat-v1_train_42587,생활문화
ynat-v1_train_13611,스포츠
ynat-v1_train_33019,정치
ynat-v1_train_15299,스포츠
ynat-v1_train_04396,세계
ynat-v1_train_12387,세계
ynat-v1_train_42082,정치
ynat-v1_train_04007,세계
ynat-v1_train_11701,정치
ynat-v1_train_28256,IT과학
ynat-v1_train_22066,세계
ynat-v1_train_06513,스포츠
ynat-v1_train_28797,세계
ynat-v1_train_33929,경제
ynat-v1_train_15516,스포츠
ynat-v1_train_37884,생활문화
ynat-v1_train_20301,스포츠
ynat-v1_train_21123,IT과학
ynat-v1_train_15877,정치
ynat-v1_train_14472,IT과학
ynat-v1_train_40905,생활문화
ynat-v1_train_42302,사회
ynat-v1_train_16799,사회
ynat-v1_train_29482,IT과학
ynat-v1_train_32102,세계
ynat-v1_train_08679,스포츠
ynat-v1_train_36247,IT과학
ynat-v1_train_01689,세계
ynat-v1_train_10844,IT과학
ynat-v1_train_01512,스포츠
ynat-v1_train_03415,생활문화
ynat-v1_train_29364,스포츠
ynat-v1_train_32050,IT과학
ynat-v1_train_16703,경제
ynat-v1_train_35070,경제
ynat-v1_train_04543,경제
ynat-v1_train_43827,생활문화
ynat-v1_train_08414,경제
ynat-v1_train_26329,생활문화
ynat-v1_train_38381,생활문화
ynat-v1_train_19871,경제
ynat-v1_train_21499,세계
ynat-v1_train_44356,경제
ynat-v1_train_38529,세계
ynat-v1_train_21772,스포츠
ynat-v1_train_24927,스포츠
ynat-v1_train_42245,경제
ynat-v1_train_31736,생활문화
ynat-v1_train_24515,스포츠
ynat-v1_train_41639,정치
ynat-v1_train_28944,사회
ynat-v1_train_15497,정치
ynat-v1_train_21984,생활문화
ynat-v1_train_27990,세계
ynat-v1_train_03100,세계
ynat-v1_train_23783,IT과학
ynat-v1_train_05963,IT과학
ynat-v1_train_20439,스포츠
ynat-v1_train_21797,세계
ynat-v1_train_08121,생활문화
ynat-v1_train_11136,IT과학
ynat-v1_train_21184,경제
ynat-v1_train_22579,IT과학
ynat-v1_train_10958,세계
ynat-v1_train_19398,생활문화
ynat-v1_train_14112,경제
ynat-v1_train_17750,스포츠
ynat-v1_train_36962,IT과학
ynat-v1_train_27977,스포츠
ynat-v1_train_05186,스포츠
ynat-v1_train_35607,경제
ynat-v1_train_44835,세계
ynat-v1_train_40256,사회
ynat-v1_train_01927,정치
ynat-v1_train_04966,정치
ynat-v1_train_35484,생활문화
ynat-v1_train_39747,세계
ynat-v1_train_02166,스포츠
ynat-v1_train_03244,사회
ynat-v1_train_26194,경제
ynat-v1_train_39982,IT과학
ynat-v1_train_10153,세계
ynat-v1_train_23120,스포츠
ynat-v1_train_36091,생활문화
ynat-v1_train_22365,스포츠
ynat-v1_train_02167,IT과학
ynat-v1_train_14014,정치
ynat-v1_train_32156,사회
ynat-v1_train_04471,스포츠
ynat-v1_train_36844,스포츠
ynat-v1_train_23384,세계
ynat-v1_train_11594,스포츠
ynat-v1_train_43685,정치
ynat-v1_train_42832,세계
ynat-v1_train_27368,정치
ynat-v1_train_09705,경제
ynat-v1_train_45357,세계
ynat-v1_train_06069,경제
ynat-v1_train_07881,정치
ynat-v1_train_28295,IT과학
ynat-v1_train_06414,경제
ynat-v1_train_15720,경제
ynat-v1_train_22374,세계
ynat-v1_train_27500,사회
ynat-v1_train_18431,세계
ynat-v1_train_06469,IT과학
ynat-v1_train_13835,생활문화
ynat-v1_train_14381,세계
ynat-v1_train_31860,경제
ynat-v1_train_44612,세계
ynat-v1_train_17113,정치
ynat-v1_train_28729,경제
ynat-v1_train_38682,생활문화
ynat-v1_train_03375,IT과학
ynat-v1_train_09632,IT과학
ynat-v1_train_28549,스포츠
ynat-v1_train_04330,생활문화
ynat-v1_train_20209,스포츠
ynat-v1_train_08297,세계
ynat-v1_train_37423,생활문화
ynat-v1_train_36590,IT과학
ynat-v1_train_03305,사회
ynat-v1_train_39455,생활문화
ynat-v1_train_01029,경제
ynat-v1_train_23899,정치
ynat-v1_train_29047,생활문화
ynat-v1_train_35732,정치
ynat-v1_train_23403,생활문화
ynat-v1_train_07222,정치
ynat-v1_train_41105,스포츠
ynat-v1_train_37866,세계
ynat-v1_train_02782,정치
ynat-v1_train_14379,정치
ynat-v1_train_41246,경제
ynat-v1_train_37658,정치
ynat-v1_train_18777,세계
ynat-v1_train_27744,정치
ynat-v1_train_01198,경제
ynat-v1_train_06420,세계
ynat-v1_train_33119,세계
ynat-v1_train_26417,IT과학
ynat-v1_train_02375,스포츠
ynat-v1_train_26091,세계
ynat-v1_train_28399,생활문화
ynat-v1_train_14846,사회
ynat-v1_train_10720,세계
ynat-v1_train_42292,정치
ynat-v1_train_09571,세계
ynat-v1_train_35342,IT과학
ynat-v1_train_45086,정치
ynat-v1_train_23563,경제
ynat-v1_train_02511,스포츠
ynat-v1_train_15178,생활문화
ynat-v1_train_26141,정치
ynat-v1_train_38948,경제
ynat-v1_train_16649,정치
ynat-v1_train_43937,경제
ynat-v1_train_29597,정치
ynat-v1_train_27573,정치
ynat-v1_train_21869,IT과학
ynat-v1_train_03342,정치
ynat-v1_train_01381,경제
ynat-v1_train_26481,세계
ynat-v1_train_14269,스포츠
ynat-v1_train_25960,IT과학
ynat-v1_train_10030,사회
ynat-v1_train_07804,세계
ynat-v1_train_04855,생활문화
ynat-v1_train_06183,생활문화
ynat-v1_train_03731,세계
ynat-v1_train_37732,IT과학
ynat-v1_train_29775,세계
ynat-v1_train_29868,세계
ynat-v1_train_40131,사회
ynat-v1_train_42523,정치
ynat-v1_train_01472,세계
ynat-v1_train_07235,경제
ynat-v1_train_18666,정치
ynat-v1_train_08816,경제
ynat-v1_train_38309,생활문화
ynat-v1_train_08356,사회
ynat-v1_train_27612,생활문화
ynat-v1_train_25721,생활문화
ynat-v1_train_08410,세계
ynat-v1_train_34984,경제
ynat-v1_train_02257,세계
ynat-v1_train_08687,스포츠
ynat-v1_train_42063,스포츠
ynat-v1_train_19669,사회
ynat-v1_train_09555,스포츠
ynat-v1_train_11861,세계
ynat-v1_train_15506,경제
ynat-v1_train_28540,경제
ynat-v1_train_19890,정치
ynat-v1_train_00206,스포츠
ynat-v1_train_43985,생활문화
ynat-v1_train_04518,세계
ynat-v1_train_09872,생활문화
ynat-v1_train_21595,스포츠
ynat-v1_train_08441,정치
ynat-v1_train_04446,경제
ynat-v1_train_36412,IT과학
ynat-v1_train_30518,세계
ynat-v1_train_31755,세계
ynat-v1_train_17456,세계
ynat-v1_train_28094,경제
ynat-v1_train_05560,정치
ynat-v1_train_38206,IT과학
ynat-v1_train_45497,경제
ynat-v1_train_41617,정치
ynat-v1_train_18800,정치
ynat-v1_train_30873,정치
ynat-v1_train_36201,생활문화
ynat-v1_train_03420,정치
ynat-v1_train_24176,정치
ynat-v1_train_27361,정치
ynat-v1_train_36309,세계
ynat-v1_train_30638,생활문화
ynat-v1_train_35406,생활문화
ynat-v1_train_43540,경제
ynat-v1_train_20355,세계
ynat-v1_train_07959,경제
ynat-v1_train_00590,생활문화
ynat-v1_train_25122,세계
ynat-v1_train_42504,경제
ynat-v1_train_05188,생활문화
ynat-v1_train_35224,IT과학
ynat-v1_train_16129,사회
ynat-v1_train_01542,세계
ynat-v1_train_08123,스포츠
ynat-v1_train_20506,정치
ynat-v1_train_11080,경제
ynat-v1_train_38843,정치
ynat-v1_train_01450,경제
ynat-v1_train_09385,IT과학
ynat-v1_train_21673,정치
ynat-v1_train_00670,IT과학
ynat-v1_train_25603,생활문화
ynat-v1_train_09322,정치
ynat-v1_train_44517,IT과학
ynat-v1_train_24413,경제
ynat-v1_train_18914,세계
ynat-v1_train_15721,정치
ynat-v1_train_11632,사회
ynat-v1_train_05942,IT과학
ynat-v1_train_18333,세계
ynat-v1_train_41178,스포츠
ynat-v1_train_27142,스포츠
ynat-v1_train_10997,세계
ynat-v1_train_29635,세계
ynat-v1_train_33648,생활문화
ynat-v1_train_36392,정치
ynat-v1_train_15445,세계
ynat-v1_train_06717,세계
ynat-v1_train_31995,정치
ynat-v1_train_07610,생활문화
ynat-v1_train_19015,스포츠
ynat-v1_train_01071,경제
ynat-v1_train_15544,사회
ynat-v1_train_24170,생활문화
ynat-v1_train_14466,경제
ynat-v1_train_43379,IT과학
ynat-v1_train_28414,스포츠
ynat-v1_train_07448,스포츠
ynat-v1_train_28971,생활문화
ynat-v1_train_23501,IT과학
ynat-v1_train_38883,생활문화
ynat-v1_train_34147,경제
ynat-v1_train_20577,사회
ynat-v1_train_33470,사회
ynat-v1_train_31720,사회
ynat-v1_train_31892,IT과학
ynat-v1_train_27072,정치
ynat-v1_train_19721,스포츠
ynat-v1_train_24333,IT과학
ynat-v1_train_14708,경제
ynat-v1_train_43461,세계
ynat-v1_train_18693,세계
ynat-v1_train_29875,세계
ynat-v1_train_17867,경제
ynat-v1_train_03032,정치
ynat-v1_train_12821,스포츠
ynat-v1_train_19469,사회
ynat-v1_train_24157,경제
ynat-v1_train_00764,생활문화
ynat-v1_train_41259,세계
ynat-v1_train_16347,정치
ynat-v1_train_31187,정치
ynat-v1_train_43405,생활문화
ynat-v1_train_18806,생활문화
ynat-v1_train_35996,세계
ynat-v1_train_45225,생활문화
ynat-v1_train_36111,경제
ynat-v1_train_18422,정치
ynat-v1_train_31878,스포츠
ynat-v1_train_41980,생활문화
ynat-v1_train_17525,IT과학
ynat-v1_train_17379,사회
ynat-v1_train_43710,정치
ynat-v1_train_08161,정치
ynat-v1_train_40796,사회
ynat-v1_train_30787,생활문화
ynat-v1_train_21826,정치
ynat-v1_train_16560,스포츠
ynat-v1_train_39444,생활문화
ynat-v1_train_15193,IT과학
ynat-v1_train_33353,IT과학
ynat-v1_train_43434,스포츠
ynat-v1_train_31523,스포츠
ynat-v1_train_23118,생활문화
ynat-v1_train_13743,사회
ynat-v1_train_27246,IT과학
ynat-v1_train_42326,스포츠
ynat-v1_train_21330,세계
ynat-v1_train_27809,세계
ynat-v1_train_37674,정치
ynat-v1_train_06193,경제
ynat-v1_train_45650,스포츠
ynat-v1_train_11157,생활문화
ynat-v1_train_17929,세계
ynat-v1_train_03159,IT과학
ynat-v1_train_38826,세계
ynat-v1_train_34206,세계
ynat-v1_train_28332,사회
ynat-v1_train_32763,스포츠
ynat-v1_train_06399,스포츠
ynat-v1_train_40067,IT과학
ynat-v1_train_35654,사회
ynat-v1_train_11782,경제
ynat-v1_train_22323,스포츠
ynat-v1_train_03189,정치
ynat-v1_train_02673,스포츠
ynat-v1_train_02415,세계
ynat-v1_train_29564,생활문화
ynat-v1_train_41055,세계
ynat-v1_train_00630,정치
ynat-v1_train_39421,사회
ynat-v1_train_37626,스포츠
ynat-v1_train_18517,세계
ynat-v1_train_43688,IT과학
ynat-v1_train_26495,사회
ynat-v1_train_12608,IT과학
ynat-v1_train_23735,경제
ynat-v1_train_23479,스포츠
ynat-v1_train_17849,스포츠
ynat-v1_train_22172,경제
ynat-v1_train_11807,사회
ynat-v1_train_25755,스포츠
ynat-v1_train_24232,스포츠
ynat-v1_train_01986,사회
ynat-v1_train_21373,정치
ynat-v1_train_36325,정치
ynat-v1_train_42780,세계
ynat-v1_train_24952,생활문화
ynat-v1_train_00240,스포츠
ynat-v1_train_04233,스포츠
ynat-v1_train_15443,경제
ynat-v1_train_23314,생활문화
ynat-v1_train_38166,정치
ynat-v1_train_28292,생활문화
ynat-v1_train_24456,생활문화
ynat-v1_train_34460,세계
ynat-v1_train_03880,정치
ynat-v1_train_31847,사회
ynat-v1_train_40305,세계
ynat-v1_train_39576,생활문화
ynat-v1_train_22263,사회
ynat-v1_train_10949,스포츠
ynat-v1_train_20770,스포츠
ynat-v1_train_00932,정치
ynat-v1_train_02274,IT과학
ynat-v1_train_25287,생활문화
ynat-v1_train_32083,생활문화
ynat-v1_train_11742,스포츠
ynat-v1_train_22780,생활문화
ynat-v1_train_00044,IT과학
ynat-v1_train_25307,사회
ynat-v1_train_39025,IT과학
ynat-v1_train_32861,세계
ynat-v1_train_39017,생활문화
ynat-v1_train_41636,스포츠
ynat-v1_train_26849,IT과학
ynat-v1_train_32049,세계
ynat-v1_train_34659,정치
ynat-v1_train_36783,경제
ynat-v1_train_34983,정치
ynat-v1_train_09376,IT과학
ynat-v1_train_35614,스포츠
ynat-v1_train_30593,경제
ynat-v1_train_10417,세계
ynat-v1_train_19859,스포츠
ynat-v1_train_19278,사회
ynat-v1_train_10260,정치
ynat-v1_train_19407,IT과학
ynat-v1_train_42609,정치
ynat-v1_train_16094,스포츠
ynat-v1_train_32966,세계
ynat-v1_train_16389,사회
ynat-v1_train_36788,세계
ynat-v1_train_38352,IT과학
ynat-v1_train_42296,경제
ynat-v1_train_19511,생활문화
ynat-v1_train_22608,IT과학
ynat-v1_train_37049,세계
ynat-v1_train_28380,세계
ynat-v1_train_06474,생활문화
ynat-v1_train_28937,스포츠
ynat-v1_train_01215,스포츠
ynat-v1_train_45488,경제
ynat-v1_train_21543,정치
ynat-v1_train_19732,정치
ynat-v1_train_25954,생활문화
ynat-v1_train_10207,세계
ynat-v1_train_45446,경제
ynat-v1_train_41208,정치
ynat-v1_train_23355,경제
ynat-v1_train_12946,사회
ynat-v1_train_30383,세계
ynat-v1_train_38265,정치
ynat-v1_train_40974,IT과학
ynat-v1_train_00101,정치
ynat-v1_train_12680,사회
ynat-v1_train_27758,사회
ynat-v1_train_21034,경제
ynat-v1_train_13664,정치
ynat-v1_train_05068,정치
ynat-v1_train_41183,생활문화
ynat-v1_train_23688,경제
ynat-v1_train_09582,생활문화
ynat-v1_train_30736,스포츠
ynat-v1_train_43924,세계
ynat-v1_train_09462,정치
ynat-v1_train_22818,IT과학
ynat-v1_train_24417,생활문화
ynat-v1_train_13597,생활문화
ynat-v1_train_32585,정치
ynat-v1_train_22312,사회
ynat-v1_train_07913,세계
ynat-v1_train_12256,생활문화
ynat-v1_train_04957,스포츠
ynat-v1_train_14612,경제
ynat-v1_train_27096,스포츠
ynat-v1_train_41415,생활문화
ynat-v1_train_09956,생활문화
ynat-v1_train_22996,생활문화
ynat-v1_train_39529,정치
ynat-v1_train_26350,사회
ynat-v1_train_33328,스포츠
ynat-v1_train_03787,세계
ynat-v1_train_38447,경제
ynat-v1_train_22532,세계
ynat-v1_train_10838,정치
ynat-v1_train_24421,정치
ynat-v1_train_07156,경제
ynat-v1_train_11129,정치
ynat-v1_train_36259,스포츠
ynat-v1_train_35443,스포츠
ynat-v1_train_03474,세계
ynat-v1_train_13637,IT과학
ynat-v1_train_23078,생활문화
ynat-v1_train_08138,정치
ynat-v1_train_23293,사회
ynat-v1_train_43634,생활문화
ynat-v1_train_09392,세계
ynat-v1_train_44960,생활문화
ynat-v1_train_12642,생활문화
ynat-v1_train_02171,IT과학
ynat-v1_train_14021,사회
ynat-v1_train_27530,사회
ynat-v1_train_19994,사회
ynat-v1_train_34372,스포츠
ynat-v1_train_23637,생활문화
ynat-v1_train_39985,생활문화
ynat-v1_train_07941,세계
ynat-v1_train_26474,IT과학
ynat-v1_train_06401,세계
ynat-v1_train_37950,세계
ynat-v1_train_26113,세계
ynat-v1_train_02411,세계
ynat-v1_train_09053,정치
ynat-v1_train_28461,경제
ynat-v1_train_00051,세계
ynat-v1_train_41524,IT과학
ynat-v1_train_01737,IT과학
ynat-v1_train_30152,생활문화
ynat-v1_train_26878,세계
ynat-v1_train_29404,정치
ynat-v1_train_45339,세계
ynat-v1_train_32898,세계
ynat-v1_train_00653,생활문화
ynat-v1_train_12036,세계
ynat-v1_train_03725,생활문화
ynat-v1_train_29366,생활문화
ynat-v1_train_11213,경제
ynat-v1_train_36358,IT과학
ynat-v1_train_35230,정치
ynat-v1_train_36237,스포츠
ynat-v1_train_34123,세계
ynat-v1_train_13738,정치
ynat-v1_train_39148,IT과학
ynat-v1_train_19457,정치
ynat-v1_train_06643,생활문화
ynat-v1_train_26158,생활문화
ynat-v1_train_15996,생활문화
ynat-v1_train_43719,생활문화
ynat-v1_train_21095,사회
ynat-v1_train_41195,세계
ynat-v1_train_26763,사회
ynat-v1_train_06440,정치
ynat-v1_train_08030,경제
ynat-v1_train_14508,IT과학
ynat-v1_train_23714,정치
ynat-v1_train_10852,스포츠
ynat-v1_train_06582,세계
ynat-v1_train_43358,IT과학
ynat-v1_train_43496,생활문화
ynat-v1_train_24512,정치
ynat-v1_train_14973,IT과학
ynat-v1_train_28979,경제
ynat-v1_train_38502,세계
ynat-v1_train_06811,사회
ynat-v1_train_18801,사회
ynat-v1_train_32112,스포츠
ynat-v1_train_20668,정치
ynat-v1_train_35728,세계
ynat-v1_train_33614,생활문화
ynat-v1_train_29164,IT과학
ynat-v1_train_17324,스포츠
ynat-v1_train_03827,경제
ynat-v1_train_03397,정치
ynat-v1_train_08856,스포츠
ynat-v1_train_44492,생활문화
ynat-v1_train_39854,경제
ynat-v1_train_23988,세계
ynat-v1_train_22177,스포츠
ynat-v1_train_01048,세계
ynat-v1_train_12908,정치
ynat-v1_train_07390,스포츠
ynat-v1_train_08093,정치
ynat-v1_train_23524,정치
ynat-v1_train_15422,IT과학
ynat-v1_train_24294,경제
ynat-v1_train_39122,경제
ynat-v1_train_14162,세계
ynat-v1_train_43878,세계
ynat-v1_train_45452,세계
ynat-v1_train_34394,경제
ynat-v1_train_03389,생활문화
ynat-v1_train_36699,IT과학
ynat-v1_train_17484,경제
ynat-v1_train_15840,생활문화
ynat-v1_train_20104,사회
ynat-v1_train_41243,세계
ynat-v1_train_20745,세계
ynat-v1_train_24139,스포츠
ynat-v1_train_41005,정치
ynat-v1_train_24717,세계
ynat-v1_train_17732,세계
ynat-v1_train_05539,세계
ynat-v1_train_45006,정치
ynat-v1_train_36267,세계
ynat-v1_train_32332,스포츠
ynat-v1_train_22023,경제
ynat-v1_train_37034,스포츠
ynat-v1_train_16768,세계
ynat-v1_train_15672,세계
ynat-v1_train_02022,정치
ynat-v1_train_08630,세계
ynat-v1_train_34510,스포츠
ynat-v1_train_18653,사회
ynat-v1_train_18159,사회
ynat-v1_train_23916,세계
ynat-v1_train_21707,IT과학
ynat-v1_train_24984,정치
ynat-v1_train_09315,IT과학
ynat-v1_train_32343,정치
ynat-v1_train_40093,세계
ynat-v1_train_11714,세계
ynat-v1_train_09988,생활문화
ynat-v1_train_28582,스포츠
ynat-v1_train_15395,생활문화
ynat-v1_train_43842,세계
ynat-v1_train_28024,세계
ynat-v1_train_07599,세계
ynat-v1_train_35680,정치
ynat-v1_train_02522,사회
ynat-v1_train_17390,IT과학
ynat-v1_train_42228,IT과학
ynat-v1_train_16193,스포츠
ynat-v1_train_15603,IT과학
ynat-v1_train_09515,생활문화
ynat-v1_train_29367,사회
ynat-v1_train_34774,스포츠
ynat-v1_train_42115,세계
ynat-v1_train_09675,세계
ynat-v1_train_07914,생활문화
ynat-v1_train_23053,정치
ynat-v1_train_04489,스포츠
ynat-v1_train_03063,정치
ynat-v1_train_11758,정치
ynat-v1_train_25747,생활문화
ynat-v1_train_10805,생활문화
ynat-v1_train_34543,스포츠
ynat-v1_train_32944,세계
ynat-v1_train_13614,경제
ynat-v1_train_06218,사회
ynat-v1_train_21437,스포츠
ynat-v1_train_42633,스포츠
ynat-v1_train_20087,생활문화
ynat-v1_train_23410,IT과학
ynat-v1_train_40697,세계
ynat-v1_train_09893,세계
ynat-v1_train_36194,IT과학
ynat-v1_train_06064,정치
ynat-v1_train_24672,스포츠
ynat-v1_train_05195,사회
ynat-v1_train_21312,사회
ynat-v1_train_19000,스포츠
ynat-v1_train_16404,정치
ynat-v1_train_25130,IT과학
ynat-v1_train_40685,세계
ynat-v1_train_17879,스포츠
ynat-v1_train_11374,경제
ynat-v1_train_14942,정치
ynat-v1_train_05576,생활문화
ynat-v1_train_15194,세계
ynat-v1_train_32157,정치
ynat-v1_train_36803,세계
ynat-v1_train_26264,정치
ynat-v1_train_45226,정치
ynat-v1_train_28983,IT과학
ynat-v1_train_34432,IT과학
ynat-v1_train_11076,정치
ynat-v1_train_37232,스포츠
ynat-v1_train_21550,세계
ynat-v1_train_20270,정치
ynat-v1_train_11525,경제
ynat-v1_train_34616,사회
ynat-v1_train_17599,정치
ynat-v1_train_20228,스포츠
ynat-v1_train_03174,세계
ynat-v1_train_09200,정치
ynat-v1_train_01949,생활문화
ynat-v1_train_41717,IT과학
ynat-v1_train_19090,IT과학
ynat-v1_train_41325,스포츠
ynat-v1_train_34315,세계
ynat-v1_train_43901,스포츠
ynat-v1_train_00809,스포츠
ynat-v1_train_07280,IT과학
ynat-v1_train_20813,세계
ynat-v1_train_45667,정치
ynat-v1_train_38119,스포츠
ynat-v1_train_16422,정치
ynat-v1_train_18798,정치
ynat-v1_train_36151,세계
ynat-v1_train_39443,경제
ynat-v1_train_10502,스포츠
ynat-v1_train_15442,세계
ynat-v1_train_13642,경제
ynat-v1_train_42192,세계
ynat-v1_train_36656,경제
ynat-v1_train_01382,스포츠
ynat-v1_train_02198,정치
ynat-v1_train_06320,스포츠
ynat-v1_train_12735,생활문화
ynat-v1_train_00828,사회
ynat-v1_train_13950,사회
ynat-v1_train_30715,스포츠
ynat-v1_train_07622,스포츠
ynat-v1_train_43022,세계
ynat-v1_train_09412,스포츠
ynat-v1_train_26261,생활문화
ynat-v1_train_23109,세계
ynat-v1_train_30632,사회
ynat-v1_train_32667,스포츠
ynat-v1_train_00822,사회
ynat-v1_train_19520,정치
ynat-v1_train_27705,세계
ynat-v1_train_25003,생활문화
ynat-v1_train_18766,경제
ynat-v1_train_29575,사회
ynat-v1_train_29349,사회
ynat-v1_train_28723,정치
ynat-v1_train_30455,사회
ynat-v1_train_18838,IT과학
ynat-v1_train_08955,세계
ynat-v1_train_44641,정치
ynat-v1_train_30800,스포츠
ynat-v1_train_22039,정치
ynat-v1_train_38530,IT과학
ynat-v1_train_24408,정치
ynat-v1_train_17778,사회
ynat-v1_train_26224,경제
ynat-v1_train_36816,경제
ynat-v1_train_39322,IT과학
ynat-v1_train_07489,IT과학
ynat-v1_train_28646,사회
ynat-v1_train_09784,세계
ynat-v1_train_21743,IT과학
ynat-v1_train_12339,세계
