id,answer
5782841-0-0,애드먼턴
5782841-0-1,어렸을 적부터 노래 부르길
5782841-0-2,소속사
6470278-0-0,캐나다
6470278-0-1,아버지
6470278-0-2,캐나다
6470308-0-0,컨트리 장르
6470308-0-1,1987년
5782841-1-0,배틀신화
5782841-1-1,2008년
5782841-1-2,배틀신화
6470278-1-0,배틀신화
6470278-1-1,홍승성
6470278-1-2,8월에는 2PM의
6470308-1-0,Mnet
6470308-1-1,10점 만점에
5782841-2-0,2010년
5782841-2-1,Mnet 《엠카운트다운
5782841-2-2,Together Forever Vol.1
6470278-2-0,싱가포르
6470278-2-1,"Solo""는 섹시한 매력"
6470278-2-2,싱가포르
6470308-2-0,14일에 데뷔
6470308-2-1,Supa Solo
5782841-3-0,처음 뵙겠습니다〉를
5782841-3-1,Black & White
5782841-3-2,2011년
6470278-3-0,"동명의 타이틀곡 ""Black"
6470278-3-1,앨범 The Best Bang
6470278-3-2,"결산 시상식에서 ""앞으로"
6470308-3-0,음반 Black & White
6470308-3-1,Milk Tea
6467462-0-0,창립한 신춘호는 신격호 롯데그룹
6467462-0-1,새우깡
6484373-0-0,창립한 신춘호는 신격호
6484373-0-1,아닌 '롯데공업사
6484373-0-2,새우깡
6484386-0-0,농심이 아닌 '롯데공업사
6484386-0-1,유행하던 닭고기 육수
6484386-0-2,새우깡
6467462-1-0,율촌화학
6467462-1-1,부회장
6484373-1-0,부회장
6484373-1-1,농심홀딩스
6484373-1-2,농심'과 화학사업인 '율촌화학
6484386-1-0,유통회사
6484386-1-1,창업주
6484386-1-2,부회장
6467462-2-0,라면
6467462-2-1,브랜드로 육성하겠다는
6484373-2-0,상품은 '신라면
6484373-2-1,신라면
6484373-2-2,신라면
6484386-2-0,"4,500억원"
6484386-2-1,100여
6484386-2-2,생수 사업을
6518344-0-0,나전칠기
6518344-0-1,나전칠기
6518344-0-2,나전칠기
6518345-0-0,크로스포인트
6518345-0-1,하이핸드 코리아(Highhand Korea
6518345-0-2,한국나전칠기박물관(관장
6603956-0-0,크로스포인트
6603956-0-1,재단법인 크로스포인트문화재단(이사장
5852468-0-0,뉴질랜드에 사
5852468-0-1,지렁이도마뱀을
6548170-0-0,도마뱀)은 인룡상목(鱗龍上目; Lepidosauria
6548170-0-1,도마뱀
6590964-0-0,"뱀목은 뱀, 도마뱀, 그리고"
6590964-0-1,지배파충류이다
6590964-0-2,악어를 포함하는 지배파충류
5852468-1-0,지렁이도마뱀
5852468-1-1,지렁이도마뱀
6548170-1-0,지렁이도마뱀
6548170-1-1,무정위 운동성(cranial kinesis
6590964-1-0,뱀목은
6590964-1-1,도마뱀
5852468-2-0,트라이아스기 지층에서 처음
5852468-2-1,백악기
6548170-2-0,많지 않은 편이지만
6548170-2-1,인룡류 최초
6590964-2-0,그리 많지 않은 편이지
6590964-2-1,출현했고 이 때 도마뱀류(scincomorph
6590964-2-2,스페노돈티드목의 화석
5852468-3-0,적외선을
5852468-3-1,어떤 뱀들은 열을
6548170-3-0,독사아과(viperines
6548170-3-1,메카니즘을 통해서 가능한데
6590964-3-0,독사아과와 보아뱀과의 어떤 뱀들은
6590964-3-1,발사할 수 있는 혀
6590964-4-0,투아타라
6590964-4-1,것의 가능성
6047488-0-0,된장
6047488-0-1,만주 지역
6047488-0-2,고구려
6513041-0-0,고구려
6513041-0-1,고구려
6513041-0-2,고구려
6513059-0-0,만주 지역
6513059-0-1,해동역사
6047488-1-0,와서도
6047488-1-1,기본 부식 등으로
6513041-1-0,와서도 된장에 대한
6513041-1-1,"구휼품, 야인(野人)들의"
6047488-2-0,담그
6047488-2-1,생기지 않는다
6047488-2-2,정학유의 『농가월령가(農家月令歌)』중
6513041-2-0,중요하게 여긴
6513041-2-1,구황보유방(救荒補遺方
6513059-2-0,구황보유방(救荒補遺方
6513059-2-1,기록은 『증보산림경제(增補山林經濟
6513059-2-2,농가월령가(農家月令歌)』중
6047488-3-0,"묶어 2,3"
6047488-3-1,우러나오는데 그것
6047488-3-2,항아리
6513041-3-0,메주
6513041-3-1,우러나오는데 그것이 바로 간장
6513041-3-2,물론 된장의 맛도
6513059-3-0,된장
6513059-3-1,항아리
6556250-0-0,1979년 1월 팔레비
6556250-0-1,1월 팔레비
5892768-0-0,나라(신정국가
5892768-0-1,이슬람 세력
6556343-0-0,1979년 1월
6556343-0-1,나라(신정국가)인 이슬람 공화국
6556343-0-2,이슬람
6556250-1-0,국가인 사우디아라비아에서
6556250-1-1,사우디아라비아
5892768-1-0,11월 20일
5892768-1-1,이슬람
6556343-1-0,이슬람
6556343-1-1,사우디아라비아
6556250-2-0,엿보였으나 호메이니의 강경
6556250-2-1,1980년
5892768-2-0,중재 노력도 무산되는 가운데
5892768-2-1,8명의
6556343-2-0,1980년 4월
6556343-2-1,미국의 이란에 대한 죄상(罪狀)조사
6556343-2-2,8명의
6582046-0-0,마르코스
6582046-0-1,마르코스
6582046-0-2,마르티우스(Martius
6508932-0-0,마르코스
6508932-0-1,비추이다’라는 뜻의 라틴어 마르티우스(Martius
6115474-0-0,마르코스
6115474-0-1,비추이다’라는 뜻의
6115474-0-2,비추이다’라는
6582046-1-0,마르코스는
6582046-1-1,라틴어·그리스어
6508932-1-0,마리아와 함
6508932-1-1,예루살렘
6115474-1-0,펜타폴리스의 시렌
6115474-1-1,"나오는데(사도 12,12.25;15,37"
6115474-1-2,"예루살렘에 살았는데, 성서연구자중에는 그리스도"
6582046-2-0,베네치아
6582046-2-1,베네치아
6582046-2-2,9세기 알렉산드리아
6508932-2-0,베네치아
6508932-2-1,베네치아
6115474-2-0,베네치아
6115474-2-1,베네치아
6115474-2-2,베네치아
6507626-0-0,SM엔터테인먼트와의 계약이
6507626-0-1,SM엔터테인먼트와
6516355-0-0,계약
6516355-0-1,SM엔터테인먼트
6104487-0-0,동방신기
6104487-0-1,SM엔터테인먼트
6507626-1-0,본격적인 연기활동을 시작하였으
6507626-1-1,SBS 드라마 《냄새
6516355-1-0,드라마 《냄새를 보는 소녀
6516355-1-1,성균관
6104487-1-0,주인공
6104487-1-1,SBS 드라마 《냄새를 보
6516355-2-0,드러났고 1차2차녀가 판사
6516355-2-1,여성단체
6104487-2-0,드러났다)+재정신청
6104487-2-1,여성단체
6535226-0-0,붉은불개미는
6535226-0-1,이들
6516960-0-0,이들
6516960-0-1,이들
6516960-0-2,이들
6120418-0-0,이들
6120418-0-1,이들
6466122-0-0,햐쿠타케 혜성
6466122-0-1,혜성
6570995-0-0,2000년
6570995-0-1,4월 23일
6571006-0-0,23일
6571006-0-1,햐쿠타케 혜성
6590017-0-0,아버지
6590017-0-1,농촌 운동을 하다 일제
6464150-0-0,아버지
6464150-0-1,이성조
6545559-0-0,1929년
6545559-0-1,이성조는 항일 농촌 운동
6590017-1-0,자갈치시장
6590017-1-1,임신한 상태에서 자갈치시장
6464150-1-0,부산
6464150-1-1,시장에서 지내다 전상수가 포목점
6545559-1-0,자갈치시장에서
6545559-1-1,둘째를 임신한 상태에서 자갈치시장
6590017-2-0,청옥고등공민학교
6590017-2-1,1964년
6464150-2-0,청옥고등공민학교
6464150-2-1,전상옥
6545559-2-0,전태일
6545559-2-1,청옥고등공민학교
6545559-2-2,1964년
6590017-3-0,기독교
6590017-3-1,1966년
6464150-3-0,멀었고 이웃의 권유로 교회
6464150-3-1,남편과 사는 것이 싫었지
6545559-3-0,서울 서울중부시장
6545559-3-1,전상수
6545559-3-2,1966년
6590017-4-0,전태일은 메디컬 병원에서 성모병원
6590017-4-1,1970년 11월
6464150-4-0,"평화시장 앞 거리에서 ""근로기준법을"
6464150-4-1,"배가 고프다""는 말을 남기"
6545559-4-0,1970년
6545559-4-1,어머니
6590017-5-0,이소선
6590017-5-1,민주화 운동
6464150-5-0,민주화 운동
6464150-5-1,민주화유가족협의회
6545559-5-0,생계를 꾸리면서도 노동운동가나
6545559-5-1,민주화유가족협의회
6545559-5-2,장독대에
6590017-6-0,노동자의 하나된 단결을
6590017-6-1,2009년
6464150-6-0,전국노동자대회에서 전태일노동상
6464150-6-1,노동시간 단축으로 위기를 고용문제
6545559-6-0,1997년
6545559-6-1,노동자
6545559-6-2,고용문제를 극복하자고
6525953-0-0,파울 요제프 괴벨스(독일어: Paul
6525953-0-1,TV방송
6525953-0-2,1945년
5820364-0-0,1945년
5820364-0-1,1945년
5820364-0-2,괴벨스(독일어: Paul Joseph
6588413-0-0,파울 요제프 괴벨스(독일어: Paul
6588413-0-1,1945년
6588413-0-2,괴벨스(독일어: Paul Joseph
6525953-1-0,요제프
6525953-1-1,1897년
5820364-1-0,요제프
5820364-1-1,1897년
5820364-1-2,괴벨스
6588413-1-0,1897년
6588413-1-1,프리츠
6588413-1-2,1897년
6525953-2-0,골수염에 걸려
6525953-2-1,본·하이델베르크 대학
5820364-2-0,박사 학위를 받은 뒤
5820364-2-1,가톨릭 재단
5820364-2-2,본·하이델베르크 대학
6588413-2-0,상급학교에 가서는
6588413-2-1,골수염에 걸려 오른쪽 다리가
6588413-2-2,후에 그
6525953-3-0,프랑스군
6525953-3-1,한스가 프랑스군에 포로로 잡혔고
5820364-3-0,여형제 엘리자베트가 폐결핵
5820364-3-1,괴벨스
5820364-3-2,조국구호사업회의 행정병
6588413-3-0,전쟁은 독일의 항복으로 끝이나고
6588413-3-1,한스가 프랑스군에 포로로
6588413-3-2,괴벨스
6525953-4-0,11월 6일 브라운슈바이크에서 히틀러
6525953-4-1,1925년 7월
5820364-4-0,1922년
5820364-4-1,1925년
5820364-4-2,1928년
6588413-4-0,11월 6일 브라운슈바이크에서 히틀러
6588413-4-1,1925년
6588413-4-2,1925년
6525953-5-0,괴벨스
6525953-5-1,격침하여 883명
5820364-5-0,1939년
5820364-5-1,1939년
5820364-5-2,883명
6588413-5-0,1939년
6588413-5-1,괴벨스
6588413-5-2,괴벨스
6518864-0-0,번째 밤
6518864-0-1,파스칼의 삼각형
6518864-0-2,쾅(팩토리얼)을
6657225-0-0,로베르트
6657225-0-1,로베르트
6657225-0-2,번째 밤에 로베르트
6455799-0-0,번째 밤에 로베르트
6455799-0-1,수학 귀신
6518864-1-0,북극점에 있는 자기를
6518864-1-1,"천국으로 초대받으며, 이곳에서"
6518864-1-2,"천국으로 초대받으며, 이곳에서"
6657225-1-0,로베르트
6657225-1-1,수학 천국
6657225-1-2,로베르트
6455799-1-0,로베르트에게 자신이 평범한 숫자
6455799-1-1,천국으로
6518864-2-0,엔첸스베르거
6518864-2-1,1998년
6518864-2-2,1997년
6657225-2-0,책 수학 귀신
6657225-2-1,일반적으로 설명하기보다 새로운 단어
6657225-2-2,1997년에 독일어로 첫
6455799-2-0,비판하는 연설
6455799-2-1,딸 데레사의
6518864-3-0,글을
6518864-3-1,미국 수학회
6657225-3-0,미국 수학회
6657225-3-1,영국의 교육 잡지 TES에
6657225-3-2,미국 수학회
6455799-3-0,수학적인
6455799-3-1,부분에 대해서 비판
6515322-0-0,52명
6515322-0-1,2008년 1월
6515345-0-0,심상정 위원장은
6515345-0-1,점 등을 들어 혁신안
6580881-0-0,52명의
6580881-0-1,국가보안법 피의자들
6580881-0-2,진보정당
6515322-1-0,임시당대회
6515322-1-1,진보신당연대회
6515322-1-2,2008년
6515345-1-0,"16,904명에"
6515345-1-1,자주파 대의원들
6580881-1-0,민주노동당
6580881-1-1,임시당대회에서 자주파
6580881-1-2,9만 4천여
6515322-2-0,권영길
6515322-2-1,권영길
6515322-2-2,2.9%
6515345-2-0,국회의원
6515345-2-1,권영길 의원
6580881-2-0,3.0%
6580881-2-1,5.7%
6580881-2-2,국회의원으로서는 사상 처음
6515322-3-0,하드디스크
6515322-3-1,2개
6515345-3-0,관계자들이 빼내
6515345-3-1,하드디스크
6580881-3-0,하드디스크
6580881-3-1,하드디스크
6580881-3-2,민주노동당
5953101-0-0,고등학교
5953101-0-1,타자
5953101-0-2,1973년
5953101-1-0,2리의
5953101-1-1,2순위
5953101-2-0,캠프에서 유격수로 변경하려
5953101-2-1,다카시로부터
5953101-3-0,올스타전
5953101-3-1,2리라
5953101-4-0,미쓰루에게 1표 차이
5953101-4-1,1982년에는
5953101-5-0,난카이와의 경기
5953101-5-1,타이틀인 최다 승리 타점
5953101-6-0,팻 퍼트넘이 4번
5953101-6-1,9번
5953101-7-0,타율
5953101-7-1,교섭
5953101-7-2,"1,000만"
6557573-0-0,신노스케
6557573-0-1,히로시와 신노스케의 엄마
6557573-0-2,시로를 통해서 '타임 패트롤
5896082-0-0,가족들
5896082-0-1,노하라 가족들
6557573-1-0,노하라 가족들
6557573-1-1,운코쿠사이를 막지 못하면
6557573-1-2,불탔던 성루에
5896082-1-0,가족들
5896082-1-1,받아서 비좁은 우주선 안에
6557573-2-0,미사에
6557573-2-1,미사에
6557573-2-2,운코쿠사이
5896082-2-0,미사에
5896082-2-1,가족들
6557573-3-0,히로시
6557573-3-1,걸음아 날 살려라 하듯이
6557573-3-2,신노스케
5896082-3-0,히로시
5896082-3-1,신노스케
6535501-0-0,사토시
6535501-0-1,당사자는 스스
6435663-0-0,교수인 모치즈키 신이치
6435663-0-1,전자화폐라서
6510991-0-0,사토시
6510991-0-1,나카모토'라
6657485-0-0,2016년
6657485-0-1,전두환 대통령의 사위
6657485-0-2,48.1%
6543857-0-0,막말 파문 얼마 후
6543857-0-1,의원에게 험담한 녹취록이 채널
6543867-0-0,막말 파문 얼마 후
6543867-0-1,국회의원(3선
6543867-0-2,A를
6657485-1-0,2013년
6657485-1-1,17대
6543857-1-0,전 전 대통령
6543857-1-1,타인부양'을
6543867-1-0,대통령
6543867-1-1,2005년
6543867-1-2,대통령
6543857-2-0,국정원
6543857-2-1,5만5689건
6543867-2-0,5만5689회
6543867-2-1,수사팀장과 검찰
6543867-2-2,2233건만이
6657485-3-0,채널 A는
6657485-3-1,김무성
6543857-3-0,김무성
6543857-3-1,김무성
6543867-3-0,9일 밤 녹취록을 추
6543867-3-1,김무성
6543867-3-2,김무성
6657485-4-0,홍문표 의원은
6657485-4-1,새누리당 제1사무부총장
6543857-4-0,홍문표 의원
6543857-4-1,새누리당 제1사무부총장
6543867-4-0,홍문표 의원은
6543867-4-1,신동호의 시선집중
6543857-5-0,변호사
6543857-5-1,방송된 JTBC '썰전
6543867-5-0,방송된 JTBC '썰전' 155회
6543867-5-1,전원책
6543867-5-2,전원책 변호사
6514001-0-0,다르젠티에르
6514001-0-1,600
6316177-0-0,팔리스가 이끄는 프랑스군은
6316177-0-1,프로스페로 콜론나
6316177-0-2,72개의
6546678-0-0,프로스페로 콜론나를 과감한
6546678-0-1,빌라프란카에서
6514001-1-0,대다수가 필사적으로
6514001-1-1,로렌 공작을
6316177-1-0,공작을 구하기 위해 스위스
6316177-1-1,62개의
6546678-1-0,대다수가 필사적으로 밤에
6546678-1-1,있단 로렌 공작을 구하기
6514001-2-0,팔랑크스
6514001-2-1,팔랑크스 진형을 다시
6316177-2-0,스위스군은 거대한 팔랑크스 진형을
6316177-2-1,스위스군
6546678-2-0,팔랑크스 진형을 다시
6546678-2-1,쪽에 접근하여
6514001-3-0,베네치아
6514001-3-1,투표로
6316177-3-0,1515년
6316177-3-1,지휘 체계
6546678-3-0,1515년
6546678-3-1,지휘관들
6514001-4-0,스위스
6514001-4-1,1525년
6316177-4-0,마리냐노
6316177-4-1,1536년에
6546678-4-0,한번으로 밀라노
6546678-4-1,1525년
6514001-5-0,프리부르 조약에서
6514001-5-1,추가적으로 이 조약
6316177-5-0,스위스
6316177-5-1,11월 29일
6316177-5-2,스위스
6546678-5-0,1516년
6546678-5-1,밀라노
6546678-5-2,1797년
6514001-6-0,1798년
6514001-6-1,스위스
6316177-6-0,1798년
6316177-6-1,4개의 스위스
6546678-6-0,정규군으로 편성됐다 (가르드 스위스
6546678-6-1,1848년
6514001-7-0,츠빙글리
6514001-7-1,츠빙글리
6316177-7-0,마리냐노
6316177-7-1,글라루스
6546678-7-0,츠빙글리
6546678-7-1,글라루스
6588813-0-0,치과의사
6588813-0-1,원제신
6588813-0-2,경성전문대학 치의학과
6588864-0-0,원제순
6588864-0-1,경성전문대학 치의학과
6588864-0-2,풍기중앙병원
5825784-0-0,도쿄의학전문학교
5825784-0-1,소아과병원
5825784-0-2,영주군
6588813-1-0,1995년
6588813-1-1,서울대학교 경영대학원
6588813-1-2,서울특별시
6588864-1-0,서울특별시
6588864-1-1,"직무대리, 2000년 지방행정관리관으로"
6588864-1-2,1998년 3월
6588813-2-0,국정원
6588813-2-1,이명박
6588813-2-2,2009년
6588864-2-0,1998년
6588864-2-1,2009년 2월 그
5825784-2-0,안전기획부가 국정원으로 개칭한 이후
5825784-2-1,원장
5825784-2-2,국가정보원
6588864-3-0,6급인사
6588864-3-1,6급인사
6588813-4-0,14일
6588813-4-1,국가정보원법 위반
6588864-4-0,징역 4년형
6588864-4-1,4년
6588813-5-0,7억원
6588813-5-1,원세훈
6588813-5-2,원세훈
6588864-5-0,7억원에
6588864-5-1,원세훈
6588813-6-0,블랙리스트’를
6588813-6-1,MBC
6588864-6-0,인물들을 명단화한 ‘블랙리스트
6588864-6-1,2010년
6588813-7-0,원 후보자
6588813-7-1,후보자
6588864-7-0,원 후보자
6588864-7-1,사법시험
6588864-7-2,2월
6588864-8-0,2009년 5월
6588864-8-1,윤아무개 단장(2급)은
6657081-0-0,연방주의자 논문 제10호'(Federalist No.10
6657081-0-1,다수 혹은 소수의 시민들
6657081-0-2,나아가 매디슨은 '연방주의자
6514931-0-0,매디슨
6514931-0-1,연방주의
6657081-1-0,1952년
6657081-1-1,선거인
6657081-1-2,24개
6580840-1-0,선거인
6580840-1-1,24개
6514931-1-0,24개
6514931-1-1,한 선거인
6657081-2-0,선거인단 제도
6657081-2-1,인구 수에 비례하여
6580840-2-0,선거인단 제도
6580840-2-1,연방주의적
6514931-2-0,선거인단 제도
6514931-2-1,대통령
6657081-3-0,50개
6657081-3-1,승자독식제
6580840-3-0,승자독식제
6580840-3-1,선거인단
6580840-3-2,선거인단
6514931-3-0,50개
6514931-3-1,50개
6514931-3-2,특정 정당
6657081-4-0,50만 명 가량
6657081-4-1,비크람 아마르(Vikram Amar
6580840-4-0,선거인단
6580840-4-1,투표권
6514931-4-0,법학자인 아킬 아마르(Akhil Amar
6514931-4-1,50만 명 가량의
6528791-0-0,2014년
6528791-0-1,2014년
6528791-0-2,2014년
6492770-0-0,전쟁
6492770-0-1,그리는 게임이라는
6492782-0-0,그리는 게임
6492782-0-1,2014년
6528791-1-0,2016년
6528791-1-1,디스워오브마인'을 기획한 것은 '새로운
6492770-1-0,게임
6492770-1-1,2016년
6492782-1-0,새로운 게임
6492782-1-1,민간인'의 이야기를
6528791-2-0,위해서 아트팀은 일반적으로 사람들
6528791-2-1,설계해서 메인
6492770-2-0,하나는 'GIF'형식
6492770-2-1,유럽에서 사용하던
6492782-2-0,이용해서 연출하
6492782-2-1,0.2초
6528791-3-0,낮 시간 동안에는
6528791-3-1,낮 시간 동안에는
6492770-3-0,배치되어 있기
6492770-3-1,플레이어
6492782-3-0,플레이어
6492782-3-1,라디오
6528791-4-0,카티아
6528791-4-1,10시쯤에 등장하
6492770-4-0,오전 10시쯤에 등장하며
6492770-4-1,카티아
6492782-4-0,프랑코(Franko
6492782-4-1,카티아
6528791-5-0,캐릭터
6528791-5-1,보내
6528791-5-2,특히 크베타는
6492770-5-0,여럿이 몰려와 일손
6492770-5-1,찾아왔는데
6492782-5-0,도와주고 총알이나 음식
6492782-5-1,찾아왔는데
6528791-6-0,처음에는 엄마가 아프다
6528791-6-1,예를 들어 크베타는
6492770-6-0,아이들
6492770-6-1,며칠 뒤 엄마가
6492782-6-0,처음에는 엄마
6492782-6-1,캐릭터
6528791-7-0,5명
6528791-7-1,정해져있지는 않다.캐릭터
6492770-7-0,요청을 받아들였음에도 불구하고 다른
6492770-7-1,5명이 될
6492782-7-0,완전히 랜덤으로
6492782-7-1,14일
6528791-8-0,명씩은 불침번으로 밤에
6528791-8-1,있어서는 전쟁초기와
6492782-8-0,한밤중에 강도들이
6492782-8-1,물품들을 잦은 빈도
6528791-9-0,상대로 물품을
6528791-9-1,발생하는 범죄증
6492770-9-0,shelter
6492770-9-1,범죄증가
6492782-9-0,섰을 경우 무기까지 있으면
6492782-9-1,확률 또한
6528791-10-0,5개의
6528791-10-1,제작 가능한 아이템인 도끼
6492770-10-0,구성되어있으
6492770-10-1,캐릭터들
6492770-10-2,"왕래하는 지상 1, 2층"
6492782-10-0,5개
6492782-10-1,추후 제작 가능한
6528791-11-0,지하 1층
6528791-11-1,2개까지
6528791-11-2,3개까지
6492770-11-0,지하
6492770-11-1,것들은 지하 2층
6492770-11-2,지하
6492782-11-0,2층에
6492782-11-1,2층에
6528791-12-0,적대적인
6528791-12-1,"위험(Danger)""이라는 문구가 적혀있을"
6492770-12-0,적대적인
6492770-12-1,주의” 지역이더라도
6492782-12-0,적대적인
6492782-12-1,수집이나 약탈
6528791-13-0,20개
6528791-13-1,20개
6492770-13-0,20개의
6492770-13-1,지역
6492782-13-0,20개의
6492782-13-1,2개 지역
6528791-14-0,5개
6528791-14-1,무기부품을 구입하지 못해
6492770-14-0,건물(3
6492770-14-1,호텔(바텐더)>4차 해금
6492782-14-0,무기부품
6492782-14-1,5개
6528791-15-0,차량정비소
6528791-15-1,가져오면 다음날 차량정비소
6492770-15-0,차량정비소
6492770-15-1,슈퍼마켓 군
6492782-15-0,차량정비소
6492782-15-1,차량정비소
6528791-16-0,차량정비소
6528791-16-1,기본 시작: 폐허가
6492770-16-0,차량정비소
6492770-16-1,해금
6492782-16-0,건물(3
6492782-16-1,손도끼를
6528791-17-0,난이도
6528791-17-1,기본 시작
6492770-17-0,해금
6492770-17-1,난이도
6492782-17-0,난이도
6492782-17-1,난이도
6528791-18-0,버려진 작
6528791-18-1,버려진 작은 집
6492782-18-0,약탈당한 주유소
6492782-18-1,스타팅에 비해 스타팅 지역이
6528791-19-0,화가로
6528791-19-1,노숙자
6492770-19-0,존재를
6492770-19-1,수집에 능한 생존자
6492782-19-0,화가로
6492782-19-1,물품더미
6528791-20-0,NPC인 마티와 건물 안쪽
6528791-20-1,아버지
6492770-20-0,중립 민간인 NPC 마티
6492770-20-1,분포되어있으며
6492782-20-0,NPC인 마티와 건물 안쪽
6492782-20-1,불가능하게 된다.마티의
6528791-21-0,3명
6528791-21-1,플레이어
6528791-21-2,3명을
6492770-21-0,소녀
6492770-21-1,가지 패턴이 있다.군
6492782-21-0,소녀
6492782-21-1,소녀
6528791-22-0,7명씩이
6528791-22-1,1명(보얀
6492770-22-0,NPC
6492770-22-1,번째 병영 안까지
6492782-22-0,NPC
6492782-22-1,1명(보얀
6528791-23-0,1명이
6528791-23-1,2층에
6492770-23-0,가지 패턴이 존재한다.무장강
6492770-23-1,2층에
6492782-23-0,실내
6492782-23-1,맨 위층
6528791-24-0,무해한 미치광이
6528791-24-1,1명이
6492770-24-0,산탄총
6492770-24-1,약탈한 죄로 사기가 약간
6492782-24-0,1명이
6492782-24-1,오른쪽 문 바깥에 부서진
6528791-25-0,채소밭이 있으
6528791-25-1,사기가
6492770-25-0,가지 패턴이 존재한다.홈리스
6492770-25-1,하락한다.파괴된 교실
6492782-25-0,정비소
6492782-25-1,7명이
6528791-26-0,2층에
6528791-26-1,NPC와 2층에 거래
6492770-26-0,선생님들
6492770-26-1,반군들의 순찰루트를
6492782-26-0,집 루트에만
6492782-26-1,2층에
6528791-27-0,받아들이고 무엇보다 무료로
6528791-27-1,붕대를
6528791-27-2,사기가 오르기
6492770-27-0,NPC
6492770-27-1,한번
6492782-27-0,24시간
6492782-27-1,NPC들
6528791-28-0,죽이면 사기가 급속도
6528791-28-1,측면에서 매우 유용하므로 웬만해서
6492770-28-0,NPC
6492770-28-1,가드 NPC에게 발각되면
6528791-29-0,2명이
6528791-29-1,조금씩 피해를 입혀
6492770-29-0,맵 구조가 매우
6492770-29-1,높으므
6492782-29-0,중앙 광장이
6492782-29-1,건설현장
6528791-30-0,2명이
6528791-30-1,4명
6528791-30-2,1명이
6492770-30-0,1명이
6492770-30-1,범죄자
6492770-30-2,강도들이 납치해온 여자들로 꾸린
6492782-30-0,4명과
6492782-30-1,2명의
6528791-31-0,때 사기가 대폭
6528791-31-1,노부부
6492770-31-0,뒤 노부부
6492770-31-1,손주들과 다시
6492782-31-0,뒷마당
6492782-31-1,할아버지
6528791-32-0,3~4명
6528791-32-1,방탄조끼 3~4벌
6492770-32-0,존재하는 은폐공간을 활용해
6492770-32-1,NPC
6492782-32-0,NPC
6492782-32-1,총기로 무장한 탈영병들
6546951-0-0,조직으로 교신위원회
6546951-0-1,정부와의 화해
6546951-0-2,1775년
6529564-0-0,콩코드 전투에서
6529564-0-1,상식》(Common Sense
6534606-0-0,교신위원회
6534606-0-1,12개 식민지 대표 모임
6534606-0-2,상식》(Common Sense
6546951-1-0,위하여 인류는 정부
6546951-1-1,인민의
6529564-1-0,없는 권리를
6529564-1-1,보호자를 마련하는 것은 그들
6534606-1-0,정부
6534606-1-1,인민의
6534606-1-2,절대 전제
6546951-2-0,우리의
6546951-2-1,우리
6529564-2-0,세금을
6529564-2-1,우리
6534606-2-0,우리
6534606-2-1,우리
6546951-3-0,차례의 진정에 대하여 돌아온
6546951-3-1,우리
6529564-3-0,성격이 모든
6529564-3-1,우리
6534606-3-0,우리
6534606-3-1,우리
6546951-4-0,우리가 영국
6546951-4-1,독립된 국가
6529564-4-0,서로 굳게
6529564-4-1,식민지는 자유롭고 독립된
6534606-4-0,우리가 영국으로부터
6534606-4-1,독립된 국가
6046529-0-0,독일
6046529-0-1,20% 이상
6046529-0-2,손님노동자'라는 이름
6513004-0-0,배상문제는
6513004-0-1,1955년
6513004-0-2,노동력
6528734-0-0,독일은 이미 19세기
6528734-0-1,7백34
6528734-0-2,20%
6046529-1-0,유럽의회선거에 피선거권
6046529-1-1,위원회
6046529-1-2,10-20%
6513004-1-0,1995년
6513004-1-1,11%
6513004-1-2,450개가
6528734-1-0,8.2%
6528734-1-1,보수당
6528734-1-2,극우당
6046529-2-0,복지사회원칙에
6046529-2-1,10%
6046529-2-2,2.5배
6513004-2-0,10%
6513004-2-1,복지사회원칙에 따
6528734-2-0,10%
6528734-2-1,이민가족
6528734-2-2,외국인
6046529-3-0,형식으로 광부와 간호사를
6046529-3-1,중시하는 민족 중심적인
6046529-3-2,이슬람교
6513004-3-0,외국
6513004-3-1,1950년대
6513004-3-2,9%
6528734-3-0,민족 중심적인 경향
6528734-3-1,16명
6528734-3-2,이슬람교
6046529-4-0,국적
6046529-4-1,24세 전
6513004-4-0,국적
6513004-4-1,8년 이상
6513004-4-2,24세
6528734-4-0,개혁을 추진하였으
6528734-4-1,외국인 자녀들
6528734-4-2,2000년
6046529-5-0,차별대우
6046529-5-1,차별대우
6513004-5-0,피부색과 문화가 다른 이민자들
6513004-5-1,반차별대우법
6528734-5-0,차별대우
6528734-5-1,차별대우
6046529-6-0,열리게 되고 국가간의 경계
6046529-6-1,녹색당
6046529-6-2,증가로(유엔통계에 따르면
6513004-6-0,녹색당
6513004-6-1,만들자
6528734-6-0,녹색당
6528734-6-1,특히 녹색당
6528734-6-2,이민자들
6046529-7-0,독일
6046529-7-1,피난민들
6046529-7-2,1년간
6513004-7-0,"하는데, 일자리가 있어도(대부분"
6513004-7-1,1년간
6528734-7-0,경우 노동허가를 얻기
6528734-7-1,1년간
6046529-8-0,인종차별주의
6046529-8-1,인종차별주의
6046529-8-2,외국인
6513004-8-0,80건
6513004-8-1,80건
6513004-8-2,6천 5백
6528734-8-0,12배 이상
6528734-8-1,극우파
6528734-8-2,6천 5백만 마르크를
6046529-9-0,제 2차 세계대전
6046529-9-1,수 있는 기회를
6513004-9-0,문화' 라는
6513004-9-1,이민자
6528734-9-0,이민
6528734-9-1,독일은 문화적 차이를 '다름'이
6046529-10-0,다문화지원센터Amt fὒr
6046529-10-1,2010년
6046529-10-2,단체들
6513004-10-0,1989년
6513004-10-1,퍼레이드
6513004-10-2,6월 말
6528734-10-0,프랑크푸르트
6528734-10-1,12년째
6528734-10-2,문화 퍼레이드 Parade
6046529-11-0,12일
6046529-11-1,10월 23일
6513004-11-0,12일까지
6513004-11-1,이민단체들이
6528734-11-0,단체들
6528734-11-1,단체들
6528734-11-2,10월 23일에서 11월 12일
6531194-0-0,웨스트엔드 소재의 빅토리아 팰리스
6531194-0-1,같이 제작사
6531204-0-0,2005년 5월
6531204-0-1,소재의 빅토리아 팰리스 시어터에서
6531204-0-2,2006년 1월 10일
6129078-0-0,2006년 1월 10일
6129078-0-1,달드리가 연출을
6531194-1-0,빌리 엘리어트
6531194-1-1,시드니
6531204-1-0,최고의 뮤지컬상
6531204-1-1,2007년 11월 13일
6129078-1-0,어워드에서 최고
6129078-1-1,7개 부문
6531194-2-0,프로덕션
6531194-2-1,10개 부문
6531204-2-0,임페리얼 시어터
6531204-2-1,2008년 10월 1일
6129078-2-0,토니 어워드
6129078-2-1,1천800
6531194-3-0,288회의
6531194-3-1,공연 예술 센터
6531204-3-0,2010년 11월 28일
6531204-3-1,288회의
6129078-3-0,2010년
6129078-3-1,포드 공연 예술
6531194-4-0,3관왕을
6531194-4-1,LG 아트센터
6531204-4-0,윌킨슨 부인 역
6531204-4-1,2010년 8월
6129078-4-0,윌킨슨 부인 역
6129078-4-1,2010년
6531194-5-0,볼 것을
6531194-5-1,빌리의 아빠
6531204-5-0,코치인 조지는 빌리의 아빠
6531204-5-1,윌킨슨 부인
6129078-5-0,코치인 조지는 빌리의 아빠
6129078-5-1,윌킨슨 부인
6531194-6-0,자존심을
6531194-6-1,떠난다 (*Deep Into
6531204-6-0,마이클
6531204-6-1,빌리의 아빠
6129078-6-0,부인에게 찾아가 발레리노로서
6129078-6-1,빌리의
6531194-7-0,파업 수당
6531194-7-1,파업 방해자
6531204-7-0,토니
6531204-7-1,토니가 파업 바리케이트
6531194-8-0,빌리
6531194-8-1,심사의원진은 빌리
6531204-8-0,발레리노
6531204-8-1,빌리 아빠
6129078-8-0,빌리는 오디션에서
6129078-8-1,날카로운 충고
6531194-9-0,쓰레기통
6531194-9-1,광부들과 (*Once We
6531204-9-0,더럼
6531204-9-1,장난을 쳤으
6129078-9-0,일을 할 것을 결심한다
6129078-9-1,마이클
6129078-9-2,속에서 자라지 않는다는 사실
6483060-0-0,에피소드는 1963년에 드라마
6483060-0-1,에피소드
6483060-0-2,2004년
5783173-0-0,1963년
5783173-0-1,1081만 명
5783173-0-2,에피소드
6475932-0-0,from the Pit〉 이래
6475932-0-1,재생성
6483060-1-0,로즈
6483060-1-1,로즈
6483060-1-2,클라이브
5783173-1-0,마네킹들에게
5783173-1-1,역사를 넘나드
5783173-1-2,클라이브
6475932-1-0,플라스틱 마네킹 팔
6475932-1-1,클라이브
5783173-2-0,컨셔스니스
5783173-2-1,컨셔스니스
5783173-2-2,보내는 신호로
6475932-2-0,컨셔스니스
6475932-2-1,오톤들도 모두
6483060-3-0,1989년
6483060-3-1,데이비스
6483060-3-2,러셀 T 데이비스
5783173-3-0,28번째 시즌
5783173-3-1,1963년
5783173-3-2,45분 분량의 에피소드
6475932-3-0,45분
6475932-3-1,구상하는 과정에서 《뱀파이어 해결사
6483060-4-0,2004년 3월
6483060-4-1,아홉 번째
5783173-4-0,21세기
5783173-4-1,에클스턴
6475932-4-0,에클스턴
6475932-4-1,에클스턴
6483060-5-0,데이비스
6483060-5-1,로즈
6483060-5-2,2004년 5월
5783173-5-0,캐스팅되었다는 소식
5783173-5-1,클라크도 각각 로즈
5783173-5-2,줄리 가드너
6475932-5-0,데이비스
6475932-5-1,노동계층이다
6483060-6-0,먹시 스미스는 미키 스미스
6483060-6-1,미키 스미스로
5783173-6-0,데이비스
5783173-6-1,스미스
5783173-6-2,데이비스
6475932-6-0,데이비스
6475932-6-1,데이비스
6475932-7-0,생성 이미지(CGI)가
6475932-7-1,데이비스
6483060-8-0,윌리엄스
6483060-8-1,네번째와 다섯번째
5783173-8-0,앤서니 윌리엄스
5783173-8-1,카디프의 워킹 가
6475932-8-0,아티스트 앤서니 윌리엄스
6475932-8-1,에피소드
6483060-9-0,Henrik's
6483060-9-1,라 포세 (La Fosse)'이다
5783173-9-0,Henrik's
5783173-9-1,미사용 종이 공장
5783173-9-2,제작팀
6475932-9-0,헨릭스 백화점 (Henrik's
6475932-9-1,데이비스는 원래 자신은
6483060-10-0,1996년의
6483060-10-1,BBC
6483060-10-2,2005년
5783173-10-0,에피소드
5783173-10-1,44.3%
5783173-10-2,26일
6475932-10-0,1081
6475932-10-1,에피소드
6483060-11-0,2005년
6483060-11-1,"986,000명의"
6483060-11-2,2005년
5783173-11-0,미국
5783173-11-1,"986,000명의"
5783173-11-2,11시 15분 KBS2에서 더빙판
6475932-11-0,두 에피소드가 같
6475932-11-1,사이파이에서 처음으로
6475932-12-0,에클스턴
6475932-12-1,크리스마스
6483060-13-0,Harry Venning)은 데이비스
6483060-13-1,Michael Hanlon
6475932-13-0,더 스테이지》의
6475932-13-1,Michael Hanlon
6483060-14-0,에피소드
6483060-14-1,에피소드
5783173-14-0,1차원적이지만
5783173-14-1,1차원적이지만
5783173-14-2,에피소드
6475932-14-0,앨러스데어 윌킨스 (Alasdair Wilkins
6475932-14-1,에피소드
6535170-0-0,유전자
6535170-0-1,2005년
6509181-0-0,"2,500개로"
6509181-0-1,2005년
6119159-0-0,"2,500개로"
6119159-0-1,유전자
6119159-0-2,있는 인자로써 영양소가 부각되면서
6535170-1-0,특정 영양소
6535170-1-1,특정 영양소
6119159-1-0,필요조건이라는
6119159-1-1,영양소
6119159-1-2,유전자 발현
6119159-2-0,추적하
6119159-2-1,접근 자체가
6119159-2-2,예방은 연구방법의 접근 자체
6535170-3-0,동물시험법
6535170-3-1,발현유전체지도를
6119159-3-0,것이므로 인체
6119159-3-1,인체시험
6119159-3-2,인체
6535170-4-0,유전자
6535170-4-1,유전자
6119159-4-0,유전자
6119159-4-1,결과를 도출하여도 영양섭취기준(DRI
6522900-0-0,남성여고
6522900-0-1,시간차 공격만을 시도하여 속공
6522903-0-0,드래프트에서
6522903-0-1,많은 득점(308점)을
6522903-0-2,드래프트에서
6457904-0-0,드래프트에서
6457904-0-1,4순위
6457904-0-2,드래프트
6547909-0-0,나치 독일
6547909-0-1,그곳에서 히틀러와 상의를 하거나
6590443-0-0,이탈리아
6590443-0-1,무솔리니
6547909-1-0,알프스의 스키장인 '그랑삿소 산장'에
6547909-1-1,새로운 정부
6590443-1-0,1943년 7월
6590443-1-1,1943년 7월
6590443-1-2,24일
6547909-2-0,아이젠하워
6547909-2-1,바돌리오
6590443-2-0,Taylor)준장이 비밀리
6590443-2-1,1943년 9월
6590443-2-2,이탈리아
6547909-3-0,18개
6547909-3-1,17명
6590443-3-0,베로나 회의
6590443-3-1,베로나 회의
6590443-3-2,17명
6547909-4-0,정책들이 입안하도록
6547909-4-1,나치 독일
6590443-4-0,무솔리니
6590443-4-1,이탈리아
6590443-4-2,독일의 지원
6600010-0-0,섬유 가닥일 때뿐
6600010-0-1,분할 다중화
6566531-0-0,가닥일 때뿐만 아니
6566531-0-1,파장
6566531-0-2,다중화
5917083-0-0,파장 분할 다중화
5917083-0-1,Multiplexing)또
6600010-1-0,1970년
6600010-1-1,1.6Tbps
6566531-1-0,1970년
6566531-1-1,WDM
5917083-1-0,1970년
5917083-1-1,1978년
6600010-2-0,GHz
6600010-2-1,12.5 GHz 간격
6566531-2-0,8개
6566531-2-1,GHz 간격
6566531-2-2,GHz 간격을 사용하기도 한다(이것
5917083-2-0,창을 통해 8개의 채널
5917083-2-1,80 채널
5939993-0-0,2006년
5939993-0-1,이태원
5939993-0-2,서울 용산구
6570176-0-0,라고스 출신 남성
6570176-0-1,라고스
6570179-0-0,1973년생
6570179-0-1,라고스
6465647-0-0,카뉴도
6465647-0-1,영화의 연극성을
6541178-0-0,카뉴도
6541178-0-1,영화
6541178-0-2,영화
6541198-0-0,카뉴도
6541198-0-1,영화
6541198-0-2,1911년
6465647-1-0,델뤼크
6465647-1-1,델뤼크
6465647-1-2,델뤼크
6541178-1-0,델뤼크
6541178-1-1,프랑스
6541178-1-2,영화
6541198-1-0,#몽타주론의 발전을 가져왔다(몽타주라
6541198-1-1,델뤼크
6541198-1-2,포토제니(photegenie
6465647-2-0,표현주의
6465647-2-1,1921년
6541178-2-0,영화
6541178-2-1,표현주의
6541198-2-0,표현주의
6541198-2-1,이기주의자>(1919)와 같은
6465647-3-0,스토리
6465647-3-1,크라카워는 프랑스의 신진 영화작가들
6541178-3-0,스토리
6541178-3-1,스토리
6541198-3-0,새로운 용법이라든
6541198-3-1,스토리
6465647-4-0,푸도프킨
6465647-4-1,몽타주라
6541178-4-0,몽타주
6541178-4-1,몽타주라
6541178-4-2,푸도프킨
6541198-4-0,푸도프킨
6541198-4-1,영화의 쇼트(카메라
6541198-4-2,푸도프킨
6465647-5-0,에이젠슈테인
6465647-5-1,에이젠슈테인
6541178-5-0,에이젠슈테인
6541178-5-1,몽타주
6541198-5-0,에이젠슈테인
6541198-5-1,에이젠슈테인의 상극 몽타주의 근거
6465647-6-0,블라지
6465647-6-1,중에도 헝가리의 시인이며 작가
6541178-6-0,영화미학
6541178-6-1,1924년
6541178-6-2,영화>는 대단히 많은 계시(啓示
6541198-6-0,블라지
6541198-6-1,영화>는 대단히
6465647-7-0,사람으로는 영국의 폴 로다(Paul
6465647-7-1,영화
6541178-7-0,사람으로는 영국의 폴 로다(Paul
6541178-7-1,영화
6541178-7-2,다큐멘터리
6541198-7-0,다큐멘터리
6541198-7-1,영화>(1936)는
6541178-8-0,영화의 스타일에 연결되어
6541178-8-1,영화의 스타일에 연결되어
6541198-8-0,#몽타주론
6541198-8-1,이론적으로 확립된 것은
6516756-0-0,종합대학
6516756-0-1,후 1953년 4월 1일
6508986-0-0,부산수산전문학교
6508986-0-1,1953년 4월 1일
6582250-0-0,1946년
6582250-0-1,종합대학
6582250-0-2,1946년
6516756-1-0,에서도 윤인구의 주도로
6516756-1-1,부산대학
6508986-1-0,에서도 윤인구의 주도로
6508986-1-1,1946년
6582250-1-0,1945년
6582250-1-1,부산대학
6582250-1-2,1947년 7월
6516756-2-0,1953년
6516756-2-1,법과대학
6508986-2-0,1953년
6508986-2-1,1964년
6582250-2-0,1953년
6582250-2-1,6개 단과대학으로
6582250-2-2,1963년
6508986-3-0,전기공학과
6508986-3-1,문교부
6582250-3-0,1976년 9월
6582250-3-1,1976년 9월
6508986-4-0,공과대학
6508986-4-1,부산대학교
6582250-4-0,1990년대에
6582250-4-1,기계공학과
6582250-4-2,기계공학
6516756-5-0,26.44m²(8평
6516756-5-1,캠퍼스
6508986-5-0,1999년
6508986-5-1,캠퍼스
6582250-5-0,면적은 26.44m²(8평
6582250-5-1,1999년
6582250-5-2,2002년
6516756-6-0,305억원
6516756-6-1,부산의 중견기업인 주식회사
6508986-6-0,학교 측
6508986-6-1,양산캠퍼스
6582250-6-0,305억원
6582250-6-1,2008년
6516756-7-0,5월 21일
6516756-7-1,800억원
6508986-7-0,효원이앤씨가 대출금
6508986-7-1,의사들
6582250-7-0,효원이앤씨가 대출금
6582250-7-1,800억원
6582250-7-2,사건과 관련해 감사
6516756-8-0,2012년 7월
6516756-8-1,김인세 전 총장
6508986-8-0,김인세 전 총장
6508986-8-1,효원이앤씨
6582250-8-0,김인세 전
6582250-8-1,2012년
6582250-8-2,김인세 전 총장
6516756-9-0,전문’을 추가하여
6516756-9-1,인증프로그램
6508986-9-0,한국공학교육인증원
6508986-9-1,한국공학교육인증원
6582250-9-0,인증프로그램
6582250-9-1,전문’을
6582250-9-2,인증프로그램
6508986-10-0,나노과학기술대학
6508986-10-1,부산대학교
6582250-10-0,대학촌이 형성되지 않으면서
6582250-10-1,용도가 폐지되고 관리권이 부산대학교
6582250-10-2,2012년 부터
6508986-11-0,부산대학교 도서관은 캠퍼스의 기능
6508986-11-1,2006년 EU
6582250-11-0,양산캠퍼스
6582250-11-1,부산캠퍼스에는
6582250-11-2,2006년
6508986-12-0,2007년
6508986-12-1,2009년
6582250-12-0,굿플러스’라는 상업명칭으로 개관했으
6582250-12-1,30년간
6582250-12-2,2007년
6516756-13-0,부산대
6516756-13-1,부산대학교
6508986-13-0,물금읍 일대에 조성된
6508986-13-1,정해진 명칭
6582250-13-0,양산캠퍼스
6582250-13-1,부산대학교
6582250-13-2,2003년
6508986-14-0,1987년
6508986-14-1,1960년
6582250-14-0,1954년
6582250-14-1,"담았으나, 1960년"
6582250-14-2,연세대학교
6594323-0-0,삼별초를 평정하고 제주
6594323-0-1,공략하기 위한 군마를
6594323-0-2,들어왔으며 이들
6594366-0-0,탐라총관부
6594366-0-1,14년(1273년
6594366-0-2,전문가들이 제주에 들어왔으며 이들
6392545-0-0,원종(元宗) 14년(1273년
6392545-0-1,들어왔으며 이들은 훗날 목호(牧胡
6594323-1-0,활약했던 이성계에게는 팔준마
6594323-1-1,16년(1434년
6594323-1-2,돌로 하잣(돌담
6594366-1-0,조선 왕조의
6594366-1-1,이성계에게는 팔준마라 불리
6594366-1-2,1만여 필
6392545-1-0,조선 왕조의 개창자이자
6392545-1-1,세종실록》에는
6594323-2-0,200필
6594323-2-1,가죽을
6594323-2-2,목자들
6594366-2-0,제주마는 왕이 타는 어승마를
6594366-2-1,60필
6594366-2-2,"있었으며, 관가에서는 장부"
6392545-2-0,타는 어승마를 비롯해
6392545-2-1,목자
6594323-3-0,발육상태
6594323-3-1,제주마
6594366-3-0,2005년
6594366-3-1,축산진흥원
6594366-3-2,발육상태
6392545-3-0,유전자
6392545-3-1,발육상태
6594323-4-0,제주마
6594323-4-1,174마리
6594323-4-2,제주특별자치도 축산진흥원
6594366-4-0,축산진흥원
6594366-4-1,"18,634마리로"
6594366-4-2,174마리
6392545-4-0,807농가
6392545-4-1,제주마진상규명 위원회'(가칭
6594323-5-0,혈통 등록마
6594323-5-1,제주마 등록
6594366-5-0,10건이
6594366-5-1,3명에
6392545-5-0,24개월
6392545-5-1,10건
6525254-0-0,마법사(The Wonderful Wizard
6525254-0-1,Oz)라는 이름
6605253-0-0,프랭크 바움
6605253-0-1,1900년
6541299-0-0,총14편으로
6541299-0-1,Wizard of Oz)라
6541299-0-2,1903년
6525254-1-0,마녀의 입맞춤
6525254-1-1,마녀는 자신의 영역에 들어온
6605253-1-0,에메랄드시에 도착한 일행은
6605253-1-1,원숭이
6541299-1-0,일행
6541299-1-1,입맞춤으로 보호되고 있어 서쪽마녀
6541299-1-2,은구두를 신
6525254-2-0,오즈
6525254-2-1,도로시가 양동이의 물
6605253-2-0,오즈
6605253-2-1,에메랄드
6541299-2-0,양동이의 물을
6541299-2-1,마법사
6541299-2-2,오마하
6525254-3-0,혼자 고향으로
6525254-3-1,있음
6605253-3-0,허수아비
6605253-3-1,도로시
6541299-3-0,도로시
6541299-3-1,도로시
6541299-3-2,글린다는 은구두의
6525254-4-0,워글벌레
6525254-4-1,워글벌레
6605253-4-0,워글벌레
6605253-4-1,워글벌레는 우연히 학교
6541299-4-0,워글벌레
6541299-4-1,대단히 위대한' 워글벌레가
6541299-4-2,워글벌레
6525254-5-0,갈가마귀
6525254-5-1,글린다의 나라
6605253-5-0,일행은
6605253-5-1,갈가마귀
6541299-5-0,일행
6541299-5-1,검프
6541299-5-2,일행
6525254-6-0,핑가리
6525254-6-1,진주
6605253-6-0,핑가리
6605253-6-1,분홍 진주-위험
6605253-6-2,분홍 진주-위험으로
6541299-6-0,링키팅크 왕국
6541299-6-1,잉가 왕자
6541299-6-2,핑가리
6472219-0-0,5점차 이상
6472219-0-1,5위권
5782910-0-0,경기
5782910-0-1,4년간
5782910-0-2,5점차
6524308-0-0,20단계
6524308-0-1,4년간
6524308-0-2,5점차
6472219-1-0,2006년
6472219-1-1,두드러진 변화
5782910-1-0,대륙별
5782910-1-1,만한 랭킹이
5782910-1-2,챔피언십은
6524308-1-0,점수제로 유럽과 남미를
6524308-1-1,시스템
6524308-1-2,랭크란 것도
5782910-2-0,시드
5782910-2-1,피파랭킹
6524308-2-0,월드컵
6524308-2-1,지역
6472219-3-0,FIFA
6472219-3-1,대한민국
5782910-3-0,FIFA 월드컵
5782910-3-1,FIFA 월드컵
6524308-3-0,노르웨이
6524308-3-1,노르웨
6553357-0-0,1997년
6553357-0-1,814억원
6393063-0-0,조중훈
6393063-0-1,회피 지역인 '아일랜드 더블린
6553326-0-0,리베이트
6553326-0-1,814억원
6553357-1-0,대한항공
6553357-1-1,"1,229억원"
6393063-1-0,한진그룹
6393063-1-1,대한항공
6393063-1-2,대한항공
6553326-1-0,대한항공
6553326-1-1,"1,229억원"
6136099-0-0,둘러싸여 공로(公路
6136099-0-1,통행권자
6511286-0-0,있다(219조
6511286-0-1,보상금을 지급하지 않으면
6511298-0-0,있다(219조
6511298-0-1,주위토지
6136099-1-0,이웃 토지
6136099-1-1,이웃 토지
6511286-1-0,있다(240조
6511286-1-1,소유자
6511298-1-0,소유자
6511298-1-1,나뭇가지
6136099-2-0,50센티
6136099-2-1,2미터
6511286-2-0,50센티
6511286-2-1,된다(242조
6511286-2-2,내부를 관망할 수 있
6511298-2-0,때는 경계선에서 50센티
6511298-2-1,손해배상을 청구할
6402213-0-0,동작전위(動作電位)라고
6402213-0-1,탈분극현상으로
6402213-1-0,"전위는 -70 mV, 역치"
6402213-1-1,-70 mV
6402213-2-0,양성 피드백
6402213-2-1,전압 개폐 나트륨 채널
6402213-3-0,결론적으로 활동전위
6402213-3-1,NaV
6402213-4-0,빈도를 발화율
6402213-4-1,나트륨
6402213-5-0,활동전위
6402213-5-1,시냅스 틈으로
6402213-6-0,가지돌기는 세포
6402213-6-1,미엘린
6402213-7-0,탈분극) 시냅스
6402213-7-1,시냅스전 뉴런
6402213-8-0,"신호는 압력, 온도, 빛"
6402213-8-1,활동전위
6402213-9-0,박동조율기
6402213-9-1,박동조율기
6402213-13-0,나트륨 채널
6402213-13-1,불응기
6402213-14-0,방향으로
6402213-14-1,차단형
6402213-15-0,위한 장치가
6402213-15-1,특수한
6402213-16-0,활동전위
6402213-16-1,것을 도약 전도
6402213-17-0,약 10배
6402213-17-1,20%를
6402213-20-0,칼슘 이온을
6402213-20-1,활동전위
6402213-21-0,활동전위
6402213-21-1,염(KCl)이
6402213-22-0,8 m/s의 속도
6402213-22-1,실무율 특성
6402213-24-0,신경독소
6402213-24-1,신경독소
6402213-25-0,카를로 마테우치(이탈리아어: Carlo Matteucci)가
6402213-25-1,마테우치
6402213-26-0,베른슈타인
6402213-26-1,베른슈타인
6489415-0-0,완전 비주얼판 일러스트
6489415-0-1,예년대로 발행된
6031465-0-0,단행본
6031465-0-1,1992년(헤이세
6577554-0-0,단행본
6577554-0-1,완전 비주얼판 일러스트
6489415-1-0,같은 시리즈로는 「노비타의
6489415-1-1,진구의 공룡대탐험
6031465-1-0,노비타
6031465-1-1,같은 시리즈로는
6577554-1-0,도라에몽
6577554-1-1,노비타
6489415-2-0,많은데 이 시리즈
6489415-2-1,노비타가 대장편
6031465-2-0,대장편
6031465-2-1,자이언
6577554-2-0,성격이다(우주개척사
6577554-2-1,"작품도 있다(용의기사, 이상한"
6470925-0-0,스트립 클럽에 다니
6470925-0-1,오로지 능력만으로 평가했다
6469969-0-0,클럽인 볼링 팀
6469969-0-1,연대의식
5780988-0-0,남자들만의 우정 맺는 방시과
5780988-0-1,하층민 남자 노동자들의 사교
6470925-1-0,방어적인
6470925-1-1,여자들
6469969-1-0,접근했기 때문에
6469969-1-1,여자들
5780988-1-0,여자들
5780988-1-1,방어적인 태도
6470925-2-0,여러 여자들 중
6470925-2-1,불평
6469969-2-0,여자
6469969-2-1,사샤 다음에 만난 애나는
6469969-2-2,데이트
5780988-2-0,잠자리
5780988-2-1,3주간의
5780988-2-2,어떤 여자보다도 즐거운 데이트
6657612-0-0,이천(李蕆)의 책임하에 천문 기구
6657612-0-1,작동되는 물시계인 자격루(일명
6657612-0-2,"앙부일구(仰釜日晷), 밤낮"
6549083-0-0,이천(李蕆)의 책임하에
6549083-0-1,이때 제작된 옥루는
6549083-0-2,1438년
5857972-0-0,1438년
5857972-0-1,이천(李蕆)의 책임하에
5857972-0-2,장치로 흠경각(欽敬閣
6657612-1-0,어가가 갑자기 부서지는 사건
6657612-1-1,1442년
6657612-1-2,사형당하였다는 설
6549083-1-0,장영실
6549083-1-1,천문기구 제작이 끝난 후
6549083-1-2,조정에서는
5857972-1-0,아이러니하게
5857972-1-1,금속제련
6509326-0-0,1575년(선조
6509326-0-1,신진 사림인 동인
6509326-0-2,이조 전랑
6120699-0-0,성립은 1575년(선조 8년
6120699-0-1,최초의 붕당
6120699-0-2,아우(심충겸
6509326-1-0,동인
6509326-1-1,치인(治人)에
6509326-1-2,수기(修己)에
6509334-1-0,주로 치인(治人
6509334-1-1,수기(修己)에
6120699-1-0,최초의 붕당
6120699-1-1,최초의 붕당
6509326-2-0,정권을 잡
6509326-2-1,정권을 잡
6509326-2-2,정권을 잡
6509334-2-0,서인이 연합하여 1623년
6509334-2-1,일본과
6120699-2-0,대북(大北)과
6120699-2-1,정권을 잡
6120699-2-2,1623년
6509326-3-0,"이때, 붕당"
6509326-3-1,"이때, 붕당"
6509326-3-2,소현세자
6509334-3-0,인선왕후
6509334-3-1,제 1비였던 인열왕후
6509334-3-2,소현세자
6120699-3-0,1년간
6120699-3-1,1년간
6120699-3-2,"이때, 붕당"
6509326-4-0,이익은 '붕당론'을
6509326-4-1,경시하기 때문에 당쟁이 가열되었다
6509334-4-0,이익은 '붕당론'을
6509334-4-1,시데하라 아키
6120699-4-0,이익은 '붕당론'을
6120699-4-1,투쟁에 초점을 맞춘 역사가들
6509326-5-0,1년
6509326-5-1,격심했던
6509326-5-2,당일에는 150명
6509334-5-0,당쟁이 격심했던
6509334-5-1,79명
6509334-5-2,1905년 1월
6120699-5-0,79명
6120699-5-1,150명
6504981-0-0,1951년 3월
6504981-0-1,연세대학교
6504981-0-2,Global Asia》
6505019-0-0,1951년
6505019-0-1,정치학자
6505019-0-2,장관급)과 외교통상부의
6090144-0-0,연세대학교
6090144-0-1,1951년
6090144-0-2,2017년
6504981-1-0,정치학 박사 학위
6504981-1-1,of Kentucky
6505019-1-0,연세대학교
6505019-1-1,연세대학교
6505019-1-2,남평
6090144-1-0,정치학
6090144-1-1,오현중•고등학교
6090144-1-2,오현중•고등학교
6504981-2-0,60권
6504981-2-1,300여
6505019-2-0,2012년
6505019-2-1,2012년
6090144-2-0,300여
6090144-2-1,2012년
6504981-3-0,화해협력 정책
6504981-3-1,송영무 국방장관과 마찰을
6504981-3-2,외교안보 정책 논쟁의 중심
6505019-3-0,햇볕정책의
6505019-3-1,북한 지도부에 대한 ‘참수
6505019-3-2,강연에서 ‘북한의 핵미사일
6090144-3-0,문정인
6090144-3-1,2017년 6월
6090144-3-2,송영무 국방장관과 마찰을
5876015-0-0,조조와 원래 측실이었던 황후
5876015-0-1,변씨 사이에
6551260-0-0,8살
6551260-0-1,저서인 《전론》(典論
6551260-0-2,8살
5876015-1-0,197년(건안
5876015-1-1,"아들들에게 ""조충이"
5876015-1-2,유씨 부인이 낳았으
6551260-1-0,25명
6551260-1-1,197년(건안 2년)에 장수(張繡)와
6551260-1-2,208년에 13살의 어린 나이
5876015-2-0,삼국지연의
5876015-2-1,삼국지연의》에서는
5876015-2-2,유비(劉備)가
6551260-2-0,220년 정월
6551260-2-1,삼국지연의
6551260-2-2,삼국지연의》에서는
5876015-3-0,사회의 안정과 전통적인 향촌
5876015-3-1,뿐만 아니
5876015-3-2,부활시키고자 한 정책
6551260-3-0,유가 부흥책의 경우
6551260-3-1,구품관인법의 제정
6551260-3-2,위하여 공자
5876015-4-0,백성들
5876015-4-1,법률의 가혹함으로 백성들의 원성
6551260-4-0,노육은 이를
6551260-4-1,시대에는 법률의 가혹함으로
5876015-5-0,손권
5876015-5-1,이릉대전
6551260-5-0,손권을 오히려 오왕
6551260-5-1,우려한 유엽이 이도
5876015-6-0,자의적으로 법을 위반해서
5876015-6-1,포훈
6551260-6-0,포신
6551260-6-1,사소한 트집을 잡아
5876015-7-0,조비가 천부적인
5876015-7-1,위나라
6551260-7-0,위나라
6551260-7-1,휘종과 유사한 면
6130884-0-0,근대 정치 이론
6130884-0-1,생활로부터 죽음을
6130884-0-2,현대 사회
6535365-0-0,근대에 성립한
6535365-0-1,근대국가
6130884-1-0,욕구를 가지는 사람의 고독감이
6130884-1-1,사람
6535365-1-0,사람
6535365-1-1,사람
6130884-2-0,호스피스 시설
6130884-2-1,설립된 성크리스토퍼 호스피스
6130884-2-2,케어를 중심으로
6535365-2-0,시설이 차례차례
6535365-2-1,3개밖
6130884-3-0,수 있는 것을
6130884-3-1,젊은이에게야말
6535365-3-0,죽음의 준비 교육
6535365-3-1,죽음의 준비 교육
6510712-4-0,우리가 존재하면
6510712-4-1,존재하
6130884-4-0,존재하
6130884-4-1,무관계성
6535365-4-0,죽음
6535365-4-1,오르페우스교
6130884-5-0,의료
6130884-5-1,있는 일도
6535365-5-0,선택되는 경향에 있는 일
6535365-5-1,환자
6597756-0-0,물귀신
6597756-0-1,에흐이시커처럼 호소에 산다
6597820-0-0,강뿐 아니
6597820-0-1,매킬럽(Mackillop)의 사전
6597756-1-0,내장
6597756-1-1,손가락
6597756-1-2,살아남
6597820-1-0,캐서린 메리 브릭스
6597820-1-1,아이들
6597756-2-0,Fuoah)라는 제목의
6597756-2-1,이야기
6597756-2-2,무언가를 가리키
6597820-2-0,채록한 동화에는
6597820-2-1,Fuoah)라는 제목의
6597756-3-0,있는 점으로 그 정체
6597756-3-1,예외없이 언제나 남성의 모습
6597756-3-2,집안(Conon House) 을 그
6597820-3-0,물풀
6597820-3-1,인간으로 둔갑한
6597756-4-0,켈피
6597756-4-1,아버지의 농장
6597820-4-0,켈피
6597820-4-1,1년
6597756-5-0,고삐를
6597756-5-1,제거하는 것으로써 구마가
6597756-5-2,마법적 성질
6597820-5-0,십자가 낙인이
6597820-5-1,것으로써 구마가
6597756-6-0,맥그리거
6597756-6-1,24시간
6597756-6-2,성부 성자 성령의 이름으로
6597820-6-0,맥그리거
6597820-6-1,이야기는 6세기
6597756-7-0,주일(일요일)에
6597756-7-1,아니겠냐
6597820-7-0,Varner)는 이 사람을 잡아먹
6597820-7-1,스칸디나비아에서
6457372-0-0,일본 견종(현재는 6종
6457372-0-1,1936년
6533022-0-0,"38-41 cm, 암컷은 35-38"
6533022-0-1,80%
6519464-0-0,"cm, 암컷은 35-38"
6519464-0-1,35-38 cm 정도
6519464-0-2,7개의
6482509-0-0,프로축구연맹
6482509-0-1,김주영
6482509-0-2,반발하며 본인의 트위터에
6601876-0-0,7억원
6601876-0-1,바이아웃
6003438-0-0,서울로
6003438-0-1,바이아웃 제도에 대한 룰
6482509-1-0,2012년 1월
6482509-1-1,21일
6482509-1-2,29경기
6601876-1-0,20일
6601876-1-1,29경기
6003438-1-0,김주영의 영입을 공식적으로 발표하
6003438-1-1,상하이 상강으로
6003438-1-2,차두리
6029824-0-0,가지고 있는 영국 BBC
6029824-0-1,부터는 KBS1
6485131-0-0,닥터 후 시리즈
6485131-0-1,1996년
6485131-0-2,박사의 모험
6485220-0-0,35시즌
6485220-0-1,KBS1으로 채널
6485220-0-2,에피소드가 1977-78년 사이
6029824-1-0,크리스마스
6029824-1-1,The Name of
6485131-1-0,크리스마스
6485131-1-1,하나의 'TV 영화' 처럼
6485131-1-2,75개국
6485220-1-0,1963년 11월 23일
6485220-1-1,1963년 11월 23일
6029824-2-0,"한편, 대한민국"
6029824-2-1,KBS2 <세상의 모든 다큐
6485131-2-0,에피소드
6485131-2-1,Deep
6485220-2-0,닥터의 시간 the Time
6485220-2-1,에피소드
6029824-3-0,치명적인 죽음의
6029824-3-1,재생성
6029824-3-2,재생성
6485131-3-0,닥터 역
6485131-3-1,프라이스
6485131-3-2,유작이기도 하
6485220-3-0,각본가인 스티븐 모팻이 집필하
6485220-3-1,역으로서 출연한 리처드 E
6485220-3-2,영화를 계승하여 9대 닥터
6029824-4-0,시리즈
6029824-4-1,그랜트
6485131-4-0,시리즈
6485131-4-1,"에피소드인 ""The Beast Below"
6485220-4-0,그랜트
6485220-4-1,시리즈
6471429-0-0,승리를 기록하여 다음의 등판
6471429-0-1,라이온스전
6471429-0-2,시즌
5782874-0-0,6연승
5782874-0-1,선발로 전향한 후
5782874-0-2,같은 해 고등학교
6554213-0-0,라이온스전으로부터 선발 투수
6554213-0-1,콜린스 감독
6471429-1-0,10개의
6471429-1-1,언론의 표현) 진입
6471429-1-2,횟수에서는 처음으로 규정
5782874-1-0,1월에는 장남
5782874-1-1,내주어 위협구를 던졌다는
5782874-1-2,9월 7일의 세이부전에서는 8회
6554213-1-0,히라노 요시히사나
6554213-1-1,4전 4승의
6471429-2-0,투수가 되어 라쿠텐 타선
6471429-2-1,17승
6471429-2-2,승리를 거두었
5782874-2-0,17승
5782874-2-1,구단 역사상 45년 만에
5782874-2-2,소프트뱅크의 와다 쓰요시
6554213-2-0,45년 만
6554213-2-1,17승
6471429-3-0,없었고 병원
6471429-3-1,22일
6471429-3-2,성적으로 끝나 2008년
5782874-3-0,오른쪽 팔꿈치 통증으로 다음날
5782874-3-1,2008년
5782874-3-2,1군
6554213-3-0,7이닝 무실점의
6554213-3-1,4년
6527236-0-0,농상공학교
6527236-0-1,1904년
6473065-0-0,제국에서 들여온 차관으로
6473065-0-1,박사의 기획에 따라
6194880-0-0,농상공학교
6194880-0-1,1907년
6527236-1-0,50명
6527236-1-1,1909년
6194880-1-0,공업업계’라는
6194880-1-1,1909년
6527236-2-0,1935년
6527236-2-1,경성고등공업학교
6473065-2-0,조선인을 전체정원에서 2/3가량
6473065-2-1,27:1
6194880-2-0,경성고등공업학교
6194880-2-1,1940년대
6527236-3-0,1937년
6527236-3-1,1939년
6473065-3-0,경성광산전문학교
6473065-3-1,이과양성소(理科養成所
6194880-3-0,경성공업전문학교
6194880-3-1,1944년
6548327-0-0,2009년
6548327-0-1,RapsodY
6472391-0-0,커넥션
6472391-0-1,Hey ma〉를
6472391-0-2,7곡이
5783006-0-0,소울커넥션
5783006-0-1,Day life
5783006-0-2,RapsodY
6548327-1-0,2009년 11월
6548327-1-1,Blame on me
6472391-1-0,Love & Verse
6472391-1-1,조규찬이 참여하여 큰 화제
6472391-1-2,Love & Verse 3/4
5783006-1-0,2015년
5783006-1-1,Love & Verse
5783006-1-2,Freelow
6548327-2-0,똥
6548327-2-1,똥개
6472391-2-0,Connection
6472391-2-1,스틸피엠
6472391-2-2,하지 않았고 매슬로가 소울
5783006-2-0,스틸피엠
5783006-2-1,Maslo
5783006-2-2,스틸피엠
6481144-0-0,1994년
6481144-0-1,중 둘째로
6481144-0-2,4살이
6264316-0-0,1994년
6264316-0-1,중 둘째로
6264316-0-2,1994년
6481149-0-0,고은’이라는 이름은
6481149-0-1,중국
6481144-1-0,한국예술종합학교
6481144-1-1,김고은
6481144-1-2,김고은
6264316-1-0,한국예술종합학교 연극원
6264316-1-1,은교
6264316-1-2,정지우 감독
6481149-1-0,은교
6481149-1-1,올라 신인여우상
6481144-2-0,네버다이 버터플라이
6481144-2-1,2013년
6481144-2-2,복귀작인 범죄 스릴러 영화
6264316-2-0,2013년
6264316-2-1,몬스터
6264316-2-2,몬스터》에서 김고은은 극중 연쇄
6481149-2-0,몬스터
6481149-2-1,몬스터
6481144-3-0,차이나타운
6481144-3-1,54회 칸
6481144-3-2,차이나타운
6264316-3-0,"차이나타운》에 김혜수, 엄태구"
6264316-3-1,모델로 꼽아왔던 전도연
6264316-3-2,성난 변호사
6481149-3-0,"차이나타운》에 김혜수, 엄태구, 박보검와"
6481149-3-1,레드카펫을
6481144-4-0,김고은은 2015년
6481144-4-1,여자 신인연기상
6481144-4-2,계춘할망
6264316-4-0,윤여정
6264316-4-1,2015년
6264316-4-2,백상예술대상 TV부문 여자
6481149-4-0,tvN 드라마 《치즈인더트랩
6481149-4-1,신인연기상
6464838-0-0,경유하여 와카야마에 이르
6464838-0-1,오노야마 고개
6570133-0-0,와카야마 역에서는 기세이 본선
6570133-0-1,1994년 이후
6570134-0-0,1994년
6570134-0-1,특급 열차도
6570134-0-2,1994년 이후
6464838-1-0,대부분
6464838-1-1,~와카야마 역)의 운전
6464838-1-2,히네노
6570133-1-0,히네노 역
6570133-1-1,2008년 3월
6570134-1-0,히네노 역
6570134-1-1,특급 열차
6570134-1-2,2008년 3월 15일 시간표
6464838-2-0,시간대
6464838-2-1,8량
6464838-2-2,혼란이 큰 영향을 끼치는
6570133-2-0,야마토지 선
6570133-2-1,아침 출근 시간대에
6570134-2-0,영향을 끼치는 것을 막
6570134-2-1,8량
6464838-3-0,운전되
6464838-3-1,구로시오·오션애로우 호
6464838-3-2,6량 편성
6570134-3-0,오션애로우
6570134-3-1,4편 가까이의 편수
6570134-3-2,때에는 9량 편성
6464838-4-0,홈 라이너 이즈미
6464838-4-1,특급 구로시오
6464838-4-2,1984년
6570133-4-0,1984년
6570133-4-1,1984년
6570134-4-0,특급 구로시오
6570134-4-1,와카야마 역까지
6570134-4-2,1986년
6464838-5-0,병결하여 8량 편성
6464838-5-1,8량
6464838-5-2,사쿠라노미야 역
6570133-5-0,1994년
6570133-5-1,2008년
6570134-5-0,개시된 쾌속 열차
6570134-5-1,되어 저녁 이후
6570134-5-2,덴노지 역
6464838-6-0,운행하
6464838-6-1,시간대
6570133-6-0,2008년
6570133-6-1,쾌속이 4량씩 차지하는 형태
6570134-6-0,히네노 역
6570134-6-1,와카야마 역
6464838-7-0,오사카 순환선
6464838-7-1,1편씩
6570133-7-0,2008년
6570133-7-1,오사카 순환선
6570134-7-0,3월 15일의 시간표 개정으로
6570134-7-1,오사카 순환선
6464838-8-0,시간당 3편씩
6464838-8-1,대피 설비가 있기
6570134-8-0,역·히네노 역·이즈미스나가
6570134-8-1,3편씩
6479386-0-0,갈릴레
6479386-0-1,탐사선들이 가니메데를 세밀하게
6479386-0-2,갈릴레
6473069-0-0,갈릴레
6473069-0-1,갈릴레
6473069-0-2,가니메데
5782981-0-0,갈릴레
5782981-0-1,1610년 1월 7일
5782981-0-2,갈릴레
5782981-1-0,1번
5782981-1-1,조석 가열
6479386-2-0,43%
6479386-2-1,50%~90% 정도의
6479386-2-2,"표면에는 이산화탄소, 이산화황"
6473069-2-0,50%~90% 정도의
6473069-2-1,MgSO4)이 표면
5782981-2-0,43% 정도
5782981-2-1,43%
5782981-2-2,갈릴레오는 또한 황산 마그네슘
6479386-3-0,가니메데의 표면
6479386-3-1,방사열은 위성
6479386-3-2,조석 가열
6473069-3-0,가열 기구
6473069-3-1,가장 관련성
5782981-3-0,가장 관련성이 높은 가열
5782981-3-1,자연적인 지각 변동
6479386-4-0,보인다
6479386-4-1,40억
6479386-4-2,추산한 결과
6473069-4-0,보인다
6473069-4-1,충돌구는 달과 수성의 것보다
5782981-4-0,나이는 40억
5782981-4-1,유령'은 팰름시스트(Palimpsest
6479386-5-0,망원경
6479386-5-1,실제로는 130.4 nm와135.6
6473069-5-0,50° 쪽
6473069-5-1,보이저호
5782981-5-0,허블 우주 망원경
5782981-5-1,아마도 극광일 것
6479386-6-0,자기 모멘트
6479386-6-1,719
6479386-6-2,목성의
6473069-6-0,모멘트
6473069-6-1,목성
5782981-6-0,6번
5782981-6-1,3배 더
6479386-7-0,원자의 단일 이온화물인
6479386-7-1,있는 전자와 이온
6473069-7-0,자기권
6473069-7-1,무거운 이온은 지속적으로
5782981-7-0,원자의 단일 이온화물인 O
5782981-7-1,가니메데
6479386-8-0,강착으로 형성된 것
6479386-8-1,상대적
6473069-8-0,가니메데
6473069-8-1,두 위성
5782981-8-0,1만년 정도
5782981-8-1,준성운
6479386-9-0,방사성 원소가 붕괴하면서 핵
6479386-9-1,칼리스토
6473069-9-0,규산염 성분의 맨틀
6473069-9-1,"오늘날, 가니메데는"
5782981-9-0,규산염 성분의
5782981-9-1,칼리스토가 방출하는 것보다
6479386-10-0,주도하
6479386-10-1,2020년
6473069-10-0,2020년
6473069-10-1,EJSM
6473069-10-2,유럽우주국
5782981-10-0,2012년
5782981-10-1,위성 탐사선(JUICE
6481436-0-0,1917년
6481436-0-1,1915년
6481436-0-2,배재학교
6481436-1-0,재학 중 3·1 운동
6481436-1-1,이들은 삼인당(三人黨)이라
6481436-1-2,상하이
6481436-3-0,1925년
6481436-3-1,1929년
5852476-0-0,"소설""과 ""문학적 가치""라는 용어"
5852476-0-1,그것을 사용하는 사람
5852476-0-2,언어예술이며 달리 말하면
6548184-0-0,문예학은
6548184-0-1,순수문학만을
6548184-0-2,"literature""(문학)라는"
5852476-1-0,시각매체인 악보로 기록된
5852476-1-1,음악사학
5852476-1-2,음악사학
6548184-1-0,기록된 소리예술이자 시간예술
6548184-1-1,그리스시대
6548184-1-2,음악사학
5852476-2-0,벌어지
5852476-2-1,예술가들
5852476-2-2,공연예술
6548184-2-0,공연예술학은
6548184-2-1,예술가들
6548184-2-2,동안에는
5852476-3-0,춤은 일반적으로
5852476-3-1,안무는
5852476-3-2,"무용 과목에 속하고, 게다"
6548184-3-0,안무는 춤
6548184-3-1,비르투오소 기술에
6548184-3-2,무용 과목에
5852476-4-0,sophia(지혜)>를 뜻하였고 전통상
5852476-4-1,고대 그리스
5852476-4-2,그리스
6548184-4-0,철학
6548184-4-1,고대 그리스
6548184-4-2,"부분에서, 이마누엘 칸트는"
5852476-5-0,6세기경
5852476-5-1,근대에 이르기까지
5852476-5-2,아리스토텔레스의 작업으로 대표되는 그리스
6548184-5-0,그것들
6548184-5-1,지배적인 사상이었다
6548184-5-2,철학 전통은 기원전 4세기에
5852476-6-0,소리가 필수이듯이
5852476-6-1,상당한 심리적 영향들의
5852476-6-2,뉴턴을 포함하는 일부 화가
6548184-6-0,있지만 다른 지역
6548184-6-1,스스로의 색 이론
6548184-6-2,음악에서
6526294-0-0,아리피프라졸
6526294-0-1,아리피프라졸
6526294-0-2,아스트라제네카사
6526295-0-0,오츠카제약이 개발한 아리피프라졸(aripiprazole) 성분
6526295-0-1,아리피프라졸
6526295-0-2,아스트라제네카사
6466730-0-0,아리피프라졸
6466730-0-1,아리피프라졸
6526294-1-0,약물
6526294-1-1,부작용
6526295-1-0,노르아드레날린 특정 세로토닌 사환계
6526295-1-1,삼환계 항우울제인 트라조돈
6466730-1-0,특정 세로토닌 사환계 항우울제(NaSSA
6466730-1-1,문제가 제기되
6526294-2-0,정신치료
6526294-2-1,치료자
6526295-2-0,심리치료
6526295-2-1,치료자
6526294-3-0,스틸녹스(졸피뎀
6526294-3-1,스틸녹스(졸피뎀
6526295-3-0,스틸녹스(졸피뎀
6526295-3-1,스틸녹스(졸피뎀
6466730-3-0,스틸녹스(졸피뎀
6466730-3-1,스틸녹스(졸피뎀
6481989-0-0,2012년
6481989-0-1,2008년
6481989-0-2,100분 토론
5998676-0-0,있다면...'이라는
5998676-0-1,선거 문재인 지지를
5998676-0-2,MBC 《100분 토론》에 출연하여
6511755-0-0,2010년
6511755-0-1,출연하여 이명박 정부를 비판했
6511755-0-2,문재인 지지를 선언하였고
5892737-0-0,67분
5892737-0-1,구상된 일본의 자기부상열차 철
5892737-1-0,미야자키현
5892737-1-1,42.8Km
5892737-2-0,설치하는 것
5892737-2-1,신칸센
5892737-3-0,도카이는 직선
5892737-3-1,나중에 두 계획은
6533246-0-0,요한계시록
6533246-0-1,유재열
6463955-0-0,장막성전
6463955-0-1,요한계시록의 예언
6463955-0-2,장막성전
6538210-0-0,장막성전
6538210-0-1,요한계시록
6538210-0-2,유재열
6533246-1-0,부장(24
6533246-1-1,24명의
6463955-1-0,부장(24 장로)으로 보좌를
6463955-1-1,2천
6538210-1-0,21장처럼
6538210-1-1,7장
6533246-2-0,방송
6533246-2-1,2009년 10월
6463955-2-0,MBC
6463955-2-1,문화방송
6463955-2-2,2007년
6538210-2-0,PD수첩
6538210-2-1,방송
6481169-0-0,Display)패널
6481169-0-1,DID
6472073-0-0,디스플레
6472073-0-1,디스플레
5782996-0-0,: Digital Information Display)패널
5782996-0-1,디스플레
5782996-0-2,디스플레
6481169-1-0,DID 패널
6481169-1-1,특징으로는 사용자에게 시각적 정보
6472073-1-0,사용자들
6472073-1-1,기술력에 익숙치 않
6472073-1-2,대표적
5782996-1-0,특징으로는 사용자
5782996-1-1,수 있는 단점도
5782996-1-2,터치스크린이기 때문
6481169-2-0,핑거터치
6481169-2-1,913대
6472073-2-0,정보
6472073-2-1,913대
5850021-0-0,이회영
5850021-0-1,"12월, 6형제는"
5850021-0-2,버리고 온
6547938-0-0,망명을 주도했던 인물이 넷째였던
6547938-0-1,개인적인 친분이 있어 한
6547949-0-0,60명
6547949-0-1,신흥강습소
6547949-0-2,이회영 일가는 지린
5850021-1-0,이규봉
5850021-1-1,이규봉
6547949-1-0,이자경은 우물가에서 대낮인데
6547949-1-1,이규봉
5850021-2-0,이회영
5850021-2-1,연충렬
5850021-2-2,이회영
6547938-2-0,"의심하였고, 증거를 가지"
6547938-2-1,1932년
6547949-2-0,이회영
6547949-2-1,이규서
6547949-2-2,독립운동가 엄항섭
6575115-0-0,때문에 영어로는 Ocean Sunfish라고
6575115-0-1,개복치의 가지각색 특색
6478823-0-0,것처럼
6478823-0-1,보였기 때문에 영어로는 Ocean
6478833-0-0,Mola
6478833-0-1,것처럼
6478833-0-2,세계 여러 나라에서 불리는
6575115-1-0,중국에선 용창이라는 이름
6575115-1-1,대한민국
6575115-1-2,파는 것이
6478823-1-0,이름으로
6478823-1-1,"흐물흐물해지는데, 이것을"
6478823-1-2,한편 유럽 연합에서는
6478833-1-0,중국에선 용창이라는 이름
6478833-1-1,많이 먹으면 설사를 유발하기
6478833-1-2,것이
6575115-2-0,베이 수족관에서
6575115-2-1,아쿠아리움
6478823-2-0,리스본 수족관이다
6478823-2-1,주의 몬테레이 베
6478833-2-0,수족관
6478833-2-1,아쿠아리움
6478833-2-2,아쿠아리움에서는 일본에서
5952370-0-0,위충현의 모진 탄압으로 인하여
5952370-0-1,복사(復社
6572451-0-0,황존소는
6572451-0-1,반란으로 명나라가 멸망하고 중국이
6572451-0-2,복사(復社)’에 참가하고
6572472-0-0,황존소는
6572472-0-1,명나라
6572472-0-2,이민족 왕조에 벼슬하지
5952370-1-0,혁명파(革命派)는 이것
5952370-1-1,프랑스
6572451-1-0,혁명파(革命派)는 이것을 프랑스의 루소
6572451-1-1,황종희를 ‘중국의 루소’라
6572472-1-0,군주전제를 반대하
6572472-1-1,황종희를 ‘중국의 루소
5952370-2-0,196인
5952370-2-1,이전에 이미 동종의 저작
6572451-2-0,196인
6572451-2-1,16학안(學案
6572472-2-0,16학안(學案
6572472-2-1,본서
6579230-0-0,라이너스
6579230-0-1,고아가 되었으며 학교선생이 되기
6579230-0-2,거기서 그는 개인 약국을
6494295-0-0,"루시는 영국, 스코틀랜드계 후손이며"
6494295-0-1,스코틀랜드계 후손이며
6494295-0-2,빠졌으며 결국 그들
6404796-0-0,"루시는 영국, 스코틀랜드계"
6404796-0-1,11세
6579230-1-0,1909년
6579230-1-1,루시(폴링의 어머니
6579230-1-2,루시의 여형제 애비(Abbie)는
6494295-1-0,라이너스
6494295-1-1,1909년
6494295-1-2,심장마비
6404796-1-0,애비(Abbie)는
6404796-1-1,진정제
6579230-2-0,폴링
6579230-2-1,제프레스
6579230-2-2,고등학교
6494295-2-0,지방신문 더 오리가니안(The
6494295-2-1,제프레스
6494295-2-2,주겠다
6404796-2-0,수위로
6404796-2-1,제프레스
6579230-3-0,오리건농업대학
6579230-3-1,워싱턴고등학교
6579230-3-2,명예졸업장
6494295-3-0,워싱턴고등학교
6494295-3-1,고등학교 졸업장을 포기하
6494295-3-2,1917년 9월
6404796-3-0,45년
6404796-3-1,50달러를 받으
6579230-4-0,200여달러를 사용하면서
6579230-4-1,이린(Irene
6579230-4-2,정량분석
6404796-4-0,25센트
6404796-4-1,Delta Upsilon이라는 비영리
6579230-5-0,양자화학
6579230-5-1,화학부 과목
6579230-5-2,4학년 겨울
6494295-5-0,가정경제학을 전공
6494295-5-1,사람인 Ava Helen Miller
6404796-5-0,그리하여 그는 양자화학
6404796-5-1,가정경제학
6579230-6-0,폴링은 코발리스(Corvallis
6579230-6-1,1917년
6579230-6-2,가정경제학과의 화학수업을
6494295-6-0,1917년
6494295-6-1,1922년
6404796-6-0,1917년
6404796-6-1,1917년
6579230-7-0,혼성오비탈
6579230-7-1,이온결합
6579230-7-2,원자간의 결합
6404796-7-0,혼성오비탈
6404796-7-1,원자간의 결합
6579230-8-0,케쿨레
6579230-8-1,두 가지 구조
6404796-8-0,중 세 번째 것
6404796-8-1,단일결합으로서 존재한다
6579230-9-0,단백질
6579230-9-1,변성 실험을 통해
6579230-9-2,"1951년, 아미노산"
6404796-9-0,펩티드 결합
6404796-9-1,단백질
6579230-10-0,1952년
6579230-10-1,삼중나선 구조
6579230-10-2,1953년
6404796-10-0,삼중나선 구조
6404796-10-1,DNA
6579230-11-0,이베르트 웰스
6579230-11-1,사이언스 지
6404796-11-0,적혈구
6404796-11-1,1949년
6579230-12-0,분자의학
6579230-12-1,1968년
6579230-12-2,분자 농도 조정론
6404796-12-0,분자의학
6404796-12-1,1965년
6579230-13-0,비타민 C 3 g
6579230-13-1,C와 감기>라는 제목의
6579230-13-2,폴링은 암 환자들은
6494295-13-0,1973년
6494295-13-1,라이너스 폴링 과학의학연구소
6494295-13-2,1996년
6404796-13-0,확률이 4배
6404796-13-1,먼로 파크에 분자교정의학 연구소
6579230-14-0,히틀러
6579230-14-1,유니언 나우라는
6579230-14-2,1939년
6404796-14-0,막아야한다
6404796-14-1,세계대전까지는
6579230-15-0,원자과학자연맹
6579230-15-1,원자과학자연맹
6579230-15-2,아인슈타인은
6404796-15-0,원자과학자연맹을 전국적
6404796-15-1,비상위원회를(Emergency
6579230-16-0,반핵연설을
6579230-16-1,두브리지
6579230-16-2,1958년
6494295-16-0,1954년
6494295-16-1,1962년
6494295-16-2,1963년 10월
6404796-16-0,1950년대
6404796-16-1,1954년
6543926-0-0,남해군에서 태어난
6543926-0-1,남서울중학교
6543926-0-2,자신이 담당한 고등학교
6543951-0-0,남서울중학교
6543951-0-1,윤성빈은 남서울중학교를
6543951-0-2,신림고등학교
5835685-0-0,윤성빈은 남서울중학교를
5835685-0-1,엘리트 스포츠 경험이 전무하여
6543926-1-0,김영태 교사
6543926-1-1,윤성빈
6543926-1-2,2012년
6543951-1-0,2012년
6543951-1-1,한국체육대학교
5835685-1-0,한국체육대학교
5835685-1-1,2012년
6543926-2-0,2016년
6543926-2-1,16위
6543926-2-2,세계 선수권 대회
6543951-2-0,2016년
6543951-2-1,은메달
5835685-2-0,9월에 대한민국
5835685-2-1,2016년
6657344-0-0,뮤직비디오
6657344-0-1,뮤직비디오
6657344-0-2,뮤직비디오
6522950-0-0,최악의 래퍼
6522950-0-1,뮤직비디오
6522957-0-0,뮤직비디오
6522957-0-1,참가자들
6522957-0-2,뮤직비디오
6657344-1-0,자이언트 핑크
6657344-1-1,프로듀서
6657344-1-2,호랑나비
6522950-1-0,솔로 배틀
6522950-1-1,육지담과 나다를 선택하고 〈호랑나비
6522950-1-2,공연
6522957-1-0,솔로 배틀
6522957-1-1,솔로 배틀
6522957-1-2,노래와 팀원을 선택할 수
6657344-2-0,영구 탈락 미션
6657344-2-1,온라인으로
6657344-2-2,쿨키드와 애쉬비가
6522950-2-0,그레이스
6522950-2-1,그레이스
6522950-2-2,쿨키드와 애쉬비가
6522957-2-0,유나킴을 상대
6522957-2-1,유나킴을 상대
6522957-2-2,애쉬비가 새로운
5856526-0-0,자유민주주의 체제
5856526-0-1,19세기 말
5856526-0-2,이데올로기에 의해서
6657592-0-0,극단론자
6657592-0-1,반대하는 보수적인 왕권파들은 스스
6657592-0-2,하는 구체제
6548896-0-0,원형으로서
6548896-0-1,전통적인 군주제의 힘
6548896-0-2,자유민주주의
5856526-1-0,계몽주의 시대의
5856526-1-1,자유주의
6657592-1-0,개인주의
6657592-1-1,자유주의
6548896-1-0,받기도 한다(개인주의적 관점
6548896-1-1,따라서 자유민주주의는 자유주의적
5856526-2-0,다수
5856526-2-1,자유주의
6657592-2-0,정도의 차이만이 아니라 종류
6657592-2-1,민주주의
6657592-2-2,자유주의
6548896-2-0,독일의 법학자 구스타브 라드부르흐
6548896-2-1,자유주의
6548896-2-2,민주주의
5856526-3-0,자유민주주의
5856526-3-1,자유민주주의
6657592-3-0,1948년
6657592-3-1,민주주의
6548896-3-0,민주공화제
6548896-3-1,자유민주주
6548896-3-2,1948년
6571008-0-0,허경영
6571008-0-1,디지털
6571008-0-2,2009년
6571011-0-0,6개월동안
6571011-0-1,2009년
6571011-0-2,허본좌 허경영'을 'Right
6571008-1-0,반론으로 자신의
6571008-1-1,박정희 전 대통령과의
6571011-1-0,자신의 저서(무궁화
6571011-1-1,전 대통령과의
5999885-0-0,5월에는 주니어컬링선수권대회
5999885-0-1,선발전에서 경기도청 여자컬링팀에
5999885-0-2,아쉽게 패배하였으
6482279-0-0,스포츠레저학과
6482279-0-1,2013년
6488464-0-0,대구대학교
6488464-0-1,컬링을 그만둘지에 대한 고민
6488464-0-2,은메달을
5999885-1-0,결승전
5999885-1-1,캐나다
5999885-1-2,결승전에서
6482279-1-0,결승전
6482279-1-1,아시아 태평양 선수권
6482279-1-2,만났으나 5-12로 패배하고
6488464-1-0,결승전
6488464-1-1,캐나다
6488464-1-2,은메달
6463744-0-0,몸담았던 이
6463744-0-1,Steelheart
6463744-0-2,메이티제빅이 보컬리스트로
6519240-0-0,Steelheart
6519240-0-1,1990년에
6519282-0-0,1990년
6519282-0-1,Steelheart
6519282-0-2,1990년
6560117-0-0,대조영》을 촬영중이던
6560117-0-1,무역학과
5899902-0-0,대조영
5899902-0-1,측에서는 해명한즉 “최수종
5899902-0-2,대조영》을 촬영중이던
6560132-0-0,대조영》을 촬영중이던
6560132-0-1,미국으로 건너가 콜로라도
6560132-0-2,해명한즉 “최수종
6466869-0-0,페르소나
6466869-0-1,전략 수립을 위한 자료
6567116-0-0,페르소나
6567116-0-1,개인의 개성을 부여하여
6567116-0-2,수립을 위한 자료로
6567123-0-0,페르소나
6567123-0-1,개인의 개성을 부여하여
6466869-1-0,"루비""라는"
6466869-1-1,다양한
6567116-1-0,"루비""라는"
6567116-1-1,"루비""라는"
6567116-1-2,세이전트의 고객들
6567123-1-0,"루비""라는"
6567123-1-1,프로젝트
6466869-2-0,프루이트와 아드린에 따르면 페르소나
6466869-2-1,상호소통의 도구로서
6567116-2-0,상호소통의 도구로서 유용하게 이용할
6567116-2-1,페르소나의 방법론의 선구자인 프루이트
6567123-2-0,상호소통의 도구로서 유용하게 이용할
6567123-2-1,선구자인 프루이트와 아드린에
6601749-0-0,특이점
6601749-0-1,특이점
6601749-0-2,특이점
6260956-0-0,기술적 특이점
6260956-0-1,특이점이라는 단어
6480893-0-0,특이점
6480893-0-1,특이점
6601749-1-0,버너 빈지로부터
6601749-1-1,SF작가들은
6601749-1-2,특이점
6260956-1-0,기술적 특이점
6260956-1-1,특이점
6480893-1-0,초지능
6480893-1-1,것은 1965년
6480893-1-2,특이점
6601749-2-0,특이점주의자
6601749-2-1,수동적 특이점주의자라고 부르는 사람들
6260956-2-0,특이점주의자(영어 : Singularitarians)라
6260956-2-1,특이점주의자
6480893-2-0,특이점
6480893-2-1,특이점
6480893-2-2,트랜스 휴먼
6601749-3-0,데이터
6601749-3-1,이미지 캡처를 통해 자동
6601749-3-2,아이작 아시모프
6260956-3-0,데이터
6260956-3-1,단편소설 「최후의 질문
6480893-3-0,데이터베이스가 될 것
6480893-3-1,데이터
6480893-3-2,62%
6601749-4-0,이러한
6601749-4-1,세포 치료법을
6260956-4-0,거부반응 제어제
6260956-4-1,세포
6480893-4-0,변이나 사멸로 인한 질병
6480893-4-1,치료
6480893-4-2,이러한 세포
6601749-5-0,Principles of Extropy
6601749-5-1,닉 보스트롬은 <트랜스휴머니스트 선언
6601749-5-2,트랜스휴머니즘에 대해
6260956-5-0,철학
6260956-5-1,창시자인 닉 보스트롬은
6260956-5-2,트랜스휴머니즘
6480893-5-0,Principles of Extropy」에서 처음
6480893-5-1,보스트롬은 <트랜스휴머니스트
6480893-5-2,트랜스휴머니즘
6601749-6-0,포스트 휴먼
6601749-6-1,트랜스 휴먼
6601749-6-2,트랜스 휴먼
6260956-6-0,포스트 휴먼
6260956-6-1,트랜스 휴먼
6480893-6-0,신인류
6480893-6-1,기술
6480893-6-2,트랜스 휴먼
6601749-7-0,하버드 대학의
6601749-7-1,없다고 설명하면서 과학
6260956-7-0,공중보건학자 제이
6260956-7-1,회의적
6480893-7-0,스티븐 핀커
6480893-7-1,일리노이대
6601749-8-0,특이점주의자들
6601749-8-1,토머스 멜서스
6601749-8-2,특이점주의자들이 기대하는 폭발적인 급성장
6260956-8-0,멜서스
6260956-8-1,인구론」에서
6480893-8-0,인구론
6480893-8-1,멜서스
6480893-8-2,특이점
6601749-9-0,설의 중국어 방 논변
6601749-9-1,중국어
6260956-9-0,심리적 과정
6260956-9-1,튜링 테스트
6480893-9-0,존 설의 중국어
6480893-9-1,행동주의를
6601749-10-0,5단계
6601749-10-1,차이는 어디에서
6260956-10-0,이러한
6260956-10-1,지적 기능
6480893-10-0,기능
6480893-10-1,이성적 판단을 내릴 수
6548884-0-0,자위행위
6548884-0-1,일부에서 빌리 조엘의 노래
6176494-0-0,프로그램에서 밝히기를 자위행위를
6176494-0-1,Masturbates
5886467-0-0,물벼락 갑질 논란
5886467-0-1,부사장
5886467-0-2,진에어
6554893-0-0,조현민 부사장
6554893-0-1,부사장
6554893-0-2,국내·국제항공운송사업 면허
6595615-0-0,부사장
6595615-0-1,부사장
5886467-1-0,대한항공
5886467-1-1,싸이버스카이
5886467-1-2,싸이버스카이
6554893-1-0,대한항공
6554893-1-1,대한항공
6554893-1-2,81.5%
6595615-1-0,싸이버스카
6595615-1-1,49억300
5886467-2-0,광고대행사와의
5886467-2-1,8명 가운데
5886467-2-2,출국정지
6554893-2-0,광고대행사와의 회의에서
6554893-2-1,미국 국적자인
6595615-2-0,미국 국적자인
6595615-2-1,가운데 2명
6048536-0-0,독일
6048536-0-1,동부로
6048536-0-2,동부로
6492628-0-0,용어는 19세기 독일
6492628-0-1,이것은
6579193-0-0,독일어: Drang nach Osten
6579193-0-1,19세기 독일
6579193-0-2,독일 민족주의 운동
6048536-1-0,헨리 코어 메이어(Henry Cord
6048536-1-1,순환 지역은 슬라브 세계
6579193-1-0,게르만-슬라브 관계
6579193-1-1,순환 지역은 슬라브 세계
6048536-2-0,제2차 세계 대전 이후
6048536-2-1,포츠담 회담(Potsdam Conference
6048536-2-2,17-18세기
6492628-2-0,동방식민운동
6492628-2-1,포츠담 회담(Potsdam
6579193-2-0,1945년부터
6579193-2-1,프로이센
6504829-0-0,2006년 1월 14일 방영분
6504829-0-1,2기의 PD는 현재
6504829-0-2,2005년
6504865-0-0,14일 방영분부터
6504865-0-1,2006년 1월 14일
6411454-0-0,10일부터 첫 선
6411454-0-1,토요일
6504829-1-0,무한도전
6504829-1-1,2006년 5월
6504829-1-2,강력추천 토요일》에서 독립하여
6411454-1-0,무한도전
6411454-1-1,2006년
6504829-2-0,유튜브에 〈무한뉴스〉로 시청자들
6504829-2-1,15일에는 광복절특집 〈배달
6504829-2-2,볼 수
6504865-2-0,무한도전
6504865-2-1,제국의 아이들 멤버
6504865-2-2,배달의 무도〉를 방송하
6411454-2-0,무한도전은 다시보기를
6411454-2-1,선발하
6411454-2-2,2017년 9월 4일
6504829-3-0,방송사
6504829-3-1,제작 PD인 김태호를 대중
6504829-3-2,2011년
6411454-3-0,말풍선 자막의 경우
6411454-3-1,해당 프로그램 제작 PD
6504829-4-0,흡사하다
6504829-4-1,프로그램
6504829-4-2,"디노아라시""의"
6411454-4-0,불가능은 없다
6411454-4-1,흡사하다
6504829-5-0,웹사이트의 'Mr.희망이와
6504829-5-1,무한도전이 자막을 이용해
6504829-5-2,대통령
6411454-5-0,웹사이트의 'Mr.희망이와
6411454-5-1,웹사이트의 'Mr.희망이와
5888796-0-0,’리차드 릴번‘
5888796-0-1,릴번’은 ‘테클리 폰차던
6555421-0-0,John Hewson‘의 견습생으로
6555421-0-1,John Bastwick'라는
6595777-0-0,리차드
6595777-0-1,테클리 폰차던’과 ‘더럼‘의
5888796-1-0,1644년
5888796-1-1,1644년
6555421-1-0,엣지힐 전투
6555421-1-1,1644년 5월
6595777-1-0,번째 원두당(圓頭黨: 1642-1649년
6595777-1-1,맨체스터
6595777-1-2,6개월
5888796-2-0,의미를 갖는 권리
5888796-2-1,Agitatiors
6555421-2-0,수평파
6555421-2-1,Freeborn
6595777-2-0,Agitatiors
6595777-2-1,수평파
6555421-3-0,7년
6555421-3-1,수평파
6595777-3-0,25일 탑 안
6595777-3-1,1649년
5888796-4-0,3000유로
5888796-4-1,1652년
6555421-4-0,말다툼은 더 심각한
6555421-4-1,3000유로의 벌금
6595777-4-0,3000유로
6595777-4-1,Hesilrige
6555421-5-0,군인들이
6555421-5-1,1654년 3월 16일
6595777-5-0,1654년
6595777-5-1,아닌 군인들이
6555421-6-0,National Biography에서 글
6555421-6-1,National Biography에서 글
6585889-0-0,2008년
6585889-0-1,3명을
6585889-0-2,2010년
6521494-0-0,2010년
6521494-0-1,3명
6521494-0-2,2010년
6521512-0-0,건은 2009년
6521512-0-1,피의자
6521512-0-2,광화문빌딩 앞에서 촛불 시위
6162971-0-0,먼저 이인좌는
6162971-0-1,관군에 의하여 반란
6547689-0-0,먼저 이인좌는
6547689-0-1,대원수(大元首
6547692-0-0,병사(兵使) 이봉상을
6547692-0-1,대원수(大元首)라 칭하며 사방으로
6547692-0-2,모든 군사들은
6488863-0-0,교통사고
6488863-0-1,이데일리와의 인터뷰에서
6024132-0-0,교통사고
6024132-0-1,교통사고
6483661-0-0,교통사고
6483661-0-1,돌아가셨다
6483661-0-2,2013년 1월
6529061-0-0,르네상스라는 말의 조어력은
6529061-0-1,르네상스
6498134-0-0,12세기
6498134-0-1,등과 같이 은유적
6656981-0-0,1975년
6656981-0-1,시기’라는 말이 ‘근대 초기
6529061-1-0,아니라 사회 문화적인 진보로
6529061-1-1,페트라르카
6498134-1-0,리비우스'의 역사와 '키케로
6498134-1-1,키케로'의
6656981-1-0,단테보다 후대 사람인 페트라르카는
6656981-1-1,아니라 사회 문화적인 진보
6656981-1-2,"재생""시켜야 한다"
6529061-2-0,나체상이 또다시
6529061-2-1,휴머니즘
6498134-2-0,휴머니즘
6498134-2-1,같은 자연주의라 할지라
6656981-2-0,자연주의
6656981-2-1,15세기 초엽
6529061-3-0,메디치 가문
6529061-3-1,메디치 가문
6498134-3-0,메디치 가문
6498134-3-1,피렌체
6656981-3-0,메디치 가문
6656981-3-1,13세기
6656981-3-2,15세
6529061-4-0,순수(정통)주의
6529061-4-1,순수(정통)주의
6498134-4-0,건축은 다음
6498134-4-1,이탈리아
6656981-4-0,플라테레스코(15세기에서-16세기
6656981-4-1,파사드의 장식
6656981-4-2,궁전이 대표적
6529061-5-0,130년간
6529061-5-1,이탈리아
6529061-5-2,이탈리아
6498134-5-0,이탈리아
6498134-5-1,마르틴 루터
6656981-5-0,1530년경 끝
6656981-5-1,1492년
6656981-5-2,1517년
6051387-0-0,소설로 알려져 있
6051387-0-1,새로운 장르
6051387-0-2,소설인 마테오 알레만(Mateo Alemán
6528934-0-0,1554년
6528934-0-1,피카레스크 소설(Novela Picaresca
6513320-0-0,1554년
6513320-0-1,스페인
6513320-0-2,피카레스크
6051387-1-0,피카레스크 소설’은
6051387-1-1,이야기
6051387-1-2,사회의 실상을 사실적으로
6528934-1-0,이야기
6528934-1-1,사실적
6513320-1-0,이야기
6513320-1-1,도덕·교훈적 이야기’에 머물러 있던
6051387-2-0,그러므
6051387-2-1,"pico’에서 왔으며, 이 단어"
6051387-2-2,picar’는
6528934-2-0,pico
6528934-2-1,실제 이 단어는 형용사로서
6513320-2-0,새의 부리’를 뜻하는 ‘pico
6513320-2-1,연구자들이 만들어내었
6051387-3-0,때 우리는 이
6051387-3-1,하층계급 출신
6051387-3-2,하층계급 출신
6528934-3-0,우리는 이 소설
6528934-3-1,그러므로 이러한
6513320-3-0,하층계급
6513320-3-1,변신’과 ‘방황’이
6051387-4-0,50여
6051387-4-1,피카레스크
6051387-4-2,≪라사리요 데 토르메스…≫
6528934-4-0,50여
6528934-4-1,피카레스크
6513320-4-0,피카레스크
6513320-4-1,토르메스…≫
6051387-5-0,소설은 자전적 구조(estructura
6051387-5-1,소설
6051387-5-2,소설적 사실
6528934-5-0,하나의 테크닉으로서 자전적 구조를
6528934-5-1,소설적 사실
6513320-5-0,소설
6513320-5-1,자전적 구조
6051387-6-0,소설은 주인공을 이른바 ‘피카로(pícaro
6051387-6-1,천한 신분
6051387-6-2,천한 신분
6528934-6-0,있는 반면에 이 소설
6528934-6-1,주인공
6513320-6-0,하나의 특징을
6513320-6-1,소설
6051387-7-0,속에서 움직이는 당시의
6051387-7-1,근접시키
6051387-7-2,원초적 욕망의 표현이며
6528934-7-0,주인공에 강한 동정심을
6528934-7-1,현실감이야말로 이
6513320-7-0,굶주림과 배고픔
6513320-7-1,기사소설이나
6513320-7-2,토르메스…≫는 소일거리용
6051387-8-0,낙천주의적
6051387-8-1,라사리요
6051387-8-2,순응주의(conformidad
6528934-8-0,바로 여기에서
6528934-8-1,사람에게
6513320-8-0,인생관이
6513320-8-1,그에게 닥친
6051387-9-0,르네상스 시대였음
6051387-9-1,반승려주의(Anticlericalismo
6051387-9-2,라사리요
6528934-9-0,시기가 르네상스 시대였음
6528934-9-1,객관적
6513320-9-0,≪데카메론≫에서 나타났던 반승려주의
6513320-9-1,통해서 지도층 인사들
6051387-10-0,세르반테스
6051387-10-1,소설
6051387-10-2,1600년
6528934-10-0,1600년
6528934-10-1,피카레스크 소설
6513320-10-0,데 토르메스…≫
6513320-10-1,마테오 알레만
6513320-10-2,피카레스크 소설
6051387-11-0,소설
6051387-11-1,사실주의적 전통
6051387-11-2,Amor)≫와 대화체 소설인
6528934-11-0,선명히 드러나는 사실성(realismo
6528934-11-1,사실주의적 전통
6513320-11-0,≪엘 시드의 노래(Cantar
6513320-11-1,사실주의적 전통
6564696-0-0,나카모리
6564696-0-1,1986년
6490729-0-0,DESIRE
6490729-0-1,이
6553993-0-0,1986년
6553993-0-1,레코드
6553993-0-2,나카모리는 기모노를 입었는데
6490729-1-0,나카모리
6490729-1-1,웹사이트인 CD 저널에서는
6553993-1-0,음악평론
6553993-1-1,CD 저널
6564696-2-0,영 스튜디오 101》(ヤングスタジオ101
6564696-2-1,A사이드 곡인
6490729-2-0,DESIRE -정열-
6490729-2-1,곡인〈LA BOHÈME
6553993-2-0,영 스튜디오 101》(ヤングスタジオ101
6553993-2-1,곡을 장식하는
6564696-3-0,1995년 발매된
6564696-3-1,곡을 리메이크하였는데 다카하시
6490729-3-0,가수 자신도 어레인지한
6490729-3-1,시작으로 걸그룹
6490729-3-2,놀런스
6553993-3-0,2006년
6553993-3-1,다카하시 마리코(髙橋真梨子)가
6557516-0-0,진화생물학
6557516-0-1,여러 이론들이 제시됨
6557516-0-2,공동으로 집필한 논문에서 자연선택의
6557534-0-0,진화생물학
6557534-0-1,책 《종의 기원
6557516-1-0,분야는 여러 방향
6557516-1-1,진화
6557516-1-2,유전자
6557534-1-0,제시한 유전자 부동은 오늘날
6557534-1-1,집단유전학
6557516-2-0,서로
6557516-2-1,서로 다른
6557516-2-2,염색체 단위로
6557534-2-0,멘델의 유전법칙은
6557534-2-1,염색체
6557516-3-0,일어나
6557516-3-1,유지시켜주는 게놈에 주
6557534-3-0,돌연변이
6557534-3-1,유전자
6557516-4-0,세포안의 게놈을 이루
6557516-4-1,유전자의 기능이
6557516-4-2,인간의 면역계
6557534-4-0,70%
6557534-4-1,바이러스
6557516-5-0,대표적인 사례로는 유전자 중복이
6557516-5-1,의해 새롭게
6557516-5-2,DNA를 복제하는 과정
6557534-5-0,유전자
6557534-5-1,유전자
6557516-6-0,유성생식
6557516-6-1,유성생식
6557516-6-2,대립형질
6557534-6-0,염색체
6557534-6-1,유성생식은 다양한 개체차가
6557516-7-0,일치하지 않아 감수분열을
6557516-7-1,잡종
6557534-7-0,대표적인 예
6557534-7-1,종분화
6557516-8-0,이러한 직접 선택
6557516-8-1,분열성 선택
6557516-8-2,안정성 선택
6557534-8-0,유전형질
6557534-8-1,번째 방식
6557534-8-2,번째 방식
6557516-9-0,발현빈도
6557516-9-1,대립형질의 발현
6557534-9-0,유전적 부동
6557534-9-1,표본 오차와
6557516-10-0,유전자 병목 현상
6557516-10-1,병목 현상
6557534-10-0,병목 현상
6557534-10-1,바다코끼리
6557516-11-0,대규모 진화
6557516-11-1,대규모 진화
6557516-11-2,일어나
6557534-11-0,대규모 진화와
6557534-11-1,대규모 진화
6557516-12-0,복잡성 증가는 전체
6557516-12-1,원핵생물들
6557534-12-0,진화
6557534-12-1,미생물
6557516-13-0,적응
6557516-13-1,장기 진화 실험에서
6557516-13-2,플라보박테리움
6557534-13-0,박테리아
6557534-13-1,박테리아
6557534-13-2,플라보박테리움
6557516-14-0,슈도진
6557516-14-1,슈도진은 예전에는 유의미한
6557534-14-0,이러한
6557534-14-1,슈도진
6557534-14-2,"사랑니, 여전히 남아있"
6557516-15-0,진화
6557516-15-1,결과 일어나
6557534-15-0,진화를 공진화라 한다
6557534-15-1,도롱룡
6557516-16-0,종분화는 하나의
6557516-16-1,파악하기 보다는 발현형질의
6557534-16-0,종분화는
6557534-16-1,이러한 논쟁을 종
6557534-17-0,화학진화
6557534-17-1,단편적인 고찰만
6557516-18-0,종분화와 멸종을 반복하며 일어난
6557516-18-1,최초 공통 조상
6557516-18-2,수평적 유전자
6557534-18-0,종분화와 멸종
6557534-18-1,최초 공통 조상
6557516-19-0,1천만 년경 살았던 것
6557516-19-1,다세포
6557534-19-0,6억 1천만 년경
6557534-19-1,거쳤고 1억 년
6557534-19-2,2억 년 전
6557516-20-0,1890년대
6557516-20-1,라마르크와 마찬가지로 종에 나타나
6557516-20-2,후천적
6557534-20-0,아우구스트 바이스만
6557534-20-1,후천적
6557516-21-0,선택이 필수적인 육종학이다
6557516-21-1,인위적 선택
6557534-21-0,유전공학
6557534-21-1,생물의 유전형질
6557516-22-0,이해가 깊어지면서 신체의 형성
6557516-22-1,축적된 지식은
6557516-22-2,남극암치아목
6557534-22-0,유전자
6557534-22-1,남극암치아목
6557516-23-0,이탈리아 수학자
6557516-23-1,컴퓨터 과학자
6557516-23-2,레센베르그
6557534-23-0,컴퓨터 과학자
6557534-23-1,알고리듬
5999713-0-0,민정수석비서관
5999713-0-1,민정수석비서관
6601867-0-0,민정수석비서관
6601867-0-1,민정수석비서관
5999713-1-0,어떤 조치
5999713-1-1,민정수석의 출석 거부로 인해
6601867-1-0,김영한
6601867-1-1,이완구 새누리당 원내대표
5999713-2-0,말 그대로 정치 공세
5999713-2-1,대통령비서실 대변인은 춘추관 브리핑
6601867-2-0,25년간
6601867-2-1,대통령비서실 대변인은 춘추관 브리핑
5999713-3-0,울산지역 합동연설회
5999713-3-1,무너져 내렸다
6601867-3-0,대통령
6601867-3-1,대통령
6489871-0-0,열대 온수 지방
6489871-0-1,해안에 모이는
6487061-0-0,발견되
6487061-0-1,고래상어는 모든
6575642-0-0,해안에 모이
6575642-0-1,열대 온수 지방
6575642-0-2,모든 열대 온수 지방에
6489871-1-0,약 10cm
6489871-1-1,눈 바로 뒤
6487061-1-0,10개
6487061-1-1,초승달 모양
6487061-1-2,분수공은 눈 바
6575642-1-0,10개
6575642-1-1,눈 바로 뒤
6575642-1-2,약 10cm
6489871-2-0,오징어와 같은 유영동물을
6489871-2-1,먹이를 분리하는 역할
6487061-2-0,더불어 여과 섭식
6487061-2-1,고래상어
6487061-2-2,여과방식을
6575642-2-0,하기 위해 청소하는 것으로
6575642-2-1,십자류 여과방식
6489871-3-0,조지아 수족관
6489871-3-1,수족관
6487061-3-0,"타로코(Taroko)""와 ""유솬(Yushan"
6487061-3-1,수족관
6575642-3-0,2007년 6월
6575642-3-1,일본에서는 오사카 가이유칸
6544214-0-0,중세시대에는
6544214-0-1,요하네스
6544218-0-0,뛰어난 음악이론가
6544218-0-1,음악이론
5836501-0-0,뛰어난
6544214-1-0,공공음악회와 출판문화의
6544214-1-1,포르켈
6544218-1-0,18세기 시민계층
6544218-1-1,처음으로 교수한
5836501-1-0,포르켈
5836501-1-1,계몽주의
6544214-2-0,동양
6544214-2-1,동양에서
6544218-2-0,마찬가지
6544218-2-1,전통 아래 동양의 역사가들은
5836501-2-0,동양에서
5836501-2-1,악경(樂經
6544214-3-0,이혜구(李惠求
6544214-3-1,1959년
6544214-3-2,국립국악원이 주축
6544218-3-0,이혜구(李惠求
6544218-3-1,한국음악
5836501-3-0,연구하는 한국국악학회를
5836501-3-1,연구하는 한국국악학회
6511768-0-0,박정희
6511768-0-1,박정희
6488496-0-0,일어날 것이다
6488496-0-1,박정희
6488496-0-2,그런 참모가 옆
6269946-0-0,김재규
6269946-0-1,300만
6269946-0-2,박정희
6511768-1-0,결과를
6511768-1-1,미화 10만달러
6488496-1-0,귀국할 것을
6488496-1-1,중앙정보부장
6488496-1-2,중앙정보부
6269946-1-0,김형욱
6269946-1-1,10만달러
6269946-1-2,1979년
6560051-0-0,6세 때
6560051-0-1,3학년
6560051-0-2,금메달
6560069-0-0,6세 때
6560069-0-1,초등학교 3학년
6560069-0-2,심석희
5899885-0-0,2015년
5899885-0-1,서울혜화초등학교
6531607-0-0,삼지연관현악단
6531607-0-1,노동신문
6531607-0-2,삼지연관현악단
6136088-0-0,삼지연관현악단
6136088-0-1,김정은
6535636-0-0,삼지연악단
6535636-0-1,삼지연악단
6535636-0-2,청봉악단
6531607-1-0,김옥주
6531607-1-1,남측 노래인 〈J에게
6531607-1-2,김주향
6136088-1-0,청봉악단의
6136088-1-1,김주향은 이번
6535636-1-0,청봉악단
6535636-1-1,남측 노래인 〈J에게〉를
6535636-1-2,청봉악단
6531607-2-0,전통악기
6531607-2-1,달려가자 미래로〉에서 리수경·김청·김주향·송영·로경미
6531607-2-2,모란봉악단
6136088-2-0,장새납
6136088-2-1,공훈국가합창단의 선우정혁
6136088-2-2,공연
6535636-2-0,모란봉악단
6535636-2-1,공연에서는
6531607-3-0,연주자
6531607-3-1,삼지연관현악단
6531607-3-2,연주자
6136088-3-0,연주자
6136088-3-1,도움아래 〈사랑
6535636-3-0,연주자
6535636-3-1,청봉악단
6531607-4-0,4월 6일에 진행되었으
6531607-4-1,부위원장
6531607-4-2,현송월
6136088-4-0,현송월
6136088-4-1,삼지연관현악단
6535636-4-0,4월 6일에 진행되었으
6535636-4-1,삼지연관현악단
6531607-5-0,은하수관현악단
6531607-5-1,문경진의 처형
6531607-5-2,삼지연관현악단
6136088-5-0,은하수관현악단이
6136088-5-1,조선인민군공훈국가합창단같
6535636-5-0,조선인민군공훈국가합창단같
6535636-5-1,은하수관현악단
6531607-6-0,북한은 봉건적이고
6531607-6-1,클리포드 기어츠
6531607-6-2,인류학자 클리포드 기어츠
6136088-6-0,한양대학교 문화인류학
6136088-6-1,북한의 정치체제는
6535636-6-0,북한은 봉건적이고
6535636-6-1,극장국
6549309-0-0,산타모니카
6549309-0-1,허블스페이스텔레스코
6549309-0-2,유대교
6549322-0-0,블랙은 캘리포니아 주
6549322-0-1,어머니는 유대인이었고
6549322-0-2,역시 유대교
5860330-0-0,허블스페이스텔레스코
5860330-0-1,밥 로버츠
5860330-0-2,미스터쇼
6549309-1-0,빅이어
6549309-1-1,팬더》에서 성우를 맡아 개봉
6549309-1-2,빅이어
6549322-1-0,2008년
6549322-1-1,주연급의 배우
5860330-1-0,쿵푸 팬더》에서
5860330-1-1,빅이어
5860330-1-2,프랫팩의
6549309-2-0,오피스
6549309-2-1,특별출연
6549309-2-2,어덜트스윔쇼》의 톰고즈투메이여
6549322-2-0,아이스타트 어 팬 워
6549322-2-1,코미디 《어섬타운》에서도 볼
6549322-2-2,워싱턴흉내를
5860330-2-0,어섬타운》에서
5860330-2-1,특별출연
5860330-2-2,특별출연
6549309-3-0,허즈번드앤나이브스'에서
6549309-3-1,2001년
6549309-3-2,2008년
6549322-3-0,밀로 역으로
6549322-3-1,리그스
5860330-3-0,에피소드 '허즈번드앤나이브스
5860330-3-1,에디 리그스
5860330-3-2,요 가바가바
6549309-4-0,터네이셔스
6549309-4-1,리암 린치 감독의
6549309-4-2,"Master Exploder""와 ""The Metal"
6549322-4-0,앨범에 실린
6549322-4-1,밴드2
5860330-4-0,혹은 제이블(Jable)로
5860330-4-1,The Metal
5860330-4-2,터네이셔스 D: 운명의 피크
6388235-0-0,익스플로러
6388235-0-1,익스플로러(Internet
6388235-0-2,1995년
6548243-0-0,마이크로소프트에서 개발한 웹 브라우저
6548243-0-1,2003년
6548243-0-2,대한민국
6548255-0-0,익스플로러
6548255-0-1,마이크로소프트
6388235-1-0,2001년 8월
6388235-1-1,윈도우
6388235-1-2,2001년에
6548243-1-0,2001년 8월 27일
6548243-1-1,25위
6548255-1-0,보안상의 문제로 2006년 PC월드
6548255-1-1,팩 2가 포함되었
6388235-2-0,윈도우
6388235-2-1,윈도우 서버
6388235-2-2,2014년 4월
6548243-2-0,2006년 10월 18일
6548243-2-1,2014년
6548255-2-0,윈도우 서버
6548255-2-1,2003
6388235-3-0,19일
6388235-3-1,2016년
6388235-3-2,10
6548243-3-0,2008
6548243-3-1,윈도우 서버
6548255-3-0,2016년
6548255-3-1,윈도우 서버 2008 R2
6388235-4-0,2011년 3월 14일
6388235-4-1,Acid 3
6388235-4-2,지원이 2020년 1월
6548243-4-0,2011년
6548243-4-1,익스플로러 11과 같이
6548255-4-0,2020년
6548255-4-1,윈도우 서버
6388235-5-0,인터넷 익스플로러
6388235-5-1,윈도우 서버
6388235-5-2,2023년 1월
6548243-5-0,윈도우 서버
6548243-5-1,3주 정도 걸린 것
6548255-5-0,개발에 3주
6548255-5-1,액티브X
6388235-6-0,인터넷 익스플로러
6388235-6-1,2013년 3월
6388235-6-2,윈도우 서버
6548243-6-0,2027년
6548243-6-1,2020년 1월
6548255-6-0,R2용
6548255-6-1,R2용
6388235-7-0,90%
6388235-7-1,2011년
6388235-7-2,대한민국
6548243-7-0,13.06%
6548243-7-1,13.06%
6548255-7-0,2011년
6548255-7-1,인터넷 익스플로러 8이 46.48%
6388235-8-0,"원격 코드 실행"" 취약점"
6388235-8-1,컴퓨터 긴급 대응팀
6388235-8-2,US-CERT
6548243-8-0,2014년
6548243-8-1,"이하, US-CERT)은"
6548255-8-0,마이크로스프트
6548255-8-1,"실행"" 취약점을"
6511703-0-0,국립공원(Grand Canyon National
6511703-0-1,국립공원(Grand Canyon National
6546020-0-0,Canyon National Park
6546020-0-1,수는 무려 600
6546020-0-2,국립공원(Grand Canyon National
6490009-0-0,애리조나 주
6490009-0-1,국립공원(Grand Canyon National
6511703-1-0,1마일(1.6km)이 되
6511703-1-1,1마일(1.6km
6546020-1-0,무려277마일(443km)로
6546020-1-1,2300m
6546020-1-2,5시간
6490009-1-0,1904평방마일(4930평방km
6490009-1-1,사이의 거리는 까마귀에게는
6546020-2-0,거리는 221마일(353km
6546020-2-1,페이지(Page)를 거치든가 유타주
6490009-2-0,윌리엄스
6490009-2-1,윌리엄스
6511703-3-0,포레버리소트(Forever Resort
6511703-3-1,걸리는 윌리암스(Williams)에 20개가 넘
6546020-3-0,7개의
6546020-3-1,예약은 포레버리소트(Forever Resort
6546020-3-2,50여개의
6490009-3-0,파크 엔드 리소트(Xanterra
6490009-3-1,공원밖에도 Ten-X 라고 하는
6511703-4-0,림에는 4개의 셔틀버스
6511703-4-1,4개
6546020-4-0,4개의
6546020-4-1,15분
6490009-4-0,4개의
6490009-4-1,사우스림의 야바파이(Yavapai Point)와 동쪽
5940307-0-0,돌며 Trick
5940307-0-1,Trick or
5940307-0-2,아이들
6570212-0-0,"Jack-o'-lantern(잭오랜턴, 호박에 유령"
6570212-0-1,미국에서는 야간
5940307-1-0,2000년대
5940307-1-1,가르치는 것은 곤란하다
5940307-1-2,매년 10월
6570212-1-0,2000년대
6570212-1-1,2010년대
6517023-0-0,사회주
6517023-0-1,혁명
6517023-0-2,1918년
6530489-0-0,제국주의론》를
6530489-0-1,혁명
6122234-0-0,혁명
6122234-0-1,제국주의론》를 저술하고
6517023-1-0,마르토프
6517023-1-1,멘셰비키(당시 다수파)'와
6530489-1-0,마르토프
6530489-1-1,1903년
6122234-1-0,제2차 당
6122234-1-1,대회에서 율리우스 마르토프
6122234-1-2,마르토프
6517023-2-0,프롤레타리아
6517023-2-1,부르주아
6530489-2-0,부르주아
6530489-2-1,레닌은
6122234-2-0,2단계
6122234-2-1,부르주아
6517023-3-0,기회주의자들
6517023-3-1,프라하에서 볼셰비키만
6530489-3-0,1917년
6530489-3-1,레닌
6122234-3-0,레닌은 기회주의자들
6122234-3-1,레닌은 기회주의자들의 부르주아 이데올로기
6122234-3-2,1912년
6517023-4-0,페트로그라드(상트페테르부르크
6517023-4-1,1917년
6517023-4-2,러시아
6530489-4-0,페트로그라드(상트페테르부르크)에서 대규모
6530489-4-1,2세 황제
6530489-4-2,봉인 열차
6122234-4-0,페트로그라드
6122234-4-1,러시아
6122234-4-2,수도 페트로그라드
6517023-5-0,10개항
6517023-5-1,페트로그라드
6530489-5-0,볼셰비키 당사
6530489-5-1,10개항의 ‘4월 테제
6122234-5-0,말하는 '4월
6122234-5-1,페트로그라드
6517023-6-0,프롤레타리아
6517023-6-1,임시 정부
6122234-6-0,5월이 되면서
6122234-6-1,병사들의 프롤레타리아(무산층
6517023-7-0,소비에트
6517023-7-1,"10월, 핀란드"
6530489-7-0,볼셰비키
6530489-7-1,적위대’를
6122234-7-0,9월로 들어서자
6122234-7-1,적위대’를
6517023-8-0,전시공산주의'라는
6517023-8-1,전기화 계획을
6530489-8-0,전시공산주의'라
6530489-8-1,볼셰비키 정권
6122234-8-0,전시공산주의'라는
6122234-8-1,농민들이 농산물 교부를 거부하
6517023-9-0,공산화 정책
6517023-9-1,제정 시대의 봉건적
6530489-9-0,공산화 정책
6530489-9-1,1928년
6122234-9-0,공산화 정책
6122234-9-1,시장경제를 넣었다는 것
6122234-9-2,곡물 파동을 계기
6517023-10-0,있던 원인이 매독
6517023-10-1,트로츠키
6530489-10-0,1924년 1월 21일
6530489-10-1,스탈린
6122234-10-0,누워 있던 원인이
6122234-10-1,스탈린
6483504-0-0,지원한 혐의 등
6483504-0-1,특수활동비 가운데 당시
6483504-0-2,6억원
6022573-0-0,특수활동비 가운데 당시 대통령이었던
6022573-0-1,대통령
6490599-0-0,징역 3년을
6490599-0-1,남재준
6490599-0-2,시절 국정원 특수활동비 가운데
6483504-1-0,경우회
6483504-1-1,남재준 전
6483504-1-2,남재준 전
6022573-1-0,경우회
6022573-1-1,국정원
6490599-1-0,경우회
6490599-1-1,경우회
6490599-1-2,돈은 2년간 25억 원
6490599-2-0,계룡대 육군본부
6490599-2-1,계룡대 육군본부
6490599-2-2,난’(무신정변)이 왜
5782860-0-0,"된다면서, 이 기법"
5782860-0-1,단순한 구조를 취하
5782860-0-2,구간이 비틀즈
6472313-0-0,사장조로 녹음되었다
6472313-0-1,기타 및 드럼
6477714-0-0,4박자를
6477714-0-1,Thank You〉에서도 쓰인다
5782860-1-0,Rain〉은
5782860-1-1,Revolver
5782860-1-2,음반인 《Revolver
6472313-1-0,1966년
6472313-1-1,새로운 사운드와 효과를 내
6472313-1-2,뒤로 감으면
6477714-1-0,1966년
6477714-1-1,스튜디오에서
6477714-1-2,16일에는 녹음
5782860-2-0,ATOC
5782860-2-1,"장치 ""Automatic Transient Overload"
5782860-2-2,"ATOC""가 처음"
6472313-2-0,Automatic Transient
6472313-2-1,루드비히 드럼을
6477714-2-0,"장치 ""Automatic Transient"
6477714-2-1,Automatic Transient Overload
5782860-3-0,매카트니
5782860-3-1,한 영상에서 비틀즈는
5782860-3-2,비틀즈
6472313-3-0,세 편
6472313-3-1,매카트니
6472313-3-2,6달
6477714-3-0,Rain
6477714-3-1,비틀즈는 〈Rain〉을
5782860-4-0,그레이트풀 데드
5782860-4-1,페스티벌
5782860-4-2,쇼에서 〈Jeremy〉를 공연할
6472313-4-0,페스티벌
6472313-4-1,페스티벌
6477714-4-0,페스티벌
6477714-4-1,페스티벌
6572344-0-0,1997년
6572344-0-1,러시아
6572344-0-2,120명
6572355-0-0,1997년
6572355-0-1,CWC
6572355-0-2,CWC
6572344-1-0,팔루자
6572344-1-1,2005년 11월
6572355-1-0,백린
6572355-1-1,사용되었다
6572344-2-0,10만여
6572344-2-1,1주일간
6572355-2-0,1주일간
6572355-2-1,10만여
6572344-3-0,1987년
6572344-3-1,3위라
6572355-3-0,화학무기
6572355-3-1,1987년
6433620-0-0,다른 손잡이는 국제대회에서 사용이
6433620-0-1,400g정도밖
6510822-0-0,단면이 Y-자 모양이거
6510822-0-1,안쪽으로
6510822-0-2,사브르
6510838-0-0,플뢰레와
6510838-0-1,88cm
6510838-0-2,본체와 연결하는 전선소켓이
6433620-1-0,일반적으로 플뢰레
6433620-1-1,집적형 소켓
6510822-1-0,사브르
6510822-1-1,기기 오작동
6510822-1-2,기기가 유효타로
6510838-1-0,집적형 소켓
6510838-1-1,사브르
6510838-1-2,전자 사브르
6433620-2-0,달리며 공격하는 것이
6433620-2-1,사브르
6510822-2-0,수비보다는 공격이 훨씬
6510822-2-1,사브르
6510822-2-2,펜서들은 플런지 (flunge
6510838-2-0,수비보다는 공격이 훨씬
6510838-2-1,어길 경우 페널티 카드를
6510838-2-2,사브르
6550784-0-0,1975년
6550784-0-1,학야리
6550784-0-2,대한민국
5870572-0-0,1975년 사단의 전신
5870572-0-1,대한민국
5870572-0-2,88보병여단
6550783-0-0,1975년 8월
6550783-0-1,The 22nd Infantry
5910562-0-0,클릭률
5910562-0-1,마우스 클릭
6564785-0-0,시행한 방문자의 비율
6564785-0-1,마우스 클릭
6564825-0-0,클릭률
6564825-0-1,광고로부터
5910562-1-0,0.3%
5910562-1-1,3%
6564785-1-0,5% 이상
6564785-1-1,2%의
6564785-1-2,1990년대
6564825-1-0,배너 광고
6564825-1-1,광고
6593542-0-0,"고등학교 복학을 꿈꿨고, 1967년"
6593542-0-1,앞으로 3백76일
6657633-0-0,통신강의록 <중학 1>권을 1백50원
6657633-0-1,1>권을
6549878-0-0,연합중고등 통신강의록
6549878-0-1,2시간씩
6549878-0-2,5원을 주머니
6593542-1-0,근로기준법 조문을 찾아
6593542-1-1,경향신문
6657633-1-0,동대문구청
6657633-1-1,"외면했고, 경향신문 등에만 간략하게"
6549878-1-0,시청 근로감독관실
6549878-1-1,노동청
6549878-1-2,"외면했고, 경향신문 등에만 간략하게"
6593542-2-0,삼동친목회
6593542-2-1,근로조건개선
6657633-2-0,1970년
6657633-2-1,근로조건개선 진정서'라
6549878-2-0,발전시킨 삼동친목회를 조직하고 회장
6549878-2-1,이름으로 노동청에 진정서
6549878-2-2,근로조건개선
6593542-3-0,화형식을 하기
6593542-3-1,김개남
6657633-3-0,삼동회 회원들을 이끌
6657633-3-1,김개남
6549878-3-0,평화시장 앞
6549878-3-1,"30분경, 시장"
6549878-3-2,가명으로 차용한 것으로 보인다
6593542-4-0,"이소선에게 전태일은 ""어머니"
6593542-4-1,근로감독관
6657633-4-0,근로감독관
6657633-4-1,1만 5천 원짜리
6549878-4-0,앞치마를 벗어
6549878-4-1,근로감독관
6593542-5-0,거리
6593542-5-1,거리문화제'가
6593542-5-2,전태일 거리
6657633-5-0,1972년
6657633-5-1,1972년
6657633-5-2,전태일 거리'를
6549878-5-0,전태일
6549878-5-1,1996년
6549878-5-2,거리'에서는 전태일
6593542-6-0,이름을 알지 못하여 김개남
6593542-6-1,조영래
6657633-6-0,김개남
6657633-6-1,조영래
6549878-6-0,조영래
6549878-6-1,불을 붙
6593542-7-0,3분 가량
6593542-7-1,법전들을
6657633-7-0,3분 가량
6657633-7-1,서성거리고 있는 국민은행 앞길
6549878-7-0,있는 국민은행 앞길
6549878-7-1,3분 가량
6549878-7-2,법전들을 불타
6593542-8-0,전태일
6593542-8-1,휴식할
6657633-8-0,급진적이고 전투적
6657633-8-1,전태일 평전에 전태일이
6549878-8-0,기업주들을
6549878-8-1,쓴 일기가
6593542-9-0,사람이야
6593542-9-1,순덕이
6657633-9-0,딸(순옥)이
6657633-9-1,자식도 있으니 데모하는데 나오지
6549878-9-0,순덕이는 우리집
6549878-9-1,사람이야
6593542-10-0,청계노조
6593542-10-1,"생각해 주는지, 순덕이 결혼할때"
6549878-10-0,청계노조를 만들
6549878-10-1,그래도 떡이랑 사들
6478415-0-0,움직이므로 '골격근'이라고
6478415-0-1,맘대로근(수의근)'이라고도
6487962-0-0,움직이므로 '골격근'이라고
6487962-0-1,끝에는 콜라겐 섬유
6259652-0-0,가로무늬근
6259652-0-1,가로무늬근
6259652-0-2,"힘줄이 있는데, 이것에"
6478415-1-0,필라멘트
6478415-1-1,근원 섬유
6487962-1-0,근원 섬유
6487962-1-1,섬유
6487962-1-2,근질이라고 하
6259652-1-0,근원 섬유
6259652-1-1,근질
6478415-2-0,ATP
6478415-2-1,ATP
6487962-2-0,ATP
6487962-2-1,크레아틴인산
6487962-2-2,ATP
6259652-2-0,글리세롤근
6259652-2-1,크레아틴인산
6478415-3-0,근미
6478415-3-1,근미
6487962-3-0,대퇴 사두근
6487962-3-1,사이가 근복(筋腹)이다
6487962-3-2,뼈(슬개골)가
6478415-4-0,때는 다관절근이라
6478415-4-1,관절
6487962-4-0,일어나
6487962-4-1,7개의
6259652-4-0,있을 때를 단관절근
6259652-4-1,팔꿈치 관절
6478415-5-0,근육을 협력근이라
6478415-5-1,일으키는 근육
6487962-5-0,기본적인
6487962-5-1,근육을 대항근(對抗筋) 또는 길항근
6259652-5-0,대항근(對抗筋) 또
6259652-5-1,대항근
6478415-6-0,자루 부분
6478415-6-1,키노플라즈마
6487962-6-0,모양으로 분화된
6487962-6-1,키노플라즈마
6478415-7-0,0.003초
6478415-7-1,0.003초
6487962-7-0,생리학적으로는
6487962-7-1,0.003초
6259652-7-0,외골격의
6259652-7-1,이와 같이 곤충은
6555523-0-0,BASE
6555523-0-1,이야기 Op.1
6555523-0-2,유리병편지 (The Letter
6555528-0-0,BASE
6555528-0-1,푸른밤
6555528-0-2,2017년 4월
5889725-0-0,BASE
5889725-0-1,2017년 4월
5889725-0-2,2017년
5936907-0-0,Korea
5936907-0-1,지역에서 주로 드라마를 통해
5936907-0-2,Korean
6570044-0-0,한류’라는 단어는
6570044-0-1,주로 드라마를 통해
5936907-1-0,1987년
5936907-1-1,기획
5936907-1-2,SM엔터테인먼트
6570044-1-0,1987년
6570044-1-1,SM엔터테인먼트
5936907-2-0,대한민국
5936907-2-1,1위에 오르
5936907-2-2,대한민국
6570044-2-0,1위
6570044-2-1,1위에 오르
5936907-3-0,동북아시아와 동남아시아
5936907-3-1,사랑이 뭐길래〉(愛情是什麼
5936907-3-2,H.O.T
6570044-3-0,1992년
6570044-3-1,1998년
5936907-4-0,욘사마(ヨン様
5936907-4-1,배용준
5936907-4-2,겨울연가
6570044-4-0,인해 일본에서는 〈겨울연가〉의 주인공이었던
6570044-4-1,일본
5986335-0-0,자연과학
5986335-0-1,학문 분야
6481044-0-0,학문 분야
6481044-0-1,학문 분야로
6556969-0-0,"국정을 운영하였으며, 545년에는 이사부"
6556969-0-1,진흥왕
6556969-0-2,대체로 진흥왕 12년(551년)까지
6556989-0-0,지소태후
6556989-0-1,백제와
6556989-0-2,574년
5894845-0-0,"국정을 운영하였으며, 545년에는 이사부"
5894845-0-1,11년(550년)까지
5894845-0-2,574년
6556969-1-0,지소태후
6556969-1-1,영흥사(永興寺
6556969-1-2,사도왕후
6556989-1-0,사도왕후
6556989-1-1,사도왕후
6556989-1-2,미실이
5894845-1-0,원화 제도
5894845-1-1,화랑세기
6176094-0-0,자이언츠에 입단한 임수혁은
6176094-0-1,3홈런
6548833-0-0,1994년
6548833-0-1,마림포'로 불리기도 했던 임수혁은
6548833-0-2,상대로 대타로 등장해 극적
6548835-0-0,1994년
6548835-0-1,일명 '마림포'로 불리기도
6176094-1-0,롯데 자이언츠
6176094-1-1,3억 1천만 원
6548833-1-0,부정맥
6548833-1-1,20번
6548835-1-0,2000년
6548835-1-1,1천만 원
6548835-1-2,부정맥
6176094-2-0,캐치프레이즈를 내걸고 성금과 임수혁의
6176094-2-1,임수혁
6548833-2-0,500원
6548833-2-1,돕기 행사를 열어
6548835-2-0,500원
6548835-2-1,임수혁의 치료비
6548835-2-2,"1,000만원"
6176094-3-0,4월 18일
6176094-3-1,임수혁
6548833-3-0,18일
6548833-3-1,김명성 감독
6548835-3-0,자이언츠
6548835-3-1,4월 18일
6548835-3-2,한창이던 잠실야구장
6176094-4-0,총 6차례
6176094-4-1,6차례
6548833-4-0,수익금인 4100만 원
6548833-4-1,경매
6548835-4-0,2천 9백만 원이었
6548835-4-1,4100만 원
6176094-5-0,4월에
6176094-5-1,LG 트윈스
6548833-5-0,8억 원
6548833-5-1,부정맥을 구단에 알리지
6548835-5-0,트윈스
6548835-5-1,8억 원
6176094-6-0,임수혁
6176094-6-1,위해서 1천만 원
6548833-6-0,5일 뒤에
6548833-6-1,롯데 자이언츠
6548835-6-0,위해서 일일 고기집 행사
6548835-6-1,1천만 원
6176094-7-0,5주기
6176094-7-1,5주기
6548833-7-0,5주기
6548833-7-1,"지난해에는, 임수혁"
6548835-7-0,돕기 행사도 함
6548835-7-1,"1,700만 원이었으며, 실"
6176094-8-0,2008년
6176094-8-1,네티즌들
6548833-8-0,2008년
6548833-8-1,서명운동
6470193-0-0,3국과 조지아가 독립을
6470193-0-1,저항과 의혹
6470193-0-2,공화국에서 주권 국가 선언을
6505286-0-0,1990년 6월 12일
6505286-0-1,1985년
6470253-0-0,공화국
6470253-0-1,주권 국가 선언을 통해
6470253-0-2,이러한 활동들은
6470193-1-0,야나예프
6470193-1-1,자유 기업을 후원할 것
6505286-1-0,국가비상사태위원회
6505286-1-1,9개의 신문사들을 제외한 모
6470253-1-0,바렌니코프
6470253-1-1,국가비상사태위원회
6470253-1-2,국가비상사태위원회
6470193-2-0,"오전 7시, 텔레비전"
6470193-2-1,수상이었던 이반 실라예프
6505286-2-0,17일
6505286-2-1,국가비상사태위원회
6505286-2-2,타만스카야 사단
6470253-2-0,4명의
6470253-2-1,국가비상사태위원회
6470253-2-2,결과적으로 이는
6470193-3-0,2시에
6470193-3-1,공수부대
6505286-3-0,알파 부대
6505286-3-1,알파 부대
6470253-3-0,3개
6470253-3-1,국가보안위원회
6470253-3-2,아게예프
6470193-4-0,국회의사당
6470193-4-1,고르바초프
6505286-4-0,드미트리 고마르
6505286-4-1,크림 반도
6470253-4-0,드미트리 고마르
6470253-4-1,알파 부대와 빔펠
6470253-4-2,소련 검찰총장
6470193-5-0,20명
6470193-5-1,소비에트
6505286-5-0,9월 5일에는
6505286-5-1,소비에트
6470253-5-0,소비에트
6470253-5-1,기관에 의해 대표
6470253-5-2,소비에트
6509888-0-0,2006년
6509888-0-1,2007년 비
6509888-0-2,2008년
6509939-0-0,100명 중의 한 명
6509939-0-1,엔터테인먼트
6509939-0-2,Rainism으로 성공적인 컴백
6125768-0-0,박진영과 결별하고 JYP
6125768-0-1,2008년 10월 Rainism
6125768-0-2,3개
6509888-1-0,"단독 주연으로 ""닌자"
6509888-1-1,2009년
6509888-1-2,Badass Star)을
6509939-1-0,"단독 주연으로 ""닌자 어쌔신"
6509939-1-1,액션스타상은 비가 최초이다
6509939-1-2,미국 타임
6125768-1-0,무비 어워드(MTV Movie Awards
6125768-1-1,액션스타상
6509888-2-0,훈련지는 5사단 열쇠부대
6509888-2-1,2011년 10월
6509888-2-2,2013년
6509939-2-0,보충대에서
6509939-2-1,표창인 ‘존중상
6509939-2-2,2011년
6125768-2-0,탈모보행으로
6125768-2-1,엔터테인먼트로 소속되었으
6578976-0-0,고속도로
6578976-0-1,21%
6047368-0-0,특별위원회에서
6047368-0-1,21%
6047368-0-2,고속도로
6578976-1-0,전통 모자를 쓰도록
6578976-1-1,탄 경찰관이 사고
6578976-1-2,금지하였다.(1968년
6513020-1-0,필리핀
6513020-1-1,필리핀
6513020-1-2,필리핀
6047368-1-0,모터사이클
6047368-1-1,모터사이클
6047368-1-2,금지하였다.(1968년
6578976-2-0,City) 법원
6578976-2-1,통행규제위원회
6578976-2-2,2000호
6513020-2-0,필리핀
6513020-2-1,필리핀
6513020-2-2,오토바
6047368-2-0,오토바이
6047368-2-1,상업용 차량의
6578976-3-0,크리스티나 코네조(Christina Cornejo
6578976-3-1,123호
6578976-3-2,123호
6513020-3-0,모터사이클
6513020-3-1,모터사이클
6513020-3-2,모터사이클
6047368-3-0,대법원으로
6047368-3-1,모터사이클
6578976-4-0,2003년
6578976-4-1,시청과 입법원
6578976-4-2,시청과 입법원
6513020-4-0,모터사이클
6513020-4-1,타이완
6513020-4-2,모터사이클
6047368-4-0,모터사이클
6047368-4-1,모터사이클
6047368-4-2,2003년
6578976-5-0,제20조
6578976-5-1,550cc이상
6578976-5-2,고속공로
6513020-5-0,이륜차
6513020-5-1,이륜차
6513020-5-2,이륜차
6047368-5-0,고속공로
6047368-5-1,고속공로
6047368-5-2,고속공로
6578976-6-0,제92조
6578976-6-1,인청펑(중국어 정체자
6578976-6-2,민주진보당
6513020-6-0,정체자
6513020-6-1,정체자
6513020-6-2,정체자
6047368-6-0,개정
6047368-6-1,운전자에게 위험하다는 이유
6587660-0-0,앵글로프리지아어와 저지
6587660-0-1,브리튼 섬
6587660-0-2,베네라빌리스의 《잉글랜드 교회사》에 최초
6465644-0-0,앵글로프리지아어와
6465644-0-1,앵글(영어: Angles
6465644-0-2,앵글족
6587606-0-0,land
6587606-0-1,브리튼 섬
6587606-0-2,베네라빌리스의 《잉글랜드 교회사》에 최초
6587660-1-0,영어를 초기 근대 영어
6587660-1-1,그레이트브리튼 왕국
6465644-1-0,쓰인 영어를 초기 근대
6465644-1-1,왕국의 성립
6465644-1-2,영어
6587606-1-0,영어를 초기 근대 영어
6587606-1-1,대영제국 시기 제국주의
6587660-2-0,영어
6587660-2-1,그레이트브리튼 섬에 고립되어
6465644-2-0,다른 언어
6465644-2-1,스코트어
6587606-2-0,영어
6587606-2-1,영어
6587660-3-0,프랑스어
6587660-3-1,라틴어
6465644-3-0,라틴어
6465644-3-1,영어는 라틴어와 프랑스어의 어휘
6587606-3-0,라틴어
6587606-3-1,라틴어
6587660-4-0,게르만어파
6587660-4-1,접미사
6465644-4-0,게르만어파
6465644-4-1,접미사
6465644-4-2,해당하
6587606-4-0,"-heit""는"
6587606-4-1,접미사
6587660-5-0,라틴어
6587660-5-1,정치와 영어》라는
6465644-5-0,라틴어
6465644-5-1,고대 영어
6465644-5-2,라틴어
6587606-5-0,정치와 영어》라
6587606-5-1,라틴어
6587606-5-2,라틴어
6587660-6-0,supervise
6587660-6-1,프랑스어
6587660-6-2,유래한
6465644-6-0,라틴어
6465644-6-1,프랑스어
6465644-6-2,유래한
6587606-6-0,라틴어
6587606-6-1,유래한
6587606-6-2,유래한
6587660-7-0,단어
6587660-7-1,중에는 셰익스피어
6465644-7-0,단어들
6465644-7-1,단어들
6465644-7-2,단어들
6587606-7-0,단어들
6587606-7-1,같은 단어들
6587606-7-2,중에는 셰익스피어
6587660-8-0,1883년
6587660-8-1,영국식 영어
6587660-8-2,1910년
6465644-8-0,1883년
6465644-8-1,1910년
6465644-8-2,를 초등학교 3학년부터 배우도록
6587606-8-0,1883년
6587606-8-1,1910년
6587606-8-2,문법 번역식
6551302-0-0,자는 광원(光遠)이다
6551302-0-1,정안군(훗날 태종)이 왕세자 신분으로
6551302-0-2,공정대왕(恭靖大王
6551303-0-0,말기의 문신이자 조선
6551303-0-1,공정대왕(恭靖大王
5876894-0-0,1398년
5876894-0-1,1398년
5876894-0-2,정안군(훗날 태종)이
6551302-1-0,왜구
6551302-1-1,대마도
6551302-1-2,일본정부(무로마치
6551303-1-0,일본정부(무로마치
6551303-1-1,약탈당하고 도읍지 개경
5876894-1-0,14일
5876894-1-1,환조대왕
5876894-1-2,박위) 등의 전쟁을
6551302-2-0,공민왕
6551302-2-1,신돈(辛旽)을
6551302-2-2,공민왕
6551303-2-0,신돈(辛旽)을
6551303-2-1,공민왕
6551302-3-0,왕세자
6551302-3-1,정종은 왕자
6551302-3-2,63세
6551303-3-0,한성에서
6551303-3-1,형제간의 친목
5876894-3-0,정종은 왕자의 난을 이유
5876894-3-1,63세
5876894-3-2,1년(1419
6216459-0-0,2006년
6216459-0-1,스위프트(Taylor Alison Swift
6216459-0-2,12살
6566019-0-0,컨트리
6566019-0-1,탄 최초
6566019-0-2,"Our Song""은"
6566029-0-0,펜실베이니아 주 레닝
6566029-0-1,레닝에서 태어나 12살
6566029-0-2,2006년
6216459-1-0,Fearless
6216459-1-1,Speak Now
6216459-1-2,"다음 싱글 ""I Knew"
6566019-1-0,Fearless
6566019-1-1,"Back Together""는 처음"
6566029-1-0,Fearless
6566029-1-1,Fearless
6566029-1-2,음반 Fearless
6216459-2-0,발렌타인 데
6216459-2-1,명예의 전당
6216459-2-2,"수상, 7번"
6566019-2-0,발렌타인 데
6566019-2-1,뮤직 어워드 수상
6566019-2-2,포브스》에서는
6566029-2-0,지금까지 7번의 그래미 상
6566029-2-1,가지고 있다고
6566029-2-2,뮤직 어워드 수상
6216459-3-0,"Monster in my closet""라"
6216459-3-1,"Lucky You""라는 첫"
6216459-3-2,350쪽
6566019-3-0,주부 안드레 가드너(옛 핀리이)와
6566019-3-1,외할머니 마조리 핀리이
6566019-3-2,안드레 가드너(옛 핀리이)와
6566029-3-0,핀리이는 오페라 가수였다
6566029-3-1,스위프트는 Bloomsburg
6566029-3-2,"my closet""라는 시를 써"
6216459-4-0,Tim McGraw
6216459-4-1,8주 동안
6216459-4-2,브레이크스루 비디오상을
6566019-4-0,스위프트
6566019-4-1,Tim McGraw
6566029-4-0,6위
6566029-4-1,Tim McGraw
6566029-4-2,20주동안이
6216459-5-0,White Horse
6216459-5-1,3위에 오르기도 하였으
6216459-5-2,Forever & Always
6566019-5-0,Fearless
6566019-5-1,두 번째 정규
6566029-5-0,2008년
6566029-5-1,"Forever & Always""를"
6566029-5-2,3위에
6216459-6-0,스위프트
6216459-6-1,웨스트가 무대에 난입해 수상소감을
6566019-6-0,웨스트
6566019-6-1,선량한 유명인
6566029-6-0,카니예 웨스트가 무대
6566029-6-1,You Belong with Me
6566029-6-2,선량한 유명인
6216459-7-0,그래미 올해의 앨범을
6216459-7-1,상 총 여덟
6216459-7-2,받음과 동시에 언론의 비판을
6566019-7-0,1월 스위프트는 그래미
6566019-7-1,후 가창력에 대한
6566029-7-0,1월
6566029-7-1,Fearless로 올해
6566029-7-2,"Rhiannon""과 ""You Belong with"
6216459-8-0,a Fairytale
6216459-8-1,16번째
6216459-8-2,Speak Now
6566019-8-0,"Fairytale""이라는 노래를"
6566019-8-1,가수 중에서는 4번째라
6566019-8-2,Speak Now
6566029-8-0,Speak Now
6566029-8-1,13시간
6566029-8-2,3위까지
6216459-9-0,2011년
6216459-9-1,2011년
6216459-9-2,"3,570만"
6566019-9-0,빌보드
6566019-9-1,빌보드
6566019-9-2,투어는 미국에서
6566029-9-0,컨트리
6566029-9-1,올림픽 체조 경기장에서 처음으로
6566029-9-2,Live
6216459-10-0,가수로는 첫
6216459-10-1,Red는 첫
6216459-10-2,앨범을 2개
6566019-10-0,판매량
6566019-10-1,"컨트리 라디오), ""I Knew"
6566029-10-0,2012년 8월
6566029-10-1,100 1위
6566029-10-2,121
6216459-11-0,2014년
6216459-11-1,1위
6216459-11-2,Bad Blood
6566019-11-0,Bad Blood
6566019-11-1,Bad Blood
6566029-11-0,2014년 8월
6566029-11-1,Bad Blood
6566029-11-2,1주일동안
6216459-12-0,뮤직비디오는 유튜브
6216459-12-1,갑작스럽게 자신
6216459-12-2,2017년
6566019-12-0,조셉 칸 감독의
6566019-12-1,Reputation
6566029-12-0,차트
6566029-12-1,2017년 8월
6216459-13-0,뮤직 어워드
6216459-13-1,281개
6216459-13-2,16개
6566019-13-0,뮤직 어워드에서 8관왕을 달성하
6566019-13-1,그래미 어워드
6566019-13-2,뮤직 어워드
6566029-13-0,281개의
6566029-13-1,281개
6566029-13-2,8관왕
6565447-0-0,필리핀
6565447-0-1,후지와라 효과
6565447-0-2,크게 약해져 열대 폭풍으로
6565500-0-0,파마는
6565500-0-1,필리핀
6565500-0-2,빠져나가려하는 시간에 제18호 태풍
6215918-0-0,필리핀
6215918-0-1,멜로르
6215918-0-2,근접하면서 후지와라 효과
6565447-1-0,타이완
6565447-1-1,온다는 소식에 남부
6565447-1-2,55개의
6565500-1-0,모라꼿으로
6565500-1-1,타이완
6215918-1-0,강타해 3000
6215918-1-1,타이완을 강타해 3000 mm
6215918-1-2,타이완
6565447-2-0,주에서
6565447-2-1,호에서는 90년 만
6565447-2-2,3억 1백만달러
6565500-2-0,제3단계
6565500-2-1,필리핀
6565500-2-2,렙토스피라병
6215918-2-0,카탄두아네스 주에서는 전국에서
6215918-2-1,3만 가구
6215918-2-2,39개
6551175-0-0,884년
6551175-0-1,녹안홍
6551175-0-2,진종권
6551179-0-0,884년
6551179-0-1,녹안홍
5874641-0-0,본거지인 양주(襄州
5874641-0-1,녹안홍
6551175-1-0,자신의 본거지인 채주를
6551175-1-1,의해 산남동도 유후(留後)로
6551175-1-2,곽우가
6551179-1-0,진종권
6551179-1-1,있었다
5874641-1-0,왕건조
5874641-1-1,888년 4월 말
6551175-2-0,주전충
6551175-2-1,주전충
6551175-2-2,조덕인
6551179-2-0,해(888년) 5월 6일에 그
6551179-2-1,주전충
5874641-2-0,조덕인
5874641-2-1,주전충
6498341-0-0,2004년
6498341-0-1,2004년
6529071-0-0,2008년 1월
6529071-0-1,2006년 5월 2일
6498288-0-0,닛산 티아나(1세대
6498288-0-1,5월 2일
6498288-0-2,적용되던 5단
6498341-1-0,방식으로 개발되
6498341-1-1,2011년
6498341-1-2,2011년 4월
6529071-1-0,2011년 8월 16일
6529071-1-1,2011년
6498288-1-0,모터쇼에서 SM7 컨셉트라는 차명
6498288-1-1,2011년
6498288-1-2,19일부터
6498341-2-0,신성이라는 의미의
6498341-2-1,미러링 시스템(스마트
6498341-2-2,르노삼성자동차
6529071-2-0,2014년 9월 2일
6529071-2-1,신성이라는
6498288-2-0,신성이라는
6498288-2-1,활용한 스마트 미러링 시스템(스마트
6498288-2-2,취지로 의전차
6366535-0-0,가까운 도시
6366535-0-1,정체자
6572248-0-0,명칭은 중화인민공화국 홍콩
6572248-0-1,광둥성 선전 시
6572248-0-2,정체자
6572281-0-0,홍콩(중국어
6572281-0-1,광둥성 선전 시
6366535-1-0,영국
6366535-1-1,1841년
6366535-1-2,영국
6572248-1-0,1839년에 청나라의 승인
6572248-1-1,1839년
6572248-1-2,영국군
6572281-1-0,1841년
6572281-1-1,19세기의 홍콩은
6366535-2-0,덩샤오핑
6366535-2-1,14개
6366535-2-2,중국어
6572248-2-0,사법을 답습했지만 서로 예속되지는
6572248-2-1,정체자
6572248-2-2,14개
6572281-2-0,중국어
6572281-2-1,기구로는 세계무역기구(중국어 정체자
6366535-3-0,행정장관
6366535-3-1,초대 행정장관은 둥젠화
6366535-3-2,2002년
6572248-3-0,"둥젠화이며, 중화인민공화국"
6572248-3-1,700명
6572248-3-2,2005년
6572281-3-0,선거 위원회
6572281-3-1,2007년
6366535-4-0,60개
6366535-4-1,60개
6572248-4-0,입법회(香港立法會
6572248-4-1,60명의
6572248-4-2,15만
6572281-4-0,입법회(香港立法會
6572281-4-1,4년
6366535-5-0,중국어
6366535-5-1,중국어 정체자
6366535-5-2,전국인민대표대회
6572248-5-0,30석을
6572248-5-1,30석을
6572248-5-2,정체자
6572281-5-0,25석
6572281-5-1,제3회
6366535-6-0,홍콩
6366535-6-1,홍콩
6366535-6-2,각 산업을
6572248-6-0,15대
6572248-6-1,국내총생산(1인당
6572248-6-2,"구매력(1인당 PPP)은 45,277달러"
6572281-6-0,"국내총생산(1인당 GDP)은 31,799달러"
6572281-6-1,세계
6366535-7-0,경제학상을 받은 밀턴 프리드먼
6366535-7-1,발표한 자유경제체제보고서에서 줄곧
6572248-7-0,경제학자로 노벨 경제학상을 받
6572248-7-1,경제학상을
6572248-7-2,경제학자
6572281-7-0,경제학자로 노벨 경제학상을 받
6572281-7-1,경제
6366535-8-0,7일에 자유항이 되었음을 선포하
6366535-8-1,"발전했고, 대한민국, 중화민국, 싱가포르와"
6366535-8-2,중국 대륙
6572248-8-0,6월 7일에
6572248-8-1,중화인민공화국
6572248-8-2,1950년대
6572281-8-0,6월 7일
6572281-8-1,개혁개방
6366535-9-0,1998년
6366535-9-1,세계보건기구는
6366535-9-2,경제
6572248-9-0,아시아 금융 위기가
6572248-9-1,1999년
6572248-9-2,1998년 아시아 금융
6572281-9-0,2003년 3월
6572281-9-1,2006년
6366535-10-0,홍콩은 규제완화로
6366535-10-1,2004년
6572248-10-0,홍콩은 규제완화로
6572248-10-1,2004년
6572281-10-0,서비스 산업을
6572281-10-1,2004년 6월 29일
6366535-11-0,샹강쯔는
6366535-11-1,샹강쯔는 홍콩 섬
6366535-11-2,많은 인구가 거주함에도
6572248-11-0,샹강쯔는
6572248-11-1,홍콩
6572248-11-2,426 평방만이
6572281-11-0,샹강쯔는
6572281-11-1,"1,100 킬로미터 중"
6366535-12-0,동반하고 남서쪽에서
6366535-12-1,봄과 가을로 변화무쌍하기
6572248-12-0,하우 기후(쾨펜의 기후
6572248-12-1,여름
6572248-12-2,"1,948"
6572281-12-0,"1,948"
6572281-12-1,동반하는 계절
6366535-13-0,1999년
6366535-13-1,파룬궁이 금지되었지만 홍콩
6366535-13-2,최양업(토마스)신부는
6572248-13-0,1999년
6572248-13-1,일부는 종교
6572248-13-2,"있어서, 사원"
6572281-13-0,1999년
6572281-13-1,1847년
6366535-14-0,태풍이 엄습한 상황에서도 중환황후
6366535-14-1,25만여 명
6572248-14-0,1989년
6572248-14-1,상황에서도 중환황후 광장
6572248-14-2,25만여
6572281-14-0,2003년
6572281-14-1,50만여 명
6366535-15-0,95%
6366535-15-1,많은 수를 차지하
6366535-15-2,95%
6572248-15-0,"6,985,200 명"
6572248-15-1,"6,985,200 명"
6572248-15-2,34세
6572281-15-0,"6,985,200 명"
6572281-15-1,95%
6572281-15-2,1만 3천
6366535-16-0,Octopus Card
6366535-16-1,인천광역시와 비슷한 넓이
6366535-16-2,빨간색이며 대부분이
6572248-16-0,Octopus Card
6572248-16-1,카드 (Octopus Card
6572248-16-2,자동차를 가진 사람
6572281-16-0,카드 (Octopus Card
6572281-16-1,빨간색이며 대부분이
6572281-16-2,대부분
6547981-0-0,게이지 이론의
6547981-0-1,논문
6547992-0-0,이상 인용된 논문
6547992-0-1,논문
6547992-0-2,무궁화 꽃이 피었습니다
6329268-0-0,110편의
6329268-0-1,고려대학교
6329268-0-2,피었습니다》에 등장하
6547981-1-0,화학공학과
6547981-1-1,서울대학교
6547992-1-0,화학공학과
6547992-1-1,물리학
6547992-1-2,대한민국군이 서울을 수복한 이후
6329268-1-0,공과대학 화학공학과에 수석
6329268-1-1,10명씩
6547981-2-0,물리학
6547981-2-1,서울대학교
6547992-2-0,서울대학교
6547992-2-1,물리학
6547992-2-2,물리학
6329268-2-0,서울대학교
6329268-2-1,서울대학교
6329268-2-2,1955년
6547981-3-0,3학년
6547981-3-1,마이애미 대학교 물리학과
6547992-3-0,오하이오 주 마이애미
6547992-3-1,대학교 대학원
6547992-3-2,7시 이전
6329268-3-0,추천으로 피츠버그 대학교 대학원
6329268-3-1,대학교
6547981-4-0,대학교
6547981-4-1,클라인
6547992-4-0,몸이 쇠약해져 기관지염
6547992-4-1,클라인
6547992-4-2,대학교
6329268-4-0,점수로 수석 합격하
6329268-4-1,이렇게 1958년에
6329268-4-2,대학교
6547981-5-0,클라인
6547981-5-1,11월
6547992-5-0,25세
6547992-5-1,25세
6547992-5-2,펜실베이니아 대학교
6329268-5-0,25세
6329268-5-1,학위증을 공식적
6547981-6-0,1년
6547981-6-1,이렇게 조교수로서
6547992-6-0,프린스턴 고등연구소
6547992-6-1,고등연구소
6547992-6-2,고등연구소
6329268-6-0,고등연구소
6329268-6-1,프린스턴 고등연구소
6547981-7-0,1962년
6547981-7-1,대표단 일원으로
6547992-7-0,트리에스테
6547992-7-1,1962년
6547992-7-2,국제 원자력
6329268-7-0,이휘소
6329268-7-1,1970년대
6547981-8-0,각국의 석학들
6547981-8-1,가속기 센터
6547992-8-0,입자물리학
6547992-8-1,물리학자들
6547992-8-2,물리학자들
6547981-9-0,상호 작용
6547981-9-1,상호 작용
6547992-9-0,상호 작용
6547992-9-1,발표했고 이휘소
6547992-9-2,상호 작용
6329268-9-0,1967년 11월에
6329268-9-1,0이어야
6547981-10-0,페르미 연구소
6547981-10-1,1973년 9월
6547992-10-0,페르미 연구소의 이론물리학
6547992-10-1,이론물리학 부장
6547992-10-2,연구소
6329268-10-0,페르미 연구소
6329268-10-1,공과대학교
6547981-11-0,와인버그
6547981-11-1,와인버그 이론
6547992-11-0,와인버그
6547992-11-1,와인버그
6547992-11-2,1979년 노벨
6329268-11-0,이론
6329268-11-1,와인버그
6329268-11-2,1979년
6547981-12-0,각서를 받고서 소련을 방문하게
6547981-12-1,카피차
6547992-12-0,소련
6547992-12-1,카피차
6547992-12-2,신변 보장 각서
6329268-12-0,소비에트 연방의 물리학자
6329268-12-1,연방의 물리학자
6329268-12-2,스탈린
6547981-13-0,박정희
6547981-13-1,대사관 직원 숙소
6547992-13-0,박정희
6547992-13-1,직원 숙소
6547992-13-2,그럼에도 이휘소
6329268-13-0,그럼에도 이휘소는 만전
6329268-13-1,직원 숙소에 묵기
6547981-14-0,일가의 승용차
6547981-14-1,박사〉라
6547992-14-0,박사〉라는 강경식
6547992-14-1,뉴욕 타임스
6547992-14-2,차량의 대향 차선
6329268-14-0,브라운 대학교 교수의 특별기고문에는
6329268-14-1,뉴욕 타임스
6547981-15-0,미망인(Marianne Mun
6547981-15-1,이휘소
6547992-15-0,사망하였음에도 소설
6547992-15-1,소설가 김진명에 의하여 이휘소
6547992-15-2,명예의 전당에 헌정(2005년
6329268-15-0,김진명에 의하여 이휘소
6329268-15-1,소설가 김진명에 의하여 이휘소
6547981-16-0,대칭성
6547981-16-1,대칭성
6547992-16-0,자발적인 대칭성의 부서짐에 관한
6547992-16-1,대칭성
6547992-16-2,스푸리온(Spurion)의 존재
6329268-16-0,대칭성
6329268-16-1,골드스톤
6547981-17-0,힉스 메커니즘을 양-밀스 이론
6547981-17-1,카르제스 여름학교에서 이휘소
6547992-17-0,시그마 모형
6547992-17-1,엇호프트
6547992-17-2,펠트만과 함
6329268-17-0,1969년에는
6329268-17-1,엇호프트
6547981-18-0,경우이지
6547981-18-1,붕괴
6547992-18-0,베타 붕괴
6547992-18-1,소립자
6547992-18-2,있는 질량 범위를
6329268-18-0,붕괴와 함께 그
6329268-18-1,참쿼크를 찾아서〉라는
6547981-19-0,논문
6547981-19-1,반쿼크가 결합해서 이루어진 제이/프시
6547992-19-0,제이/프시 중간자
6547992-19-1,프리프린트
6547992-19-2,맵시 쿼크의 존재가 간접적
6329268-19-0,프리프린트
6329268-19-1,USAID 평가위원으로 모국에 일시
6547981-20-0,윔프
6547981-20-1,윔프의 질량
6547992-20-0,윔프의 질량
6547992-20-1,리-와인버그 경계
6547992-20-2,상호작용
6329268-20-0,1977년
6329268-20-1,리-와인버그
6311605-0-0,유년시절 공부
6311605-0-1,주워온 사과 궤짝으로 책상을
6513846-0-0,공부방
6513846-0-1,공부방
6513846-0-2,4학년 때부턴
6498010-0-0,사과 궤짝으로 책상
6498010-0-1,30여명의
6498010-0-2,때부턴 ‘장인공(工)’ 자를 함석
6311605-1-0,8평짜리 교수기숙사에
6311605-1-1,4억5000만원
6311605-1-2,4억5000만원
6513846-1-0,천동초등학교
6513846-1-1,천동초등학교
6513846-1-2,KAIST의 8평짜리 교수기숙사에
6498010-1-0,고향인 충남 천안
6498010-1-1,모스크바 국립공대 교수로 재직하면서
6498010-1-2,지식’까지도 기부하고
6311605-2-0,4개의
6311605-2-1,출원에 대하여 발명자
6513846-2-0,4개의 특허
6513846-2-1,신체교정용 장치
6498010-2-0,4개의
6498010-2-1,2개의
6511477-0-0,7개월 동안
6511477-0-1,유학하다가 고등학교
6511477-0-2,2~3년만
6140109-0-0,1993년 10월 12일
6140109-0-1,연기
6140109-0-2,유학하다가 고등학교
6535901-0-0,이승환)은
6535901-0-1,말레이시아에서 1년 7개월 동안
6511477-1-0,가수 이승환과
6511477-1-1,하정우의 매니저 이름
6511477-1-2,쓰고 있는 서강준
6140109-1-0,같아 소속사 판타지오
6140109-1-1,매니저 이름
6140109-1-2,소속사
6535901-1-0,가수 이승환과
6535901-1-1,액터스리그' 프로젝트에 지원
6511477-2-0,나의 사랑 나
6511477-2-1,SBS 드라마 《수상한 가정부
6511477-2-2,나애라(이민정 분
6140109-2-0,수상한 가정부
6140109-2-1,수상한 가정부
6140109-2-2,나애라(이민정 분
6535901-2-0,가정부》에서 은한결(김소현
6535901-2-1,앙큼한 돌싱녀》에서
6511477-3-0,tvN 드라마
6511477-3-1,MBC 대하 드라마 《화정
6140109-3-0,화정》에
6140109-3-1,드라마
6140109-3-2,tvN 드라마 《치즈 인
6535901-3-0,피아노
6535901-3-1,한 tvN 드라마 《치즈
5937946-0-0,법률상으로는
5937946-0-1,민회(民會) 창립하는 취지
6570101-0-0,1908년
6570101-0-1,자치
6570103-0-0,1908년
6570103-0-1,지방자치제
5937946-1-0,한성부민회
5937946-1-1,사립학교
5937946-1-2,한성부민회
6570101-1-0,교육문제에 대해서는 '한성부민회조례
6570101-1-1,교육문제
6570103-1-0,규정'을 두어 특별한
6570103-1-1,교육문제
5937946-2-0,규약
5937946-2-1,한성부민회규약
6570101-2-0,규약
6570101-2-1,한성부민회규약
6570103-2-0,등이 《한성부민회규약
6570103-2-1,한성부민회규약
5924186-0-0,공산주
5924186-0-1,1989년
6568125-0-0,인민공화국은 국제법으로
6568125-0-1,크렘린에서
6568125-0-2,공산주
6568138-0-0,공산주
6568138-0-1,공산주
6568138-0-2,1989년
5924186-1-0,몰로토프-리벤트로프 조약
5924186-1-1,소비에트
6568125-1-0,영토
6568125-1-1,몰로토프-리벤트로프
6568125-1-2,폴란드
6568138-1-0,얄타 회담(1945년 2월
6568138-1-1,1944년 7월
5924186-2-0,인민해방위원회
5924186-2-1,16명
6568125-2-0,위원회
6568125-2-1,얄타 회담에서
6568138-2-0,자생의 단체
6568138-2-1,인민해방위원회
5924186-3-0,미코와이치크
5924186-3-1,미코와이치크
6568125-3-0,미코와이치크
6568125-3-1,미코와이치크
6568138-3-0,미코와이치크
6568138-3-1,미코와이치크
5924186-4-0,1947년
5924186-4-1,우크라이나
6568125-4-0,1946년 10월
6568125-4-1,1947년
6568125-4-2,동부 지역
6568138-4-0,1946년
6568138-4-1,1949년
6476359-0-0,네 명의 자녀를
6476359-0-1,피르마노 비키와 혼인하여 안토니오
6656721-0-0,누이 오노라타 미난넬리는 피르마노
6656721-0-1,파비오
6656721-0-2,파비오
6480344-0-0,파비오
6480344-0-1,숙부인 교황에 의해
6480344-0-2,몬탈키노의 주교와 오시모의 주교
6476359-1-0,베스트팔렌 조약
6476359-1-1,30년 전쟁(1618–1648
6656721-1-0,1648년
6656721-1-1,도시인 오스나브뤼크
6656721-1-2,1789년
6480344-1-0,베스트팔렌 조약
6480344-1-1,조약을 무가치하고 법적
6480344-1-2,30년 전쟁(1618–1648)이
6656721-2-0,매우 복음적인 삶
6656721-2-1,딱딱한 침대 위
6656721-2-2,내부를 해골들로
6480344-2-0,매우 복음적인 삶을
6480344-2-1,내부를 해골들로 장식하고 눈앞
6480344-2-2,알현실
6476359-3-0,보로미니
6476359-3-1,키지 궁전에 대한
6656721-3-0,보로미니
6656721-3-1,보로미니
6656721-3-2,보로미니
6480344-3-0,보로미니
6480344-3-1,보로미니
6480344-3-2,보로미니
6476359-4-0,마자랭
6476359-4-1,피사 조약을 맺는
6656721-4-0,마자랭
6656721-4-1,교황령과
6656721-4-2,1662년
6480344-4-0,마자랭
6480344-4-1,1662년
6480344-4-2,마자랭
6476359-5-0,예수회
6476359-5-1,교황 칙서 거룩하
6656721-5-0,예수회
6656721-5-1,1606년
6656721-5-2,얀센주의
6480344-5-0,얀센주의
6480344-5-1,거룩하고 복된 베드로좌로서(Ad
6480344-5-2,얀센주의자들
6476359-6-0,모든 교회들의 관심》(Sollicitudo
6476359-6-1,비오 9세
6656721-6-0,1661년 12월 8일
6656721-6-1,비오 9세
6480344-6-0,오래다.”라고 말함으로써 성모
6480344-6-1,형언할 수
6480344-6-2,마리아
6656804-0-0,나치당
6656804-0-1,금연 운동
6656804-0-2,독일
6488708-0-0,독일
6488708-0-1,출산 장려 정책은
6488722-0-0,노동자당(나치당
6488722-0-1,독일
6656804-1-0,1910년
6656804-1-1,1920년
6656804-1-2,단체
6488708-1-0,체코슬로바키아
6488708-1-1,체코슬로바키아
6488722-1-0,1904년
6488722-1-1,체코슬로바키아
6656804-2-0,나치당의 출산 장려 정책은
6656804-2-1,흡연
6656804-2-2,나치당
6488708-2-0,나치당 인종 정책국
6488708-2-1,유명한 의사였던 마르틴 슈템러는
6488708-2-2,대표적인
6488722-2-0,출산 장려 정책
6488722-2-1,인종 정책국의 베머 후티히는
6488722-2-2,아그네스
6656804-3-0,연구
6656804-3-1,예나 대학
6656804-3-2,"있던 기관인 ""담배"
6488708-3-0,나치 독일
6488708-3-1,창설되었던 이 기관은
6488722-3-0,나치 독일
6488722-3-1,나치 독일
6488722-3-2,나치 독일
6656804-4-0,샤이러가 처음으로
6656804-4-1,뮐러
6656804-4-2,나치당(NSDAP
6488708-4-0,뮐러
6488708-4-1,뮐러가 발표한 의학 논문
6488722-4-0,샤이러가 처음
6488722-4-1,뮐러
6656804-5-0,1939년
6656804-5-1,담은 잡지인 《쾌락
6656804-5-2,건강한 국민》(Gesundes
6488708-5-0,깨끗한 공기
6488708-5-1,잡지인 《쾌락의 흥분》(Die
6488708-5-2,아스텔 연구소
6488722-5-0,잡지인 《쾌락의 흥분》(Die
6488722-5-1,6월에는
6656804-6-0,60개
6656804-6-1,1941년
6656804-6-2,1944년
6488722-6-0,여성
6488722-6-1,담배 배급 카드를 지급하지
6656804-7-0,50개비
6656804-7-1,병사들에게
6656804-7-2,1941년
6488708-7-0,50개비
6488708-7-1,SS기갑사단 히틀러유겐트
6488722-7-0,제한되었
6488722-7-1,50개비까지
6488722-7-2,청소년단 회원으로 구성된 12
6656804-8-0,정부의
6656804-8-1,그려진 패션 삽화가
6488708-8-0,"것""(Beyers Mode für Alle"
6488708-8-1,안데르센
6488722-8-0,흡연 중단 정책에
6488722-8-1,진행하던
6488722-8-2,"것""(Beyers Mode für Alle"
6656804-9-0,1949년
6656804-9-1,미국
6656804-9-2,"24,000"
6488708-9-0,1954년
6488708-9-1,20억 개비
6488708-9-2,"24,000"
6488722-9-0,개비의 담배를 독일에 불법
6488722-9-1,1948년
6531867-0-0,HOT》을 발매하면서 솔로 데뷔
6531867-0-1,신데렐라
6531867-0-2,컴퍼니라
6463309-0-0,2012년
6463309-0-1,Kitchi Island
6463309-0-2,컴퍼니라
6517609-0-0,Elly Is so HOT
6517609-0-1,One More Time
6531867-1-0,2002년
6531867-1-1,Super
6531867-1-2,털기춤
6463309-1-0,Super Star
6463309-1-1,2002년
6517609-1-0,2002년
6517609-1-1,Super Star
6531867-2-0,이지현
6531867-2-1,레인보우 로망스》 150회
6531867-2-2,역시 연기 활동을 위해
6463309-2-0,이지현
6463309-2-1,MBC 시트콤 《레인보우 로망스
6463309-2-2,쥬얼리
6517609-2-0,MBC 시트콤 《레인보우 로망스
6517609-2-1,활동을 위해 탈퇴를 선언하면서
6531867-3-0,Elly Is so HOT
6531867-3-1,프로그램에서는
6531867-3-2,remix ver
6463309-3-0,앨범 《Elly Is so
6463309-3-1,타이틀곡
6517609-3-0,2007년 3월 5일
6517609-3-1,so HOT》이 발매되었다
6531867-4-0,One More Time
6531867-4-1,"일명 ""ET 춤"
6531867-4-2,모두 다 쉿
6463309-4-0,Kitchi Island
6463309-4-1,Time〉은 하루만에 각종
6463309-4-2,바가지 머리(버섯머리로도 알려짐
6517609-4-0,One More Time
6517609-4-1,Kitchi Island
6531867-5-0,End And
6531867-5-1,스타일
6463309-5-0,우리 결혼 했어요
6463309-5-1,Too Much
6463309-5-2,스타일》에
6517609-5-0,시기부터
6517609-5-1,서인영의 카이스트
6531867-6-0,2010년
6531867-6-1,뒤 첫 앨범인 《Lov-Elly
6531867-6-2,Ellythm〉을 발매하고 타이틀
6463309-6-0,박선주
6463309-6-1,THANK YOU
6463309-6-2,2010년
6517609-6-0,Lov-Elly
6517609-6-1,평소 서인영의 애창곡이기도
6531867-7-0,서인영은 또한 M.net
6531867-7-1,애정만만세
6531867-7-2,아랍에미리트 아부다비
6463309-7-0,싱글 〈Lov-Elly Part2
6463309-7-1,애정만만세》의
6517609-7-0,M.net에서 방영되었던
6517609-7-1,ELLY
6531867-8-0,스타 뷰티 쇼
6531867-8-1,컴퍼니
6463309-8-0,프로그램 SBSE
6463309-8-1,Let's Dance
6517609-8-0,컴퍼니
6517609-8-1,Let's Dance
6531867-9-0,갖고 노는 능력이
6531867-9-1,가창력
6517609-9-0,"가창력이 묻혀버린 경우다""라"
6517609-9-1,"뉴스엔》에서는 ""많은"
6531867-10-0,Hung Up
6531867-10-1,"서길레라""라는"
6463309-10-0,"마돈나에 대해 ""가수로서"
6463309-10-1,"서길레라""라는"
6517609-10-0,Hung Up〉을 그대
6517609-10-1,"서길레라""라는"
6531867-11-0,구두를 좋아하는것으로 알려져
6531867-11-1,스타일
6531867-11-2,심수봉은
6463309-11-0,좋아하는것
6463309-11-1,2010년
6517609-11-0,스타일
6517609-11-1,서인영
6531867-12-0,이미지
6531867-12-1,별명이 '마녀'일 정도
6463309-12-0,이미지
6463309-12-1,이미지로 별명이 '마녀'일
6517609-12-0,이미지
6517609-12-1,이미지
6491344-0-0,세계관의
6491344-0-1,타노스
6491367-0-0,데드풀(Deadpool)은 마블
6491367-0-1,데드풀(Deadpool)은 마블
6293225-0-0,Winston Wilson
6293225-0-1,기니피그를
6293225-0-2,2016년 2월
6043996-0-0,모르타르
6043996-0-1,모르타르
6492006-0-0,좋은 재료
6492006-0-1,석회석(貝殼石灰石)이
6534011-0-0,모르타르
6534011-0-1,그리스
6492006-1-0,신전
6492006-1-1,기원전
6492006-1-2,클래식
6534011-1-0,엄정한 양식을
6534011-1-1,신전
6043996-2-0,파르테논 신전
6043996-2-1,기원전 447년
6492006-2-0,도리스식
6492006-2-1,도리스식
6534011-2-0,팔주식(八柱式
6534011-2-1,도리스식 신전
6534011-2-2,도리스식
6594051-0-0,예편 후 이승만에 의해
6594051-0-1,대사로 임명된
5868390-0-0,1949년
5868390-0-1,1951년
5868390-0-2,1951년
6594051-1-0,1973년부터 국회의장
6594051-1-1,1989년
5868390-1-0,한일협정 직후의 문제
5868390-1-1,1970년 공화당 총재
5868390-1-2,사건으로 사회적인 물의를 빚자
6594051-2-0,경원보통학교
6594051-2-1,혼자서 학비를
5868390-2-0,이때부터 정일권은 혼자서
5868390-2-1,1922년 러시아 혁명
6594051-3-0,1945년 9월
6594051-3-1,KGB본부
5868390-3-0,1945년 9월
5868390-3-1,KGB본부
6594051-4-0,과도정부는
6594051-4-1,과도정부는
5868390-4-0,1960년
5868390-4-1,1960년 4.19
6594051-5-0,4월부터
6594051-5-1,1964년 8월
5868390-5-0,1964년 박정희 정권
5868390-5-1,1964년
6594051-6-0,정인숙
6594051-6-1,박정희
5868390-6-0,정일권
5868390-6-1,정일권
6594051-7-0,아들 정성일이 찾아
6594051-7-1,스트라웁병원
5868390-7-0,스트라웁병원
5868390-7-1,1993년
6594051-8-0,경찰병력의 호송하
6594051-8-1,문익환
5868390-8-0,"귀국, 1994년 1월"
5868390-8-1,"유해는 비행기편으로 귀국, 1994년"
6594051-9-0,정종욱
6594051-9-1,성일이
5868390-9-0,1989년
5868390-9-1,정인숙
6594051-10-0,가족들
6594051-10-1,가족들
5868390-10-0,형제들
5868390-10-1,정인숙의 둘째오빠와 고교 동창생
6594051-11-0,전 의원
6594051-11-1,4대 독자였던
5868390-11-0,4대
5868390-11-1,논란 역시 정일권일
6594051-12-0,친자확인소송
6594051-12-1,91년 그가 한국에 와서
5868390-12-0,91년
5868390-12-1,전 총리
6594051-13-0,나훈아
6594051-13-1,1970년 3월
5868390-13-0,1970년 3월
5868390-13-1,나훈아
6548488-0-0,구간에서 1200t
6548488-0-1,구간에서 1200t 화물열차
6548488-0-2,중련 총괄 제어
6548557-0-0,중련 총괄 제어장치를 추
6548557-0-1,중련 총괄 제어
6548557-0-2,중련 총괄 제어
6331502-0-0,22‰구배
6331502-0-1,제어 대응의 것
6548488-1-0,차례차례
6548488-1-1,중 '호쿠토세이
6548557-1-0,차례차례
6548557-1-1,호쿠토세이' 등의
6548557-1-2,운전소
6331502-1-0,차량
6331502-1-1,은의 유성
6548488-2-0,2003년부터
6548488-2-1,2009년
6548557-2-0,JR동일본의 잉여차
6548557-2-1,화물터미널간
6548557-2-2,본선(나베시마까지)에서의 화물열차의 운용
6331502-2-0,2003년부터
6331502-2-1,2010년부터
6605577-0-0,12대조는
6605577-0-1,아버지 류태우
6543184-0-0,류태우
6543184-0-1,류태우와 어머니
6543184-0-2,12대조는 장수찰방
6547636-0-0,1959년
6547636-0-1,류태우
6547636-0-2,류태우
6605577-1-0,1980년
6605577-1-1,총학생회
6543184-1-0,1980년
6543184-1-1,대학총학생회장단
6547636-1-0,서울대학교
6547636-1-1,대학총학생회장단
6547636-1-2,대학총학생회장단
6605577-2-0,유지수'라는 가명으로
6605577-2-1,가명이 아닌 본인 이름
6543184-2-0,8부작《그것은 우리도 모른다》란 멜
6543184-2-1,방송된 《MBC 베스트셀러극장》〈신용비어천가〉란
6547636-2-0,유지수'라는
6547636-2-1,베스트셀러극장》〈신용비어천가〉란
6547636-2-2,미니시리즈 8부작《그것
6605577-3-0,문 후보
6605577-3-1,2007년 11월 25일
6543184-3-0,정동영
6543184-3-1,2007년
6547636-3-0,25일 유시민 의원
6547636-3-1,후보
6605577-4-0,2008년
6605577-4-1,전 대통령
6543184-4-0,2008년 무소속
6543184-4-1,2009년
6547636-4-0,대통령
6547636-4-1,전 대통령
6547636-4-2,대통령
6605577-5-0,전 대통령
6605577-5-1,대통령
6543184-5-0,창당준비위원회
6543184-5-1,대통령
6547636-5-0,2009년
6547636-5-1,대통령
6547636-5-2,대통령
6605577-6-0,민주노동당
6605577-6-1,있는 국민참여당은 민주노동당
6543184-6-0,민주노동당
6543184-6-1,유시민
6547636-6-0,손석희의 시선집중>과의 전화인터뷰
6547636-6-1,2011년
6547636-6-2,노유진의 정치카페'라는 팟캐스트를 함
6605577-7-0,2003년
6605577-7-1,국민들
6543184-7-0,개혁당원들과
6543184-7-1,우리 국민들
6547636-7-0,2003년
6547636-7-1,김선일씨
6605577-8-0,선배
6605577-8-1,1년6개월간
6543184-8-0,방송통신대학
6543184-8-1,방송통신대학
6547636-8-0,방송통신대학 법학
6547636-8-1,1년6개월간
6605577-9-0,통합진보당
6605577-9-1,공동대표는 서기호
6543184-9-0,이정희
6543184-9-1,비례대표
6547636-9-0,통합진보당
6547636-9-1,서기호
6547636-9-2,서기호
6532884-0-0,2학년때 키가 187cm
6532884-0-1,7픽이라는
6532884-0-2,23경기
6465244-0-0,골든스테이트
6465244-0-1,23경기
6465244-0-2,7픽이라는 괜찮
6604264-0-0,187cm
6604264-0-1,골든스테이트 워리어스
6604264-0-2,23경기
6532884-1-0,엘리스
6532884-1-1,엘리스
6532884-1-2,엘리스
6465244-1-0,센터 앤드류 보것
6465244-1-1,엘리스
6465244-1-2,밀워키에서 소문난 볼호그
6604264-1-0,엘리스
6604264-1-1,몬타 엘리스
6532884-2-0,35패
6532884-2-1,47승 35패로 플레이오프
6532884-2-2,6경기에서
6465244-2-0,47승 35패로 플레이오프
6465244-2-1,47승 35패로 플레이오프
6465244-2-2,플레이오프
6604264-2-0,35패
6604264-2-1,3.8리바운드
6532884-3-0,1위
6532884-3-1,2015-2016 시즌에는 골든스테이트
6532884-3-2,272개를
6465244-3-0,2014-2015
6465244-3-1,골든스테이트 워리어스
6465244-3-2,최고기록인 272개
6604264-3-0,1위로
6604264-3-1,272개
5840006-0-0,영화
5840006-0-1,트레인스포팅
5840006-0-2,2005년
6545823-0-0,Ewan Gordon McGregor
6545823-0-1,트레인스포팅
6545823-0-2,트레인스포팅》의
6545825-0-0,", 1971년 3월 31일"
6545825-0-1,트레인스포팅
6545825-0-2,스코틀랜드의 배우
5840006-1-0,어머니는 맥그리거가 원한다면
5840006-1-1,캐럴 다이앤은 학교
5840006-1-2,데니스 로슨
6545823-1-0,맥그리거는 학교
6545823-1-1,맥그리거가 원한다면 학교
6545823-1-2,학교
6545825-1-0,학교
6545825-1-1,프라이드라고 불리는 학교
6545825-1-2,네 살 무렵
5840006-2-0,새내기 감독이었던 대니 보일을
5840006-2-1,대니 보일
5840006-2-2,영화의 출연으로 맥그리거는 BAFTA
6545823-2-0,대니 보일
6545823-2-1,영화
6545823-2-2,판타스포르토
6545825-2-0,스칼릿 앤 블랙》을 촬영하면서
6545825-2-1,영화
6545825-2-2,영화
5840006-3-0,스타 워즈
5840006-3-1,뮤지컬/코미디
5840006-3-2,다운 위드 러브
6545823-3-0,물랑 루즈
6545823-3-1,크리스티앙 역할을
6545823-3-2,남자 배우 부문
6545825-3-0,1: 보이지
6545825-3-1,루즈》에서 시인 크리스티앙 역할
6545825-3-2,2003년에는 러네
5840006-4-0,영화는 대체적으로 좋은 평
5840006-4-1,1인2역의 역할
5840006-4-2,아일랜드
6545823-4-0,팀 버튼 감독
6545823-4-1,감독 영화
6545823-4-2,맡아 스칼렛 요한슨과
6545825-4-0,클론의 습격
6545825-4-1,영화에서 목소리 출연을
6545825-4-2,스테이
5840006-5-0,007 카지노 로얄
5840006-5-1,필립 모리스
5840006-5-2,필립 모리스
6545823-5-0,007 카지노 로얄
6545823-5-1,브라운의 동명의 소설
6545823-5-2,"역으로 등장하였고, 영화는 대체적"
6545825-5-0,동성애자
6545825-5-1,카지노 로얄》에서 맥그리거
6545825-5-2,"2007년, 《카산드라"
5840006-6-0,프랑스의 프로덕션 디자이너
5840006-6-1,2011년
5840006-6-2,McGregor
6545823-6-0,둘 사이에는 클라라 마틸드
6545823-6-1,1월생
6545823-6-2,"11월 7일생), 몽골"
6545825-6-0,오른쪽 팔에는 아내
6545825-6-1,맥그리거의 오른쪽 팔에는
6545825-6-2,로스앤젤레스
6577155-0-0,광성부원군(光城府院君) 김만기(金萬基
6577155-0-1,사씨남정기
6577155-0-2,사씨남정기
6402579-0-0,김춘택
6402579-0-1,김만중(金萬重
6490572-0-0,사씨남정기
6490572-0-1,사씨남정기
6490572-0-2,사씨남정기(謝氏南征記
6577155-1-0,유학(幼學) 김인(金寅)등
6577155-1-1,우의정 민암이 숙종에게
6577155-1-2,김인(金寅)등
6402579-1-0,그런데 김인의
6402579-1-1,함이완
6490572-1-0,숙원 최씨
6490572-1-1,3월 29일
6490572-1-2,역모를 꾀하고 있다
6577155-2-0,소론과 남인은 그가
6577155-2-1,1710년
6577155-2-2,장희재의 처
6402579-2-0,1706년
6402579-2-1,장희재
6490572-2-0,제주도(濟州道
6490572-2-1,금천으로
6490572-2-2,장희재
6533427-0-0,강원도 화천
6533427-0-1,사령관
6457513-0-0,성신여대
6457513-0-1,조 교수
6457513-0-2,벌금 300만원
6520051-0-0,사령관
6520051-0-1,300만원
6527510-0-0,아나스타시아디스
6527510-0-1,아나스타시아디스
6472301-0-0,아나스타시아디스
6472301-0-1,아나스타시아디스
6472301-0-2,차례의 감독 교체
6479766-0-0,아나스타시아디스
6479766-0-1,아나스타시아디스
6527510-1-0,아나스타시아디스
6527510-1-1,2달
6472301-1-0,아나스타시아디스
6472301-1-1,아나스타시아디스
6479766-1-0,마카비 텔아비브에게
6479766-1-1,2-1
6527510-2-0,시즌에 들어서 더 좋
6527510-2-1,볼로냐
6472301-2-0,코스티코스
6472301-2-1,코스티코스
6479766-2-0,팀의 주장이었던 테오도로스
6479766-2-1,볼로냐에서
6527510-3-0,사무실을 며칠
6527510-3-1,파나티나이코스
6472301-3-0,UEFA컵 출전 금지라는 청천벽력같
6472301-3-1,구메노스
6527510-4-0,지시스 브리자스
6527510-4-1,"살몬을 불러왔고, 또한 PAOK"
6472301-4-0,아직까지 지난
6472301-4-1,생겨 2007년 여름에는 전례
6479766-4-0,2007년 여름
6479766-4-1,페루자
6527510-5-0,시즌을 4위
6527510-5-1,16강
6472301-5-0,1-0
6472301-5-1,2위를
6479766-5-0,1-0
6479766-5-1,루마니아인 감독 라실로 뵐뢰니
6527510-6-0,사비디스
6527510-6-1,요르고스 도니스
6472301-6-0,종료시키고 그리스
6472301-6-1,2012년 여름
6479766-6-0,사비디스
6479766-6-1,도니스를 감독
6527510-7-0,PAOK는 휘프 스테번스
6527510-7-1,플레이오프
6472301-7-0,예후다
6472301-7-1,휘프 스테번스를 신임 감독
6479766-7-0,0-3
6479766-7-1,2위
6481957-0-0,김영무 변호사
6481957-0-1,2003년 7월 21일자
6481979-0-0,형태로서의
6481979-0-1,변호사
5998428-0-0,사무실
5998428-0-1,공동법률사무소
5998428-0-2,대한변호사협회
6565752-0-0,문화산업
6565752-0-1,자본주의적 사회화기능
5912958-0-0,아도르노
5912958-0-1,문화산업
6565752-1-0,문화산업
6565752-1-1,광고를 포함한 모든 수단
6565752-1-2,대중들
5912958-1-0,마르크스주의자였다고
5912958-1-1,가지 큰 특징이 있다고
6565752-2-0,경제적인 이윤추구
6565752-2-1,이데올로기 조작
5912958-2-0,문화산업
5912958-2-1,문화산업
6565752-3-0,비폭력을 주장하였다
6565752-3-1,교수 자격을
6565752-3-2,옥스퍼드대학
5912958-3-0,철학.사회학.심리학
5912958-3-1,배우기 위해 오스트리아 빈
5912958-3-2,계몽의 변증법
6546955-0-0,웨스트
6546955-0-1,웨스트
6515011-0-0,"초상화로 알려졌고, 《워싱턴의 초상"
6515011-0-1,"알려졌고, 《워싱턴의 초상"
6534651-0-0,먼저 웨스트(1738∼1820
6534651-0-1,런던에서
6534651-0-2,명사의 초상화를
6546955-1-0,화가라고 일컬으며
6546955-1-1,해양 화가로서
6546955-1-2,모자(母子)의
6515011-1-0,휘슬러
6515011-1-1,1855년
6515011-1-2,호머(1836∼1910)는 미국
6534651-1-0,파리에서는
6534651-1-1,뛰어난 화가
6534651-1-2,뛰어난 화가
6546955-2-0,1913년 2월 뉴욕의 제69연대
6546955-2-1,계단을 내려오
6515011-2-0,제69연대의 병기고
6515011-2-1,현대미술
6515011-2-2,등은 이것을 이해하려는 사람
6534651-2-0,뉴욕의 제69연대의 병기고
6534651-2-1,공포의 방
6546955-3-0,액션
6546955-3-1,해럴드 로젠버그가
6546955-3-2,1952년
6515011-3-0,이미지
6515011-3-1,액션
6515011-3-2,1952년
6534651-3-0,명명(命名)한 전후 미국의 대표적인
6534651-3-1,이미지
6546955-4-0,명칭으로서 로렌스 아로웨이가
6546955-4-1,뉴욕을 중심
6546955-4-2,선전미술의 명칭으로서
6515011-4-0,뉴욕을 중심
6515011-4-1,아트의 약칭인데 1950년대
6515011-4-2,비평가인 피에르 레스타니
6534651-4-0,선전미술의 명칭
6534651-4-1,선전미술의 명칭으로서 로렌스
6178094-0-0,2001년
6178094-0-1,2006년
6549088-0-0,김모씨로부터 가로챘다는
6549088-0-1,김모씨로부터 가로챘다는
6549096-0-0,1992년의
6549096-0-1,10년
6549096-0-2,1992년의
6548270-0-0,2014년
6548270-0-1,Interstellar
6548270-0-2,크리스토퍼 놀런이 감독
6591030-0-0,2014년
6591030-0-1,"놀런이 감독, 제작하"
6591030-0-2,2014년
5852653-0-0,2014년
5852653-0-1,놀런
6548270-1-0,"웜홀'이 생성되었고, 이를 통해"
6548270-1-1,두고 우주로
6548270-1-2,쿠퍼는
6591030-1-0,아버지로 살아가면서
6591030-1-1,토성 뒷면에 '웜홀
5852653-1-0,항공우주국(NASA
5852653-1-1,딸과 아들을 지키려는 쿠퍼
6548270-2-0,할리우드
6548270-2-1,버라이어티의 스콧 파운다스
6548270-2-2,"런던의 데이브 칼훈은 ""'인터스텔라"
6591030-2-0,인터스텔라
6591030-2-1,많은 부분에서 스펙터클
6548270-3-0,영화평론가 이동진
6548270-3-1,허지웅은 《인터스텔라
6548270-3-2,영화평론
6591030-3-0,영화평론가 이동진
6591030-3-1,통해서 초월성
6591030-3-2,영화의 지평을 넓혔다
5852653-3-0,인터스텔라
5852653-3-1,영화평론
6548270-4-0,1억 8800만 달러
6548270-4-1,6500만 달러
6548270-4-2,6억 7510만 달러
6591030-4-0,1억 6500만 달러의
6591030-4-1,세계적으로 1억
5852653-4-0,35개국 시장
5852653-4-1,파운드(860 만 달러
6511701-0-0,1978년
6511701-0-1,21과
6511701-0-2,선산군
6257751-0-0,1977년
6257751-0-1,21과
6257751-0-2,선산군
6476933-0-0,구미지구출장소
6476933-0-1,1978년
6476933-0-2,구미지구출장소
6511701-1-0,4공단
6511701-1-1,산업단지
6511701-1-2,구미국가산업단지
6257751-1-0,4공단
6257751-1-1,1999년
6476933-1-0,섬유나 가정용
6476933-1-1,4공단
6476933-1-2,구미국가산업단지
6511701-2-0,경유하
6511701-2-1,2008년
6511701-2-2,250억 원 가량의 지원
6257751-2-0,2007년 6월
6257751-2-1,250억
6476933-2-0,2회씩
6476933-2-1,250억 원
6476933-2-2,한국철도공사
6511701-3-0,공동관리위원회
6511701-3-1,노선
6257751-3-0,현재의 노선은 2004년
6257751-3-1,2004년
6476933-3-0,공동관리위원회
6476933-3-1,할인 제도
6476933-3-2,2004년
6511701-4-0,이전의 105개
6511701-4-1,105개 노선
6511701-4-2,앞에 1
6257751-4-0,50번대
6257751-4-1,앞에 1
6476933-4-0,금오공과대학교
6476933-4-1,하는 노선
6476933-4-2,앞에 1
6511701-5-0,해평면 낙산리의 선산
6511701-5-1,3차에
6511701-5-2,20기
6257751-5-0,20기
6257751-5-1,205기의
6476933-5-0,2백여
6476933-5-1,1990년
6476933-5-2,부대시설
6511701-6-0,전파한 아도화상이 창건하였다
6511701-6-1,도리사 석탑은 신
6511701-6-2,보여주는 귀중한 자료
6257751-6-0,도리사
6257751-6-1,아도화상
6476933-6-0,아도화상
6476933-6-1,보여주는 귀중한
6476933-6-2,지역은 다양한 불교
6511701-7-0,2006년 1월
6511701-7-1,공단동에 8개
6511701-7-2,25개의
6476933-7-0,우려된 부작용
6476933-7-1,영업 중인
6476933-7-2,상영관
6492102-0-0,9개
6492102-0-1,조면안산암
6492102-0-2,분포하는 지층들을 아래
6492103-0-0,해양섬 기원
6492103-0-1,9개의
6492102-1-0,이루어진 실태조사를 통해
6492102-1-1,26과 37종이 서식하
6492102-1-2,2013년
6492103-1-0,126종
6492103-1-1,많은 종은 괭이갈매기이었
6492103-1-2,37종
6046192-1-0,개체수가 가장
6046192-1-1,경비대에서 토끼를 방목하였으
6492102-2-0,1905년
6492102-2-1,시마네현 다케시마 섬 조사단
6492103-2-0,바다사자(독도강치
6492103-2-1,800관(600엔)씩
6046192-2-0,일본
6046192-2-1,800관(600엔)씩 일본
6469972-0-0,황보영국은 부산상고(현 개성고) 앞
6469972-0-1,이튿날인
5780435-0-0,박종철 고문살인은폐조작규탄
5780435-0-1,"1987년 5월 17일, 노동자였던"
6499551-0-0,10일
6499551-0-1,1987년
6499551-0-2,"분신했으며, 일주일 뒤"
6469972-1-0,350여 명
6469972-1-1,성당을 점거하고
5780435-1-0,11시
5780435-1-1,구속된 사람들이
6499551-1-0,명동성당은
6499551-1-1,350여 명의 시위
6499551-1-2,대책회의를 열고 학생들을
6469972-2-0,37개 도시
6469972-2-1,6·10
5780435-2-0,"3,467명이 경찰에"
5780435-2-1,항쟁에서 시민 항쟁으로 변화했다
6499551-2-0,"전개되었고 3,467명이 경찰"
6499551-2-1,"3,467명이"
6499551-2-2,참여로 6월 항쟁
6482952-0-0,개그맨 7기
6482952-0-1,장경희와 함께 웃음을 찾
6011879-0-0,사람들에서 ‘미녀 삼총사
6011879-0-1,2007년 1월
6482938-0-0,뽑히면서 데뷔하여
6482938-0-1,사람들에서 ‘미녀 삼총사
6560883-0-0,디에고 데
6560883-0-1,Chili라는 이름의 계곡
6464200-0-0,Chili
6464200-0-1,chili
6464200-0-2,chili
6560883-1-0,칠레
6560883-1-1,프란시스코
6560883-1-2,엑스트레마두라
6464200-1-0,1520년
6464200-1-1,도착한 유럽인
6464200-1-2,스페인인들
6560883-2-0,1891년
6560883-2-1,1920년대
6464200-2-0,산티아고 정부
6464200-2-1,점령한 영토(아타카마 사막
6464200-2-2,1920년대
6560883-3-0,1924년
6560883-3-1,1924년
6464200-3-0,1924년
6464200-3-1,1925년
6464200-3-2,이바녜스
6560883-4-0,36.62%
6560883-4-1,아나콘다
6464200-4-0,아옌데
6464200-4-1,아옌데 대통령
6464200-4-2,CIA에서는 세계최초
6560883-5-0,미국
6560883-5-1,1973년
6464200-5-0,1973년
6464200-5-1,피노체트
6464200-5-2,나뭇잎
6560883-6-0,1988년
6560883-6-1,2006년초
6464200-6-0,피노체트 운동으로 패하여
6464200-6-1,Lavin 후보
6464200-6-2,대통령인 미첼레 바첼레트 후보
6560883-7-0,2009년
6560883-7-1,2011년
6464200-7-0,2009년
6464200-7-1,3년
6560883-8-0,"101,118만명이"
6560883-8-1,3.12%
6464200-8-0,2002년
6464200-8-1,"해당하는 101,118만명이 인디언으로"
6560883-9-0,상류층 집단
6560883-9-1,히스패닉계 밖의 유럽인 성씨
6464200-9-0,이민자
6464200-9-1,나라의 북부나 남쪽 끝으로
6560883-10-0,"350,000에서"
6560883-10-1,"1848년, 상당한 수"
6464200-10-0,상인들은 발전하던
6464200-10-1,그리스인들도 칠레에 왔는데 이들
6560883-11-0,정의평화위원회
6560883-11-1,정의평화위원회
6464200-11-0,1973년
6464200-11-1,"붉은 추기경""(Red Cardinal"
6464200-11-2,피노체트
6560883-12-0,제9주
6560883-12-1,링구아 프랑카
6464200-12-0,토착 언어
6464200-12-1,그들의 언어
6464200-12-2,마푸체
6560883-13-0,6년제
6560883-13-1,2011년
6464200-13-0,2009년
6464200-13-1,일반적
6464200-13-2,900만원 정
6560883-14-0,2011년
6560883-14-1,펭귄이란 이름은
6464200-14-0,2010년
6464200-14-1,펭귄이란 이름은 공립 학교
6565385-0-0,9월 6일
6565385-0-1,제14호 태풍
6599003-0-0,열대저기압
6599003-0-1,5급
5911439-0-0,2003년
5911439-0-1,m/s (150 kt) 의
5911439-0-2,열대저기압
6565385-1-0,사라와 여러모로 닮아 있
6565385-1-1,제14호 태풍 사라
6599003-1-0,45 m/s
6599003-1-1,6시간
5911439-1-0,미야코 섬
5911439-1-1,m/s
5911439-1-2,45 m/s 의 세력
6565385-2-0,m/s
6565385-2-1,60.0 m/s
6599003-2-0,2000년
6599003-2-1,고산
5911439-2-0,42.7
5911439-2-1,m/s
5911439-2-2,최대순간풍속
6565385-3-0,45 km/h 정도
6565385-3-1,반시계 방향으로
6599003-3-0,45 km/h
6599003-3-1,12일
5911439-3-0,위험반원
5911439-3-1,위험반원
5911439-3-2,말해 위험반원에서는 태풍의 회전
6565385-4-0,사라에 비견되
6565385-4-1,대한민국
6599003-4-0,포물선 형태에
6599003-4-1,10일 오후
5911439-4-0,사라에 비견되
5911439-4-1,"헤드라인으로, “59년의"
5911439-4-2,갖추어진 이곳에서조차 심대한 피해
6565385-5-0,439
6565385-5-1,피해
6599003-5-0,10명이
6599003-5-1,180 cm
6565385-6-0,50 m/s
6565385-6-1,거제도 지역
6599003-6-0,145만여
6599003-6-1,4일 동안이나 전기
5911439-6-0,거제도 지역
5911439-6-1,위험반원
6565385-7-0,2002년
6565385-7-1,강원도 영동 지방
6599003-7-0,6시간
6599003-7-1,400
5911439-7-0,강원도 영동 지방
5911439-7-1,강원도 영동
6486806-0-0,중국에서는 본명인 정순원
6486806-0-1,다이아몬드원이다
6491185-0-0,중국에서는 본명인 정순원
6491185-0-1,다이아몬드원이다
6491185-0-2,복면가왕에 출연하여 9연승
6040267-0-0,나는 가수다
6040267-0-1,다이아몬드원이다
6040267-0-2,32대
6490892-0-0,CCS사
6490892-0-1,대해서
6577692-0-0,휴대폰
6577692-0-1,CCS사
6577692-1-0,관련자
6577692-1-1,22일
6577692-2-0,김승규는
6577692-2-1,김 원장
6490892-3-0,통화내용
6490892-3-1,R-2를 이용해
6577692-3-0,7건
6577692-3-1,통화내용
6490892-4-0,했다
6490892-4-1,했다
6577692-4-0,원장
6577692-4-1,국정원
6577692-5-0,휴대전화
6577692-5-1,부서장들에게
6577692-6-0,김은성
6577692-6-1,8국(과학보안국
6577692-7-0,원장
6577692-7-1,서울중앙지법 형사1단독 김상철
6490892-8-0,대책을 논의했다
6490892-8-1,김은성은 진술에서
6577692-8-0,1차 검찰
6577692-8-1,불법감청
6577692-9-0,직원들
6577692-9-1,국정원장
6015757-0-0,2010년
6015757-0-1,4월부터 라디오 DJ를
6488670-0-0,볼륨을 높여요
6488670-0-1,2010년
6488670-0-2,2010년
6483058-0-0,라디오 DJ를 맡기
6483058-0-1,KBS FM 프로그램 중
6483058-0-2,예능 프로그램에서의 보여준
6488670-1-0,I'm In Love
6488670-1-1,삐리빠빠
6488670-1-2,20일에는
6483058-1-0,"Nightmare""이었으"
6483058-1-1,맘마미아
6483058-1-2,NARSHA》를
5837420-0-0,서화연구회원
5837420-0-1,이하영이 대륙고무공업주식회사를
6544496-0-0,대륙고무공업주식회사
6544496-0-1,대륙고무공업주식회사
6544496-0-2,1921년
6544557-0-0,이하영이 대륙고무공업주식회사
6544557-0-1,1921년 11월
5837420-1-0,조선실업구락부 회원
5837420-1-1,이하영이 받은 자작 작위를
6544496-1-0,경성상공조합연합회
6544496-1-1,1943년
6544496-1-2,1929년
6544557-1-0,자작 작위를 승계받았으며
6544557-1-1,1936년
5837420-2-0,2600년 축전 기념장
5837420-2-1,수작/습작 부문과 친일반민족행위진상규명위원회
6544496-2-0,종3위
6544496-2-1,10주년
6544557-2-0,민족문제연구소
6544557-2-1,부문과 친일반민족행위진상규명위원회
6544073-0-0,벽서 사건을 빌미
6544073-0-1,벽서 사건을 빌미
6544095-0-0,을사사화
6544095-0-1,정미사화를 일으켜 사림을 정계에서
6544095-0-2,자신의 처외삼촌인 이량
5835766-0-0,을사사화
5835766-0-1,정미사화를 일으켜 사림
6544073-1-0,윤임
6544073-1-1,윤지임과는 8촌간이었다
6544095-1-0,왕비인 문정왕후의 동생
6544095-1-1,권세가인 김안로
6544095-1-2,일파를 대윤이라 하고 윤원형
5835766-1-0,윤임
5835766-1-1,정희왕후
6544073-2-0,우의정
6544073-2-1,윤백원은 그
6544095-2-0,1547년 정헌대부
6544095-2-1,우의정
6544095-2-2,이조판서
5835766-2-0,우의정
5835766-2-1,이조판서
6544073-3-0,1563년
6544073-3-1,1565년
6544095-3-0,15년)에는
6544095-3-1,벼슬을 잃고 방귀전리(放歸田里
6544095-3-2,정난정
5835766-3-0,정난정
5835766-3-1,정난정
6547767-0-0,민주노동당
6547767-0-1,활동하며 민주사회를위한변호사모임(민변
6163941-0-0,민주노동당
6163941-0-1,2000년 사법연수원(제29기
6590203-0-0,1992년
6590203-0-1,민주노동당
6590203-0-2,1996년
6547767-1-0,그녀는
6547767-1-1,6월 항쟁을 겪었다
6163941-1-0,이때 이후로 그녀는
6163941-1-1,1990년
6590203-1-0,323점
6590203-1-1,6월 항쟁을
6590203-1-2,1987년 3월
6547767-2-0,위헌심판제청 사건과 오태양(병역거부자
6547767-2-1,호주제
6163941-2-0,심판 운동
6163941-2-1,"되고, 평화군사법연구회"
6590203-2-0,호주제의 위헌 심판 운동
6590203-2-1,운동에도 동참하였고 신념
6590203-2-2,이라크 파병론
6547767-3-0,그녀
6547767-3-1,그녀
6590203-3-0,그녀
6590203-3-1,"사법부의 치욕""이라며 ""사법부에 대한"
6547767-4-0,이날 자신의 블로그에 올린
6547767-4-1,경찰에서 3월
6590203-4-0,3월 10일
6590203-4-1,"것은 아니다""라며 불출석 이유"
6547767-5-0,사찰 증거 자료를
6547767-5-1,엄윤섭
6163941-5-0,2009년
6163941-5-1,육군대위
6590203-5-0,민간인 사찰 증거 자료
6590203-5-1,8월 17일
6590203-5-2,출마해 3.6%
6547767-6-0,통합진보당
6547767-6-1,계열의 조작론
6163941-6-0,사퇴하
6163941-6-1,진보당 개표부정 사건
6590203-6-0,2011년 11월
6590203-6-1,참여당
6590203-6-2,2012년 5월
6547767-7-0,이정희
6547767-7-1,보수층
6163941-7-0,여권의 논리라는
6163941-7-1,보수층'의
6590203-7-0,박근혜 대통령의 당선
6590203-7-1,여론이 확산되었고 이정희
6547767-8-0,국고'보조금
6547767-8-1,사기혐의로 검찰
6163941-8-0,통합진보당
6163941-8-1,먹고 튀었다'며
6590203-8-0,보조금
6590203-8-1,사기혐의로 검찰
6590203-8-2,27억 원
6547767-9-0,"남침이냐, 북침이냐”는 청취자"
6547767-9-1,어떻게
6163941-9-0,"6·25가 남침이냐, 북침이냐”는 청취자"
6163941-9-1,2011년 4월
6590203-9-0,KBS 라디오 '열린토론
6590203-9-1,KBS 라디오'안녕하십니까 홍지명입니다
6547767-10-0,사퇴를 촉구했으나
6547767-10-1,재경선
6163941-10-0,2012년 3월 20일
6163941-10-1,2007년 D법무법
6590203-10-0,후보의 사퇴
6590203-10-1,2012년
6547767-11-0,가장 돋보
6547767-11-1,여성의원
6163941-11-0,2009년
6163941-11-1,가장 돋보
6590203-11-0,국회의원
6590203-11-1,국회의원
6489413-0-0,유교 방송
6489413-0-1,유튜브로 플랫폼을 옮긴뒤
6527894-0-0,유교 방송이라고 부르기
6527894-0-1,매니저
6527894-0-2,이후로
6490841-0-0,채팅방
6490841-0-1,유튜브로 플랫폼을 옮긴뒤
6490841-0-2,방송이라고 부르기
6533378-0-0,1905년
6533378-0-1,대규모 무장투쟁인 쓰촨봉기로 결국
6533378-0-2,위안스카이
6457494-0-0,중국혁명동맹회(중국동맹회
6457494-0-1,1912년
6533360-0-0,중국혁명동맹회(중국동맹회
6533360-0-1,대규모 무장투쟁인 쓰촨봉기
6533378-1-0,위안스카이
6533378-1-1,1913년
6457494-1-0,1913년
6457494-1-1,1911년
6533360-1-0,위안스카이
6533360-1-1,혁명’(호국전쟁
6533378-2-0,부국강병
6533378-2-1,同治中興 (동치중흥)”이라고
6533378-2-2,1894년
6457494-2-0,동치중흥)”이라고
6457494-2-1,1894년
6533360-2-0,아편전쟁과 태평천국운동을
6533360-2-1,부국강병
6533378-3-0,캉유웨이
6533378-3-1,수구파
6457494-3-0,광서제
6457494-3-1,캉유웨이
6533360-3-0,주장이 광서제에게 알려지면서 광서제
6533360-3-1,변법
6533378-4-0,서태후
6533378-4-1,자희
6533378-4-2,"유곤일, 호광총독 장지동이"
6457494-4-0,변법자강운동
6457494-4-1,신정)’을 개시했는데
6533360-4-0,자희
6533360-4-1,서태후
6533360-5-0,바꿔 단 과거
6533360-5-1,사립학교
6533378-6-0,1905년
6533378-6-1,일본
6533378-6-2,1907년
6457494-6-0,1905년
6457494-6-1,1907년
6533360-6-0,1905년
6533360-6-1,청조
6533360-6-2,1907년
6533378-7-0,무위우군
6533378-7-1,위안스카이
6533378-7-2,하였으며 기존 군대
6457494-7-0,무위우군
6457494-7-1,무비학당(武備學堂
6533360-7-0,무위우군
6533360-7-1,의화단운동
6533360-7-2,북양(위안스카이의
6533378-8-0,있다”는 양계초
6533378-8-1,입헌하려는 준비해야 한다고 황실
6457494-8-0,서태후
6457494-8-1,청조를 유지하면서 입헌군주제
6533360-8-0,입헌
6533360-8-1,역부족해서 신흥 자본가
6533378-9-0,흥중회’라는
6533378-9-1,다음해 1895년 홍콩에서
6533378-9-2,계획했으나 이 거사
6457494-9-0,흥중회’라는
6457494-9-1,무장으로써 점령하려
6533360-9-0,청조를 타도하자
6533360-9-1,쑨원은
6533378-10-0,소보’(蘇報)라는
6533378-10-1,진천화
6457494-10-0,진천화
6457494-10-1,필화사건으로
6533360-10-0,진천화
6533360-10-1,소보’(蘇報)라
6533378-11-0,중국동맹회
6533378-11-1,1906년
6457494-11-0,4개 강령
6457494-11-1,제창한 끝에 호응을
6533360-11-0,새로 결성되는 단체
6533360-11-1,혁명
6533378-12-0,이러한 무장봉기 실패들은
6533378-12-1,1908년
6457494-12-0,이러한 무장봉기 실패들
6457494-12-1,이러한 무장봉기 실패들
6533360-12-0,삼민주의를
6533360-12-1,이러한 무장봉기 실패들은
6533378-13-0,웅성기
6533378-13-1,악왕회라는 비밀단체를
6533378-13-2,웅성기
6457494-13-0,악왕회라는 비밀단체
6457494-13-1,웅성기
6533360-13-0,웅성기
6533360-13-1,간부인 범전갑은 광서제와 서태후
6533378-14-0,사건을 ‘경술 신군 봉기
6533378-14-1,예영전은 전사하
6457494-14-0,예영전은 전사하
6457494-14-1,탄약을 모두
6533360-14-0,탄약을 모두
6533360-14-1,혁명파
6533378-15-0,베이징
6533378-15-1,베이징
6533378-15-2,사건은 1910년 4월
6457494-15-0,왕조명
6457494-15-1,순친왕
6533360-15-0,민보》의
6533360-15-1,왕조명
6533360-15-2,1910년
6533378-16-0,13명
6533378-16-1,우전부대신 성선회
6533378-16-2,6명
6457494-16-0,성선회
6457494-16-1,4명뿐
6533360-16-0,우전부대신 성선회
6533360-16-1,13명
6533378-17-0,동지회
6533378-17-1,보로 동지회
6457494-17-0,장사(長沙
6457494-17-1,호북과 양광에서도 보로운동
6533360-17-0,가운데 호남 장사(長沙
6533360-17-1,동지회’가 조직되어
6533378-18-0,20명이 사망하
6533378-18-1,조이풍은 성도 전역
6533378-18-2,우창 봉기
6457494-18-0,보로동지군’이
6457494-18-1,잠춘훤도
6533360-18-0,전임총독 잠춘훤
6533360-18-1,쓰촨 성
6533378-19-0,군정부
6533378-19-1,신군의 여단장 리위안훙을
6533378-19-2,"우창수의, 우창기의, 제1차 혁명"
6457494-19-0,호북 군정부’를
6457494-19-1,리위안훙
6533360-19-0,리위안훙
6533360-19-1,혁명
6533378-20-0,11월 2일
6533378-20-1,돤치루이군
6457494-20-0,한커우
6457494-20-1,혁명군
6533360-20-0,북양군
6533360-20-1,11월 2일
6533378-21-0,쑹자오런
6533378-21-1,실패하고(제3차 혁명
6533378-21-2,국민당
6457494-21-0,1915년
6457494-21-1,대폭 강화시킨 ‘신약법’을
6533360-21-0,국민당
6533360-21-1,중화 혁명당
6533378-22-0,부르주아 혁명
6533378-22-1,전민혁명'(全民革命
6533378-22-2,중화민국 학계
6457494-22-0,부르주아 혁명
6457494-22-1,전민혁명'(全民革命
6533360-22-0,부르주아 혁명
6533360-22-1,부르주아
6524997-0-0,개구리들
6524997-0-1,1790년
6587749-0-0,화이트청개구리
6587749-0-1,개구리들
6587749-0-2,뱅크스
6541274-0-0,160여 종
6541274-0-1,오스트레일리아
6524997-1-0,"카에룰레아""(caerulea)는"
6524997-1-1,현지에서는 이 개구리
6587749-1-0,caerulea
6587749-1-1,개구리
6541274-1-0,frog
6541274-1-1,tree frog
6524997-2-0,11.5
6524997-2-1,수컷
6524997-2-2,등면 색깔
6587749-2-0,수컷
6587749-2-1,오스트레일리아청개구리속 전체의
6587749-2-2,3분
6541274-2-0,울음주머니
6541274-2-1,목 아래 부분
6524997-3-0,귀소성 능력도 가지
6524997-3-1,기어들어
6587749-3-0,같은 이유로 야외 조명에도
6587749-3-1,떨어진 곳에
6541274-3-0,능력도 가지고 있는 것
6541274-3-1,오스트레일리아청개구리는 귀소성 능력도 가지
6524997-4-0,가지 문제
6524997-4-1,"때문에 ""시무룩청개구리(dumpy tree frog)""라"
6587749-4-0,지방층이
6587749-4-1,오스트레일리아청개구리는 머리와 몸통
6541274-4-0,가지 문제는
6541274-4-1,오스트레일리아청개구리는 머리와
6524997-5-0,키트리디오미코시스
6524997-5-1,오스트레일리아
6587749-5-0,오스트레일리아
6587749-5-1,"75,000"
6587749-5-2,뉴기니
6541274-5-0,오스트레일리아
6541274-5-1,동물원들
6524997-6-0,있지만 피부를 통해 산소
6524997-6-1,25종
6587749-6-0,허파를 가지고 있지만 피부
6587749-6-1,이러한 병원체를 파괴할
6587749-6-2,세룰레인(cerulein)도
6541274-6-0,과정이 원활히
6541274-6-1,펩티드
6193059-0-0,정신분열병의
6193059-0-1,통합실조증'으로 개명해
6193059-0-2,대표적인 정신질환
6193059-1-0,심리검사
6193059-1-1,70%
6193059-2-0,쿠에티아핀)'이나
6193059-2-1,아빌리파이(아리피프라졸
5892991-0-0,케타민
5892991-0-1,윤설희와 모델 예학영
5892991-0-2,예학영
6596034-0-0,케타민
6596034-0-1,120시간
6596034-0-2,2009년
6608933-0-0,보낸 쿰스는 1898년
6608933-0-1,학교에서
5860426-0-0,인스티튜트
5860426-0-1,1902년
5860426-0-2,여름에는 지역 세미프
6549325-0-0,1898년 프리포트
6549325-0-1,고등학교
6549325-0-2,1902년
6608933-1-0,"2,400 달러의"
6608933-1-1,1906년 7월 2일
5860426-1-0,6탈삼진 완봉승
5860426-1-1,필라델피아 애슬레틱스
5860426-1-2,2일
6549325-1-0,애슬레틱스와 워싱턴 세너터스
6549325-1-1,애슬레틱스
6549325-1-2,2.50
6608933-2-0,9패의 기록으로
6608933-2-1,경기는 13회까지
5860426-2-0,8이닝
5860426-2-1,이어지다가 14회
5860426-2-2,3.12
6549325-2-0,팔 부상으로
6549325-2-1,보스턴의 사이 영을 상대로
6549325-2-2,13회까지
6608933-3-0,1909년
6608933-3-1,1910년
5860426-3-0,1909년
5860426-3-1,2.32
6549325-3-0,3승
6549325-3-1,24경기
6549325-3-2,제구력에 더 많
6608933-4-0,6주 동안
6608933-4-1,45경기(선발
5860426-4-0,1.30
5860426-4-1,53이닝 연속 무실점 기록
5860426-4-2,탈삼진
6549325-4-0,화이트삭스
6549325-4-1,18개
6549325-4-2,12일
6608933-5-0,1910년
6608933-5-1,시카고 컵스
5860426-5-0,컵스와 맞붙은 1910년
5860426-5-1,컵스와 맞붙은 1910년
6549325-5-0,14.5경기차로 크게
6549325-5-1,시카고 컵스와 맞붙은 1910년
6549325-5-2,2차전
6608933-6-0,185탈삼진
6608933-6-1,Kohinoor)라는 별명
5860426-6-0,185탈삼진
5860426-6-1,"콜비 코이누르""(The Colby Kohinoor)라는"
5860426-6-2,12위
6549325-6-0,3.53
6549325-6-1,Kohinoor)라는 별명
6549325-6-2,12위
6608933-7-0,1911년
6608933-7-1,애슬레틱스
5860426-7-0,애슬레틱스
5860426-7-1,1911년
5860426-7-2,6경기에서
6549325-7-0,애슬레틱스의 투수진
6549325-7-1,애슬레틱스
6549325-7-2,애슬레틱스
6608933-8-0,경기가
6608933-8-1,11탈삼진
5860426-8-0,11탈삼진
5860426-8-1,11탈삼진
5860426-8-2,경기가 애슬레틱스에서의 쿰스의
6549325-8-0,잭 쿰스는
6549325-8-1,경기가 애슬레틱스에서의
6549325-8-2,1912년 시즌 개막전에서 선발로
6608933-9-0,잭 쿰스는 선발투수로
6608933-9-1,1913년
5860426-9-0,트레이닝에서
5860426-9-1,시즌 후인 12월
6549325-9-0,레드삭스를 상대
6549325-9-1,애슬레틱스
6549325-9-2,10일
6608933-10-0,1915년 1월
6608933-10-1,27경기(선발
5860426-10-0,1915년 1월 브루클린 로빈스에
5860426-10-1,2.58
5860426-10-2,"30일, 필라델피아 필리스와의 경기"
6549325-10-0,1915년 1월 브루클린 로빈스
6549325-10-1,1월
6549325-10-2,레인에
6608933-11-0,보스턴 레드삭스
6608933-11-1,94승 60패
5860426-11-0,레드삭스
5860426-11-1,1916년
5860426-11-2,보스턴 레드삭스
6549325-11-0,1916년
6549325-11-1,1916년
6549325-11-2,4-3으로 승리하며 승리
6608933-12-0,라이스 대학교
6608933-12-1,1917년
5860426-12-0,리그 경기에서 처음이자 마지막
5860426-12-1,레즈를 상대
5860426-12-2,141이닝
6549325-12-0,141이닝
6549325-12-1,라이스 대학교
6549325-12-2,경기
6608933-13-0,1918년
6608933-13-1,1918년
5860426-13-0,필라델피아 필리스의 새로운
5860426-13-1,타이거스
6549325-13-0,새로운 감독
6549325-13-1,타이거스의 부름을 받고 투수
6549325-13-2,0-12로 상대편에게 기울자
6608933-14-0,야구장의 명칭
6608933-14-1,1992년
5860426-14-0,필라델피아
5860426-14-1,야구부가 사용하고 있
5860426-14-2,1987년
6549325-14-0,대학교 야구부가 사용하고
6549325-14-1,1987년
6549325-14-2,현재 듀크 대학교
6522347-0-0,1575년 2월
6522347-0-1,랭스에서
6522347-0-2,대관을 치르면서
6457850-0-0,대관을 치르면서
6457850-0-1,1575년
6522366-0-0,이듬해 5월 30일
6522366-0-1,받아 병상에 누운지 오래였던
6522366-0-2,폴란드로 돌아오기를 간청했지
6522347-1-0,신성동맹
6522347-1-1,나바라
6522347-1-2,앙리 3세
6457850-1-0,1577년
6457850-1-1,신성동맹
6522366-1-0,사치에만 몰두하는 현프랑스 국왕
6522366-1-1,신성동맹
6522366-1-2,1576년
6522347-2-0,나바라
6522347-2-1,나바라
6522347-2-2,느무르 조약을 체결했으
6457850-2-0,강화시키려하는 태후
6457850-2-1,나바라
6522366-2-0,나바라
6522366-2-1,매부이자 개신교도의 지도자였던
6522366-2-2,개신교
6522347-3-0,쿠트라 전투에서
6522347-3-1,앙리 드 기즈
6457850-3-0,쿠트라 전투에서
6457850-3-1,5월 12일 결국엔 파리에서
6522366-3-0,파리
6522366-3-1,쿠트라 전투
6522366-3-2,앙리
6522347-4-0,블루아에서 삼부회
6522347-4-1,같은해(1588년
6522347-4-2,16인 위원회에 의해
6457850-4-0,삼부회
6457850-4-1,신성동맹
6522366-4-0,같은해(1588년
6522366-4-1,신성동맹
6522366-4-2,같은해(1588년
6522347-5-0,드 나바라에
6522347-5-1,것을 권하고 많은 사람들에게
6522347-5-2,나바라
6457850-5-0,생드니 대성당
6457850-5-1,대성당
6522366-5-0,보낸 자라면서 가톨릭
6522366-5-1,클레맹(Jacques Clément)을 맞
6522366-5-2,나바라
6463313-0-0,1976년
6463313-0-1,3월에
6463313-0-2,토요일
6517852-0-0,1976년
6517852-0-1,3월에
6517857-0-0,1976년
6517857-0-1,아일랜드 협회(IAK
6571222-0-0,2014년
6571222-0-1,국제시장
6571222-0-2,국제시장
6236637-0-0,국제시장
6236637-0-1,인터뷰>에 반응하는
6571239-0-0,2014년
6571239-0-1,국제시장
6489414-0-0,2006년
6489414-0-1,경우
6527912-0-0,2006년
6527912-0-1,대연정
6485465-0-0,2006년
6485465-0-1,경우
6520922-0-0,율리우스-클라우디우스
6520922-0-1,카이사르
6520922-0-2,옥타비아누스
6585254-0-0,8월 19일
6585254-0-1,삼두 정치
6585254-0-2,옥타비아누스
6657258-0-0,카이사르
6657258-0-1,카이사르
6657258-0-2,옥타비아누스
6520922-1-0,로마 공화정
6520922-1-1,독재권을
6520922-1-2,원로원
6585254-1-0,원로원
6585254-1-1,법에 따르면 ‘존엄자’(아우구스투스)라
6585254-1-2,원로원
6657258-1-0,원로원에서 부여한
6657258-1-1,아우구스투스
6520922-2-0,로마
6520922-2-1,카이사르
6520922-2-2,로마
6585254-2-0,로마의 평화라 불리
6585254-2-1,육로 교통망
6585254-2-2,황제의 친위대인 로마 근위대를
6657258-2-0,로마의 평화라 불리는 태평성대
6657258-2-1,전에 자신의 업적을
6657258-2-2,서기 14년
6520922-3-0,47년부터 토가
6520922-3-1,옥타비아누스
6520922-3-2,숙적이었던 폼페이우스 마그누스
6585254-3-0,옥타비아누스
6585254-3-1,카이사르
6585254-3-2,옥타비아누스
6657258-3-0,되었고 국가 사제단(Collegium Pontificum)에
6657258-3-1,옥타비아누스
6520922-4-0,마케도니아
6520922-4-1,옥타비아누스
6520922-4-2,마르쿠스 안토니우스
6585254-4-0,기원전 44년
6585254-4-1,마케도니아로 피신하라는 장교들
6585254-4-2,들은 옥타비아누스는 재산의 2/3
6657258-4-0,암살되자 군사들과 함께 마케도니아로
6657258-4-1,옥타비아누스
6520922-5-0,옥타비아누스는 파르티아와
6520922-5-1,원로원
6520922-5-2,허가도 받지 않
6585254-5-0,7억 세스테르티우스
6585254-5-1,마르쿠스 안토니우스
6585254-5-2,노병들의 마음
6657258-5-0,브룬디시움
6657258-5-1,옥타비아누스
6520922-6-0,안토니우스
6520922-6-1,카이사르
6520922-6-2,카이사르
6585254-6-0,기원전 44년
6585254-6-1,카이사르
6585254-6-2,카이사르
6657258-6-0,카이사르
6657258-6-1,안토니우스
6520922-7-0,옥타비아누스
6520922-7-1,안토니우스
6585254-7-0,무티나에서 그를 완전
6585254-7-1,1월 1일
6585254-7-2,안토니우스
6657258-7-0,키케로
6657258-7-1,키케로
6520922-8-0,안토니우스
6520922-8-1,안토니우스
6520922-8-2,옥타비아누스
6585254-8-0,데키무스 브루투스
6585254-8-1,계곡(Po Valley)에
6585254-8-2,안토니우스
6657258-8-0,브루투스
6657258-8-1,안토니우스
6520922-9-0,체제인 제2차 삼두 정치
6520922-9-1,키케로
6520922-9-2,옥타비아누스
6585254-9-0,"43년 10월, 볼로냐 근처에서"
6585254-9-1,암살자들
6585254-9-2,300명의 원로원
6657258-9-0,키케로
6657258-9-1,옥타비아누스는 처음에는
6657258-9-2,혁명(Roman revolution
6520922-10-0,옥타비아누스
6520922-10-1,옥타비아누스
6520922-10-2,안토니우스
6585254-10-0,기원전 42년
6585254-10-1,28개
6585254-10-2,세력을 모으고 있던 브루투스
6657258-10-0,안토니우스
6657258-10-1,안토니우스
6657258-10-2,안토니우스
6520922-11-0,옥타비아누스
6520922-11-1,이탈리아
6520922-11-2,18개
6585254-11-0,옥타비아누스
6585254-11-1,새로운 영토
6585254-11-2,옥타비아누스
6657258-11-0,안토니우스
6657258-11-1,옥타비아누스
6520922-12-0,옥타비아누스
6520922-12-1,안토니우스
6520922-12-2,그리스의 시키온으로
6585254-12-0,옥타비아누스
6585254-12-1,안토니우스
6585254-12-2,그리스의 시키온
6657258-12-0,안토니우스
6657258-12-1,루키우스와 공조했다는
6520922-13-0,옥타비아누스
6520922-13-1,스크리보니아
6520922-13-2,폼페이우스
6585254-13-0,마그누스
6585254-13-1,옥타비아누스
6585254-13-2,폼페이우스
6657258-13-0,폼페이우스
6657258-13-1,폼페이우스
6520922-14-0,40년
6520922-14-1,브룬디시움 조약에 서명하였는데 레피두스
6520922-14-2,안토니우스와의 확고한 동맹을
6585254-14-0,3명의
6585254-14-1,브룬디시움
6585254-14-2,옥타비아
6657258-14-0,브룬디시움 조약
6657258-14-1,확고한 동맹을 위해
6520922-15-0,옥타비아누스
6520922-15-1,옥타비아누스
6520922-15-2,120척
6585254-15-0,옥타비아누스
6585254-15-1,안토니우스
6585254-15-2,120척
6657258-15-0,옥타비아누스
6657258-15-1,폼페이우스
6520922-16-0,레피두스
6520922-16-1,폼페이우스
6520922-16-2,레피두스
6585254-16-0,옥타비아누스
6585254-16-1,폼페이우스
6585254-16-2,재산권을
6657258-16-0,옥타비아누스
6657258-16-1,옥타비아누스
6520922-17-0,32년
6520922-17-1,옥타비아누스
6520922-17-2,옥타비아누스
6585254-17-0,32년 가
6585254-17-1,옥타비아
6585254-17-2,옥타비아누스
6657258-17-0,왕들의 여왕’이란
6657258-17-1,기원전 32년
6520922-18-0,31년 9월 2일
6520922-18-1,클레오파트라
6520922-18-2,클레오파트라
6585254-18-0,안토니우스
6585254-18-1,해안의 악티움 만으로
6585254-18-2,아그리파
6657258-18-0,옥타비아누스
6657258-18-1,옥타비아누스
6520922-19-0,시민에게 반납한다
6520922-19-1,"아우구스투스""라는"
6520922-19-2,옥타비아누스
6585254-19-0,31년부터 8년간 해마다
6585254-19-1,옥타비아누스
6585254-19-2,원로원과 로마
6657258-19-0,원로원
6657258-19-1,"아우구스투스""라"
6520922-20-0,원로원
6520922-20-1,아우구스투스
6520922-20-2,아우구스투스
6585254-20-0,역사학자인 하워드 스컬러드(Howard Scullard
6585254-20-1,10년
6657258-20-0,내전을 종결시킨 아우구스투스에게 속주
6657258-20-1,하워드 스컬러드(Howard Scullard)에 따르면
6520922-21-0,카이사르
6520922-21-1,왕정을
6520922-21-2,율리우스 카이사르
6585254-21-0,로물루스
6585254-21-1,황금 방패에
6585254-21-2,로물루스
6657258-21-0,카이사르
6657258-21-1,임페라토르”라는
6520922-22-0,집정관이었던 테렌티우스
6520922-22-1,아우구스투스
6585254-22-0,집정관이었던 테렌티우스
6585254-22-1,집정관인 피소
6585254-22-2,사유 재산만
6657258-22-0,아우구스투스
6657258-22-1,집정관
6520922-23-0,호민관 특권
6520922-23-1,호민관 특권
6520922-23-2,호민관
6585254-23-0,기원전 5년과
6585254-23-1,얻게 되어 권한
6585254-23-2,호민관 특권
6657258-23-0,집정관직
6657258-23-1,얻게 되어 권한
6520922-24-0,명목상 로마군
6520922-24-1,게르마니아에서
6520922-24-2,13년
6585254-24-0,집정관이나 권한
6585254-24-1,티베리우스
6657258-24-0,가지고 있던
6657258-24-1,게르마니아에서
6520922-25-0,아우구스투스
6520922-25-1,아우구스투스
6520922-25-2,결과권력은 공식적으로도
6585254-25-0,집정관
6585254-25-1,식량청 장관”(라틴어: praefectus annonae
6585254-25-2,기원전 19년
6657258-25-0,겹쳐서 일반 서민들
6657258-25-1,아우구스투스
6520922-26-0,3회
6520922-26-1,아우구스투스
6520922-26-2,임페라토르
6585254-26-0,임페라토르
6585254-26-1,3회
6585254-26-2,제4장에
6657258-26-0,21회가량
6657258-26-1,임페라토르
6520922-27-0,티베리우스
6520922-27-1,기원전
6520922-27-2,군대는 엘베 강
6585254-27-0,지역
6585254-27-1,알프스
6585254-27-2,드루수스
6657258-27-0,지역
6657258-27-1,채굴되
6520922-28-0,도나우 강을 향해
6520922-28-1,게르마니아
6520922-28-2,티베리우스
6585254-28-0,달마티아
6585254-28-1,총독인 바루스
6585254-28-2,후에 계승자인 티베리우스
6657258-28-0,게르마니아
6657258-28-1,9년에 토이토부르크 숲에서
6520922-29-0,마르켈루스
6520922-29-1,16살
6520922-29-2,25년
6585254-29-0,기원전 23년의 자신
6585254-29-1,아우구스투스
6585254-29-2,아그리파
6657258-29-0,후계자
6657258-29-1,아그리파
6520922-30-0,1400여
6520922-30-1,아우구스투스
6520922-30-2,로마 제국
6585254-30-0,아우구스투스
6585254-30-1,아우구스투스
6657258-30-0,카이사르
6657258-30-1,아우구스투스
6520922-31-0,셋째 아내인 리비아로부터
6520922-31-1,로마
6520922-31-2,500
6585254-31-0,의한 평화”(Pax Augusta
6585254-31-1,14개
6657258-31-0,아우구스투스
6657258-31-1,평화”(Pax
6520922-32-0,28개
6520922-32-1,아우구스투스는
6520922-32-2,연금 기금”(aerarium
6585254-32-0,17만
6585254-32-1,관찰장관”(praefectus vehiculorum)이라 불리
6585254-32-2,세스테르티우스
6657258-32-0,역참 제도를
6657258-32-1,군인 연금
6520922-33-0,아우구스투스
6520922-33-1,카이사르
6520922-33-2,2세기간
6585254-33-0,아우구스투스
6585254-33-1,이어진 평화와 번영
6585254-33-2,카이사르
6657258-33-0,것이 아니
6657258-33-1,통찰력으로 이러한 상황
6520922-34-0,아우구스투스
6520922-34-1,공화정의 추종자
6520922-34-2,카시우스는 아우구스투스가 친절하고 관대한
6585254-34-0,원수정을 확립한 것
6585254-34-1,연대기〉의 서문
6585254-34-2,역사가인 디오 카시우스
6657258-34-0,것 때문에 동시대인들
6657258-34-1,연대기〉의
6520922-35-0,토머스
6520922-35-1,몽테스키외
6520922-35-2,아우구스투스
6585254-35-0,출신의 영국 작가인
6585254-35-1,크롬웰과
6585254-35-2,토머스
6657258-35-0,아일랜드 출신의
6657258-35-1,마키아벨리
6520922-36-0,아우구스투스
6520922-36-1,위하여 인구 조사
6520922-36-2,5퍼센트
6585254-36-0,할 세금의 양
6585254-36-1,할 세금
6657258-36-0,속주민
6657258-36-1,할 세금의 양
6520922-37-0,율리우스 카이사르
6520922-37-1,원로원
6520922-37-2,아우구스투스
6585254-37-0,로마 원로원
6585254-37-1,한편 수에토니우스에 따르면 카이사르
6657258-37-0,8월
6657258-37-1,딴 8월
6657258-37-2,로마 원로원
6520922-38-0,아우구스투스
6520922-38-1,마르스 신전이
6520922-38-2,평화
6585254-38-0,아우구스투스
6585254-38-1,대표적인 건물
6585254-38-2,아우구스투스
6657258-38-0,돋을새김
6657258-38-1,아우구스투스
6463490-0-0,청해진해운
6463490-0-1,청해진해운
6463490-0-2,"적재량(1,077톤)의 2배"
6518129-0-0,청해진해운
6518129-0-1,"과적(2,142톤)을"
6536361-0-0,세월호 선사인 청해진해운
6536361-0-1,2012년
6463490-1-0,승무원들
6463490-1-1,승무원들
6463490-1-2,승무원들
6518129-1-0,승무원들
6518129-1-1,대하여 사회윤리적
6536361-1-0,승무원들
6536361-1-1,5년 이하
6463490-2-0,2시간가량
6463490-2-1,합동수사본부
6518129-2-0,퇴선명령
6518129-2-1,"1항사에게 퇴선을 지시했다""며 ""선장"
6536361-2-0,1항사
6536361-2-1,2시간가량
6463490-3-0,한국해양대 해양경찰학
6463490-3-1,60도 전후
6518129-3-0,60도
6518129-3-1,안내방송을
6536361-3-0,60도
6536361-3-1,관련업무자들에게 이
6463490-4-0,조타수
6463490-4-1,조타수
6518129-4-0,맹골수도
6536361-4-0,조타수
6536361-4-1,10명이서 좌현 쪽으로
6463490-5-0,신고를 가까운 진도
6463490-5-1,진입 보고'를
6518129-5-0,제주 관제 센터
6518129-5-1,16번
6536361-5-0,관제 센터
6536361-5-1,16번
6463490-6-0,15명에 대한
6463490-6-1,재판
6518129-6-0,15명에
6518129-6-1,당분간 매주 화요일
6536361-6-0,15명
6536361-6-1,화요일 재판을
6463490-7-0,번째 재판(6월 17일
6463490-7-1,승무원들
6518129-7-0,승무원들
6518129-7-1,선사의 책임
6536361-7-0,재판(6월
6536361-7-1,재판(6월
6463490-8-0,30일 오후
6463490-8-1,오하마나호
6518129-8-0,오하마나호
6518129-8-1,배의 구조를 간접적
6536361-8-0,6월 30일
6536361-8-1,오하마나호
6463490-9-0,초반에
6463490-9-1,안전교육을 받았느냐는
6518129-9-0,받지 못했다
6518129-9-1,7명이 묵
6463490-10-0,최씨는 사
6463490-10-1,구조된 필리핀 가수 부부는
6463490-10-2,라이프보트
6518129-10-0,오른쪽으로 배
6518129-10-1,구명조끼
6536361-10-0,4.5t
6536361-10-1,구명조끼
6463490-11-0,요원들
6463490-11-1,공군 항공구조대는 평시
6518129-11-0,특수부대 요원들
6518129-11-1,요원들
6536361-11-0,특수부대 요원들
6536361-11-1,요원들
6463490-12-0,2014년
6463490-12-1,현장지휘관(OSC)이었던 목포해양경찰서
6518129-12-0,김경일
6518129-12-1,아무런 조치
6536361-12-0,김경일
6536361-12-1,2014년 10월 6일
6463490-13-0,3천만원
6463490-13-1,2010년
6518129-13-0,실종장병 수색작업에 참여했다
6518129-13-1,3천만원
6536361-13-0,해경
6536361-13-1,3천만원
6463490-14-0,청해진해운
6463490-14-1,청해진해운
6518129-14-0,유착 의혹에
6518129-14-1,청해진해운
6536361-14-0,6월 30일
6536361-14-1,3명을
6463490-15-0,정조시간
6463490-15-1,민간 잠수사
6463490-15-2,한국해양구조협회
6518129-15-0,관계자
6518129-15-1,팽목항
6536361-15-0,관계자
6463490-16-0,25년에서
6463490-16-1,여객선
6463490-16-2,54만 1천원
6518129-16-0,25년
6518129-16-1,30년
6536361-16-0,2009년
6536361-16-1,150대
6536361-16-2,54만 1천원
6463490-17-0,이와 관련해 유병언 전
6463490-17-1,쌍둥이배'로 알려진 오하마나호
6518129-17-0,초기 무리한 증축
6518129-17-1,쌍둥이배'로
6536361-17-0,세월호
6536361-17-1,복원성 문제
6536361-17-2,유병언 전
6463490-18-0,세월호 전 항해사 김모씨
6463490-18-1,담당하는 인천항운노조는 컨테이너
6518129-18-0,결박
6518129-18-1,"뿐""이라"
6463490-19-0,5시 15분
6463490-19-1,4월 16일
6463490-19-2,18차례
6518129-19-0,박근혜
6518129-19-1,2014년
6536361-19-0,박근혜
6536361-19-1,2014년
6463490-20-0,확인되었으나 김규현은 미국
6463490-20-1,2018년
6463490-20-2,직권남용권리행사방해 혐의
6518129-20-0,2018년
6518129-20-1,"허위공문서작성, 동행사"
6536361-20-0,혐의로 불구속
6463490-21-0,대통령비서실 제2부속비서관
6463490-21-1,국가안보실장
6518129-21-0,1보의
6518129-21-1,대통령
6536361-21-0,대통령
6536361-21-1,국가안보실장
6463490-22-0,여당추천위원
6463490-22-1,해수부
6518129-22-0,대응 전담팀
6518129-22-1,대통령의 '7시간 행적
6536361-22-0,세월호특조위
6536361-22-1,특조위
6597832-0-0,12주
6597832-0-1,98만장
6562271-0-0,10위권
6562271-0-1,you〉는 그녀 최초의
6597832-1-0,1위를
6597832-1-1,WON'T BE LONG
6562271-1-0,차트에서 Kinki Kids
6562271-1-1,판매량
5905903-1-0,"20만장, 최종"
5905903-1-1,판매량
6597832-2-0,동방신기
6597832-2-1,뮤직 비디오
6562271-2-0,싱글 〈FREAKY
6562271-2-1,Black Cherry
5905903-2-0,LAST ANGEL
5905903-2-1,FREAKY
6597832-3-0,2010년 1월
6597832-3-1,Gossip Candy
6562271-3-0,오리콘 weekly
6562271-3-1,Gossip Candy
5905903-3-0,"31,078장을"
5905903-3-1,싱글 「Gossip Candy
6597832-4-0,결혼 사실
6597832-4-1,MAMA
6562271-4-0,자신의 공식 홈페이지
6562271-4-1,MAMA」에서
5905903-4-0,Love Me Back
5905903-4-1,"확인되었고, 배우자로는"
6516582-0-0,2003년부터
6516582-0-1,서프라이즈
6516582-0-2,1999년
6516601-0-0,대자보》신문
6516601-0-1,활동하였
6111392-0-0,서울대학교
6111392-0-1,인물과 사상
6111392-0-2,2003년부터
6516582-1-0,서프라이즈 등
6516582-1-1,잔민당
6516582-1-2,노무현
6516601-1-0,남프라이즈의 대표적
6516601-1-1,잔민당
6111392-1-0,인터넷 웹진 서프라이즈 등
6111392-1-1,2002년 대통령선거
6516582-2-0,교육부총리 인선이 늦어지자
6516582-2-1,노무현은 윤덕홍을 낙점한다
6516582-2-2,KBS 100인 토론
6516601-2-0,4월까지는 라디오 21에 참여하
6516601-2-1,이창동
6111392-2-0,2004년 4월까지는 라디오 21에
6111392-2-1,사람으로
6111392-2-2,이창동
6516582-3-0,서프라이즈
6516582-3-1,참여하
6516582-3-2,서프라이즈
6516601-3-0,서프라이즈
6516601-3-1,서프라이즈
6111392-3-0,시대소리뉴스
6111392-3-1,참여하
6516582-4-0,2004년 반노무현 성향
6516582-4-1,브레이크뉴스
6516582-4-2,브레이크뉴스
6516601-4-0,2004년
6516601-4-1,신데렐라
6111392-4-0,브레이크뉴스
6111392-4-1,브레이크뉴스
6111392-4-2,신데렐
6516582-5-0,2007년
6516582-5-1,빅뉴스
6516582-5-2,2007년
6516601-5-0,언론매체 빅뉴스
6516601-5-1,한국인터넷미디어협회 정책위원회
6111392-5-0,2005년 이후
6111392-5-1,이명박
6111392-5-2,같은 시사토론 프로그램
6516582-6-0,와이텐 앵커 전유경이‘듣보잡
6516582-6-1,서울지검
6516582-6-2,300만원
6516601-6-0,듣보잡
6516601-6-1,듣보잡
6111392-6-0,2010년 2월
6111392-6-1,전유경이‘듣보잡
6516582-7-0,방송채널 와이텐뉴스
6516582-7-1,아나운서는 5월 27일 변희재
6516601-7-0,방송채널 와이텐뉴스
6516601-7-1,아나운서
6111392-7-0,전유경
6111392-7-1,5월 27일
6516582-8-0,실험성'을
6516582-8-1,2003년 2월 12일 KBS
6516601-8-0,실험성'을
6516601-8-1,언론인
6111392-8-0,2003년 2월 12일 KBS
6111392-8-1,서프라이즈
6516582-9-0,공유가 활발히 이루어
6516582-9-1,재미'를 배워야 한다
6111392-9-0,사장으로는 개혁성·도덕성·전문성
6111392-9-1,KBS 사장
6111392-9-2,장점인 '재미
6516582-10-0,샛별중학교
6516582-10-1,샛별중학교
6516601-10-0,교육
6516601-10-1,스카이대학 출신 대학
6111392-10-0,서프라이즈 칼럼니스트
6111392-10-1,2003년
6516582-11-0,자신이 운영하는 빅뉴스의 홈페이지에
6516582-11-1,국민
6111392-11-0,2009년
6111392-11-1,노무현
6516582-12-0,조선일보
6516582-12-1,된다”며 조선일보에
6516601-12-0,조선일보
6516601-12-1,조선일보
6111392-12-0,발언을 비판하였으
6111392-12-1,된다”며 조선일보
6516582-13-0,탤런트이자 배우
6516582-13-1,손해배상청구
6516582-13-2,전여옥
6516601-13-0,탤런트이자 배우인
6516601-13-1,전여옥
6111392-13-0,MBC PD수첩 제작진 5명
6111392-13-1,전여옥
6111392-13-2,정진영은 미니홈피
6516582-14-0,정진영
6516582-14-1,정진영씨
6516601-14-0,정진영씨
6516601-14-1,박중훈이 트위터
6111392-14-0,김민선
6111392-14-1,배우
6111392-14-2,김민선
6516582-15-0,남의 이름
6516582-15-1,5월에도 프로야구 선수인 오승환과
6111392-15-0,변희재
6111392-15-1,2014년 5월에도 프로야구 선수
6516582-16-0,이데일리와의 인터뷰에서 '대학원
6516582-16-1,2013년
6516582-16-2,교통사고
6516601-16-0,박상록
6516601-16-1,교통사고
6111392-16-0,2013년 1월
6111392-16-1,2013년
6111392-16-2,박상록
6516582-17-0,진 교수
6516582-17-1,변TM'은 '변희재는
6516601-17-0,걍 변TM에 충전되는 소리
6516601-17-1,변TM'은 '변희재는
6111392-17-0,변TM'은
6111392-17-1,"제시하시죠""라면서"
6516582-18-0,마니아
6516582-18-1,마니아
6516601-18-0,대리점주
6516601-18-1,대리점주
6111392-18-0,안철수
6111392-18-1,2013년
6516582-19-0,보수대연합 발기인대회
6516582-19-1,400여명의 인파
6516582-19-2,"1,300만원"
6516601-19-0,발기인대회
6516601-19-1,"1,300만원"
6111392-19-0,2013년
6111392-19-1,300만원
6111392-19-2,300만원
6516582-20-0,겸임교수인 탁현민은 자신이 진행하는
6516582-20-1,"동양대교수는 자신의 트위터에 ""다음"
6516601-20-0,자신이 진행하는 팟캐스트 방송
6516601-20-1,동양대교수는 자신의 트위터에
6111392-20-0,성공회대 겸임교수
6111392-20-1,교수
6516582-21-0,이재명 성남시장은
6516582-21-1,13차례
6516582-21-2,1억원 상당
6516601-21-0,이재명
6516601-21-1,종북거머리'라고
6111392-21-0,성남시장
6111392-21-1,서울지방경찰청 영등포경찰서
6111392-21-2,1억원
6516582-22-0,2014년
6516582-22-1,페이스북
6516601-22-0,변희재
6516601-22-1,동양대 교수는 자신의 트위터에
6111392-22-0,2014년
6111392-22-1,변희재
6111392-22-2,고소하면서…”라는 글과 함
6516582-23-0,진행하던 시사평론가 정관용이
6516582-23-1,방통심의위는
6516582-23-2,젊은 앵커들이 감정을
6516601-23-0,"김미선 앵커까지 언급하면서 ""국"
6516601-23-1,김미선 손석희
6111392-23-0,변희재
6111392-23-1,눈물
6516582-24-0,사람이 제기한
6516582-24-1,돌충행동
6516601-24-0,이에 대해 오
6516601-24-1,변희재라
6111392-24-0,이에 대해
6111392-24-1,변희재라
6516582-25-0,김미화
6516582-25-1,주장하려면 문대성
6516601-25-0,중이던 CBS 라디오 프로그램
6516601-25-1,연구윤리위원회
6111392-25-0,CBS 라디오 프로그램에서 하차하기
6111392-25-1,변희재가 2013년
6516582-27-0,선거운동원은
6516582-27-1,변희재 후보
6111392-27-0,선거운동원
6111392-27-1,선거운동원
6578232-0-0,2010년
6578232-0-1,Life 2 Live를 발매하였
6578232-0-2,발매하였
6491237-0-0,"Ambition Music""을"
6491237-0-1,Quiet Storm
6491237-0-2,The Money 5
6290580-0-0,Night Record
6290580-0-1,AMBITIQN를 발매하
6290580-0-2,설립하였
6549575-0-0,H II 영역
6549575-0-1,자리에 성단(플레이아데스성단 같은 것
6593119-0-0,전리수소영역
6593119-0-1,수천 개의 별들
6593119-0-2,초신성 폭발을
6657632-0-0,H II 영역
6657632-0-1,H II 영역
6549575-1-0,오리온 성운
6549575-1-1,같은 일부의
6593119-1-0,스펙트럼
6593119-1-1,스펙트럼에서의 관측에 이어 지구상에서
6657632-1-0,1774년
6657632-1-1,헬륨을
6549575-2-0,구상체
6549575-2-1,전리수소영역
6549575-2-2,1990년에
6593119-2-0,그러한
6593119-2-1,별은 복사를 통해
6593119-2-2,항성생성을
6657632-2-0,구상체
6657632-2-1,1990년
6549575-3-0,스트룀그렌구
6549575-3-1,어떤 경우 전리수소영역 속
6593119-3-0,전리수소영역
6593119-3-1,전리수소영역
6593119-3-2,전리수소영역
6657632-3-0,대략적으로
6657632-3-1,NGC 604가 이런 경우
6460508-0-0,호함파
6460508-0-1,위트니스
6571934-0-0,중국
6571934-0-1,위트니스
6460508-1-0,홍위병들은
6460508-1-1,1973년부터
6571934-1-0,홍위병들
6571934-1-1,1966년
6571934-1-2,보내져 '재교육'을
6460508-2-0,종교의 실행
6460508-2-1,"46조가 ""시민들"
6571934-2-0,덩샤오핑
6571934-2-1,1954년
6571934-2-2,"있다""는 것"
6460508-3-0,1950년대에
6460508-3-1,삼자원칙
6571934-3-0,우야오쭝과 함
6571934-3-1,삼자애국운동(TSPM)을
6571934-3-2,얼마 지나지 않아서
6460508-4-0,1979년
6460508-4-1,1979년
6571934-4-0,1979년
6571934-4-1,TSPM
6571934-4-2,현대주의 신학을
6460508-5-0,이름을 부르
6460508-5-1,1980년대 초반
6571934-5-0,하는 이들은 자신들의 실행
6571934-5-1,이들은 자신들
6571934-5-2,영향력
6460508-6-0,1982년
6460508-6-1,야외 기도회
6571934-6-0,China)이라는 잡지
6571934-6-1,차이점은 TSPM 관련자들이
6571934-6-2,1982년
6571934-7-0,교섭단(ECSLG)을 대표하는 이들
6571934-7-1,TSPM
6460508-8-0,기고문
6460508-8-1,호함파'(the Shouters
6571934-8-0,중국
6571934-8-1,기고문
6571934-8-2,기고문
6460508-9-0,연맹(Overseas
6460508-9-1,글에서는
6571934-9-0,연맹(Overseas Missionary Fellowship)(전
6571934-9-1,해외 선교 연맹(Overseas
6571934-9-2,말라>(Don't Forget
6460508-10-0,TSPM
6460508-10-1,TSPM
6571934-10-0,TSPM
6571934-10-1,TSPM
6571934-10-2,호함파'라는
6460508-11-0,호함파'를 지방 교회들에서
6460508-11-1,호함파
6571934-11-0,중국 교회
6571934-11-1,탕(Edmond Tang
6571934-11-2,회장 딩광쉰(Ding Guangxun
6460508-12-0,상하이 교회
6460508-12-1,이익에 부합하는 것이라면
6571934-12-0,상하이 교회
6571934-12-1,노동교화소
6571934-12-2,상하이 교회
6460508-13-0,탕과 런
6460508-13-1,탕과 런
6571934-13-0,탕과 런
6571934-13-1,탕과 런
6571934-13-2,중국 정부
6460508-14-0,God-Men
6460508-14-1,탕과 런
6571934-14-0,God-Men
6571934-14-1,1983년
6571934-14-2,갓멘>(The God-Men) 책자
6460508-15-0,인도자들
6460508-15-1,가입을 거절하면 폭넓게 '호함파
6571934-15-0,덩샤오핑이
6571934-15-1,인도자들
6571934-15-2,CCRC의 조나단 차오(Jonathan Chao)는
6460508-16-0,미국
6460508-16-1,1984년 5월
6571934-16-0,전해진 후
6571934-16-1,그들은
6571934-16-2,1984년 5월
6460508-17-0,호함파
6460508-17-1,1995년 3월
6571934-17-0,1995년 3월
6571934-17-1,이것은 '호함파'에
6571934-17-2,데이비드 에이크먼(David Aikman
6460508-18-0,국무부
6460508-18-1,중국인민의회 위원회
6571934-18-0,국무부
6571934-18-1,호함파
6444921-0-0,한편 1814년
6444921-0-1,지역
6444921-0-2,마하라슈트라
6532248-0-0,리처드 웨슬리는
6532248-0-1,"하는 것으로, 제2차"
6532248-0-2,구르카스
6532252-0-0,동인도 회사
6532252-0-1,마하라자나 이슬람교
6532252-0-2,암니차르 조약을
6444921-1-0,20만
6444921-1-1,카스트
6532248-1-0,1857년
6532248-1-1,4만
6532248-1-2,"곳으로 뭄바이, 마드라스"
6532252-1-0,1857년
6532252-1-1,20만 명
6532252-1-2,주요 주둔지는 세 곳으로
6444921-2-0,그들의 종교 의식
6444921-2-1,카스트
6532248-2-0,1772년
6532248-2-1,그들의 종교 의식
6532252-2-0,헤이스팅스
6532252-2-1,그들의 종교 의식
6532252-2-2,이러한 정책
6444921-3-0,세포
6444921-3-1,규정함으로써 해외
6444921-3-2,벵골 군
6532248-3-0,벵골 군
6532248-3-1,해외 복무
6532248-3-2,뒤를 이은 총독 찰스
6532252-3-0,벵골 군
6532252-3-1,1856년
6532252-3-2,벵골 군
6444921-4-0,탄약통
6444921-4-1,그리스
6444921-4-2,지위를 잃는 것
6532248-4-0,입으로 물어뜯
6532248-4-1,동물성 지방을
6532248-4-2,1853년식 엔필드 머스켓
6532252-4-0,탄약통
6532252-4-1,세포이
6532252-4-2,1853년식
6444921-5-0,귀족들
6444921-5-1,영국 동인도
6532248-5-0,귀족들
6532248-5-1,영국 동인
6532248-5-2,귀족들
6532252-5-0,봉건 귀족들이었
6532252-5-1,합병 정책으로 인해
6532252-5-2,영국 동인도 회사
6444921-6-0,바하두르 샤 2세
6444921-6-1,바하두르 샤
6532248-6-0,바하두르
6532248-6-1,새겨진 주화
6532248-6-2,바하두르
6532252-6-0,바하두르
6532252-6-1,바하두르
6532252-6-2,바하두르 샤
6444921-7-0,병력을 이란을 통해 인도
6444921-7-1,반군은 패퇴하여 델리
6532248-7-0,항쟁 발생
6532248-7-1,투입되었던 병력을 이란을 통해
6532248-7-2,주둔하였던 군대의 일부
6532252-7-0,이란을 통해 인도
6532252-7-1,2개월이
6532252-7-2,바들리 케 세라이가
6444921-8-0,뿐만아니
6444921-8-1,두 명의 병사
6532248-8-0,1857년 6월
6532248-8-1,나나 사히브 역시
6532248-8-2,끌려갔는데 결국 그곳에서
6532252-8-0,휴그 휠러 장군
6532252-8-1,칸푸르 이야기
6532252-8-2,나나 사히브 역시
6444921-9-0,락슈미 바이
6444921-9-1,락슈미 바이
6444921-9-2,종종 쟌다르크와
6532248-9-0,1858년
6532248-9-1,락슈미 바이
6532248-9-2,쟌다르크
6532252-9-0,락슈미 바이
6532252-9-1,락슈미 바이
6532252-9-2,1858년
6547733-0-0,353일만
6547733-0-1,4년
6547733-0-2,서울고법
6547742-0-0,형사13부(재판장 정형식 부장판사
6547742-0-1,2월 5일
5841345-0-0,2018년 2월
5841345-0-1,정형식 부장판사
5873459-0-0,여성의 성적 자기결정권을 침해하거
5873459-0-1,피해자
5873459-0-2,생존자의 존엄성
6594514-0-0,여성
6594514-0-1,정치·경제·사회·문화 속
6594522-0-0,피해자
6594522-0-1,등이 가해자와 공범
5873459-1-0,여성차별철폐협약에서
5873459-1-1,1990년대
5873459-1-2,여성에 대한 폭력
6594514-1-0,폭력 철폐 선언’을
6594514-1-1,1990년대부터
6594522-1-0,폭력 철폐 선언’을
6594522-1-1,훈련을 받도록 조치할 것
5900415-0-0,한인초등학교를
5900415-0-1,독립운동가 박열(이제훈
5900415-0-2,최초로 신인여우상과 여우주연상
6560385-0-0,연극《심청전
6560385-0-1,박열(이제훈)의
6560424-0-0,독립운동가 박열(이제훈)의 연
6560424-0-1,박열
6560424-0-2,동주》에 유창한 일본어
6513922-0-0,1940년
6513922-0-1,비틀즈
6314792-0-0,비틀즈
6314792-0-1,비틀즈의 드러머로 활동해 세계적인
6546611-0-0,비틀즈
6546611-0-1,활동해 세계적인 유명세
6513922-1-0,스톰 앤 더 허리케인스
6513922-1-1,1960년
6513922-1-2,Back Off Boogaloo
6314792-1-0,1960년
6314792-1-1,1989년부터 12번
6546611-1-0,비틀즈
6546611-1-1,토마스와 친구들
6513922-2-0,1998년
6513922-2-1,롤링 스톤》 독자
6513922-2-2,1988년
6314792-2-0,드러머로
6314792-2-1,5번째
6546611-2-0,롤링 스톤》 독자에 의해
6546611-2-1,우리는 드러머를
6513922-3-0,스트리트 아동병원
6513922-3-1,스타키는 다음과 같
6314792-3-0,1953년
6314792-3-1,스타키
6546611-3-0,여기서
6546611-3-1,"있었으나, 1953년 폐결핵에"
6513922-4-0,"라자루스""라는"
6513922-4-1,신중등학교
6314792-4-0,"라자루스""라는"
6314792-4-1,그레이브
6546611-4-0,"라자루스""라는"
6546611-4-1,영국국교회 초등학교
6314792-5-0,"양육을 묘사하기를 ""디킨스 소설"
6314792-5-1,사람들의 석탄연료에서
6546611-5-0,묘사하기
6546611-5-1,중 하나는 난폭한
6314792-6-0,1955년
6314792-6-1,일하던 중 친구
6513922-7-0,이웃이자 직장동료
6513922-7-1,직장동료
6314792-7-0,지하저장실에서 점심시간이 되면 곡
6314792-7-1,트래포드
6546611-7-0,제조공장의 지하저장실
6546611-7-1,직장동료인 기타리스트 에디 마일스
6513922-8-0,허리케인스
6513922-8-1,허리케인스
6314792-8-0,초엽 허리케인스는
6314792-8-1,함부르크에서의 공연 제의
6513922-9-0,"말했어요."" 스타가 밴드원"
6513922-9-1,피트 베스트
6513922-9-2,1962년
6314792-9-0,8월 14일 레논이 비틀즈에
6314792-9-1,링고 퇴출
6546611-9-0,1962년
6546611-9-1,스타가 밴드원
6513922-10-0,1962년 9월
6513922-10-1,번째 세션에서
6513922-10-2,싱글이 되는
6314792-10-0,1962년
6314792-10-1,4인조
6546611-10-0,싱글이 되는
6546611-10-1,연주했
6314792-11-0,1961년 11월 스타
6314792-11-1,"파장""을"
6546611-11-0,유한책임회사
6546611-11-1,1961년 11월
6513922-12-0,1964년
6513922-12-1,데이즈 나이트》를 제작했을 때
6513922-12-2,Please Please Me
6314792-12-0,Please
6314792-12-1,데뷔작 《하드 데이즈 나이트
6546611-12-0,하드 데이즈 나이트
6546611-12-1,Please Please Me
6513922-13-0,베스트
6513922-13-1,1964년의
6513922-13-2,베스트
6314792-13-0,베스트
6314792-13-1,딜런과 만났을 때 스타는
6546611-13-0,명예훼손 소송을
6546611-13-1,지미 니콜
6513922-14-0,만남을 가졌던 모린 콕스
6513922-14-1,멜로디 메이커》가 출간한
6314792-14-0,"수 없었습니다.""라고"
6314792-14-1,1965년
6546611-14-0,11일 스타는 1962년 첫
6546611-14-1,비틀마니아
6513922-15-0,LP가 되는 《Revolver
6513922-15-1,Yellow Submarine〉는
6513922-15-2,샌프란시스코 캔들스틱 파크
6314792-15-0,Revolver
6314792-15-1,Yellow Submarine〉는 영국 차트
6546611-15-0,참여한 〈Yellow Submarine
6546611-15-1,샌프란시스코 캔들스틱 파크에서
6513922-16-0,Sgt
6513922-16-1,from My Friends
6546611-16-0,레논-매카트니
6546611-16-1,타악기
6048697-0-0,무천도사
6048697-0-1,들어온 런치
6048697-0-2,상대는 의문의 노
6513084-0-0,천하제일무술대회에
6513084-0-1,크리링
6492643-0-0,드래곤볼은 흩어지고 피라후
6492643-0-1,무천도사의 조수로 들어온 런치
6492643-0-2,런치와 함께 수련
6048697-1-0,라데츠
6048697-1-1,손오반을
6048697-1-2,세상의 계왕
6513084-1-0,숙적이던 피콜로(마쥬니어
6513084-1-1,마쥬니어와의
6492643-1-0,베지터
6492643-1-1,드래곤볼
6492643-1-2,드래곤볼
6048697-2-0,계왕신
6048697-2-1,마인 부우
6048697-2-2,오공
6513084-2-0,계왕신
6513084-2-1,만들어진 원기옥
6492643-2-0,천하제일무도회
6492643-2-1,마인 부우
6492643-2-2,부우
6048697-3-0,39년만
6048697-3-1,오공
6513084-3-0,사이어인 갓을 찾기
6513084-3-1,호기심에 계왕성에 온 비루스
6492643-3-0,39년만
6492643-3-1,Z전사들이 나서지만
6048697-4-0,비루스
6048697-4-1,"7우주, 샴파는 6우주"
6048697-4-2,바로스
6513084-4-0,샴파
6513084-4-1,7우주
6513084-4-2,비루스 행성
6492643-4-0,비루스 행성
6492643-4-1,자랑친 지구
6048697-5-0,블랙
6048697-5-1,트랭크스
6048697-5-2,미래
6513084-5-0,트랭크스
6513084-5-1,똑같은 외모를 하
6492643-5-0,블랙>이라 불리
6492643-5-1,트랭크스
6048697-6-0,자체가 작가 개인이
6048697-6-1,이야기를 완결시키려는
6048697-6-2,토리야마는
6513084-6-0,80%
6513084-6-1,마쥬니어와
6492643-6-0,자체가 작가 개인이
6492643-6-1,아니라 발행원
6048697-7-0,애니메이션
6048697-7-1,원작과
6492643-7-0,오리지널 캐릭터
6492643-7-1,오리지널
6492643-8-0,그려지지
6492643-8-1,그려지지
6048697-9-0,시리즈는 토에이 애니메이션
6048697-9-1,20%
6048697-9-2,애니메이션
6513084-9-0,애니메이션
6513084-9-1,20%
6492643-9-0,사자에상
6492643-9-1,중에서도 최상위권
6048697-10-0,극장판
6048697-10-1,토리코 .원피스.드래곤볼
6513084-10-0,더빙했기에
6513084-10-1,상영하는 첫 드래곤볼
6492643-10-0,"맡은데다가, 국내 일부 IMAX"
6492643-10-1,IMAX 상영관에서 상영하는
6048697-11-0,Touring'의
6048697-11-1,Grand Touring'의
6513084-11-0,GT
6513084-11-1,64화
6492643-11-0,1화
6492643-11-1,Touring'의
6048697-12-0,2014년
6048697-12-1,97화 모두 대원방송
6513084-12-0,1화).연재종료20주년
6513084-12-1,마인부우편
6492643-12-0,기념하여 《드래곤볼Z》의 디지털
6492643-12-1,기념하여 《드래곤볼Z
6048697-13-0,"사탄(Mister Satan)은 ""허큘""(Hercule"
6048697-13-1,로오시
6048697-13-2,헤라클레스
6513084-13-0,일본이름
6513084-13-1,헤라클레스)에서
6492643-13-0,"볶음밥 ""Pilaf"
6492643-13-1,헤라클레스
6048697-14-0,점에서 기본적으로 기독교나 이슬람교와
6048697-14-1,드래곤볼》의 이야기에
6048697-14-2,비루스는 이집트의 아누비스
6513084-14-0,아누비스
6513084-14-1,인도의 힌두교적
6492643-14-0,점에서 우리나라나 일본의 토속신앙과
6492643-14-1,아누비스
6518410-0-0,송나라
6518410-0-1,금나라
6518410-0-2,금나라
6584205-0-0,1125년
6584205-0-1,송나라
6584205-0-2,금나라
6518418-0-0,수 차례 전쟁
6518418-0-1,송나라
6518410-1-0,아들이자 흠종의 이복동생인
6518410-1-1,쿠빌라이 칸이 대대적
6518410-1-2,조병으로 시호인 소제(少帝) 또는
6584205-1-0,아들이자 흠종의 이복동생인
6584205-1-1,항저우인 임안(臨安)에 임시 도읍
6584205-1-2,쿠빌라이 칸이 대대적
6518418-1-0,난징인 건강에서 송 황조
6518418-1-1,임안을 제국
6518410-2-0,황제’(皇帝
6518410-2-1,같이 주로 묘호로
6518410-2-2,29개의
6584205-2-0,황제들
6584205-2-1,황제들
6584205-2-2,29개
6518418-2-0,황제’(皇帝)로
6518418-2-1,한 누르하치(재위
6518410-3-0,관료들
6518410-3-1,고위 관료들
6518410-3-2,고위 관료들
6584205-3-0,관료들
6584205-3-1,고위 관료들
6584205-3-2,황제
6518418-3-0,관료들을 발탁하는 역할
6518418-3-1,고위 관료들
6518410-4-0,문벌 귀족
6518410-4-1,신사층이었으
6518410-4-2,신사층
6584205-4-0,절도사
6584205-4-1,신사층
6584205-4-2,신사층
6518418-4-0,문치주의
6518418-4-1,신사층이었으
6518410-5-0,통달하여 그 왕
6518410-5-1,휘종
6518410-5-2,재학하지 않았던 이들의 공직
6584205-5-0,하더라도 최고
6584205-5-1,않았던 이들
6584205-5-2,휘종이
6518418-5-0,휘종
6518418-5-1,사회를 안정시키리라 믿었다
6518410-6-0,Mote)는 대부분의
6518410-6-1,이로 인해
6584205-6-0,Mote)는 대부분
6584205-6-1,송나라
6518418-6-0,Mote)는 대부분
6518418-6-1,의지했다
6518135-0-0,부동산
6518135-0-1,프로파티즈(구
6518135-0-2,부동산
6465206-0-0,그룹(당시에는
6465206-0-1,2003년
6465206-0-2,2006년
6603770-0-0,소유한 몇 안되
6603770-0-1,산 전쟁(箱根山戦争
6603770-0-2,부동산
6518135-1-0,그룹)과 세이부 유통 그룹(세존
6518135-1-1,실질적으로 해체
6518135-1-2,TOMONY의 전개로 제휴하
6465206-1-0,쓰쓰미 야스지로 사후
6465206-1-1,세이유
6603770-1-0,그룹)과 세이부 유통 그룹(세존
6603770-1-1,구내 편의점인 TOMONY
6518135-2-0,가와고
6518135-2-1,가와고
6465206-2-0,가와고에 철도(川越鉄道)라는
6465206-2-1,가와고
6603770-2-0,가와고에 철도(川越鉄道)라는 이름
6603770-2-1,무사시노 수전(武蔵水電
6518135-3-0,장관(長官) 인 오다치 시게오
6518135-3-1,분뇨 수송
6465206-3-0,인 오다치 시게오의 요청
6465206-3-1,트럭으로 해안깢 운송하여 배편으로
6603770-3-0,분뇨 수송
6603770-3-1,21일
6518135-4-0,경영)의 도코로자와 차량공장
6518135-4-1,운행하는데서 승객들에게는
6603770-4-0,2차 세계대전
6603770-4-1,제2의 국철”이라고까지
6518135-5-0,쇼난 디자인(湘南デザイン
6518135-5-1,동력 전달 방식을
6518135-5-2,이전의 균형대들보식을 지닌 TR11계
6465206-5-0,고성능차
6465206-5-1,무사시노다이지(武蔵野台地
6603770-5-0,디자인인 “쇼난 디자인(湘南デザイン
6603770-5-1,질보다는 양
6518135-6-0,이미지인 노란 전동차의
6518135-6-1,912량
6518135-6-2,97%
6465206-6-0,되는 101계 가
6465206-6-1,1985년 3월말
6603770-6-0,1969년
6603770-6-1,101계
6470431-0-0,데이비드 보위
6470431-0-1,My Way
6470431-0-2,iSelect》의
6470441-0-0,My Way
6470441-0-1,"것이 ""Life on Mars"
5783162-0-0,앵카
5783162-0-1,Fool Learns to Love
6470431-1-0,피아노
6470431-1-1,and
6470431-2-0,브레이킹 더 웨이브》(1996
6470431-2-1,2004)년에서
6470441-2-0,머레이 주연
6470441-2-1,팩토리 걸
5783162-2-0,브레이킹 더 웨이브》(1996)의 에필로그
5783162-2-1,Song
5783162-2-2,삽입곡으로
6519082-0-0,1987년
6519082-0-1,100년
6519084-0-0,"오리지널 시리즈""로부터 대략"
6519084-0-1,시리즈
6519084-0-2,7 시즌간
6465241-0-0,7 시즌간
6465241-0-1,대략 100년 후로
6519082-1-0,1991년
6519082-1-1,바시어(의료장교
6519084-1-0,진 로덴베리
6519084-1-1,스페이스 나인'(Star Trek
6465241-1-0,진 로덴베리
6465241-1-1,트렉 시리즈의 창시자
6519082-2-0,256광속)가 최대
6519082-2-1,조나단 아처 (Scott Bakula
6519084-2-0,2005년
6519084-2-1,원래 제목은 Enterprise임
6465241-2-0,2005년
6465241-2-1,시리즈
6592307-0-0,1990년
6592307-0-1,"84개국의 1,200여"
6592307-0-2,1990년
6548916-0-0,1990년
6548916-0-1,64개의
6548916-0-2,84개국
6548919-0-0,1990년
6548919-0-1,지자체
6548919-0-2,대한민국에는
6592307-1-0,서울총회
6592307-1-1,12일
6592307-1-2,박원순 서울특별시장
6548916-1-0,"3,000여명(직전"
6548916-1-1,박원순 서울특별시장
6548916-1-2,2015년
6548919-1-0,주회의장인 동대문디자인플라자(DDP
6548919-1-1,12일
6548919-1-2,도시
6592307-2-0,연맹(ecomobility aliance
6592307-2-1,창원시
6548916-2-0,생태교통
6548916-2-1,생태교통
6548916-2-2,생태교통
6548919-2-0,생태교통
6548919-2-1,창원생태교통총회
6550788-0-0,2002년
6550788-0-1,대한민국 해군
6550788-0-2,13명
6550791-0-0,대한민국 해군
6550791-0-1,13명
6550788-1-0,인근 해상으로 긴급
6550788-1-1,"NSC에서 ""북한 경비정"
6550788-1-2,강화령을 내리고 서산 상공
6550791-1-0,1개 편대를
6550791-1-1,"NSC에서 ""북한 경비정"
6550788-2-0,전사자
6550788-2-1,36배로
6550791-2-0,박정희 정부
6550791-2-1,전사자
6550788-3-0,2010년
6550788-3-1,특별법
6550791-3-0,희생자
6550791-3-1,제2연평해전 희생자
6498876-0-0,인민군
6498876-0-1,제24사단
6498876-0-2,인민군
5781923-0-0,제24사단
5781923-0-1,최초 교전이었던 오산 전투
5781923-0-2,7월 20일
6470861-0-0,제24사단
6470861-0-1,5일 미군과 인민군의
6470861-0-2,인민군의 남하를
6498876-1-0,낙동강
6498876-1-1,낙동강을 따라 일자진
5781923-1-0,대구
5781923-1-1,서남쪽
5781923-1-2,낙동강
6470861-1-0,낙동강
6470861-1-1,제2군단의 제1사단과 제6사단
6470861-1-2,월튼 워커 대장은 대구에
6498876-2-0,자고산
6498876-2-1,대구로 통하는 또다른
5781923-2-0,야산 위에 올라가면 왜관
5781923-2-1,낙동강
5781923-2-2,자고산
6470861-2-0,자고산
6470861-2-1,왜관
6470861-2-2,자고산
6498876-3-0,인민군
6498876-3-1,수중교
5781923-3-0,1개 연대가 수중교를 이용해
5781923-3-1,인민군은 산개하여 남쪽으로 공격을
6470861-3-0,유엔군
6470861-3-1,있는 곳을 통해 낙동강
6470861-3-2,1개 연대
6498876-4-0,허드스페스(Jack Hudspeth) 중위
6498876-4-1,31명
5781923-4-0,소대장
5781923-4-1,인민군은 소대원
5781923-4-2,인민군은 소대원
6470861-4-0,박격포소대원들이
6470861-4-1,알아챘
6470861-4-2,31명
6498876-5-0,포로들
6498876-5-1,인민군
5781923-5-0,포로로
5781923-5-1,찾으려고 모래사장
5781923-5-2,미군 포로들
6470861-5-0,인민군
6470861-5-1,인민군
6470861-5-2,낙동강 건너편 인민군
6498876-6-0,303고지를 재탈환하기
6498876-6-1,미군 병력
5781923-6-0,병력이
5781923-6-1,나머지 포로들은
5781923-6-2,700여
6470861-6-0,포로들
6470861-6-1,병력이 1개 대대
6470861-6-2,B중대
6498876-7-0,8월 17일
6498876-7-1,인민군
5781923-7-0,포로
5781923-7-1,17일 아침
6470861-7-0,인민군
6470861-7-1,위병들은 포로를 구출하려는
6470861-7-2,"12:00, 인민군"
6498876-8-0,공습이 이루어져 고지
6498876-8-1,26명
5781923-8-0,부하들에게 포로를 총살하
5781923-8-1,학살 장소
5781923-8-2,한 명이 미군이 가까
6470861-8-0,병사 하나
6470861-8-1,포로 41명
6470861-8-2,포로
6498876-9-0,잔학행위
6498876-9-1,보편적 지휘책임이 있는
6498876-10-0,라이프
6498876-10-1,캥거스
5781923-10-0,303고지
5781923-10-1,캥거스
5781923-10-2,Kangas
6470861-10-0,비롯한 주요 언론의
6470861-10-1,303고지
6470861-10-2,캥거스
6498876-11-0,1990년
6498876-11-1,나머지 한 생존자인 제임스
5781923-11-0,1990년
5781923-11-1,살아 있던 생존자
5781923-11-2,2003년 8월 17일
6470861-11-0,자고산 위
6470861-11-1,제임스 루드(James Rudd
6470861-11-2,1999년
6470401-0-0,사이에선 다혈질로 소문난
6470401-0-1,시위현장에서
6470401-0-2,15년형
6470414-0-0,검사들 사이에선 다혈질로
6470414-0-1,시위현장에서 전경
5866772-0-0,15년형
5866772-0-1,테이블위에 엎드려있던 진석을
5866772-0-2,검사들 사이에선 다혈질로 소문난
6470401-1-0,하루아침에 잘나가는 검사에서 범죄자
6470401-1-1,영감님'이라는 이름으로
6470401-1-2,하던 젊은
6470414-1-0,몇번이나
6470414-1-1,그러다 간수들에게
6470414-1-2,출소하게 해주겠다는 조건으로 치원을
5866772-1-0,그러다 간수들에게
5866772-1-1,똑같은 말을
5866772-1-2,영감님'이라는 이름
6541455-0-0,강희제
6541455-0-1,황제
6525595-0-0,1735년
6525595-0-1,제4대
6541455-1-0,붕어하자 창춘원에 감금시키
6541455-1-1,강희제
6525595-1-0,철저히 배제시켜놓고 대신들과 정사
6525595-1-1,강희제가 붕어하자 창춘원
6541455-2-0,발언권을 규제하였고
6541455-2-1,재상들
6525595-2-0,부정부패를 크게
6525595-2-1,내각대학사(內閣大學士
6541455-3-0,강희제
6541455-3-1,상서방(上書房
6525595-3-0,영화궁(永和宮)에서 덕비(德妃) 오아씨
6525595-3-1,강희제
6541455-4-0,강희제
6541455-4-1,50만
6525595-4-0,황하가 크게
6525595-4-1,옹친왕(雍親王)이라 불리게
6541455-5-0,윤잉
6541455-5-1,묵던 천막을 힐끔거리
6525595-5-0,다시 황태자
6525595-5-1,황태자
6541455-6-0,그중에서도 만주족 대신들
6541455-6-1,효성인황후
6525595-6-0,강희제
6525595-6-1,효성인황후를 잃고 어머니
6541455-7-0,옹친왕
6541455-7-1,융과다
6525595-7-0,융과다
6525595-7-1,윤사의 파당
6541455-8-0,자신의 관저인 옹왕부에 틀어박혀
6541455-8-1,강희제
6525595-8-0,관가백추도》(官家百醜圖)라는
6525595-8-1,강희제
6541455-9-0,강희제
6541455-9-1,윤사
6525595-9-0,강희제
6525595-9-1,하였으
6541455-10-0,대신들
6541455-10-1,강희제
6525595-10-0,창춘원(暢春園
6525595-10-1,강희제
6541455-11-0,유조를 변조하고 강희제
6541455-11-1,정사인 《청사
6525595-11-0,강희제
6525595-11-1,하나 이 역시 증거
6541455-12-0,2013년
6541455-12-1,20일
6525595-12-0,총애받던 14남 윤제
6525595-12-1,사황자(四皇子
6541455-13-0,23일
6541455-13-1,강희제
6525595-13-0,강희제
6525595-13-1,유조를
6541455-14-0,형제들
6541455-14-1,황태후
6525595-14-0,옹정제
6525595-14-1,형제들
6541455-15-0,승승장구하였고
6541455-15-1,라이벌인 동복아우 14황자 윤제
6525595-15-0,많았으며 설상가상
6525595-15-1,윤상은 이친왕(怡親王
6541455-16-0,윤사와 떨어뜨리려 일부러 자신의
6541455-16-1,1737년(건륭 2년)에야
6525595-16-0,옹정제
6525595-16-1,윤사와 윤당과 같
6541455-17-0,티베트
6541455-17-1,아들 건륭제는 군사
6525595-17-0,옹정제
6525595-17-1,연갱요(年羹堯
6541455-18-0,1729년(옹정
6541455-18-1,대신들이 정사를 논의하는 곳은
6525595-18-0,대신들
6525595-18-1,의정왕대신회의(議政王大臣會議)를 더욱
6541455-19-0,옹정제
6541455-19-1,주비유지
6525595-19-0,4시까지밖
6525595-19-1,즉 주필(朱筆)로 답장을
6541455-20-0,옹정제
6541455-20-1,6천만 냥이
6525595-20-0,전성기인 강건성세(康乾盛世)를 더욱
6525595-20-1,명군
6541455-21-0,들려 분노한 옹정제는 사사정과
6541455-21-1,옹정제
6525595-21-0,유민소지’(維民所止
6525595-21-1,참수형
6541455-22-0,증정(曾靜)이란 자
6541455-22-1,대의각미록》(大義覺迷錄
6525595-22-0,옹정제
6525595-22-1,악종기(岳鍾琪
6541455-23-0,1735년(옹정 13년) 10월
6541455-23-1,10월
6525595-23-0,1735년(옹정
6525595-23-1,옹정제
6541455-24-0,강희제
6541455-24-1,강희제
6525595-24-0,강희제
6525595-24-1,학문을
6541455-25-0,엄연히 군신지간임
6541455-25-1,주력하였고 지방이
6525595-25-0,군신지간임
6525595-25-1,주력하였고 지방이나 현장에서
6541455-26-0,비난하건 칭송하건 모두 ‘역사상
6541455-26-1,중정인화’(中正仁和)라는
6525595-26-0,학자들은 옹정제
6525595-26-1,옹정제
6541455-27-0,아버지 강희제
6541455-27-1,60년간 재위하였으
6525595-27-0,13년이라는
6525595-27-1,여가를
6541455-28-0,독살 또는 교살하고 황위
6541455-28-1,패륜아
6525595-28-0,양제와 다름없는 패륜아로
6525595-28-1,강희제
6541455-29-0,옹정제
6541455-29-1,옹정제를 성군은 아니지
6525595-29-0,적어도 명군
6525595-29-1,영화로
6541455-30-0,강희제
6541455-30-1,"감독, 서풍(徐楓), 나열(羅烈"
6525595-30-0,군림천하》(君臨天下
6525595-30-1,군림천하
6519236-0-0,연은 2005년에 캘러머주
6519236-0-1,5살 때
6519236-0-2,2년
6547159-0-0,2005년
6547159-0-1,아버지는 이민가기 전 한국에서
6547159-0-2,서스캐처원 주 리자이나로
6457319-0-0,1983년
6457319-0-1,21일
6457319-0-2,스티븐 연(한국 이름: 연상엽
6590722-0-0,NWA
6590722-0-1,지향하는 단체였으며
6590722-0-2,프로레슬링
6548069-0-0,필라델피아
6548069-0-1,단체
5850759-0-0,레슬링(Eastern Championsip Wrestling
5850759-0-1,필라델피아
6590722-1-0,헤이먼
6590722-1-1,ECW
6590722-1-2,일임함으로써 ECW
6548069-1-0,헤이먼
6548069-1-1,더글러스
6548069-1-2,1996년 자신
5850759-1-0,ECW
5850759-1-1,헤이먼
6590722-2-0,못했던 선수들이 ECW로
6590722-2-1,하드코어 레슬링
6548069-2-0,못했던 선수들이 ECW
6548069-2-1,그대로 하드코어한 경기들을
6590722-3-0,WWE는 2003년 파산한
6590722-3-1,2003년
6590722-3-2,2003년
6548069-3-0,2003년
6548069-3-1,WWE
5850759-3-0,2003년
5850759-3-1,2006년
6564111-0-0,하인리히 5세
6564111-0-1,퓌어스텐베르크에 수도원
6564111-0-2,제의받았으나 역시 거절하
6564116-0-0,서임을 제의받았으나 역시 거절하
6564116-0-1,그가 탄 말의 발
6564116-0-2,초빙하려는 하인리히 5세 황제
5909378-0-0,1113년
5909378-0-1,사제로 초빙하려는
5909378-0-2,35세
6564111-1-0,1118년
6564111-1-1,금욕주의를 매우 극단적
6564111-1-2,젤라시오 2세를 알현하여 순회
6564116-1-0,1118년 프리츨라르에서 열린 교회회의
6564116-1-1,교회회의에서 노르베르토의
6564116-1-2,사람들
5909378-1-0,1118년 프리츨라르에서
5909378-1-1,순회 사제가 되는 것을
5909378-1-2,성직자들
6564111-2-0,1119년
6564111-2-1,프랑스
6564111-2-2,1120년
6564116-2-0,수도회를 설립할 것을
6564116-2-1,성탄 대축일에
6564116-2-2,노르베르토
5909378-2-0,프레몽트레회
5909378-2-1,안에 봉안할 성유해들을 얻기
5909378-2-2,1125년
6564111-3-0,노르베르토
6564111-3-1,앤트워프의 사도’라는
6564116-3-0,앤트워프
6564116-3-1,1122년
6564116-3-2,앤트워프
5909378-3-0,노르베르토
5909378-3-1,프레몽트레회
5909378-3-2,앤트워프
6564111-4-0,1134년
6564111-4-1,마그데부르크
6564111-4-2,1134년
6564116-4-0,마그데부르크
6564116-4-1,로타르
6564116-4-2,무덤에 오토 아이콘
5909378-4-0,마그데부르크에서 선종하자 주교좌 성당
5909378-4-1,로타르
5909378-4-2,1134년
6526264-0-0,현상수배되었고 2016년
6526264-0-1,2016년 12월
6526268-0-0,2016년 12월
6526268-0-1,정봉주
6547572-0-0,제17대
6547572-0-1,현상수배되었고
6547572-0-2,1800만 원까지
6526264-1-0,노무현
6526264-1-1,노무현
6526268-1-0,배우자 권양숙과 노무현을 소환해
6526268-1-1,권양숙과 노무현을 소환해
6526268-1-2,우병우
6547572-1-0,노무현
6547572-1-1,제16대
6547572-1-2,중앙수사1과장
6526264-2-0,모임인 경우회가 사업권
6526264-2-1,정강중기의 이상달
6526268-2-0,이상달
6526268-2-1,3년형
6547572-2-0,기흥컨트리클럽
6547572-2-1,1993년
6547572-2-2,정강중기
6526264-3-0,1300억
6526264-3-1,2017년
6526268-3-0,조선일보 보도는 사실무근이라
6526268-3-1,관해 무혐의
6547572-3-0,조선일보
6547572-3-1,부동산
6547572-3-2,2017년
6526264-4-0,2016년 7월 19일
6526264-4-1,도나도나'라는
6526268-4-0,홍만표를 연결시켜준 홍만표의 고교
6526268-4-1,1년 동안
6547572-4-0,변호사
6547572-4-1,홍만표를 연결시켜준 홍만표의 고교
6547572-4-2,2017년 4월
6483302-0-0,감독상
6483302-0-1,감독상
6483302-0-2,추격자
6483306-0-0,추격자
6483306-0-1,5 Minutes
6483306-0-2,곡성
6019825-0-0,5 Minutes
6019825-0-1,부천국제판타스틱영화제
6019825-0-2,추격자
6590288-0-0,야구
6590288-0-1,오사카에서 벌어진 제3회
6547804-0-0,선린정보고등학교
6547804-0-1,1998년 9월
6547804-0-2,체육학부
6547838-0-0,야구
6547838-0-1,2순위로 현대 유니콘스
6547838-0-2,영남대학교
6590288-1-0,2006년 신고선수로 두산 베어스에
6590288-1-1,받지 못하며 수상
6547804-1-0,2006년
6547804-1-1,두산 베어스
6547804-1-2,"6,000만"
6547838-1-0,방출 후 선수
6547838-1-1,선린정보산업고등학교 동기이자
6547838-1-2,투수 류현진에게 밀려 단
6590288-2-0,두산 베어스
6590288-2-1,외야수 부문
6547804-2-0,감독 추천 선수 자격
6547804-2-1,"88.2%), 최다 득표"
6547804-2-2,6천만
6547838-2-0,두산 베어스
6547838-2-1,도루 47개
6547838-2-2,안영명
6590288-3-0,2008년 올스타전
6590288-3-1,MVP
6547804-3-0,0.308
6547804-3-1,98득점
6547804-3-2,5차전에서
6547838-3-0,플레이오프
6547838-3-1,정수근이
6547838-3-2,202표
6590288-4-0,등으로 조금 활약이 주춤하면서
6590288-4-1,2009년 시즌 전
6547804-4-0,후에는 4월
6547804-4-1,검투사 헬멧
6547838-4-0,왼쪽 팔꿈치 통증으로
6547838-4-1,플레이오프
6547838-4-2,부상 등으로 조금 활약이
6590288-5-0,하는 것으로 바꾸며 재기
6590288-5-1,라이온즈
6547804-5-0,30도루
6547804-5-1,0.382
6547804-5-2,155표를 얻으
6547838-5-0,2년 연속 3위를 차지한
6547838-5-1,두산 베어스
6547838-5-2,3천만원
6590288-6-0,2006년
6590288-6-1,감독이었던 김경문
6547804-6-0,2006년
6547804-6-1,처음으로 연봉 2억원대
6547838-6-0,엄지손가락
6547838-6-1,성적 부진 등
6547838-6-2,감독이었던 김경문
6590288-7-0,1군 타격 코치로 올라왔
6590288-7-1,4차전을 내주면서 플레이오프 진출
6547804-7-0,0.306
6547804-7-1,7월 27일
6547804-7-2,9700만원에
6547838-7-0,0.306
6547838-7-1,두산 베어스
6547838-7-2,페넌트레이스 3위를
6590288-8-0,포스트시즌에 진출하였다
6547804-8-0,NC 다이노스
6547804-8-1,19경기 연속
6547838-8-0,때문에 2013년 시즌은 그
6547838-8-1,11월
6547838-8-2,선언하였으나 소속 구단과의
6590288-9-0,2013
6590288-9-1,기록하
6547804-9-0,28억원
6547804-9-1,"503,389표를"
6547804-9-2,2할대
6547838-9-0,28억원
6547838-9-1,최병욱으로 부터 2루타
6547838-9-2,경기에서 투수 최병욱
6590288-10-0,시즌에 이호준의
6590288-10-1,와이번스와의 경기에서 신재웅
6547804-10-0,2015년
6547804-10-1,성공하면서
6547804-10-2,63득점
6547838-10-0,안타
6547838-10-1,성공하면서
6547838-10-2,2타점
6590288-11-0,2016년
6590288-11-1,박석민에게
6547804-11-0,2016년 5월
6547804-11-1,박석민
6547804-11-2,10번째
6547838-11-0,2루타
6547838-11-1,1200경기
6547838-11-2,박석민에게
6590288-12-0,두산 베어스의 감독을 맡
6590288-12-1,2008년
6547804-12-0,2차
6547804-12-1,2008년 3월
6547804-12-2,3-2
6547838-12-0,진갑용 대신 대주자
6547838-12-1,엔트리
6547838-12-2,예선
6590288-13-0,대주자
6590288-13-1,출장해 1라운드
6547804-13-0,같은 팀 김현수
6547804-13-1,5-3
6547838-13-0,3안타
6547838-13-1,일본과의
6547838-13-2,10회초 스즈키 이치로
6590288-14-0,날려버려 두산의 이종욱이다
6590288-14-1,라이더의 'In The
6547804-14-0,2위(212개
6547804-14-1,날려버려 두산의 이종욱이다
6547804-14-2,종박(종욱+옹박
6547838-14-0,도루 능력
6547838-14-1,시즌 전에 그를 보
6547838-14-2,날려버려 두산의
6590288-15-0,영남대학교
6590288-15-1,둘은 후원회인 ‘시종회
6547804-15-0,선린인터넷고등학교
6547804-15-1,2007년 12월
6547804-15-2,좌우명은 ‘잡초 근성을 갖자
6547838-15-0,양유정씨와 결혼했으며
6547838-15-1,체육학
6547838-15-2,잡초 근성을 갖자
6513675-0-0,레밍
6513675-0-1,작가 베르나르 베르베르
6053701-0-0,자살
6053701-0-1,일어난다.(레밍
6594317-0-0,다음은 미국의 여배우
6594317-0-1,다음은 미국의 여배우
6594317-0-2,미국의 여배우 제시카 채스테인의
6550872-0-0,존 웰스
6550872-0-1,다음은 미국의 여배우
6550953-0-0,스틸
6550953-0-1,같은 무대 연극
6594317-1-0,헬프》로
6594317-1-1,헬프》로
6594317-1-2,라이프
6550872-1-0,라이프
6550872-1-1,헬프》로 채스테인은
6550953-1-0,헬프
6550953-1-1,CIA 요원 마야
6550953-1-2,마다가스카 3: 이번엔 서커스다
6594317-2-0,연기하며 그녀의 브로드웨
6594317-2-1,비행사
6550872-2-0,연기하며 그녀의 브로드웨이
6550872-2-1,비행사
6550953-2-0,연기하며 그녀의 브로드웨이
6550953-2-1,인터스텔라》(2014)와 《마션》(2015
6507863-0-0,로버트 앨런 지머맨(Robert
6507863-0-1,1965년
6507863-0-2,1965년
6657114-0-0,로버트 앨런 지머맨(Robert
6657114-0-1,1941년
6657114-0-2,1965년
6106033-0-0,1960년대
6106033-0-1,로버트 앨런 지머맨(Robert
6507863-1-0,네버 엔딩 투어
6507863-1-1,1994년
6507863-1-2,1980년대
6657114-1-0,50년
6657114-1-1,네버 엔딩 투어
6657114-1-2,공헌으로 평가되는 것
6106033-1-0,범위를 아우르
6106033-1-1,공헌으로 평가되는 것은 작곡·작사다
6507863-2-0,1941년 5월
6507863-2-1,유대인 집안에서 태어나
6507863-2-2,유대인
6657114-2-0,유대인 집안
6657114-2-1,유대
6657114-2-2,제임스 딘을
6106033-2-0,5월 24일
6106033-2-1,중산층 유대인 집안에서
6507863-3-0,1961년
6507863-3-1,우디 거스리
6507863-3-2,거스리
6657114-3-0,1961년
6657114-3-1,1961년
6657114-3-2,딜런
6106033-3-0,1961년
6106033-3-1,우디 거스리
6507863-4-0,그러다 유명 음반
6507863-4-1,Bob Dylan》(1962
6507863-4-2,Bob Dylan》(1962
6657114-4-0,거스리
6657114-4-1,콜롬비아 레코드를 통해
6657114-4-2,음반 《Bob Dylan》(1962
6106033-4-0,그리니치빌리지의 수많은 클럽과 카페
6106033-4-1,딜런은 그리니치빌리지
6507863-5-0,The Freewheelin' Bob Dylan
6507863-5-1,그리니치빌리지에서
6507863-5-2,그리니치빌리지에서
6657114-5-0,The Freewheelin' Bob Dylan
6657114-5-1,자작곡 〈Blowin
6657114-5-2,뉴욕타임스》는 그를
6106033-5-0,The Freewheelin' Bob
6106033-5-1,뉴욕타임스
6507863-6-0,Newport Folk Festival
6507863-6-1,라운즈와 극비리에
6507863-6-2,1965년
6657114-6-0,록이라는 새로운 음악적
6657114-6-1,전직 모델 사라 라운즈와
6657114-6-2,1965년
6106033-6-0,라운즈와
6106033-6-1,1965년
6507863-7-0,우드스탁 근처의 도로에서 모터사이클을
6507863-7-1,투어를 마치고 뉴욕으로
6507863-7-2,뉴욕으로 돌아온 1966년
6657114-7-0,1974년
6657114-7-1,우드스탁
6657114-7-2,4년 가까
6106033-7-0,우드스탁
6106033-7-1,우드스탁
6507863-8-0,멤버인 조지 해리슨이
6507863-8-1,콘서트 포 방글라데시(Concert For
6507863-8-2,Planet Waves
6657114-8-0,시작한 콘서트 투어로부터
6657114-8-1,방글라데시(Concert For Bangladesh
6657114-8-2,Planet Waves
6106033-8-0,멤버인 조지 해리슨
6106033-8-1,포 방글라데시(Concert
6507863-9-0,Hurricane》은 딜런에게 있어 오랜만
6507863-9-1,기원하며 만든 노래 《Hurricane
6507863-9-2,여세를 몰아 새로운
6657114-9-0,허리케인 카터의
6657114-9-1,여세를 몰아 새로운
6106033-9-0,노래 《Hurricane
6106033-9-1,오랜 친구였던 필 오크스
6507863-10-0,Coming》은 기독교 원리주의
6507863-10-1,종교에
6507863-10-2,1978년
6657114-10-0,1979년
6657114-10-1,1978년 그
6657114-10-2,기독교 원리주의에 심취해 가스펠을
6106033-10-0,Slow Train Coming
6106033-10-1,1978년
6507863-11-0,Biograph
6507863-11-1,새 없이 음반 제작
6507863-11-2,새 없이 음반 제작
6657114-11-0,Biograph》(1985년
6657114-11-1,2》(1988
6657114-11-2,올린 작품은 아이러니하게도 과거의
6106033-11-0,음반 《Traveling Wilburys
6106033-11-1,"Biograph》(1985년), 《Knock"
6507863-12-0,Are The World》 프로젝트
6507863-12-1,그가 1980년대
6507863-12-2,트래블링 윌버리스
6657114-12-0,마이클 잭슨
6657114-12-1,트래블링 윌버리스'를
6657114-12-2,딜런이라 불렸던 다이어 스트레이츠
6106033-12-0,World》 프로젝트에 참가한
6106033-12-1,1988년
6507863-13-0,105회
6507863-13-1,Oh Mercy》 이후
6507863-13-2,103회
6657114-13-0,105회 공연
6657114-13-1,7년 만
6657114-13-2,1990년대
6106033-13-0,105회
6106033-13-1,7년 만에
6507863-14-0,소녀와 열정적인 연애
6507863-14-1,살의 이탈리아계 수즈
6507863-14-2,메리
6657114-14-0,수즈
6657114-14-1,열일곱 살의 이탈리아계
6657114-14-2,이탈리아로 긴
6106033-14-0,않은 귀여운 소녀와 열정적
6106033-14-1,고등학교를 갓 졸업한
6507863-15-0,1961년
6507863-15-1,뉴욕 그리니치 빌리지
6507863-15-2,1963년 8월
6657114-15-0,바에즈
6657114-15-1,민권·반전 운동
6657114-15-2,1965년
6106033-15-0,1965년
6106033-15-1,바에즈
6507863-16-0,"Restless Farewell""은 더"
6507863-16-1,파이프-이-오
6507863-16-2,"Restless Farewell""은"
6657114-16-0,미국 포크 음악
6657114-16-1,"가요인 ""Blowing in"
6657114-16-2,통기타 포크
6106033-16-0,밥 딜런이 지
6106033-16-1,딜런이 지
6561799-0-0,엘리자베스(Katheryn Elizabeth
6561799-0-1,가스펠 음악
6209726-0-0,캐서린 엘리자베스(Katheryn Elizabeth
6209726-0-1,Katy Hudson
6209726-0-2,레코드와 계약
6597628-0-0,캐서린 엘리자베스(Katheryn Elizabeth
6597628-0-1,맺고 2001년
6597628-0-2,캐피틀레코드와
6561799-1-0,삼아 논란을 일으킨 싱글
6561799-1-1,Teenage Dream
6209726-1-0,I Kissed A Girl
6209726-1-1,Teenage Dream
6209726-1-2,Prism
6597628-1-0,Teenage Dream
6597628-1-1,Teenage Dream
6597628-1-2,Prism
6561799-2-0,오순절교
6561799-2-1,허드슨
6209726-2-0,허드슨이라는 이름으로
6209726-2-1,허드슨
6209726-2-2,포르투갈계 혈통
6597628-2-0,허드슨이라는 이름으로
6597628-2-1,허드슨
6597628-2-2,종교 학교
6561799-3-0,에그(angeled eggs
6561799-3-1,서핑
6209726-3-0,"일종인 ""럭키 참스(Lucky Charms"
6209726-3-1,9살때
6209726-3-2,처음으로 기타
6597628-3-0,주로 가스펠
6597628-3-1,9살때
6597628-3-2,13살 생일때
6561799-4-0,잠시 동안 이탈리아어 오페
6561799-4-1,발라드
6209726-4-0,동안 이탈리아어 오페라 공부
6209726-4-1,Strangely Normal Tour라
6209726-4-2,글렌 발라드와 함
6597628-4-0,아카데미에 등록해 잠시 동안
6597628-4-1,Katy Hudson
6597628-4-2,2003년
6561799-5-0,컬럼비아
6561799-5-1,택시라는 작
6209726-5-0,컬럼비아
6209726-5-1,2004년
6597628-5-0,컬럼비아
6597628-5-1,2004년
6561799-6-0,청바지 돌려입기》의 사운드트랙
6561799-6-1,Goodbye for Now
6209726-6-0,Simple〉은
6209726-6-1,The Next Big Thing
6209726-6-2,2006년
6597628-6-0,청바지 돌려입기
6597628-6-1,2006년에는
6597628-6-2,Goodbye
6561799-7-0,제이슨 플롬에게
6561799-7-1,Girl〉과 〈Hot n Cold
6209726-7-0,2007년
6209726-7-1,잡지 《Restless Style
6209726-7-2,컬럼비아와 헤어진 후
6597628-7-0,2007년
6597628-7-1,I Kissed a Girl
6597628-7-2,2008년 3월
6561799-8-0,One of the Boys
6561799-8-1,Thinking of
6209726-8-0,2009년
6209726-8-1,One of the Boys
6209726-8-2,2009년
6597628-8-0,2008년
6597628-8-1,9위
6597628-8-2,2009년
6561799-9-0,Tour
6561799-9-1,200
6209726-9-0,2008년
6209726-9-1,투어 Hello Katy Tour
6209726-9-2,노다웃의 Summer Tour
6597628-9-0,2008년 11월
6597628-9-1,2009년
6597628-9-2,노다웃의 Summer Tour
6561799-10-0,대부분의 사람들
6561799-10-1,인도 라자스탄에서
6209726-10-0,I Kissed a Girl〉은
6209726-10-1,컴백 록스타
6209726-10-2,라자스탄
6597628-10-0,비판했으며 LGBT 측
6597628-10-1,2008년 12월
6597628-10-2,9월에 열린 2009
6561799-11-0,29일 스눕 독이
6561799-11-1,디지팩으로
6209726-11-0,California Gurls
6209726-11-1,"192,000"
6209726-11-2,영국
6597628-11-0,The X Factor
6597628-11-1,California Gurls
6597628-11-2,30일 전 세계
6561799-12-0,"E.T.""를"
6561799-12-1,Teenage Dream은 한 앨범
6209726-12-0,"싱글 ""E.T.""를"
6209726-12-1,California Dreams Tour
6209726-12-2,"퍼르""라는"
6597628-12-0,E.T
6597628-12-1,Last Friday
6597628-12-2,The One That
6561799-13-0,개구쟁이 스머프
6561799-13-1,아티스트
6209726-13-0,개구쟁이 스머프
6209726-13-1,3위
6209726-13-2,2012년
6597628-13-0,2011년 7월
6597628-13-1,2011년
6597628-13-2,2012년 1월
6561799-14-0,보그》와
6561799-14-1,Unconditionally
6209726-14-0,앨범 Prism 작업을
6209726-14-1,Roar
6597628-14-0,2012년 11월
6597628-14-1,2013년
6597628-14-2,2013년
6561799-15-0,2015년
6561799-15-1,Dark Horse
6209726-15-0,2014년
6209726-15-1,2014년
6209726-15-2,2015년 9월 27일
6597628-15-0,1위
6597628-15-1,Dark Horse
6597628-15-2,2014년
6561799-16-0,표현의 자유 프로젝트 계획
6561799-16-1,쥬랜더 리턴즈
6209726-16-0,2013년 7월
6209726-16-1,Bitch I'm Madonna
6209726-16-2,Katy Perry
6597628-16-0,출연했
6597628-16-1,Katy Perry
6597628-16-2,2016년 2월
6561799-17-0,싱글 〈rise〉를 발매하
6561799-17-1,올림픽
6209726-17-0,rise
6209726-17-1,"8월, 페리"
6597628-17-0,2016년 7월
6597628-17-1,2016년 하계
6597628-17-2,14일
6561799-18-0,Killer Queen
6561799-18-1,킬러 퀸(Killer Queen
6209726-18-0,Killer Queen
6209726-18-1,킬러 퀸(Killer Queen
6209726-18-2,Pet Sounds를
6597628-18-0,가스펠
6597628-18-1,퀸(Killer Queen
6561799-19-0,모리세트
6561799-19-1,받았다
6209726-19-0,Little Pill
6209726-19-1,팝 록 가수
6597628-19-0,글렌 발라드
6597628-19-1,케이티
6561799-20-0,사랑 등의 주제
6561799-20-1,Prism
6209726-20-0,Teenage Dream
6209726-20-1,Teenage Dream
6597628-20-0,One of the Boys
6597628-20-1,Teenage Dream
6597628-20-2,Prism
6561799-21-0,비통에
6561799-21-1,I Kissed a Girl
6209726-21-0,삶의 특정 순간에서
6209726-21-1,특히 작곡 과정에
6209726-21-2,영국의 테블로이드판 《데일리 메일
6597628-21-0,Ur So Gay
6597628-21-1,"활동하는데, 애슐리 티스데일(""Time's Up"
6561799-22-0,스타카토
6561799-22-1,콘트랄토
6209726-22-0,콘트랄토
6209726-22-1,Prism 콘서트 홍보 리뷰
6597628-22-0,가디언》의
6597628-22-1,musicOMH》의 대런 하비
6561799-23-0,이러한 패션의
6561799-23-1,유머스러함
6209726-23-0,드레스는 이러한 패션
6209726-23-1,보그》에서는
6209726-23-2,글래머》에서는
6597628-23-0,페퍼민트 소용돌
6597628-23-1,세븐틴》에서
6561799-24-0,전통 힌두식으로 식
6561799-24-1,브랜드
6209726-24-0,2012년
6209726-24-1,10월에는 브랜드
6597628-24-0,겟 힘 투 더
6597628-24-1,인도 라자스탄 주
6597628-24-2,사유는 아이 문제
6561799-25-0,Dark Horse
6561799-25-1,Roar〉의 뮤직비디오도
6209726-25-0,5번
6209726-25-1,14번
6209726-25-2,Dark Horse
6597628-25-0,14번
6597628-25-1,Teenage Dream
6597628-25-2,Dark Horse
6531623-0-0,원주실업전문학교
6531623-0-1,30일에 상지대학교
6531627-0-0,학장에 원홍묵이
6531627-0-1,1963년
6531627-0-2,1989년
6463146-0-0,학교법
6463146-0-1,원주실업전문학교
6463146-0-2,학교법인
6531623-1-0,취임하
6531623-1-1,천진공업대학과
6531627-1-0,임시이사들
6531627-1-1,박사가 총장
6531627-1-2,박사 총장 취임
6463146-1-0,취임하
6463146-1-1,천진공업대학과
6463146-1-2,2014년 8월
6531623-2-0,1989년
6531623-2-1,재단반환 소송을 내었으
6531627-2-0,1973년
6531627-2-1,2007년
6531627-2-2,1993년 3월
6463146-2-0,이사장
6463146-2-1,김문기 반대
6511412-0-0,샤블리’라
6511412-0-1,샤블리’라
6511412-0-2,선선한 기후의 북쪽
6531709-0-0,4000 헥타르
6531709-0-1,명칭)라는 규제
6139006-0-0,샤블리’라는
6139006-0-1,샤르도네 붐
6511412-1-0,100% 샤르도네 품종
6511412-1-1,샤르도네
6511412-1-2,보관 기간이 긴
6531709-1-0,샤르도네 품종
6531709-1-1,샤블리
6139006-1-0,100% 샤르도네 품종
6139006-1-1,부각시키고자
6139006-1-2,숙성됨
6511412-2-0,40개
6511412-2-1,보편적으로
6531709-2-0,보편적으로
6531709-2-1,40개
6139006-2-0,40개
6139006-2-1,0.5%
6534018-0-0,4년마다
6534018-0-1,2월에
6656930-0-0,동계 올림픽
6656930-0-1,동계 올림픽
6656930-0-2,올림픽)은 4년마다 개최되
6047160-0-0,4년마다
6047160-0-1,1924년
6534018-1-0,안트베르펜에서
6534018-1-1,프랑스
6656930-1-0,벨기에 안트베르펜에서
6656930-1-1,벨기에 안트베르펜에서 1920년
6656930-1-2,독립적
6047160-1-0,안트베르펜에서
6047160-1-1,1925년
6047160-1-2,샤모니
6534018-2-0,역사를 통틀어 유일하게 하계
6534018-2-1,1932년
6656930-2-0,17개국
6656930-2-1,252명의
6656930-2-2,14개
6047160-2-0,1932년
6047160-2-1,14개의
6047160-2-2,남자 4인승 봅슬레
6534018-3-0,생모리츠
6534018-3-1,1920년
6656930-3-0,올림픽을 개최하게
6656930-3-1,차례 개최한 도시
6656930-3-2,1928년
6047160-3-0,생모리츠
6047160-3-1,획득한 국가가 10개국
6047160-3-2,동계 올림픽
6534018-4-0,성화주자 귀도 카롤리가
6534018-4-1,텔레비전
6656930-4-0,코르티나담페초
6656930-4-1,대회
6656930-4-2,1960년
6047160-4-0,대회를 유치하려다 전쟁으로 실패한
6047160-4-1,대회
6047160-4-2,1956년
6534018-5-0,프랑스
6534018-5-1,200만 달러의
6656930-5-0,올림픽은 프랑스의 그르노블 마을
6656930-5-1,프랑스
6656930-5-2,200만
6047160-5-0,1968년
6047160-5-1,35개 경기
6047160-5-2,200
6534018-6-0,1972년
6534018-6-1,올림픽은 일본 삿포로에서 열렸는데
6656930-6-0,선수
6656930-6-1,알파인스키
6656930-6-2,1972년
6047160-6-0,일본 삿포로
6047160-6-1,일본 삿포로에서 열렸는데 북미
6534018-7-0,통합경기장을 처음
6534018-7-1,인스부르크
6656930-7-0,밴쿠버-가리발디
6656930-7-1,인스부르크
6534018-8-0,1932년
6534018-8-1,한편으로 미국의 에릭 하이든이
6656930-8-0,중화인민공화국
6656930-8-1,중화인민공화국
6656930-8-2,선수단
6047160-8-0,중화민국
6047160-8-1,선수단
6534018-9-0,유고슬라비아
6534018-9-1,1980년
6656930-9-0,유고슬라비아
6656930-9-1,유고슬라비아
6656930-9-2,8년
6047160-9-0,볼레로>에 맞춰 완벽한
6047160-9-1,8년
6047160-9-2,유고슬라비아
6534018-10-0,캐나다 캘거리에서 16일간
6534018-10-1,스피드스케이팅
6656930-10-0,캐나다 캘거리
6656930-10-1,1994년
6656930-10-2,캐나다 캘거리에서 16일간
6047160-10-0,캘거리에서 16일간
6047160-10-1,1994년
6534018-11-0,토니 니에미넨은 불
6534018-11-1,금메달
6656930-11-0,금메달
6656930-11-1,올림픽은 하계 올림픽과 같
6656930-11-2,올림픽은 하계 올림픽과 같
6047160-11-0,1992년
6047160-11-1,16살
6047160-11-2,알파인스키 여자 회전
6534018-12-0,동계올림픽
6534018-12-1,대회 폐막식
6656930-12-0,1986년
6656930-12-1,노르웨이
6656930-12-2,노르웨
6047160-12-0,노르웨
6047160-12-1,13세
6534018-13-0,금메달
6534018-13-1,개인종목으로는
6656930-13-0,올림픽은 일본 나가노 현
6656930-13-1,"2,000명이"
6656930-13-2,처음으로
6047160-13-0,1998년
6047160-13-1,분리형
6047160-13-2,3관왕을
6534018-14-0,대회였기 때문
6534018-14-1,"쇼트트랙 남자 1,500m에서"
6656930-14-0,주 솔트레이크시티에서
6656930-14-1,"2,399명"
6656930-14-2,"1,500m에서"
6047160-14-0,"1,500m에서도"
6047160-14-1,은메달
6047160-14-2,올림픽 대회였기
6534018-15-0,이탈리아의 토리노
6534018-15-1,10개
6656930-15-0,동계 올림픽은 이탈리아의 토리노
6656930-15-1,10개의
6656930-15-2,올림픽은 이탈리아의 토리노
6047160-15-0,2006년
6047160-15-1,스위스 연방법원에서 하심 판결을
6047160-15-2,동계올림픽
6534018-16-0,밴쿠버
6534018-16-1,러시아
6656930-16-0,밴쿠버
6656930-16-1,러시아
6656930-16-2,11개
6047160-16-0,2010년
6047160-16-1,11위에
6047160-16-2,2위
6498868-0-0,Lollipop
6498868-0-1,1위
6498868-0-2,이외에도 트랙 중의 하나
6602591-0-0,Tha Carter
6602591-0-1,Lollipop
6602591-0-2,13위
6580160-0-0,"1,700,000"
6580160-0-1,발렌티노
6498868-1-0,랩퍼 에미넴
6498868-1-1,2010년
6498868-1-2,Tha Carter IV
6602591-1-0,2010년 2월
6602591-1-1,는 랩퍼 에미넴
6602591-1-2,1위
6580160-1-0,Money
6580160-1-1,Rebirth
6580160-1-2,의 앨범
6498868-2-0,"964,000만"
6498868-2-1,Tha Carter
6602591-2-0,2011년
6602591-2-1,Tha Carter
6602591-2-2,"964,000만"
6580160-2-0,2011년
6580160-2-1,"964,000만"
6480804-0-0,"기갑전투차량(AFV, armoured"
6480804-0-1,역할이 유사한 보병전투차로
6480804-0-2,장갑차가 대표적
6377400-0-0,계열 차량 개발에
6377400-0-1,"기갑전투차량(AFV, armoured"
6601719-0-0,"기갑전투차량(AFV, armoured fighting vehicle"
6601719-0-1,이용하여 다양한 계열 차량
6480804-1-0,반궤도 차량
6480804-1-1,궤도
6480804-1-2,차량
6377400-1-0,보병
6377400-1-1,반궤도 차량
6601719-1-0,보병전투차(Infantry Fighting Vehicle
6601719-1-1,반궤
6480804-2-0,소련
6480804-2-1,궤도식
6480804-2-2,궤도식 보병전투차의 가치가
6377400-2-0,현대 보병전투차는 소련에서 처음
6377400-2-1,현대 보병전투차는 소련에서 처음
6601719-2-0,처음 개발한 BMP-1이며
6601719-2-1,처음 개발한 BMP-1이며
6480804-3-0,대전차미사일
6480804-3-1,대전차미사일
6480804-3-2,대전차미사일
6377400-3-0,대전차미사일
6377400-3-1,30mm
6601719-3-0,Ports
6601719-3-1,Ports
6480804-4-0,자주포
6480804-4-1,방어력
6480804-4-2,탑재한 염가형의
6377400-4-0,방어력
6377400-4-1,삭감 등의 이유로 상용
6601719-4-0,M109 자주포도
6601719-4-1,방어력
6049885-0-0,딥 임팩트
6049885-0-1,혜성 템펠 1(9P/템펠)의 내부
6049885-0-2,05:52
6534065-0-0,딥 임팩트
6534065-0-1,충돌기
6534065-0-2,충돌기
6049885-1-0,2개
6049885-1-1,가시광 카메라
6049885-1-2,탐색용
6534065-1-0,2개의
6534065-1-1,백업용 장치
6534065-1-2,분석 장치(스펙트럼
6049885-2-0,충돌구
6049885-2-1,충돌기
6049885-2-2,150m임을
6534065-2-0,17번
6534065-2-1,174일
6534065-2-2,"구리 탄환이고, 1.96×10^"
6049885-3-0,표면에서의 폭발을
6049885-3-1,100km
6534065-3-0,이후(22일
6534065-3-1,결정하기 위해 먼 별
6534065-3-2,100km
6049885-4-0,먼지 구름
6049885-4-1,충돌구
6534065-4-0,13일 동안
6534065-4-1,10만~25
6049885-5-0,혜성
6049885-5-1,모래보다는 활석 가루
6534065-5-0,활석 가루와
6534065-5-1,때 물이
6049885-6-0,스타더스트
6049885-6-1,1 혜성에서
6534065-6-0,2011년
6534065-6-1,200
6534065-7-0,전문가들
6534065-7-1,"충돌할 것이다.""라며"
6049885-8-0,러시아
6049885-8-1,10cm 정
6534065-8-0,베이는 NASA를 상대로
6534065-8-1,러시아
6534065-8-2,10cm 정
6049885-9-0,연구소의 웹사이트에서 자신
6049885-9-1,혜성에 당신의 이름
6534065-9-0,5천 명의
6534065-9-1,탐사선
5914551-0-0,1905년
5914551-0-1,기념사업으로 도서관을 준공
5914551-0-2,안암동으로
6533861-0-0,된 보성전문학교(普成專門學校
6533861-0-1,1905년
6533861-0-2,1905년
6474998-0-0,보성’(普成
6474998-0-1,1905년 5월
5914551-1-0,경영대학
5914551-1-1,86위
5914551-1-2,1위
6533861-1-0,고려대학교
6533861-1-1,150위에
6533861-1-2,출신자는 189명
6474998-1-0,고려대학교
6474998-1-1,2009년
5914551-2-0,26위
5914551-2-1,100위권
5914551-2-2,20개
6533861-2-0,2위를
6533861-2-1,2위를
5914551-3-0,2017년 기준
5914551-3-1,자유전공학부
5914551-3-2,사이버국방학과
6533861-3-0,17개
6533861-3-1,5개
6533861-3-2,2009학년도
6474998-3-0,2017년
6474998-3-1,단과대학
6474998-3-2,사이버국방학과
5914551-4-0,가운데 본교
5914551-4-1,대규모
6533861-4-0,브리티시컬럼비아 대학교
6533861-4-1,본교
6533861-4-2,교환학생
5914551-5-0,2004학년
5914551-5-1,5과목
5914551-5-2,졸업요건
6533861-5-0,2학년
6533861-5-1,5과목
6474998-5-0,졸업요건
6474998-5-1,졸업요구조건
5914551-6-0,안암캠퍼스)는 인문·사회계
5914551-6-1,인문사회계지역
5914551-6-2,창조캠퍼스라는 이름으로
6533861-6-0,캠퍼스
6533861-6-1,약 52만m 규모로 한국토지주택공사
6533861-6-2,홈페이지에서는 서울캠퍼스
6474998-6-0,전체적으로 건물 양식이
6474998-6-1,창조캠퍼스라는 이름
5914551-7-0,고려대학교
5914551-7-1,고려대학교
5914551-7-2,우석대학교
6533861-7-0,2004년
6533861-7-1,정릉캠퍼스
6533861-7-2,2015년
6474998-7-0,정릉캠퍼스
6474998-7-1,정릉캠퍼스
5914551-8-0,사거리
5914551-8-1,주요한 상권이었으나 안암병원
5914551-8-2,개통을 계기로
6533861-8-0,6호선
6533861-8-1,제기동
5914551-9-0,학도호국단
5914551-9-1,학도호국단
5914551-9-2,총학생회
6533861-9-0,1965년
6533861-9-1,1960년
6533861-9-2,48대
6474998-9-0,1960년
6474998-9-1,총학생회
6474998-9-2,선출되고 있으
5914551-10-0,박람회
5914551-10-1,185개의
5914551-10-2,동아리 박람회
6533861-10-0,박람회
6533861-10-1,3월 중에
6533861-10-2,185개
6474998-10-0,185개
6474998-10-1,박람회(-博覽會; 약칭 '동박
5914551-11-0,구국대장정
5914551-11-1,1969년
5914551-11-2,4·19 혁명의 도화선이
6533861-11-0,1969년
6533861-11-1,구국대장정
6533861-11-2,18일에는 4·19 혁명
6474998-11-0,구국대장정
6474998-11-1,1969년
5914551-12-0,석탑대동제(石塔大同祭)라
5914551-12-1,별도의 행사
5914551-12-2,1962년
6533861-12-0,대동제’라는 이름
6533861-12-1,2011년
6533861-12-2,교내 구성원 간
5914551-13-0,체이홉
5914551-13-1,코시코
6533861-13-0,코시코
6533861-13-1,입실렌티
6533861-13-2,코시치우슈코로
6474998-13-0,마르크스
6474998-13-1,카시코시 코시코
5914551-14-0,고연전
5914551-14-1,정기 고연전
5914551-14-2,고연전
6533861-14-0,고연전
6533861-14-1,9월에
6533861-14-2,정기 고연전
6474998-14-0,9월에
6474998-14-1,아이스하키부 등 5개
6569816-0-0,열린북한방송
6569816-0-1,2011년
6359464-0-0,열린북한방송
6359464-0-1,제 20대
6359464-0-2,열린북한방송
6569816-1-0,2010년
6569816-1-1,방문하여
6359464-1-0,국제형사재판소를 방문하여
6359464-1-1,지지를 이끌어내는 활동들을 전개하
6569816-2-0,83개
6569816-2-1,국제사법재판소(ICC)에 회부토록
6359464-2-0,열린 유엔 인권이사회(UNHRC
6359464-2-1,1일 '보편적 정례인권검토'(UPR) 실무회
6569816-3-0,통합진보당
6569816-3-1,후보에게 과거 경력
6359464-3-0,이석기
6359464-3-1,하태경
6569816-4-0,"개탄스럽다""며 국정원 개혁"
6569816-4-1,"개탄스럽다""며 국정원 개혁"
6359464-4-0,"페이스북에 ""만약 국정원 직원"
6359464-4-1,한국이 이번
6569816-5-0,가습기살균제
6569816-5-1,생활화학제품회사
6359464-5-0,2016년
6359464-5-1,가습기살균제
6359464-5-2,생활화학제품회사 <헨켈홈케어코리아
6569816-6-0,분쟁지역
6569816-6-1,1.5%밖
6359464-6-0,분쟁지역
6359464-6-1,전체 3380건
6657051-0-0,키카이다 01
6657051-0-1,주인공들을 서포트한 타치바나 토우베
6588881-0-0,주인공들을 서포트한 타치바
6588881-0-1,제5화
6657051-1-0,35화
6657051-1-1,20%
6657051-1-2,"아폴로가이스트, 실제"
6588881-1-0,20%
6588881-1-1,"라이벌 캐릭터인 아폴로가이스트, 실제"
6588881-1-2,35화
6657051-2-0,다쳤을 때에 아버지에게
6657051-2-1,제9화 전반에 있어서의
6588881-2-0,케이스
6588881-2-1,료코의 행동
6588881-2-2,케이스케(神 啓介)」라고 잘못
6588881-3-0,요주의 인물
6588881-3-1,라이더로부터
6657051-4-0,크루저 어택(「괴인 패닉(=판
6657051-4-1,플라즈마 에너지에 의해서
6588881-4-0,시속은 700km
6588881-4-1,적색과 흰색
6657051-5-0,아폴로가이스트 휘하
6657051-5-1,노로이(저주
6588881-5-0,과거의
6588881-5-1,하는 형태로
6657051-6-0,카와카미 박사(생체
6657051-6-1,은빛의 선
6588881-6-0,입혀져 있다(2개를 합쳐
6588881-6-1,가이스트
6657051-7-0,난바라 박사
6657051-7-1,31화에서
6588881-7-0,최종화에 체내에 잠입한
6588881-7-1,괴인 사이즈의 모습
6657051-8-0,독일군
6657051-8-1,깃털를
6588881-8-0,"검정)라는 모습으로, 권총을"
6588881-8-1,깃털를
6358308-0-0,It Came from
6358308-0-1,2011년
6569346-0-0,2011년
6569346-0-1,It Came from
6569379-0-0,1천 명
6569379-0-1,2011년
6358308-1-0,26개의
6358308-1-1,2010년
6569346-1-0,2010년
6569346-1-1,26개
6569346-1-2,Fry Song〉을
6569379-1-0,2010년 4월
6569379-1-1,26개
6569379-1-2,Loyalty
6358308-2-0,캘리포니아 주의 버뱅크에서
6358308-2-1,Guardians of Sunshine
6569346-2-0,주의 버뱅크
6569346-2-1,에피소드
6569346-2-2,에피소드 〈Guardians
6569379-2-0,캘리포니아 주의 버뱅크
6569379-2-1,에피소드
6569379-2-2,Guardians of Sunshine
6358308-3-0,스튜디오
6358308-3-1,스튜디오와 프레드레이터
6569346-3-0,벤턴 코너
6569346-3-1,감독인 패트릭 맥헤일
6569379-3-0,감독인 패트릭 맥헤일
6569379-3-1,에피소드
6358308-4-0,작품
6358308-4-1,제작자
6569346-4-0,성우에는 제러미 셰이다(핀
6569346-4-1,니키 양은 핀
6569346-4-2,리치(The Lich
6569379-4-0,작품
6569379-4-1,베티 워드(Bettie Ward
6569379-4-2,목소리는 론 펄먼이 맡았다
6358308-5-0,에이커스
6358308-5-1,에이커스
6569346-5-0,역할을 맡
6569346-5-1,멀린다 힐은 〈The
6569346-5-2,에이커스
6569379-5-0,마르셀린
6569379-5-1,역할을 맡
6569379-5-2,버블검 공주
6358308-6-0,2010년 10월
6358308-6-1,Loyalty to the King
6569346-6-0,250만 명
6569346-6-1,35%
6569346-6-2,2부작
6569379-6-0,2010년
6569379-6-1,254
6569379-6-2,Mortal Folly
6358308-7-0,중에서 이 편이 ‘최고
6358308-7-1,매트 파울러(Matt Fowler
6569346-7-0,DVD
6569346-7-1,매트 파울러(Matt Fowler
6569346-7-2,2011년
6569379-7-0,에피소드
6569379-7-1,매트 파울러(Matt Fowler)는 이
6569379-7-2,프라임타임 에미상
6569346-8-0,타임스》(Bucks County Courier Times
6569346-8-1,DVD 토크》의 타일러 포스터는
6569379-8-0,포스터
6569379-8-1,DVD 토크》의 타일러 포스터는
6358308-9-0,2013년 6월 4일
6358308-9-1,에피소드
6569346-9-0,2013년
6569346-9-1,2013년 6월 4일
6569346-9-2,에피소드가 훌루
6569379-9-0,2013년 6월 4일
6569379-9-1,2014년 3월
6569379-9-2,훌루에서
6592429-0-0,1797년
6592429-0-1,피슈그뤼
6592429-0-2,피슈그뤼
6548931-0-0,피슈그뤼
6548931-0-1,피슈그뤼
6548931-0-2,사전 작업의 결과
6548933-0-0,모로는
6548933-0-1,군에
6548933-0-2,피슈그뤼
6592429-1-0,보나파르트
6592429-1-1,전사하자 모로는 제노바
6592429-1-2,모로는
6548931-1-0,장군이 이탈리아에 필요해
6548931-1-1,이탈리아
6548931-1-2,뤽상부르 궁전(Luxembourg Palace
6548933-1-0,알렉산드르 수보로프
6548933-1-1,전투에서 주베르
6548933-1-2,보나파르트
6592429-2-0,모로를 라인 군 사령관에
6592429-2-1,나폴레옹
6592429-2-2,"클럽 모로""(Club Moreau"
6548931-2-0,나폴레옹
6548931-2-1,나폴레옹
6548931-2-2,"클럽 모로""(Club"
6548933-2-0,나폴레옹
6548933-2-1,나폴레옹
6548933-2-2,모로의 아내는 나폴레옹
6592429-3-0,장원을 구입해 1806년 뉴저지에
6592429-3-1,대통령으로부터
6592429-3-2,기꺼이 받아들였지만 곧 러시아
6548931-3-0,1806년
6548931-3-1,1806년
6548931-3-2,대통령으로부터
6548933-3-0,강(Delaware River) 근처 장원
6548933-3-1,매디슨 대통령
6592429-4-0,하사받았으나 모로의 동향인들
6592429-4-1,드레스덴 전투에서
6592429-4-2,스웨덴
6548931-4-0,드레스덴 전투에서
6548931-4-1,1813년 8월
6548931-4-2,모로
6548933-4-0,드레스덴 전투에서
6548933-4-1,원수(maréchal)의
6548933-4-2,"변절자"" 라며"
6550893-0-0,측정하
6550893-0-1,윌리엄 톰슨
6550956-0-0,1847년
6550956-0-1,1847년
6550893-1-0,1840년
6550893-1-1,아니라 줄은 에피누스
5871785-1-0,전자기에 관한 연구로
5871785-1-1,전에 양조장에서 매니저
5871785-1-2,1838년
6550956-1-0,1838년
6550956-1-1,전기
6550893-2-0,5백의
6550893-2-1,측정한 열의 효과
6550956-2-0,줄은 1843년
6550956-2-1,라부아지에
6504781-0-0,오슈(奥州)로도
6504781-0-1,엔기시키》에는
6087592-0-0,무쓰노쿠니
6087592-0-1,중국풍으로 줄여서 오슈(奥州)로
6504781-1-0,6세기까지
6504781-1-1,이름을 미치노오쿠(道奧
6087592-1-0,미치노오쿠
6087592-1-1,구니노미야쓰코
6514665-1-0,국 풍토기(常陸國風土記
6514665-1-1,10개였으
6087592-2-0,기쿠다 군은 그대로 무쓰
6087592-2-1,떨어져나와 새로 성립한
6514665-2-0,2년(718년
6514665-2-1,기쿠다 군
6504781-3-0,무츠아제치(陸奥按察使
6504781-3-1,성에 있는
6087592-3-0,맡았으며 진슈후의 장군
6087592-3-1,에미시 정벌로
6514665-3-0,진슈후
6514665-3-1,진슈쇼군
6504781-4-0,와메이뤼쥬쇼(和名類聚抄)》에 따르면
6504781-4-1,않는 물품이었던 사금
6504781-4-2,쇼무 천황(聖武天皇
6087592-4-0,9백 냥
6087592-4-1,무쓰
6514665-4-0,와메이뤼쥬쇼(和名類聚抄
6514665-4-1,않는 물품이었던 사금
6514665-5-0,후지와라씨 일족
6514665-5-1,씨(奧州藤原氏
6504781-6-0,고무라카미 천황)이
6504781-6-1,무로마치 막부
6087592-6-0,단다이(奧州探題
6087592-6-1,집안
6514665-6-0,천황(後醍醐天皇
6514665-6-1,무로마치 막부
6513897-0-0,제프리 애머스트
6513897-0-1,제프리 애머스트와 제임스 에버크롬비
6064886-0-0,프랑스군
6064886-0-1,프랑스군
6513897-1-0,카리용 요새
6513897-1-1,프레드릭 요새
6064886-1-0,애머스트 장군의
6064886-1-1,챔플레인 호수 북단
6513897-2-0,마르티니크
6513897-2-1,로얄 요새에
6064886-2-0,해에서 프랑스군을 격파할 작전
6064886-2-1,"12일, 전체"
6513897-3-0,스페인
6513897-3-1,조인된 파리 조약
6064886-3-0,스페인
6064886-3-1,조인된 파리 조약
6528125-0-0,크리스
6528125-0-1,크리스
6528125-0-2,이야기
6470628-0-0,이야기
6470628-0-1,로즈
6527229-0-0,크리스
6527229-0-1,크리스
5900463-0-0,73일째
5900463-0-1,73일째
5900463-0-2,민족대이동'이라고
6560473-0-0,추석
6560473-0-1,추석에는 일가친척이
6560473-0-2,민족대이동
6560505-0-0,추석에는 일가친척이
6560505-0-1,추석
5900463-1-0,신령
5900463-1-1,신령
5900463-1-2,"사당제(祠堂祭), 이제(爾祭"
6560473-1-0,신령
6560473-1-1,신령
6560505-1-0,신령
6560505-1-1,강신(降神
5900463-2-0,신위(神位)라
5900463-2-1,거행할 수 있도록
6560473-2-0,위령미사
6560473-2-1,상장 예식》에
6560505-2-0,2003년
6560505-2-1,신위(神位)라
6532634-0-0,1935년
6532634-0-1,1991년
6532634-0-2,182개
6537159-0-0,1987년
6537159-0-1,대학으로
6519025-0-0,순천공립농업학교
6519025-0-1,1982년
6519025-0-2,대학원
6532634-1-0,1987년
6532634-1-1,15개국
6532634-1-2,21기관
6537159-1-0,10개 학과
6537159-1-1,15개국
6519025-1-0,21기관
6519025-1-1,5개
6519025-1-2,15개국
6532634-2-0,1979년
6532634-2-1,1991년
6532634-2-2,2001년
6537159-2-0,2001년
6537159-2-1,2001년
6519025-2-0,2001년
6519025-2-1,순천농업전문대학 도서관으로
6532634-3-0,"7,400여"
6532634-3-1,강운 최승효 유족으로부터 총
6532634-3-2,전라남도 동부지역 최초의
6537159-3-0,"7,400여"
6537159-3-1,6000여
6519025-3-0,"7,400여"
6519025-3-1,순천대학교
6519025-3-2,1987년 9월
6532634-4-0,고고전시실과 강운전시실로
6532634-4-1,고고전시실
6532634-4-2,"6,000점의"
6537159-4-0,전시되어
6537159-4-1,동부지역
6519025-4-0,최승효 유족으로부터
6519025-4-1,전시되어 있
6532634-5-0,228명인
6532634-5-1,1982년
6532634-5-2,학생기숙사
6537159-5-0,240명
6537159-5-1,240명
6519025-5-0,순천대학교
6519025-5-1,2002년
6532634-6-0,2003년
6532634-6-1,복합 건물로 지하1층
6532634-6-2,우석홀이라 부르기도
6537159-6-0,86억원
6537159-6-1,86억원을
6519025-6-0,개교 70주년
6519025-6-1,우석홀이라
6532634-7-0,2015년
6532634-7-1,600일
6532634-7-2,황의빈 회장
6537159-7-0,12월
6537159-7-1,9월까지
6519025-7-0,국제문화컨벤션관
6519025-7-1,황의빈 회장
6519025-7-2,혁성실업(주
6532634-8-0,언어교육팀
6532634-8-1,"어학관련 위탁교육실시, 시민"
6532634-8-2,국제교류팀
6537159-8-0,언어교육팀
6537159-8-1,인증대학
6519025-8-0,구성되어 있으며 국제교류팀
6519025-8-1,국제교류팀
6532634-9-0,향림취업향상포인트
6532634-9-1,학생들에게 장학금을
6532634-9-2,취업을 돕기 위한 제도
6537159-9-0,향림취업향상포인트
6537159-9-1,학생들
6519025-9-0,향림취업향상포인트
6519025-9-1,학생들
6532634-10-0,2007년
6532634-10-1,경제활동
6537159-10-0,지속적
6537159-10-1,13개
6519025-10-0,여대생커리어개발센터
6519025-10-1,2007년
6532634-11-0,종교 분과로
6532634-11-1,동아리회
6537159-11-0,"학술분과, 문예분과, 취체분과, 종교"
6537159-11-1,학술분과
6519025-11-0,학술분과
6519025-11-1,문예분과
6519025-11-2,위해서는 동아리회에 의해 선발
6532634-12-0,1984년
6532634-12-1,1984년
6532634-12-2,방송실 개편 (S.C.B
6537159-12-0,1984년
6537159-12-1,1984년
6519025-12-0,1984년
6519025-12-1,1984년
6532634-13-0,인쇄전자공학과
6532634-13-1,2013년
6537159-13-0,인쇄전자
6537159-13-1,특성화 대학원 학과
6519025-13-0,인쇄전자
6519025-13-1,2009년
5865047-0-0,디스플레이
5865047-0-1,디스플레
6593370-0-0,디스플레이
6593370-0-1,반응속도가 느린
6549657-0-0,전자종이
6549657-0-1,화소가 빛나도록 백라이트
5865047-1-0,이동했을 경우에
5865047-1-1,이동했을 경우에
6593370-1-0,"이동했을 경우에, 흰색을"
6593370-1-1,"이동했을 경우에, 검은색을 보여주게"
6549657-1-0,이산화타이타늄 입자
6549657-1-1,"이동했을 경우에, 흰색을 보여주게"
6549657-1-2,"경우에, 검은색을"
6593370-2-0,쌍안정 액정 디스플레이 기술기반
6593370-2-1,상태 (Uniform
6549657-2-0,쌍안정
6549657-2-1,Uniform
6549657-2-2,자연에 가까운 흰색
5865047-3-0,종이로 제작되었더라도
5865047-3-1,다른 어떤 디스플레이보다
6593370-3-0,스케치와 동일한 전자기기를 포함하는
6593370-3-1,"낮은 전력소비, 휨성과 편안한"
6549657-3-0,전자종이
6549657-3-1,전자종이
6484808-0-0,동점 적시타
6484808-0-1,후쿠오카 소프트뱅크 호크스전
6484808-0-2,3.41
6028947-0-0,마쓰다
6028947-0-1,계투로 등판하면서 뚜렷한 결과
6484808-1-0,시범 경기
6484808-1-1,오릭스의
6484808-1-2,1993년의
6028947-1-0,17일의 라쿠텐전에 등판해
6028947-1-1,승리 투수
6484808-2-0,8월 4일
6484808-2-1,약 2개월 만
6484808-2-2,이름이 담겨져 있는 사진집
6028947-2-0,3실점
6028947-2-1,8월 4일
6484808-3-0,오른쪽 어깨
6484808-3-1,2000년
6484808-3-2,오사카 긴테쓰 버펄로스
6028947-3-0,2000년 오사카
6028947-3-1,2000년 오사카
6490425-0-0,부장판사
6490425-0-1,2015년에
6481522-0-0,2016년
6481522-0-1,2002년
6481522-0-2,부장판사
5995897-0-0,2002년
5995897-0-1,2015년
6524509-0-0,65∼70도
6524509-0-1,2종류의
6657423-0-0,보이는 영역)를 오로라대와
6657423-0-1,2종류의
6541249-0-0,위도
6541249-0-1,오로라대
6524509-1-0,초고층대기
6524509-1-1,진홍빛이고
6657423-1-0,"초고층대기이며, 발광색은"
6657423-1-1,활동적인 커튼형오로라
6541249-1-0,질소분자
6541249-1-1,대표적인 빛은 산소원자가 방출하는
6524509-2-0,주간에서 저녁때
6524509-2-1,인공위성과 로켓에 의한 관측에서도
6657423-2-0,향한다
6657423-2-1,에너지
6541249-2-0,에너지
6541249-2-1,남극으로 향한다) 성분
5842758-0-0,스포츠팀의 마스코트로도
5842758-0-1,1860년대
5842758-0-2,오스트레일리아
6524880-0-0,먹이는 주로 무척추동물들
6524880-0-1,많은 오스트레일리아 스포츠팀의 마스코트로
6524880-0-2,1860년대에
6541265-0-0,주로 무척추동물들
6541265-0-1,수컷들
6541265-0-2,도입되었는데
5842758-1-0,것은 잉글랜드의 조류학자
5842758-1-1,"새를 ""피리부는비둘기(Piping Roller"
5842758-1-2,카락(carrak
6524880-1-0,잉글랜드의 조류학자
6524880-1-1,오스트레일리아까치를 처음 기재한 것은
6524880-1-2,1788년
6541265-1-0,"코라키아스 티비켄""(Coracias tibicen"
6541265-1-1,페인터라는 화가
6541265-1-2,"종까치""(bell-magpie)라는 이름"
5842758-2-0,오스트레일리아까치
5842758-2-1,피리까마귀와 근연관계가
5842758-2-2,1914년
6524880-2-0,오스트레일리아까치
6524880-2-1,까마귀과
6524880-2-2,묶어 백정새과(Cracticidae
6541265-2-0,유라시아
6541265-2-1,"오스트레일리아까치속""(Gymnorhina"
6541265-2-2,검은백정새(Cracticus quoyi)와 자매군이라는 것
5842758-3-0,37 ~
5842758-3-1,65 ~ 85 센티미터
6524880-3-0,목덜미
6524880-3-1,목덜미
6524880-3-2,목덜미
6541265-3-0,부리는 전체적으로 푸르스름한
6541265-3-1,아종의 머리는 검은색
6541265-3-2,흰등오스트레일리아까치는 목덜미
5842758-4-0,오스트레일리아에서 가장 이름난 명금류로
5842758-4-1,quardle oodle ardle
6524880-4-0,35종
6524880-4-1,사람의 말을
6524880-4-2,오스트레일리아까치
6541265-4-0,wardle doodle
6541265-4-1,paddle poodle
5842758-5-0,오스트레일리아까치는 음계를 노래하
5842758-5-1,이를 캐럴(carolling
5842758-5-2,"보통이며, 음높이는 6"
6524880-5-0,70분
6524880-5-1,노래를 녹음한 결과 70분
6524880-5-2,오스트레일리아까치
6541265-5-0,노래
6541265-5-1,시끄러운 울음소리
6541265-5-2,일몰 직후
5842758-6-0,1951년
5842758-6-1,타베우니 서부에
5842758-6-2,1951년
6524880-6-0,뉴질랜드
6524880-6-1,호크스베이 지역에서
6524880-6-2,태즈메이니아
6541265-6-0,1860년대
6541265-6-1,260마리
6541265-6-2,대부분 지역
5842758-7-0,개활지
5842758-7-1,은신처를 삼지
6524880-7-0,대개 땅바닥에 집
6524880-7-1,개활지
6524880-7-2,태즈메이니아에서
6541265-7-0,개활지
6541265-7-1,개체수 감소 원인
6541265-7-2,다만 1902년
5842758-8-0,맹금류
5842758-8-1,"캐럴""을 전략적으로"
6524880-8-0,맹금류
6524880-8-1,맹금류
6524880-8-2,파수꾼 까치가
6541265-8-0,경우엔 파수꾼 까치
6541265-8-1,방어측의 우두머리 또
6541265-8-2,방어측의 우두머리 또는
5842758-9-0,날개 파닥이기(manus flutter
5842758-9-1,공격을 가하기 전에
5842758-9-2,개체들과 어울려
6524880-9-0,날개 파닥이기(manus flutter
6524880-9-1,놀이
6541265-9-0,날개 파닥이기(manus flutter
6541265-9-1,건네주
5842758-10-0,대개 땅 위에서 끼니
5842758-10-1,부리를
5842758-10-2,오스트레일리아까치
6524880-10-0,사탕수수두꺼비를 공중
6524880-10-1,또는 진동을
6524880-10-2,꿀벌이나 말벌류는 삼키기 전에
6541265-10-0,사탕수수두꺼비
6541265-10-1,뒤집어 먹이
6541265-10-2,독침을 문질러서
5842758-11-0,9월 전에는
5842758-11-1,새인 줄무늬보석새(Pardalotus striatus)는 오스트레일리아까치
5842758-11-2,바닥을 개조해서 자기들이 번식하는
6524880-11-0,9월 전에는
6524880-11-1,지역에서는 1월까지 번식기
6524880-11-2,오스트레일리아까치
6541265-11-0,노랑엉덩이가시부리와 윌리할미새
6541265-11-1,유칼립투스이지
6541265-11-2,탁란하는데 오스트레일리아까치는
5842758-12-0,오스트레일리아까치는 연한 파란색
5842758-12-1,부리는 짧고 넙대대하
6524880-12-0,오스트레일리아까치는 연한 파란색 또는
6524880-12-1,알을 2 ~ 5개
6524880-12-2,모양은 타원형이고 크기
6541265-12-0,2 ~ 5개
6541265-12-1,1주일 안
6541265-12-2,개체들
5842758-13-0,8월 말에서
5842758-13-1,개체들은 거의 모두(99%
5842758-13-2,"일이지만, 9%"
6524880-13-0,번식기에 소수의 개체들이 인간에게
6524880-13-1,인간에게
6524880-13-2,10월
6541265-13-0,말에서 10월 초
6541265-13-1,인간에게
6541265-13-2,인간에게
5842758-14-0,거리인 25 킬로미터 밖
5842758-14-1,54항
6524880-14-0,법으로 보호받는 고유종이므
6524880-14-1,귀소본능이
6541265-14-0,거리인 25 킬로미터 밖
6541265-14-1,공격성
5842758-15-0,오스트레일리아까치
5842758-15-1,1901년
5842758-15-2,오스트레일리아까치
6524880-15-0,사우스오스트레일리아
6524880-15-1,오스트레일리아
6524880-15-2,오스트레일리아까치
6541265-15-0,사우스오스트레일리아 주지사 할람 테니슨은
6541265-15-1,FC 콜링우드는 1892년
6541265-15-2,유사하게 1902년
6532114-0-0,세바스토폴
6532114-0-1,크림반도
6532114-0-2,추축국
6517980-0-0,동부전선의 전투 중
6517980-0-1,1941년
6463472-0-0,10월부터 11월까지 추축국은
6463472-0-1,추축국
6463472-0-2,추축국
6532114-1-0,세바스토폴
6532114-1-1,산맥 지역
6532114-1-2,항구
6517980-1-0,소련군의
6517980-1-1,만이 내려다 보이는
6463472-1-0,세바스토폴
6463472-1-1,항구
6532114-2-0,크림반도
6532114-2-1,상급대장 에리히 폰 만슈타인
6532114-2-2,1일에는 크림반도
6517980-2-0,크림반도
6517980-2-1,주도인 심페로폴을 점령했
6463472-2-0,도이칠란트
6463472-2-1,크림반
6532114-3-0,추축국
6532114-3-1,"32,000명이"
6532114-3-2,예피모비치
6517980-3-0,노보로시스크로 출항하여 병력
6517980-3-1,7개
6463472-3-0,제11군은
6463472-3-1,루마니아군은
6477336-0-0,6월 28일 오전
6477336-0-1,6월 28일
6477344-0-0,최고위원
6477344-0-1,이준서 전
6477344-0-2,SBS와
5972568-0-0,이준서 전
5972568-0-1,이유미
5972568-0-2,메시지
6567346-0-0,게임과 마찬가지로 3인칭 오버헤드
6567346-0-1,플레이어는 몬스터볼과 포켓몬
6567346-1-0,7세대
6567346-1-1,기술
6567346-2-0,2014년
6567346-2-1,포켓몬워치(일본어: ポケッチ
6567346-3-0,3단계
6567346-3-1,과자인 '포핀'을 포켓몬
6567346-4-0,플레이어
6567346-4-1,3세대의 소프트웨어
6567346-5-0,떡잎마을에서
6567346-5-1,포켓몬
6567346-6-0,디아루가와 펄기아
6567346-6-1,주인공
6567346-7-0,이와타 사토루
6567346-7-1,2004년
6567346-8-0,이시하라 쓰네카즈
6567346-8-1,라이언 롱은 《포켓몬스터DP
6567346-9-0,포켓몬
6567346-9-1,포켓몬스터DP
6567346-10-0,만점에
6567346-10-1,67점
6567346-11-0,1UP.com은 무선
6567346-11-1,지원 기능이
6567346-12-0,1763만 장
6567346-12-1,2013년
6567346-13-0,엠브렐라사
6567346-13-1,2008년
6507641-0-0,오세기
6507641-0-1,아즈텍에서 상대했으
6507645-0-0,오세기
6507645-0-1,오세기
6104990-0-0,2011년
6104990-0-1,7연패라
6507641-1-0,KT의 우승으로
6507641-1-1,결국 2011년
6507645-1-0,결국 2011년 11월
6507645-1-1,경기
6104990-1-0,어윤수와
6104990-1-1,결국 2011년
6507641-2-0,이재호
6507641-2-1,박재영
6507645-2-0,MBC게임의 이재호와 대결
6507645-2-1,드라군
6104990-2-0,MBC게임의 이재호
6104990-2-1,박재영
6471630-0-0,자산관리공사
6471630-0-1,공적자금
6479325-0-0,예금보험공사
6479325-0-1,예금보험공사
6479325-0-2,예금보험공사
6657791-0-0,2008년
6657791-0-1,공적자금관리특별법 등 관련
6471630-1-0,수령해 공적자금을
6471630-1-1,정리금융공사
6657791-1-0,지원된
6657791-1-1,공적자금
6471630-2-0,특별채권
6471630-2-1,특별채권
6471630-2-2,일반채권
6657791-2-0,금융기관으로부터
6657791-2-1,일반채권
6471630-3-0,파산재단
6471630-3-1,운영경비를 절감함으로써 공적자금
6657791-3-0,433개
6657791-3-1,예금보험공사
6536952-0-0,발행인
6536952-0-1,수표계약
6536952-1-0,지시식 수표
6536952-1-1,입질배서(어음 19조)나
6536952-2-0,무기명식
6536952-2-1,기명식 수표라
6536952-3-0,10일
6536952-3-1,후 10일
6536952-3-2,수표소지인
6536952-4-0,어음교환소
6536952-4-1,어음교환소
6536952-5-0,선일자수표
6536952-5-1,지급제시
6536952-6-0,횡선수표
6536952-6-1,횡선수표
6536952-6-2,지급
6536952-7-0,두 줄(2조)의 평행선
6536952-7-1,두 줄(2조)의 평행선 안
6536952-8-0,공시최고절차
6536952-8-1,수표계약
6536952-9-0,가계수표(家計手票)는
6536952-9-1,일반가계수표의 경우는 장당
6536952-9-2,1.0%
6536952-10-0,지급보증
6536952-10-1,1년의
6536952-11-0,수표보증
6536952-11-1,보증인
6509370-0-0,조지타운 대학교
6509370-0-1,앨리어스
6509370-0-2,피플〉의
6509377-0-0,대학교
6509377-0-1,시작한 것은 2009년부터 2013년
6509377-0-2,피플〉의
6583508-0-0,앨리어스
6583508-0-1,앨리어스
6583508-0-2,엘리펀트 맨
6509370-1-0,훈련사
6509370-1-1,6개
6509370-1-2,웨딩 크래셔
6509377-1-0,라스트 카우보이
6509377-1-1,맡아 6개의 에피소드에 출연하
6509377-1-2,텔레비전 영화
6583508-1-0,홀마크 채널
6583508-1-1,뱅크스》는 ABC 패밀리에서
6509370-2-0,4회만
6509370-2-1,크리스틴 존스턴
6509370-2-2,미스터리 스릴러
6509377-2-0,Jury
6509377-2-1,2006년
6509377-2-2,미스터리 스릴러
6583508-2-0,시트콤
6583508-2-1,영화 《미드나잇 미트 트레인
6583508-2-2,스리 데이스
6509370-3-0,행오버
6509370-3-1,달리 영화의 작품성
6509370-3-2,행오버
6509377-3-0,2011년 〈셰이브
6509377-3-1,2010년 골든 래즈베리상
6509377-3-2,코미디
6583508-3-0,흥행에 성공하여 총
6583508-3-1,TV 온 더 라디오
6583508-3-2,행오버
6509370-4-0,마셜이
6509370-4-1,멋쟁이 역할을
6509370-4-2,2010년
6509377-4-0,같은 해 공개된 《A-특공대
6509377-4-1,마셜이 감독한
6509377-4-2,1만 달러의
6583508-4-0,영화 《발렌타
6583508-4-1,공개된 《A-특공대
6509370-5-0,크리스
6509370-5-1,스튜디오
6509370-5-2,3개월
6509377-5-0,크리스
6509377-5-1,크리스
6509377-5-2,17kg
6583508-5-0,수산 비어 감독의
6583508-5-1,가디언즈 오브 갤럭시》에서
6583508-5-2,북아메리카
6509370-6-0,골수 기증을
6509370-6-1,캔서(Delete Blood Cancer
6509370-6-2,2015년
6509377-6-0,림프종을 앓
6509377-6-1,블러드 캔서(Delete Blood
6509377-6-2,Cancer
6583508-6-0,활동하며 협회
6583508-6-1,단체 딜리트 블러드 캔서(Delete
6514246-0-0,13세
6514246-0-1,세계대전에 참전하려고
6501286-0-0,13세
6501286-0-1,반성하고
6501286-0-2,참전하려고 영국군
6657017-0-0,13세
6657017-0-1,잠자리를 가지느라 아버지의
6657017-0-2,영국군에 지원했으나 참전하기
6514246-1-0,3년간의
6514246-1-1,힌두교
6501286-1-0,힌두교
6501286-1-1,힌두교
6501286-1-2,1891년
6657017-1-0,사밀러스 대학교
6657017-1-1,1891년
6657017-1-2,영국
6514246-2-0,영국
6514246-2-1,1919년
6501286-2-0,운동
6501286-2-1,있는 롤래트 법
6501286-2-2,1919년 봄
6657017-2-0,체포영장 발부 등의
6657017-2-1,1919년
6514246-3-0,뜻의 ‘마하트마(Mahatma
6514246-3-1,1999년
6501286-3-0,것을 전후
6501286-3-1,좋아하지는 않았지만 지금도
6501286-3-2,비폭력 무저항운동
6657017-3-0,좋아하지는 않았지만 지금도 마하트마
6657017-3-1,것을 전후
6657017-3-2,뜻의 ‘마하트마(Mahatma
6514246-4-0,자본가들
6514246-4-1,노동자들
6501286-4-0,노동운동
6501286-4-1,인상하는 제도
6501286-4-2,노동자들
6657017-4-0,1917년
6657017-4-1,노동자들
5845462-0-0,우간다
5845462-0-1,우간다 내부
6526192-0-0,우간다
6526192-0-1,카게라 지방
6526193-0-0,탄자니아
6526193-0-1,국민해방군(UNLA
6526193-0-2,반란군
5845462-1-0,같은 독재자였던 이디 아민
5845462-1-1,우간다군은
6526192-1-0,우간다군은
6526192-1-1,루카야의 늪지대에서 진군
6526193-1-0,우간다군은
6526193-1-1,리비아
6526193-1-2,"2,500명의"
5845462-2-0,캄팔라
5845462-2-1,에티오피아를 거쳐
6526192-2-0,야간전투에서
6526192-2-1,리비아군
6526193-2-0,201여단
6526193-2-1,200명
6526193-2-2,리비아군
5845462-3-0,탄자니아
5845462-3-1,요웨레 무세베니
6526192-3-0,오보테
6526192-3-1,탄자니아
6526193-3-0,1980년
6526193-3-1,탄자니아
6526193-3-2,지휘관이던 요웨레 무세베니
6024229-0-0,회색조를 띠
6024229-0-1,블루맨
6024229-0-2,회색조
6511999-0-0,북극광(오로라
6511999-0-1,북극광(오로라)을 일으킨다
6511999-0-2,어떤 블루맨들은 팔
6024229-1-0,코리브리컨
6024229-1-1,일대를 벗어나면 관련된 전승
6024229-1-2,스코틀랜드 본토
6511999-1-0,좁은 지역에
6511999-1-1,스코틀랜드 본토
6511999-1-2,스코틀랜드
6024229-2-0,블루맨
6024229-2-1,아프리카까지 진출해서 무어인들
6024229-2-2,바이킹
6511999-2-0,블루맨
6511999-2-1,바이킹은 시안트 제도 주위
6510936-0-0,1860년
6510936-0-1,안타리우스
6510936-0-2,안타리우스
6583642-0-0,안타리우스
6583642-0-1,안타리우스
6583642-0-2,끊기 작전을
6657185-0-0,안타리우스
6657185-0-1,안타리우스
6510936-1-0,캐릭터
6510936-1-1,좌측버튼(L
6510936-1-2,Space(SP)키
6583642-1-0,특수기술로 있는
6583642-1-1,캐릭터
6583642-1-2,캐릭터
6657185-1-0,캐릭터
6657185-1-1,웨슬리의 경우는
6657185-1-2,캐릭터
6510936-2-0,Tab키를 누르면 전장
6510936-2-1,시작하고 5분뒤에
6510936-2-2,59초
6583642-2-0,아이템
6583642-2-1,5분뒤
6583642-2-2,Tab키를 누르면 전장
6657185-2-0,Tab키
6657185-2-1,59초
6510936-3-0,아이템
6510936-3-1,킷트류
6510936-3-2,킷트류의 경우
6583642-3-0,중 모은 코인
6583642-3-1,부위별
6583642-3-2,시즌
6657185-3-0,"손은 공격력을, 머리"
6657185-3-1,킷트류
6510936-4-0,저돌적인 크라서스와 원거리
6510936-4-1,저돌적인 크라서스
6510936-4-2,트루퍼
6583642-4-0,나머지 1 ~
6583642-4-1,지 5분이 지나면
6583642-4-2,코인 개념으로 각각
6657185-4-0,저돌적인 크라서스
6657185-4-1,지속시간은 90초
6510936-5-0,10판
6510936-5-1,배치고사
6510936-5-2,Ace등급
6583642-5-0,Ace등급
6583642-5-1,3단계구
6583642-5-2,10판
6657185-5-0,2015년
6657185-5-1,배치고사
6510936-6-0,2013년
6510936-6-1,토마스
6510936-6-2,발빠른R
6583642-6-0,스토리와 아이템
6583642-6-1,2013년
6657185-6-0,토마스
6657185-6-1,단호한K
6510936-7-0,HOYA>가 각각 주관하는 BJ슈퍼매치
6510936-7-1,5857이
6510936-7-2,양민혁)이 최종결승전
6583642-7-0,앨리미네이션 방식
6583642-7-1,신세계를 상대로 3:1로
6583642-7-2,3회 우승
6657185-7-0,2013년
6657185-7-1,2013년
6510936-8-0,사이퍼즈 경기가
6510936-8-1,밴(Ban)규칙
6510936-8-2,2014년 1월 6일
6583642-8-0,"진행되었으며, 진행방식은"
6583642-8-1,김유승)을 3대1로 꺾고
6583642-8-2,밴(Ban)규칙
6657185-8-0,문성진<닉네임:어디서개수작
6657185-8-1,김주현)이 강림
6510936-9-0,진행방식은 토너먼트 방식으로 8강
6510936-9-1,4강과
6510936-9-2,문성진
6583642-9-0,온게임넷을
6583642-9-1,서영진)을 3:2로 꺾고
6657185-9-0,진행방식은 토너먼트 방식
6657185-9-1,문성진
6510936-10-0,2013년
6510936-10-1,관련하여 사이퍼즈 개발팀
6510936-10-2,아이콘
6583642-10-0,아이콘
6583642-10-1,2013년
6583642-10-2,2013년 11월
6657185-10-0,미니맵
6657185-10-1,지나서 미니맵에 표시되는 사항
6510936-11-0,유니크부스터
6510936-11-1,2014년 1월
6510936-11-2,유니크부스터
6583642-11-0,유니크부스터
6583642-11-1,유니크부스터
6583642-11-2,유니크부스터
6657185-11-0,유니크부스터
6657185-11-1,운영진은 2014년
6510936-12-0,소셜 보이스
6510936-12-1,2015년
6510936-12-2,소셜 보이스
6583642-12-0,소셜 보이스
6583642-12-1,보이스가 추가된다고만 기재하였
6657185-12-0,2015년
6657185-12-1,업데이트
6596153-0-0,1888년에는 〈스콧
6596153-0-1,게리 법〉에 의해 다시
6596153-0-2,1902년
6342477-0-0,1884년
6342477-0-1,스콧 법〉이 시행되면서
6342477-0-2,게리 법〉에
6596153-1-0,주토이
6596153-1-1,주토이
6596153-1-2,1894년
6342477-1-0,"10,000명"
6342477-1-1,탄원자의 손
6342477-1-2,1905년
6596153-2-0,중국인 배척법
6596153-2-1,캐나다는 자국에 입국하는 중국
6596153-2-2,1923년
6342477-2-0,미국 이민법
6342477-2-1,인두세
6342477-2-2,1923년
6596153-3-0,민족적 장벽(차이나타운)을
6596153-3-1,1924년
6596153-3-2,일본인들
6342477-3-0,1924년
6342477-3-1,민족적 장벽(차이나타운)을
6342477-3-2,1924년
6024455-0-0,2016년
6024455-0-1,1위
6024455-0-2,58
6483757-0-0,노벨 작가인 이토
6483757-0-1,200만부
6483757-0-2,베스트
6483759-0-0,200만부
6483759-0-1,200만부
6022976-0-0,청량산(497m)과 남한산(480m)을 중심
6022976-0-1,동쪽에는 또다른 지류인 광안천
6022976-0-2,서쪽 저지에는
6483536-0-0,경기변성암 복합체
6483536-0-1,서고동저
6483536-0-2,또다른 지류인 광안천
6488800-0-0,남한산
6488800-0-1,내려가는 길
6022976-1-0,45개
6022976-1-1,빈번해지자
6483536-1-0,45개
6483536-1-1,내에는 고산지대인 관계
6483536-1-2,5천주의
6488800-1-0,산성천이라 불리는
6488800-1-1,조선시대까지만 해
6022976-2-0,성내동
6022976-2-1,불리다가 경덕왕
6022976-2-2,1627년 조선 정부는 광주목
6483536-2-0,신라는 주군제를 실시함으로써 지방지배
6483536-2-1,한산군에 해당하
6483536-2-2,한산주로 불리다가 경덕왕
6488800-2-0,주군제를 실시함으로써
6488800-2-1,12목
6022976-3-0,241가구
6022976-3-1,1840명
6483536-3-0,446호
6483536-3-1,1907년
6483536-3-2,"1,402명의"
6488800-3-0,의병운동
6022976-4-0,124결이라는 좁지 않
6022976-4-1,1.2%
6483536-4-0,"16,269결의"
6483536-4-1,"3,823평과"
6488800-4-0,1911년
6022976-5-0,5군영
6022976-5-1,5군영 체제로 정비되면서 수어청
6022976-5-2,창모루와 둔지나루터에
6483536-5-0,정비되면서 수어청이 남한산성
6483536-5-1,9개의
6488800-5-0,수어청
6488800-5-1,승군은 남한산성 내
6488800-5-2,병기고와 화약고
6022976-6-0,홍경모만이 유형원의 《반계수록
6022976-6-1,유형원의 《반계수록
6022976-6-2,남한산성
6483536-6-0,저자인 홍경모만이 유형원의
6483536-6-1,중정남한지
6483536-6-2,남한산성
6488800-6-0,것은 고려 시대
6488800-6-1,남한산성
6022976-7-0,기록
6022976-7-1,신라 시대
6483536-7-0,하였다.”라는 《남한지
6483536-7-1,50m가량
6488800-7-0,남한산성
6488800-7-1,주장성
6022976-8-0,이성산성
6022976-8-1,고려 시대
6488800-8-0,고려 시대
6488800-8-1,이세화의 묘지명에는 몽고군
6022976-9-0,개축되었다는 기록
6022976-9-1,태종 때 본격화되었다
6483536-9-0,중요성은
6483536-9-1,1401년
6483536-9-2,이러한 국방정책에 따라
6488800-9-0,조선 태종 때
6488800-9-1,개축되었다
6022976-10-0,본격적으로 지금
6022976-10-1,1624년
6022976-10-2,친명배금 정책을
6483536-10-0,1624년
6483536-10-1,친명배금 정책
6483536-10-2,2년(1624년)에 일어난 이괄의 난을
6488800-10-0,중요성이 크게
6488800-10-1,1624년
6022976-11-0,강화도
6022976-11-1,삼궤구고두
6483536-11-0,삼궤구고두
6483536-11-1,45일
6488800-11-0,삼궤구고두
6488800-11-1,45일 만
6022976-12-0,이승만 대통령이
6022976-12-1,1971년
6022976-12-2,제57호
6483536-12-0,이승만 대통령이
6483536-12-1,1971년
6483536-12-2,제57호
6488800-12-0,5.1Km
6488800-12-1,1999년에는
6022976-13-0,3∼7ｍ
6022976-13-1,2355m
6483536-13-0,"7,545m다"
6483536-13-1,자연석으로 막돌쌓기를
6488800-13-0,갈수록 안쪽으로 기울어져
6488800-13-1,3∼7ｍ
6022976-14-0,여장
6022976-14-1,남한산성
6022976-14-2,남한산성
6483536-14-0,여장
6483536-14-1,여장 재료
6483536-14-2,4.2m
6488800-14-0,여장
6488800-14-1,축조한 평여장
6022976-15-0,장대
6022976-15-1,단층 형태가
6022976-15-2,수어장대
6483536-15-0,수어장대
6483536-15-1,단층 형태가
6483536-15-2,5개
6488800-15-0,장대
6488800-15-1,박기수가
6022976-16-0,시대의 남한행궁은
6022976-16-1,4 kg
6022976-16-2,4 kg
6483536-16-0,1626년
6483536-16-1,1626년
6488800-16-0,시대의 남한행궁은
6488800-16-1,1999년 부터 한국토지공사 박물관
6022976-17-0,지수당(池水堂
6022976-17-1,홑처마를 두른 팔작지붕
6022976-17-2,관어정이라는
6483536-17-0,지수당(池水堂)은 경기도의
6483536-17-1,부윤 이세화
6483536-17-2,ㄷ' 자형
6488800-17-0,지수당(池水堂)은 경기도
6488800-17-1,팔작지붕이다
6022976-18-0,장경사
6022976-18-1,좁아서 건물
6483536-18-0,사찰이다.망월봉 남사면
6483536-18-1,빠지자 어영별장 이기축이 장경사
6488800-18-0,장경사
6488800-18-1,좁아서 건물
6246005-0-0,인간 사회
6246005-0-1,늑대
6572454-0-0,늑대
6572454-0-1,인간 사회
6572454-0-2,"관심 필요""의 낮은"
6246005-1-0,Wolf
6246005-1-1,"wulf""라는"
6572454-1-0,Wolf
6572454-1-1,앵글로색슨 왕과 그
6572454-2-0,북아메리카
6572454-2-1,텍사스 북부
6572454-2-2,50만 년 전 빙하기
6572454-3-0,아프리카늑대
6572454-3-1,80만 년 전
6572454-3-2,티벳늑대는
6572454-4-0,시베리아의 늑대
6572454-4-1,시베리아의 늑대
6246005-5-0,란촐라브린(Rancholabrean
6246005-5-1,다이어늑대(Canis dirus
6572454-5-0,북아메리카
6572454-5-1,멕시코늑대
6246005-6-0,관계(회색늑대와
6246005-6-1,10%
6572454-6-0,친척 관계(회색늑대와
6572454-6-1,1번
6572454-7-0,겨울에
6572454-7-1,일반적으로 야생에서
6572454-7-2,흑색늑대가
6572454-8-0,코요테
6572454-8-1,미토콘드리아 DNA 연구로 세네갈에서
6572454-9-0,회색늑대는
6572454-9-1,5개의
6246005-10-0,근처의 혈액량을
6246005-10-1,생겼으나 하이에나 보다
6572454-10-0,삼각형 모양
6572454-10-1,750psi의
6572454-10-2,늑대
6246005-11-0,위도와 체중은
6246005-11-1,2~4
6572454-11-0,25kg
6572454-11-1,25kg
6246005-12-0,털은 봄에 털갈이하고 가을
6246005-12-1,털은 봄에 털갈이하고 가을
6572454-12-0,늙은 늑대
6572454-12-1,회색늑대는
6246005-13-0,42마리
6246005-13-1,42마리의
6572454-13-0,42마리
6572454-13-1,42마리의
6246005-14-0,영역은 35Km²
6246005-14-1,부족 사태가 발생할
6572454-14-0,6개월
6572454-14-1,35Km²이며
6572454-14-2,지역
6246005-15-0,2년이라는
6246005-15-1,늑대는 2년
6572454-15-0,늑대는 2년
6572454-15-1,회색늑대는 결코
6572454-15-2,자신의 동굴
6246005-16-0,5~6마리
6246005-16-1,몸무게는 300–500g
6246005-16-2,3주부터
6572454-16-0,실명과 청각
6572454-16-1,새끼는 3주부터
6572454-16-2,30배
6246005-17-0,늑대는 굴에서의 휴식
6246005-17-1,"실제로, 굴은 여름"
6572454-17-0,"실제로, 굴은"
6572454-17-1,굴은 보통 물
6572454-17-2,공개적인
6572454-18-0,조지 미바르트가 길들어진
6572454-18-1,어니스트 톰프슨
6246005-19-0,썰매개로 만들고자
6246005-19-1,자연사
6572454-19-0,수신호에
6572454-19-1,대부분
6572454-19-2,제임스 오듀본은
6246005-20-0,늑대들
6246005-20-1,쫓겨나면서 들소
6572454-20-0,엘크사슴만
6572454-20-1,곳을 빼앗기고 들소
6572454-20-2,Pack)가 대표적
6246005-21-0,먹이가 있어야 하
6246005-21-1,과잉 살해
6572454-21-0,부드러운 회음 부분
6572454-21-1,과잉 살해
6572454-21-2,때에도 과잉 살해
6246005-22-0,큰 내부
6246005-22-1,"노출되면 먹고, 그다음에는 근육을"
6246005-22-2,15–19% 정도의
6572454-22-0,모든 방향에서 달려들어
6572454-22-1,중 새끼에게
6246005-23-0,꼬리를 척추와 수평으로
6246005-23-1,것은 친절을
6246005-23-2,복종하
6572454-23-0,의사소통
6572454-23-1,회음
6572454-23-2,지배적
6246005-24-0,수 있도록 소리
6246005-24-1,울부짖
6572454-24-0,울부짖
6572454-24-1,유럽 늑대
6572454-24-2,베이스 옥타브의 O 소리
6246005-25-0,으르렁거리는
6246005-25-1,낑낑거리
6572454-25-0,3가지로
6572454-25-1,짖는 소리
6246005-26-0,늑대의 후각
6246005-26-1,아포크린선
6246005-26-2,포피선
6572454-26-0,후각
6572454-26-1,배뇨는
6572454-26-2,RLU를
6246005-27-0,대형 유제류
6246005-27-1,늑대들은 가축이나 쓰레기 먹이
6572454-27-0,대형 유제류
6572454-27-1,북미의 늑대가 선호하는
6246005-28-0,대형 유제류를 먹지만 다른
6246005-28-1,인간은 거
6572454-28-0,무리는 카스피 해에서 카스피물범
6572454-28-1,카스피물범
6246005-29-0,관계이지
6246005-29-1,흑곰과 늑대
6572454-29-0,큰곰
6572454-29-1,멕시코 북부
6572454-30-0,호랑이
6572454-30-1,4건
6246005-31-0,영국
6246005-31-1,마지막
6246005-31-2,1900년
6572454-31-0,북유럽에서 늑대
6572454-31-1,1960년
6572454-31-2,1647년
6246005-32-0,조직적인 사냥과 유제류
6246005-32-1,프랑스
6246005-32-2,프랑스
6572454-32-0,1772년
6572454-32-1,1899년
6572454-32-2,사이 카롤루스 대제에 의해
6246005-33-0,1930년
6246005-33-1,WEC
6572454-33-0,"4,600마리"
6572454-33-1,유고슬라비아
6572454-33-2,WEC
6246005-34-0,슬로바키아
6246005-34-1,가축을 공격할 경우
6572454-34-0,1976년
6572454-34-1,헝가리
6246005-35-0,1940년대
6246005-35-1,먹이인 몽골영양의 밀렵
6572454-35-0,4만-5만
6572454-35-1,"2,825마리가"
6572454-35-2,영국령 인도
6246005-36-0,이스라엘
6246005-36-1,이스라엘
6572454-36-0,이스라엘
6572454-36-1,늑대
6572454-37-0,1980년대
6572454-37-1,들여와
6572454-37-2,환경부에서는
6246005-38-0,북미의 늑대는
6246005-38-1,개체수
6572454-38-0,1920년대
6572454-38-1,20세기 초
6246005-39-0,마리의 늑대가 서식하
6246005-39-1,주에서
6572454-39-0,마리의 늑대가 서식하
6572454-39-1,260마리
6572454-39-2,1974년
6246005-40-0,아리스토텔레스는
6246005-40-1,회색늑대
6572454-40-0,아리스토텔레스
6572454-40-1,게오르기 엘버스(Georg Ebers
6572454-40-2,에른스트 슈와르츠(Ernst Schwarz
6246005-41-0,주로 분포하고 있는 지역
6246005-41-1,8일-21일
6246005-41-2,개코로나바이러스
6572454-41-0,살아남지
6572454-41-1,개코로나바이러스
6246005-42-0,잡아먹으며 돼지브루셀라증(Brucella suis
6246005-42-1,렙토스피라증
6572454-42-0,돼지브루셀라증(Brucella suis
6572454-42-1,늑대
6572454-42-2,소결핵균
6246005-43-0,네오스포라개구충
6246005-43-1,유제류
6572454-43-0,알라리아흡혈충
6572454-43-1,거대신충
6572454-43-2,선모충
6246005-44-0,신화
6246005-44-1,북유럽 신화
6246005-44-2,칠코틴 족은 늑대
6572454-44-0,마법과 관련된 것
6572454-44-1,신화
6246005-45-0,아베스타
6246005-45-1,인페르노
6572454-45-0,오래된 문서 중 하나
6572454-45-1,cry wolf
6572454-45-2,빨간 두건》(한국에서는 빨간 모자
6572454-46-0,팔리 모왓
6572454-46-1,줄리에의 늑대》(Julie of
6246005-47-0,데미늑대(demi-wolf)는 많
6246005-47-1,스페인의
6572454-47-0,러시아(구 소비예트 연방) 스페츠나츠의
6572454-47-1,유고슬라비아 전쟁 기간 동안
6572454-47-2,늑대
6246005-48-0,가축 포식
6246005-48-1,방목 기간 중이나 원격지
6572454-48-0,늑대
6572454-48-1,여름의 방목 기간 중이
6246005-49-0,일반적
6246005-49-1,크로아티아
6246005-49-2,공격
6572454-49-0,죽이고 러시아
6572454-49-1,크로아티아에서는
6572454-49-2,해리어 품종으로 늙
6246005-50-0,6-8월
6246005-50-1,새끼를 가진 늑대
6572454-50-0,공격은 주로 즉각적
6572454-50-1,공격
6246005-51-0,광견병
6246005-51-1,봄과 가을철에
6572454-51-0,15배 더
6572454-51-1,합쳐지기 때문에
6246005-52-0,구술 역사(oral history)에 따르면
6246005-52-1,29회
6572454-52-0,80회
6572454-52-1,80회
6572454-52-2,북아메리카
6246005-53-0,가시도가 높기 때문에 매우
6246005-53-1,독수리와 매로
6572454-53-0,늑대
6572454-53-1,전화를
6246005-54-0,때문에 북미늑대 가죽이
6246005-54-1,독에 의해 죽은 늑대
6572454-54-0,파웨니 족(Pawnee people)은
6572454-54-1,늑대가죽
6572454-54-2,3만 벌
6572454-55-0,자바이칼
6572454-55-1,늑대고기
6246005-56-0,사냥 본능(prey drive
6246005-56-1,심각한 포비아 현상
6572454-56-0,심각한 포비아 현상
6572454-56-1,수 있
5833774-0-0,1980년대
5833774-0-1,2017년
5833774-0-2,62개
6543574-0-0,1981년 6월
6543574-0-1,632명
6543574-0-2,육군학생군사학교
6543607-0-0,1개 기수
6543607-0-1,16주간
6543607-0-2,육군학생군사학교
5833774-1-0,1950년
5833774-1-1,1951년
5833774-1-2,1950년
6543574-1-0,1951년 11월
6543574-1-1,되었다.여군과
6543574-1-2,서울 서빙고에 여군훈련소
6543607-1-0,1500명
6543607-1-1,1950년
5833774-2-0,이종배(1기) 자유한국당
5833774-2-1,"있으며, 8명"
5833774-2-2,"4,000여"
6543574-2-0,정양석(1기
6543574-2-1,"3,000여"
6543607-2-0,학사장교
6543607-2-1,2017년
5833774-3-0,국토를 종주하며 우리
5833774-3-1,2011년 3월
5833774-3-2,2011년4월
6543574-3-0,2011년
6543574-3-1,호수공원
6543607-3-0,국토순례대행진
6543607-3-1,특히 대한민국의 장교단 중
6503709-0-0,박영주 아나운서로 바뀌었지
6503709-0-1,10시 10분
6580581-0-0,2012년
6580581-0-1,시청
6503582-0-0,KBS
6503582-0-1,김정운에서 김홍희로
6503582-0-2,2012년
6549838-0-0,1919년
6549838-0-1,1년을
5865150-0-0,1919년
5865150-0-1,신흥학교 학생들
5865150-0-2,현재 신흥학교 교문 옆에
6593502-0-0,만세운동
6593502-0-1,방학조치를
6593502-0-2,태극기 등 인쇄물
6549838-1-0,1930년 1월 25일
6549838-1-1,학생들
5865150-1-0,1930년 1월
5865150-1-1,1월 25일
6593502-1-0,1930년 1월
6593502-1-1,박문수(후
6593502-1-2,박문수(후
6549838-2-0,남장로교 선교회
6549838-2-1,1937년 2월
6549838-2-2,학생들
5865150-2-0,남장로교
5865150-2-1,학교
6593502-2-0,신도의 행사인 신사참배
6593502-2-1,학생들
6593502-2-2,학생들
6549838-3-0,"유신잔당 척결"" 등을"
6549838-3-1,"5·27 민주화운동"" 은 ""5·18"
5865150-3-0,2010년 5월
5865150-3-1,민주화운동
6593502-3-0,5월 27일
6593502-3-1,2대
6593502-3-2,30년만에
6549838-4-0,용진가
6549838-4-1,곡들의 원곡은 미국 남북전쟁
5865150-4-0,대표적 군가의 하나
5865150-4-1,2000년
6593502-4-0,용진가'와 동일하고
6593502-4-1,전주신흥고등학교
6593502-4-2,김대중
6549838-5-0,마침내 노스캐롤라이나
6549838-5-1,광주수피아여자고등학교
5865150-5-0,소위 지정학교라는 제도
5865150-5-1,지정학교 승격을 위하여
6593502-5-0,지정학교라는
6593502-5-1,건축
6593502-5-2,마침내 노스캐롤라이나 주의 리차드슨
6549838-6-0,희현당(希顯堂) 위
6549838-6-1,김시걸
5865150-6-0,희현당
5865150-6-1,"교가에도 희현당이 등장하며, 건물"
6593502-6-0,희현당
6593502-6-1,26년(1700
6593502-6-2,김시걸
6505013-0-0,하나님
6505013-0-1,Gemeene Gratie
6505013-0-2,하나님
6505051-0-0,하나님
6505051-0-1,통치하신다
6505051-0-2,하나님
6090188-0-0,하나님
6090188-0-1,대표적 대부는 화란의 아브라함
6090188-0-2,Gratie)이라는 제목의 책
6505013-1-0,유기체 사상
6505013-1-1,낙관적인
6505051-1-0,유기체
6505051-1-1,유기체
6090188-1-0,씨(kiem)’ 사상
6090188-1-1,계발 사상’이란
6090188-1-2,유기체 사상
6505013-2-0,두 가지
6505013-2-1,최용준에
6505051-2-0,도예베르트(Herman
6505051-2-1,형성력(formative power
6090188-2-0,도예베르트
6090188-2-1,문화적
6121033-0-0,1975년 4월
6121033-0-1,23인
6509407-0-0,1975년
6509407-0-1,윌슨 수상은
6516974-0-0,내각에서
6516974-0-1,것인지에 관한 국민투표
6121033-1-0,리스본 조약 50조
6121033-1-1,공동체법'을 폐지함
6509407-1-0,리스본
6509407-1-1,2년
6516974-1-0,1972년에
6516974-1-1,공동체법'을
6516974-1-2,리스본 조약 50조
6458146-0-0,cc
6458146-0-1,우유경매’라는
6458146-0-2,100cc
6586998-0-0,cc였다
6586998-0-1,서비스
6523642-0-0,우유의 단위는 cc
6523642-0-1,우유
6458146-1-0,당초의 기대를 벗어
6458146-1-1,그저 소비하는데 그치는 바람에
6586998-1-0,C2C 모델이
6586998-1-1,불과할 수밖에 없다
6586998-1-2,32만명
6523642-1-0,C2C 모델이
6523642-1-1,메트릭스
6458146-2-0,10월 27일
6458146-2-1,정책을 전면 무료화하는 대책
6586998-2-0,정책을 전면 무료화하는
6586998-2-1,12월
6586998-2-2,2003년 12월
6523642-2-0,2003년
6523642-2-1,무한 무료 대변신’을
6458146-3-0,역시 한게임 홈피와
6458146-3-1,80만 명
6586998-3-0,한게임
6586998-3-1,2004년
6586998-3-2,80만
6523642-3-0,한게임
6523642-3-1,서비스 중 하나였던 토이홈피와
6498964-0-0,단어는 아랍어로
6498964-0-1,교육기관
6498964-0-2,의미하
6498976-0-0,마드라사라
6498976-0-1,마드라사
6498976-0-2,마드라사라
6546635-0-0,마드라사라
6546635-0-1,마드라사라
6546635-0-2,마드라사라
6498964-1-0,마드라사에서는 학생들의
6498964-1-1,교육하
6498976-1-0,히프즈(ḥifẓ
6498976-1-1,다른 코스는 울라마(ʿālim
6498976-1-2,하디스
6546635-1-0,일반적
6546635-1-1,하디스
6498964-2-0,이슬람 세계
6498964-2-1,이성과학’과목들도
6511009-0-0,인격의 평등
6511009-0-1,진전했다는 사실이다.인류
6511017-0-0,농노적(農奴的)인 구속이
6511017-0-1,위주의 사회
6134247-0-0,농노적(農奴的)인 구속이나 노예
6134247-0-1,진전했다는 사실이다.인류
6511009-1-0,범인간적(凡人間的)이란 데에 그
6511009-1-1,사회에서는 물질 그 자체가
6511017-1-0,따라서 근대사회는 물질적 풍요가
6511017-1-1,같은 소수의 왕공(王公)이나 귀족들만
6134247-1-0,물질적
6134247-1-1,산업혁명을
6511009-2-0,인격의 평등
6511009-2-1,인격의 평등
6511017-2-0,인격의 평등
6511017-2-1,인격의 평등
6134247-2-0,인격의 평등
6134247-2-1,경제적 불평등
6511009-3-0,1917년
6511009-3-1,러시아혁명이 성공함
6511017-3-0,1968년
6511017-3-1,사회·문화적 평등으로 영역과
6134247-3-0,성공에서 비록됐으니 200여년의 역사
6134247-3-1,시민혁명
6511009-4-0,평등사상
6511009-4-1,평등사상
6511017-4-0,6월민중항쟁으로
6511017-4-1,평등사상
6134247-4-0,동학사상의
6134247-4-1,평등사상
6511017-5-0,인간다운 세상이고 그렇지
6511017-5-1,악법과 굳어진 관습
6429844-0-0,단기 이양식
6429844-0-1,덴마크에서 처음으로 채택되어
6509976-0-0,단기 이양식
6509976-0-1,이양식
6509976-0-2,단기 이양식
6509983-0-0,비례대표제
6509983-0-1,빅토르 동트(네덜란드어
6509983-0-2,1890년
6429844-1-0,득표율
6429844-1-1,3% 미만
6509976-1-0,비례대표제
6509976-1-1,채택할 경우에는 군소
6509976-1-2,3% 미만
6509983-1-0,득표율
6509983-1-1,득표율
6509976-2-0,구속 명부식의 경우
6509976-2-1,구속 명부식
6509983-2-0,구속 명부식(혹
6509983-2-1,구속 명부식(혹
6509983-2-2,구속 명부식
6465074-0-0,30초
6465074-0-1,선수들
6502102-0-0,30초의 시간 간격을 두
6502102-0-1,선수들
6502105-0-0,30초
6502105-0-1,선수들
6526634-0-0,이테키」(異賊
6526634-0-1,캇센(弘安合戦
6526634-0-2,사건
6526659-0-0,1274년
6526659-0-1,흔히 에도 시대에
5847544-0-0,이테키」(異賊
5847544-0-1,사건
6526634-1-0,훈둔과 고려의 김방경(金方慶
6526634-1-1,1274년(충렬왕 1년)11월 제 1차
6526659-1-0,몽골은 고려
6526659-1-1,원나라
5847544-1-0,1274년(충렬왕 1년)11월
5847544-1-1,인해 지속적인 피해
6526634-2-0,정동행중서성
6526634-2-1,1356년(공민왕
6526659-2-0,고려
6526659-2-1,대변하는
5847544-2-0,정동행중서성은 고려의 내정을 간섭하는
5847544-2-1,반원(反元)정책을
6463546-0-0,솔로대첩
6463546-0-1,15곳
6518373-0-0,2012년
6518373-0-1,2012년
6518373-0-2,11월
6518390-0-0,시작하셨습니다’를
6518390-0-1,"3일, 페이스북 아이디 ‘님"
6463546-1-0,성추행이나 절도 등
6463546-1-1,행사
6518373-1-0,박지선 역시 행사
6518373-1-1,개최 장소인 여의도공원
6518373-1-2,"1,000명의"
6518390-1-0,"1,000명의"
6463546-2-0,"3,000명"
6463546-2-1,박휘순
6463546-2-2,행사
6518373-2-0,행사
6518373-2-1,"3,000명"
6518373-2-2,검색 1위
6518390-2-0,"술로대첩으로 이어지겠네요""라"
6518390-2-1,서울여의도공원
6518390-2-2,여성 참가자
6227985-0-0,대대
6227985-0-1,10만
6227985-0-2,제3통신대대
6569701-0-0,베르사이유 조약에
6569701-0-1,10만
6569704-0-0,다양한 군사학교들을 전전한 그는
6569704-0-1,제3무선통신 대대
6227985-1-0,구데리안
6227985-1-1,상급대장과 함께 모스크바
6569701-1-0,호프너 상급대장과 함
6569701-1-1,구데리안
6569704-1-0,해당하
6569704-1-1,시베리아에서
6227985-2-0,1945년 5월 10일
6227985-2-1,바바리아 남부에서
6227985-2-2,남부에서 사망하였으며
6569701-2-0,1945년 5월 10일 미군
6569701-2-1,육군 기갑학교
6569701-2-2,1954년
6569704-2-0,미군에 항복해 포로
6569704-2-1,뉘른베르크 재판이 시작되자
6569704-2-2,1954년
6560812-0-0,614개
6560812-0-1,보수세력
5901183-0-0,우모(32)씨를 업무방해
5901183-0-1,만들어 내고자
6597063-0-0,2018년
6597063-0-1,서울지방경찰청 사이버수사대는 네이버
6597063-0-2,614개
6560812-1-0,전인권
6560812-1-1,언사를 동원하면서 댓글 폭탄
5901183-1-0,전인권
5901183-1-1,친문 댓글부대는 ‘문재
6597063-1-0,전인권
6597063-1-1,문재인 지킴이’를
6341444-0-0,플레이오프
6341444-0-1,플레이오프
6553782-0-0,2000년부터
6553782-0-1,플레이오프
6553553-0-0,2000년
6553553-0-1,플레이오프
6341444-1-0,승자연전방식'(팀배틀
6341444-1-1,프로토스
6553782-1-0,프로토스
6553782-1-1,프로토스
6553553-1-0,올킬'(7전 4선승제
6553553-1-1,프로토스
6341444-2-0,고액의 연봉을 받으
6341444-2-1,센게임배 MBC게임 스타리그에서 이윤열
6553782-2-0,스타리그
6553782-2-1,스타리그
6553553-2-0,MBC게임 스타리그
6553553-2-1,MBC게임 스타리그에서 이윤열
6341444-3-0,압도적인 경기력으로 3:1로 제압하
6341444-3-1,개인리그
6553782-3-0,KTF 매직엔스
6553782-3-1,1월
6553553-3-0,개인리그
6553553-3-1,압도적인 경기력으로 3:1로 제압하
6341444-4-0,16강에서
6341444-4-1,MSL
6553782-4-0,2008년
6553782-4-1,10회
6553553-4-0,진출
6553553-4-1,10회
6465586-0-0,형제가 감독을
6465586-0-1,6개
6465586-0-2,크리스
6522945-0-0,형제가 감독을
6522945-0-1,영화에서
6522947-0-0,감독을 맡았고 크리스토퍼 마커스
6522947-0-1,6개를
6522947-0-2,스톤 6개를 모두
5836625-0-0,왕이자 대한제국
5836625-0-1,어머니는 순헌황귀비 엄씨
5836625-0-2,1897년
6589822-0-0,1907년
6589822-0-1,마사코 내친왕
6589848-0-0,1907년
6589848-0-1,병합으로 대한제국 황제
6589848-0-2,1926년에 순종
5836625-1-0,이은
5836625-1-1,1902년
5836625-1-2,24명
6589822-1-0,1902년
6589822-1-1,은행장
6589848-1-0,이은
6589848-1-1,8000원
6589848-1-2,3만원
5836625-2-0,해 8월 7일
5836625-2-1,1907년 3월
5836625-2-2,황태자
6589822-2-0,1906년
6589822-2-1,7일
6589848-2-0,1906년
6589848-2-1,1906년
6589848-2-2,1907년
5836625-3-0,황귀비 엄씨
5836625-3-1,히로부미
5836625-3-2,26일
6589822-3-0,유학에 경학원
6589822-3-1,1909년
6589848-3-0,엄주명
6589848-3-1,조카이자 이은과 나이
6589848-3-2,1907년
5836625-4-0,8월 29일
5836625-4-1,1911년 1월
5836625-4-2,1917년 5월
6589822-4-0,29일에 공포된 메이지
6589822-4-1,1915년
6589848-4-0,1910년
6589848-4-1,같은 해
6589848-4-2,이은도 황태자
5836625-5-0,결혼식
5836625-5-1,1920년 4월
5836625-5-2,서상일(徐相日
6589822-5-0,독립신문
6589822-5-1,1920년
6589848-5-0,1918년 12월
6589848-5-1,1918년
6589848-5-2,1월 24일
5836625-6-0,마사코
5836625-6-1,1922년 4월
5836625-6-2,숭인원(崇仁園
6589822-6-0,1922년 4월
6589822-6-1,1922년
6589848-6-0,제35기생
6589848-6-1,1921년
6589848-6-2,장남과 함
5836625-7-0,1926년 3월 3일
5836625-7-1,이은과 마사코
5836625-7-2,귀국하였다가 남부 지방
6589822-7-0,결국 4월 25일
6589822-7-1,조선군사령부에서
6589848-7-0,1927년
6589848-7-1,덕혜옹주
6589848-7-2,마사코
5836625-8-0,항에서 하코네마루(箱根丸
5836625-8-1,들르는 것을 기회로 삼아
5836625-8-2,1927년 5월 24일
6589822-8-0,기회로 삼아 납치할
6589822-8-1,1927년
6589848-8-0,하코네마루(箱根丸
6589848-8-1,백작 부부로
6589848-8-2,대한민국 임시 정부
5836625-9-0,1939년 8월
5836625-9-1,임명되었
5836625-9-2,임명되었다
6589822-9-0,갔다가 반란 부대
6589822-9-1,1936년
6589848-9-0,1928년
6589848-9-1,1929년
6589848-9-2,2·26 사건이 발생하자
5836625-10-0,1938년
5836625-10-1,1937년
5836625-10-2,십삼송당일기》(十三松堂日記
6589822-10-0,나오히코
6589822-10-1,1938년에 귀국하였을 때에는 화신백화점을
6589848-10-0,1937년
6589848-10-1,1937년
6589848-10-2,일본제국미술원장 마사키 나오히코
5836625-11-0,도쿄 고쿄
5836625-11-1,8월 15일에 도쿄에서
5836625-11-2,3점이다
6589822-11-0,이승만 정권이 호적
6589822-11-1,1947년
6589848-11-0,1945년 8월 12일에 이은은
6589848-11-1,참의원 의장 공관
6589848-11-2,1947년
5836625-12-0,1948년
5836625-12-1,시볼드
5836625-12-2,10월 12일
6589822-12-0,시볼드
6589822-12-1,윌리엄 시볼드
6589848-12-0,1948년
6589848-12-1,윌리엄 시볼드
6589848-12-2,시볼드
5836625-13-0,First Book of Korean
5836625-13-1,블라이드
5836625-13-2,1952년
6589822-13-0,블라이드
6589822-13-1,Book of Korean
6589848-13-0,연합군 최고사령부는
6589848-13-1,First Book of Korean
6589848-13-2,대한민국
5836625-14-0,구황실재산처리법
5836625-14-1,1957년
5836625-14-2,대한민국
6589822-14-0,1954년에
6589822-14-1,1954년
6589848-14-0,1954년
6589848-14-1,1957년
6589848-14-2,1959년 3월 16일
5836625-15-0,이은
5836625-15-1,이은은 이구가 머물고 있
5836625-15-2,악화되어 아카사카의 산노(山王) 병원
6589822-15-0,대한민국
6589822-15-1,박정희
6589848-15-0,대한민국
6589848-15-1,국무총리 장면은 이은에게
6589848-15-2,집권한 국가재건최고회의 의장 박정희는
5836625-16-0,이은은 혼수상태인 채
5836625-16-1,요셉
5836625-16-2,1963년
6589822-16-0,1963년
6589822-16-1,1963년
6589848-16-0,이은
6589848-16-1,1963년
6589848-16-2,1963년
5836625-17-0,진명여자고등학교
5836625-17-1,영원(英園
5836625-17-2,"의민(懿愍), 존호는 문인무장지효명휘(文仁武莊至孝明暉"
6589822-17-0,영원(英園
6589822-17-1,1973년
6589848-17-0,황태자의 예우를 받으며 9일장
6589848-17-1,1970년
6589848-17-2,위치한 홍릉 동편에
5836625-18-0,민족문제연구소
5836625-18-1,2009년
5836625-18-2,2009년
6589822-18-0,민족문제연구소
6589822-18-1,남조선과도입법의원에서
6589848-18-0,2009년
6589848-18-1,왕공족
6589848-18-2,박건웅이
5836625-19-0,고려대학교
5836625-19-1,귀국하였을 때 이홍직은 회원들과
5836625-19-2,역임한 김용주도 1949년에 경제사절단원
6589822-19-0,이화회(李花會)를
6589822-19-1,1949년
6589848-19-0,이홍직
6589848-19-1,이홍직
6589848-19-2,미나미 지로가 창씨개명
5836625-20-0,1921년에 일본 도쿄
5836625-20-1,전주이씨대동종약원
5836625-20-2,1950년
6589822-20-0,1921년
6589822-20-1,전주이씨대동종약원에
6589848-20-0,이방자와
6589848-20-1,1921년에 일본 도쿄
6589848-20-2,1957년
6549036-0-0,2013년 1월
6549036-0-1,500만원
6549041-0-0,2013년 1월 23일 프로포폴
6549041-0-1,550만원
6549041-0-2,KBS에서
5857639-0-0,2013년 1월 23일
5857639-0-1,500만원
5857639-0-2,550만원
6539605-0-0,비상버튼의 작동으로 사고발생
6539605-0-1,아마가사키
6470376-0-0,비상사태를 알리기 위한
6470376-0-1,열차
6470376-0-2,선두 5량이
5783280-0-0,탑재되어 있었으
5783280-0-1,비상사태를 알리기 위한
5783280-0-2,무선 장치가 탑재되어 있었으나
6539605-1-0,급감속하여 잭나이프 현상
6539605-1-1,측면으로 충돌하였
6539605-2-0,4월 28일
6539605-2-1,2량째
6470376-2-0,주변에 휘발유 유출이
6470376-2-1,28일
5783280-2-0,전동 커터를 이용하지 못해
5783280-2-1,Z16편성
6539605-3-0,2005년
6539605-3-1,기업·단체
6470376-3-0,기업·단체
6470376-3-1,1명에
6539605-4-0,2006년
6539605-4-1,구라우치 노리타카
6470376-4-0,2006년
6470376-4-1,전기공업)로부터 고문
5783280-4-0,마사타카
5783280-4-1,마사타카
6519593-0-0,쓴 1999년 미국
6519593-0-1,오스먼트
6519593-0-2,샤말란 감독
6519608-0-0,샤말란
6519608-0-1,오스먼트)와 여우조연상(토니
6519608-0-2,웰메이드 스릴러로 많
6519593-1-0,크로우(브루스 윌리스
6519593-1-1,크로우(브루스 윌리스
6519593-1-2,자신
6519608-1-0,환자
6519608-1-1,정신상담을
6519593-2-0,부모의 이혼으로 충격
6519593-2-1,말콤
6519608-2-0,말콤
6519608-2-1,엄마(토니 콜렛)에게도
6570759-0-0,도로시
6570759-0-1,도로시
6570759-0-2,교회의 창문
6570833-0-0,도로시
6570833-0-1,도스
6570833-0-2,도로시
5941850-0-0,도로시
5941850-0-1,도스는 교회의 창문
5941850-0-2,허리띠를
6570759-1-0,잭슨 기지에
6570759-1-1,하웰 하사는
6570833-1-0,훈련을 받던 도스
6570833-1-1,하웰 하사는
6570833-1-2,도로시
5941850-1-0,휴가날에 도로시와의
5941850-1-1,정신병
5941850-1-2,하웰 하사는
6571852-0-0,1964년까지 루이스 리키와
6571852-0-1,국립공원
6571852-0-2,130~150cm였으
6571869-0-0,오스트랄로피테쿠스
6571869-0-1,종류의 두발로 걷는 생물(파란트로푸스
6571869-0-2,생물(파란트로푸스 등
6571852-1-0,레이먼드 다트
6571852-1-1,4명의
6571852-1-2,500~600cc
6571869-1-0,1959년
6571869-1-1,내셔널 지오그래픽 지에
6571869-1-2,레이먼드 다트
6571852-2-0,투르카나 호수
6571852-2-1,800cc
6571852-2-2,700~800cc의 뇌를 가진
6571869-2-0,투르카나 호수
6571869-2-1,700~800cc의 뇌를 가진
6571869-2-2,리처드 등이
5899613-0-0,최강희의 볼륨을 높여요
5899613-0-1,KBS 새해 개편
5899613-0-2,2011년
6559872-0-0,그린 드라마《달콤한
6559872-0-1,영화《애자》도 흥행에 성공하며 충무
6559872-0-2,최강희의 야간비행》의 진행
6559983-0-0,흥행으로 영화계의 블루칩
6559983-0-1,영화《애자》도 흥행에 성공하며 충무로
6472020-0-0,상대방
6472020-0-1,상대방
5782890-0-0,친밀한 관계
5782890-0-1,공감능력을 이용해서 상대방
5782890-0-2,피해자는 자신
6472046-0-0,상대방
6472046-0-1,공감능력을 이용해서 상대방
6472046-0-2,구사자들은 상황 조작을 통해
6230870-0-0,사용하
6230870-0-1,사용하
6230870-0-2,사용하
6569943-0-0,1C4M 방식을 채택하
6569943-0-1,34101~34130편성은 GTO
6569971-0-0,사용하는 1C4M 방식
6569971-0-1,사용하
6230870-1-0,대우중공업
6230870-1-1,10량 편성
6569943-1-0,증결분
6569943-1-1,1995년
6569971-1-0,도입 당시
6569971-1-1,10량
6230870-2-0,한국철도차량(KOROS)(현 현대로템
6230870-2-1,편성
6569943-2-0,77~81편성) 일명 동글이
6569943-2-1,한국철도차량(KOROS)(현 현대로템
6569971-2-0,대비하여 도입되었으며 한국철도차량(KOROS)(현 현대로템
6569971-2-1,341x27~341x30편성은 12월
6572424-0-0,2000년
6572424-0-1,가시와 레이솔
6572424-0-2,2000년 7월
6572438-0-0,수원 삼성 블루윙즈
6572438-0-1,전남 드래곤즈
6572438-0-2,2003년 2월
6572424-1-0,하였지
6572424-1-1,대한민국
6572424-1-2,하였지
6572438-1-0,아시안컵 일본과
6572438-1-1,아시안컵 일본과
6572438-1-2,수비수인 프랭키 헤이덕과
6572424-2-0,2010년
6572424-2-1,2013년에는
6572424-2-2,1:0 승리
6572438-2-0,포항의 감독
6572438-2-1,우승
6572424-3-0,2016년 6월
6572424-3-1,2013년 포항
6572438-3-0,포항 감독 재임
6572438-3-1,우승
6465835-0-0,한나라당
6465835-0-1,2011년 12월
6486148-0-0,한나라당은
6486148-0-1,당명을 새누리당
6486148-0-2,박근혜(朴槿惠)전
6577846-0-0,한나라당은
6577846-0-1,새누리당으로 개명하였고
6465835-1-0,새누리당
6465835-1-1,한편 수도권에서는 야권의 정권심판론
6577846-1-0,서울에서
6577846-1-1,새누리당
6465835-2-0,새누리당
6465835-2-1,국회에서는 이전보다 적극적으로 새누리당
6486148-2-0,새누리당
6486148-2-1,새누리당
6577846-2-0,민주통합당
6577846-2-1,단독으로
5908238-0-0,말제르브는
5908238-0-1,말제르브는 법률가로서보다
5908238-0-2,1744년
6598570-0-0,1744년
6598570-0-1,대법관
6598579-0-0,12월 6일 파리에서
6598579-0-1,"되었고, 1750년"
6598579-0-2,없었다면 《앙시클로페디》(프랑스어: Encyclopédie
5908238-1-0,말제르브
5908238-1-1,9달 동안 장관직
6598570-1-0,모푸의
6598570-1-1,9달 동안 장관직
6598579-1-0,1771년
6598579-1-1,1771년
6598579-1-2,동안 장관직을 유지하
5908238-2-0,말제르브
5908238-2-1,말제르브
6598570-2-0,1750년
6598570-2-1,1787년
6598579-2-0,1787년에 저술한
6598579-2-1,1750년
6598579-2-2,말제르브
6581275-0-0,이퀄(Equal
6581275-0-1,2008년
6581275-0-2,비밀의 교정
6534780-0-0,비밀의 교정
6534780-0-1,왕과 나》에서
6534780-0-2,늑대소년
6416570-0-0,이퀄(Equal)》이 2005년 제7회
6416570-0-1,2017년
6581275-1-0,1990년 2월
6581275-1-1,1990년 2월
6581275-1-2,단국대학교 예술조형대학
6534780-1-0,1990년
6534780-1-1,대성여자상업고등학교
6534780-1-2,단국대학교
6416570-1-0,받았다
6416570-1-1,큰 자양분이 됐다며 스스
6581275-2-0,증평여중의 'Cine.뜰
6581275-2-1,연기를 '인형'연기
6581275-2-2,서울국제청소년영화제
6534780-2-0,Cine.뜰
6534780-2-1,이퀄(Equal
6416570-2-0,모교인 증평여중의 'Cine.뜰'이라는 동아리
6416570-2-1,포기하겠지
6581275-3-0,과속스캔들
6581275-3-1,차태현
6581275-3-2,스타의 연인
6534780-3-0,미혼모 황정남 역할
6534780-3-1,2008년
6416570-3-0,미혼모 황정남 역할
6416570-3-1,제작진은 우격다짐으로
6581275-4-0,830만
6581275-4-1,8개의
6534780-4-0,830만
6534780-4-1,8개
6416570-4-0,8개의
6416570-4-1,2008년
6581275-5-0,휴메인엔터테인먼트
6581275-5-1,엔터테인먼트
6581275-5-2,2년간
6534780-5-0,휴메인엔터테인먼트
6534780-5-1,2년간
6534780-5-2,2010년 9월
6416570-5-0,2년간
6416570-5-1,다음과
6581275-6-0,2012년
6581275-6-1,1분가량의
6581275-6-2,박보영은 장르
6534780-6-0,미확인 동영상
6534780-6-1,86만명
6416570-6-0,2011년
6416570-6-1,86만명
6581275-7-0,2012년
6581275-7-1,늑대소년》 시나리오의
6534780-7-0,2012년
6534780-7-1,조성희 감독
6416570-7-0,늑대소년 철수에게 세상을 살아가
6416570-7-1,박보영
6581275-8-0,700만명
6581275-8-1,여배우
6581275-8-2,남자와 여자
6534780-8-0,700만명
6534780-8-1,20대 여배우
6416570-8-0,2012년
6416570-8-1,영화
6581275-9-0,2014년
6581275-9-1,2014년
6581275-9-2,167만명
6534780-9-0,2014년 2월
6534780-9-1,2월 영화
6534780-9-2,덕분에 상대역
6416570-9-0,2014년 2월 영화
6416570-9-1,익혀야 했는데 이것이 자연스러워
6581275-10-0,이해영 감독
6581275-10-1,2015년 6월 18일
6581275-10-2,2015년 6월 18일
6534780-10-0,2015년
6534780-10-1,이해영 감독
6534780-10-2,35만명
6581275-11-0,컴백작 《오 나의 귀신님
6581275-11-1,2015년
6581275-11-2,유제원 감독
6534780-11-0,나봉선
6534780-11-1,2015년 7월에는 7년 만
6581275-12-0,1위라는 기록
6581275-12-1,1위라
6534780-12-0,1위라
6534780-12-1,1위라
6416570-12-0,70점
6416570-12-1,1위라
6581275-13-0,2015년
6581275-13-1,2015년 10월 영화
6581275-13-2,뱅가드 섹션 부문에 공식
6534780-13-0,2015년
6534780-13-1,영화 《돌연변이》가 개봉됐다
6416570-13-0,제작발표회
6416570-13-1,저예산에
6581275-14-0,열정같은소리하고있네
6581275-14-1,이혜린 작가가 쓴 한국의
6581275-14-2,박보영은 나이에
6534780-14-0,기자의 이야기인
6534780-14-1,20대 여배우
6534780-14-2,20대 여배우
6416570-14-0,이혜린 작가가 쓴
6416570-14-1,12위
6581275-15-0,2017년
6581275-15-1,백미경 작가
6581275-15-2,2017년 2월부터 4월까지 인기리
6534780-15-0,힘쎈여자 도봉순
6534780-15-1,타이틀롤
6581275-16-0,신통방통한 활약을 선보이며 박보영
6581275-16-1,3.829%
6581275-16-2,9.230%
6534780-16-0,9.230%
6534780-16-1,9.230%
6534780-16-2,9.230%
6416570-16-0,9.230%
6416570-16-1,JTBC
6581275-17-0,드라마
6581275-17-1,이형민 PD는 “생각지
6581275-17-2,정덕현 대중문화평론가는
6534780-17-0,충남대
6534780-17-1,연출을 맡은 이형민 PD
6416570-17-0,연출을 맡은 이형민 PD는
6416570-17-1,드라마
6457869-0-0,3할
6457869-0-1,최하위(4위
6457869-0-2,최하위(4위
6522582-0-0,1999년
6522582-0-1,가와지리 데쓰로
6522582-0-2,요시다 요시오에게
6522583-0-0,소속팀인 주니치와의 경기에서 가와지리
6522583-0-1,한신의 감독인 요시다 요시오
6522583-0-2,1999년
6457869-1-0,이가와 게이에게 밀렸지만 팀
6457869-1-1,8리
6522582-1-0,팀메이트이자 히로시마 도요 카프
6522582-1-1,글러브 수상은 일본 프
6522582-1-2,6월 17일
6522583-1-0,체력을 단련하는 트레이닝에
6522583-1-1,글러브상을 동시
6457869-2-0,경기(138경기
6457869-2-1,19홈런
6457869-2-2,2004년
6522582-2-0,2004년
6522582-2-1,2004년
6522582-2-2,타율 2할 3푼 6리
6522583-2-0,경기(138경기) 출전
6522583-2-1,36세
6522583-2-2,본인으로서
6457869-3-0,배터리를 짜
6457869-3-1,4할대
6522582-3-0,7월에
6522582-3-1,16일에는 41세
6522583-3-0,아라이 다카히로와 함께
6522583-3-1,베이징 올림픽
6522583-3-2,않았던 경기
6457869-4-0,9월 25일
6457869-4-1,고시엔 구장에서도
6522582-4-0,20년
6522582-4-1,9월 2일
6522583-4-0,8경기
6522583-4-1,2일에 현역
6522583-4-2,고시엔 구장에서도
6481543-0-0,일본 유학
6481543-0-1,일본 유학
6481543-0-2,일본 유학
6481543-1-0,광랑(狂浪
6481543-1-1,생명의 과실
6481543-1-2,아오야마 뇌병원
6481543-2-0,어머니
6481543-2-1,탄실(彈實)은 그의
6481543-2-2,탄실이와 주영이>에는 기생이었던 그
6481543-3-0,김일엽이
6481543-3-1,신여자지는 재정난으로 4호를 끝
6481543-3-2,1920년
6481543-4-0,연애'라는 이광수
6481543-4-1,1930년대
6481543-4-2,단편 <꿈 묻
6481543-5-0,주인공
6481543-5-1,나의 친구여
6481543-5-2,나의 친구여
6481543-6-0,"현실적으로 묘사하였고, 각 작품"
6481543-6-1,70여
6481543-6-2,작품
6481543-7-0,연애를 통해
6481543-7-1,연애지상주
6481543-7-2,신여성
6541057-0-0,1884년
6541057-0-1,조선 왕실부 시의관(侍醫官)이었던
6541057-0-2,고종으로부터 병원
6458470-0-0,1884년
6458470-0-1,25일에 고종
6458470-0-2,고종으로부터 병원
6524049-0-0,제중원
6524049-0-1,본부는 광혜원 진료의 책임자
6541057-1-0,병원(Severance Memorial Hospital
6541057-1-1,의학전문학교
6541057-1-2,신촌으로
6524049-1-0,신축하면서 기증자
6524049-1-1,1945년
6524049-1-2,세브란스
6541057-2-0,연희전문학교
6541057-2-1,부교장
6541057-2-2,Underwood)의
6458470-2-0,1926년
6458470-2-1,연희전문학교
6458470-2-2,연희전문학교
6524049-2-0,부교장
6524049-2-1,1919년 3월
6524049-2-2,경성공업경영전문학교’(京城工業經營專門學校
6541057-3-0,1950년
6541057-3-1,백낙준(白樂濬
6541057-3-2,부산
6458470-3-0,1953년
6458470-3-1,1950년
6458470-3-2,백낙준(白樂濬
6524049-3-0,1950년
6524049-3-1,백낙준(白樂濬
6524049-3-2,세브란스 의과대학 예과를 연희대학교에
6541057-4-0,2011년
6541057-4-1,연세대학교 학생 1천여
6541057-4-2,범민족대회
6458470-4-0,2학년
6458470-4-1,연세대학교
6458470-4-2,김대중도서관을 설립하여
6524049-4-0,1천여 명이
6524049-4-1,2011년
6541057-5-0,신촌동)에
6541057-5-1,스팀슨
6541057-5-2,"190,320평을"
6458470-5-0,신촌동)에 위치한 연세대학교
6458470-5-1,연희
6458470-5-2,치원관(致遠館
6524049-5-0,기부금
6524049-5-1,최초의 건물은 치원관(致遠館
6541057-6-0,건물의 중앙에는 학교
6541057-6-1,세 건물의 중앙
6458470-6-0,유억겸기념관
6458470-6-1,언더우드관
6458470-6-2,5개동
6524049-6-0,오른편
6524049-6-1,세 건물의 중앙
6541057-7-0,국제캠퍼스
6541057-7-1,양해각서(MOU
6541057-7-2,"6,500억원"
6458470-7-0,85(송도신도시)에 위치하고 있는 연세대학교
6458470-7-1,1월 인천광역시와 양해각서(MOU
6458470-7-2,국제캠퍼스
6524049-7-0,학교본부
6524049-7-1,2008년
6541057-8-0,신입생
6541057-8-1,1학기
6458470-8-0,국제캠퍼스
6458470-8-1,2014년부터
6524049-8-0,첫 학번이었던 13학번
6524049-8-1,2014년부터
6541057-9-0,김우중 전 대우그룹 회장이
6541057-9-1,매지캠퍼스
6458470-9-0,매지캠퍼스
6458470-9-1,사용하
6458470-9-2,좌측에 인문예술대학
6524049-9-0,대우그룹 회장이 기증한 165만여m
6524049-9-1,보건과학대학
6541057-10-0,101주년
6541057-10-1,1983년
6541057-10-2,원주연세의료원
6458470-10-0,강남세브란스병원
6458470-10-1,용인세브란스병원
6458470-10-2,원주연세의료원
6524049-10-0,"2,064개의"
6524049-10-1,1983년
6524049-10-2,원주연세의료원
6541057-11-0,1949년
6541057-11-1,1949년
6541057-11-2,학생회
6458470-11-0,학생회
6458470-11-1,학생회
6458470-11-2,학생회
6524049-11-0,1961년 1월
6524049-11-1,학도호국단
6541057-12-0,총여학생회
6541057-12-1,2016년
6541057-12-2,총여학생회
6458470-12-0,총여학생회는
6458470-12-1,총여학생회
6458470-12-2,2002년에는 여성인력개발연구원
6524049-12-0,1988년
6524049-12-1,2002년에는
6541057-13-0,연고전
6541057-13-1,연고전
6458470-13-0,연고전
6458470-13-1,정기
6458470-13-2,5개 종목
6524049-13-0,정기 연고전
6524049-13-1,스포츠 대항전
6524049-13-2,9월에
6541057-14-0,Program
6541057-14-1,Program
6541057-14-2,교환학생제도
6458470-14-0,교환학생제도는 학생교환
6458470-14-1,교환학생제도
6458470-14-2,Program
6524049-14-0,방문학생제도
6524049-14-1,Program
6541057-15-0,국내 인증인
6541057-15-1,76위
6541057-15-2,경영대학
6458470-15-0,경영대학
6458470-15-1,1위로
6458470-15-2,인증인 KABEA
6524049-15-0,151위
6524049-15-1,"2,450여명에 달하"
6534755-0-0,1993년 6월 16일
6534755-0-1,연기자
6530163-0-0,1993년
6530163-0-1,서울특별시 양천구 목동
6530163-0-2,한자는 보배 보(寶)와
6516084-0-0,1993년 6월 16일
6516084-0-1,1녀 중 막내
6516084-0-2,15세 때
6534755-1-0,블라인드
6534755-1-1,HQ 주방옥 팀장을 따라
6530163-1-0,블라인드
6530163-1-1,블라인드》에서 시각장애인
6530163-1-2,블러썸 엔터테인먼트
6516084-1-0,블라인드
6516084-1-1,블러썸 엔터테인먼트
6516084-1-2,엔터테인먼트
6534755-2-0,내일도 칸타빌레
6534755-2-1,1700만
6530163-2-0,강동석(이서진 분)의 고등학교
6530163-2-1,사투리 연기
6530163-2-2,소속사 선배인 신승환에게
6516084-2-0,내일도 칸타빌레
6516084-2-1,작품에서는 현재 속
6534755-3-0,차이나타운
6534755-3-1,차이나타운
6530163-3-0,차이나타운
6530163-3-1,너를 기억해
6530163-3-2,차이나타운
6516084-3-0,차이나타운
6516084-3-1,차이나타운
6534755-4-0,응답하라
6534755-4-1,드라마
6530163-4-0,2015년
6530163-4-1,드라마
6530163-4-2,19.6%
6516084-4-0,응답하라
6516084-4-1,드라마
6534755-5-0,2016년 1월 16일
6534755-5-1,사랑합니다”라며
6530163-5-0,2016년
6530163-5-1,2016년
6530163-5-2,사랑합니다”라며
6516084-5-0,2016년 1월 16일
6516084-5-1,팬미팅
6534755-6-0,대중문화평론가는
6534755-6-1,이진희 한복 디자이너는 박보검
6530163-6-0,달빛》에서 이영 역
6530163-6-1,군주 효명세자
6530163-6-2,23.3%
6516084-6-0,구르미 그린 달빛
6516084-6-1,달빛》에서 이영 역
6530163-7-0,2016년
6530163-7-1,탤런트'에서 35.2%의
6530163-7-2,박보검
6516084-7-0,박보검
6516084-7-1,35.2%의
5972482-0-0,구혜선
5972482-0-1,CF로 연예계에 데뷔하
5972482-0-2,유쾌한 도우미
6477318-0-0,영화감독 데뷔작인 《유쾌한 도우미
6477318-0-1,결혼비용과 예식비용을 전부
6477318-0-2,SNS를 통해 안재현
6477256-0-0,2009년
6477256-0-1,유쾌한 도우미
6477256-0-2,안재현
5849814-0-0,1972년
5849814-0-1,1978년
5849814-0-2,생계를 위해 무역회사에
6547929-0-0,유신 선포를 계기
6547929-0-1,민청학련 사건
6547929-0-2,1978년
6547933-0-0,유신 선포
6547933-0-1,바로 상경하여 학생운동 써클
6547933-0-2,민청학련 사건
5849814-1-0,1995년
5849814-1-1,만65세
6547929-1-0,만62세
6547929-1-1,1995년 폐지 이후
6547933-1-0,고등학교
6547933-1-1,"학력고사, 모의고사"
5849814-2-0,성과급
5849814-2-1,성과급
5849814-2-2,이해찬은 교직원에게
6547929-2-0,성과급
6547929-2-1,"1,2기수"
6547933-2-0,성과급을 주는 제도
6547933-2-1,교직원에게
5849814-3-0,35명으로
5849814-3-1,한국교원단체총연합회(교총
5849814-3-2,모의고사
6547929-3-0,한국교원단체총연합회(교총
6547929-3-1,한국교원단체총연합회(교총
6547933-3-0,추진하였으
6547933-3-1,흉내 낸 제도
5849814-4-0,19일 헝가리
5849814-4-1,19일 헝가리에서
5849814-4-2,시대엔 안기부 정보로
6547929-4-0,진보정상회의
6547929-4-1,조선과 동아
6547933-4-0,조선과 동아
6547933-4-1,조선과 동아
5849814-5-0,2006년
5849814-5-1,2006년 3월 1일에 세종문화회관
5849814-5-2,9일 후인
6547929-5-0,노무현
6547929-5-1,2006년 3월 1일에 세종문화회관
6547933-5-0,상공인들과 골프모임을 가져 논란이
6547933-5-1,골프
6542089-0-0,웃음 트랙
6542089-0-1,한국에서도 예능프로그램 1박2일이
6542091-0-0,Douglass
6542091-0-1,웃음 트랙
6526436-0-0,19070년
6526436-0-1,방법으로 Douglass의 트랙
6542089-1-0,미러 뉴런
6542089-1-1,팔라지 박사
6542091-1-0,미러 뉴런
6542091-1-1,웃음
6526436-1-0,웃음
6526436-1-1,유사한 예로는 하품
6542089-2-0,때) 여성 참가자가 더
6542089-2-1,때문
6542091-2-0,이러한 이유 때문에
6542091-2-1,사이에선 커다란 웃음
6526436-2-0,있을 때
6526436-2-1,서로의 결속력을
6542089-3-0,1990년대
6542089-3-1,Ross Bagdasarian
6542091-3-0,Ross Bagdasarian
6542091-3-1,사용한다면 사람들이 진정으로 웃
6526436-3-0,새로운 물결
6526436-3-1,웃음 트랙
6551328-0-0,22년만
6551328-0-1,"조대라고 부르며, 학교법인"
6392948-0-0,사학분쟁조정위원회
6392948-0-1,"조대라고 부르며, 학교법인"
6392948-0-2,"조대라고 부르며, 학교법인 조선대학교"
6551328-1-0,메이지대학교(明治大学)를
6551328-1-1,1946년
6392948-1-0,창립준비위원회가 결성하면서
6392948-1-1,제국의 탄압으로
6392948-1-2,전라남도지사였던 서민호
6551328-2-0,1946년
6551328-2-1,1947년
6392948-2-0,설립
6392948-2-1,공동체를 상징하면서
6392948-2-2,광주서중학교
6551328-3-0,1997년
6551328-3-1,조선대학교
6392948-3-0,1980년 5·18 광주
6392948-3-1,5월 17일
6392948-3-2,1997년
6551328-4-0,환원'투쟁인 1·8 항쟁
6551328-4-1,2명이
6392948-4-0,7시에
6392948-4-1,호남 지역 민중에
6392948-4-2,1·8
6551328-5-0,선정되었
6551328-5-1,2012년
6392948-5-0,2009년
6392948-5-1,22년만에
6392948-5-2,2012년
6551328-6-0,375m
6551328-6-1,2003년
6392948-6-0,375m
6392948-6-1,2003년
6392948-6-2,한국대학신문
6551328-7-0,조선대학교
6551328-7-1,"7,774점에"
6392948-7-0,706m에
6392948-7-1,전시하고 있으며 제3전시실
6392948-7-2,460점
6551328-8-0,광주광역시 북구 첨단과기로208번길 50
6551328-8-1,1만m² 규모
6392948-8-0,50에 위치해
6392948-8-1,부품기술혁신센터
6392948-8-2,1만m² 규모
6551328-9-0,1980년
6551328-9-1,교지편집위원회
6392948-9-0,데 그 목적을 두고
6392948-9-1,교지편집위원회
6392948-9-2,새내기호'와 편집위원회의
6551328-10-0,개설된 비만 프로그램과 금연
6551328-10-1,1988년
6392948-10-0,1988년
6392948-10-1,보건진료소
6392948-10-2,비만 프로그램과
6551328-11-0,다양한 연례 행사
6551328-11-1,2011년
6392948-11-0,다양한 연례 행사
6392948-11-1,백악의 향기라는 이름
6392948-11-2,2003년
6551328-12-0,2001년
6551328-12-1,2011년
6392948-12-0,전 1949년 7월 창립
6392948-12-1,2001년
6392948-12-2,조선대
6551328-13-0,시립대학 전환
6551328-13-1,없다'며
6392948-13-0,2010년 1월
6392948-13-1,시립대학 전환
6392948-13-2,조선대학교
6551328-14-0,2009년
6551328-14-1,200명
6392948-14-0,법학전문대학원
6392948-14-1,200명
6392948-14-2,양성'이라는
6551328-15-0,2009년 12월
6551328-15-1,2010년 11월
6392948-15-0,정이사 체제
6392948-15-1,2009년
6392948-15-2,2009년 12월 10일
6542650-0-0,2000년
6542650-0-1,백과사전
6526965-0-0,백과사전
6526965-0-1,작성했던 백과사전인 누피디아(지금은 없어짐
6542650-1-0,위키백과
6542650-1-1,편집자
6145459-1-0,"49,000"
6145459-1-1,"4,900"
6145459-1-2,3분
6526965-1-0,위키백
6526965-1-1,공과대학교의 《테크놀로지 리뷰
6542650-2-0,이코노믹 타임즈
6542650-2-1,달하는 2억 번
6145459-2-0,"12%, 독일어"
6145459-2-1,타임즈》에 투고한
6526965-2-0,바르마
6526965-2-1,위키백과
6542650-3-0,거치는 시티즌디움
6542650-3-1,위키백과
6145459-3-0,신뢰성에
6145459-3-1,"5,500"
6145459-3-2,위키백과
6526965-3-0,케네디의
6526965-3-1,위키백
6542650-4-0,위키미디어
6542650-4-1,2016년 1월 15일
6145459-4-0,위키미디어
6145459-4-1,이탈리아의 에시노라리오
6145459-4-2,한국위키미디어협회
6526965-4-0,컨퍼런스
6526965-4-1,2016년
6542650-5-0,사용자
6542650-5-1,익명성을
6145459-5-0,익명성을
6145459-5-1,사용자
6145459-5-2,아웃사이더
6526965-5-0,사용자
6526965-5-1,사용자
6542650-6-0,정책과 지침
6542650-6-1,커뮤니티
6145459-6-0,정책과 지침
6145459-6-1,큰 논란은 문서의 중립성
6145459-6-2,역시 2004년
6526965-6-0,2004년
6526965-6-1,2005년
6542650-7-0,프론트엔드
6542650-7-1,분산 메모리 캐시에 캐시
6145459-7-0,"25,000~60,000페이지"
6145459-7-1,프론트엔드 계층으로
6145459-7-2,렌더링
6541836-0-0,1930년
6541836-0-1,프랑크푸르트
6525997-0-0,김나지움(고등학교
6525997-0-1,대학과 프랑크푸르트 대학
6525997-0-2,1930년
5844379-0-0,진행한 그는 1938년
5844379-0-1,김나지움(고등학교
6541836-1-0,나치 돌격대(SA
6541836-1-1,지나지 않아 건강 악화로
6541836-1-2,이레네 쇤바인(Irene Schonbein)과 결혼하여
6525997-1-0,20세
6525997-1-1,1931년
6525997-1-2,이레네 쇤바인(Irene Schonbein
5844379-1-0,1933년
5844379-1-1,1931년
6541836-2-0,수용소
6541836-2-1,멩겔레
6541836-2-2,염색약
6525997-2-0,멩겔레
6525997-2-1,멩겔레
6525997-2-2,멩겔레
5844379-2-0,Troupe
5844379-2-1,1943년
6541836-3-0,아르헨티나
6541836-3-1,브라질
6525997-3-0,브라질
6525997-3-1,브라질
5844379-3-0,1959년
5844379-3-1,브라질
5885698-0-0,7만 7000 km
5885698-0-1,트빌리시
6595129-0-0,조지아
6595129-0-1,트빌리시
6595129-0-2,1952년
6595159-0-0,트빌리시
6595159-0-1,1952년까지
5885698-1-0,제3그룹
5885698-1-1,조지아
6595129-1-0,공화국
6595129-1-1,1917년
6595129-1-2,공화국
6595159-1-0,조지아
6595159-1-1,공화국
6595159-1-2,공화국
5885698-2-0,1991년
5885698-2-1,1990년
6595129-2-0,1991년 4월
6595129-2-1,소련 외무장관이 된
6595129-2-2,1990년
6595159-2-0,"소련 시절, 조지아의"
6595159-2-1,고르바초프
6595159-2-2,조지아
5885698-3-0,셰바르드나제
5885698-3-1,셰바르드나제
6595129-3-0,셰바르드나제
6595129-3-1,1995년
6595129-3-2,불리는 시민 운동
6595159-3-0,셰바르드나제
6595159-3-1,1995년
6595159-3-2,장미 혁명
5885698-4-0,러시아
5885698-4-1,의원내각제형태의 제도
6595129-4-0,2008년 8월
6595129-4-1,1994년
6595159-4-0,외교관계
6595159-4-1,의원내각제형태
5885698-5-0,38%
5885698-5-1,산맥
6595129-5-0,330여종
6595129-5-1,캅카스 산맥
6595159-5-0,캅카스
6595159-5-1,38%
6595159-5-2,160여종
5885698-6-0,철학적 토스트를 통해서
5885698-6-1,조지아
6595129-6-0,조지아
6595129-6-1,조지아의 음식은
6595159-6-0,있도록 하는것
6595159-6-1,지역은 그들의 특정 요리
5780995-0-0,김일성
5780995-0-1,반당종파분자
5780995-0-2,1956년말
6528196-0-0,사회주의로의 이행기
6528196-0-1,1956년말
6470091-0-0,최창익 일파
6470091-0-1,수정주의
5780995-1-0,박헌영
5780995-1-1,다른 계파
5780995-1-2,1925년
6528196-1-0,박헌영
6528196-1-1,소련
6470091-1-0,동북항일연군 출신
6470091-1-1,박헌영
6470091-1-2,소련과 가장 친한 것
5780995-2-0,실패의 책임
5780995-2-1,스파이'라는 명분을 만들어
5780995-2-2,실패의 책임
6528196-2-0,박헌영
6528196-2-1,1953년
6470091-2-0,전세가 크게 역전되
6470091-2-1,김일성
5780995-3-0,경공업 우선의 경제정책
5780995-3-1,1955년
5780995-3-2,"연안파, 소련파"
6528196-3-0,1955년
6528196-3-1,강경하게 중공업 우선의 경제정책을
6470091-3-0,강경하게 중공업
6470091-3-1,소련파 등은 경공업
5780995-4-0,스탈린
5780995-4-1,개인숭배
5780995-4-2,스탈린
6528196-4-0,1956년 3월
6528196-4-1,소련 초대 지도자
6470091-4-0,강력한 유일지도체제
6470091-4-1,대표적인
5780995-5-0,김일성
5780995-5-1,1956년
5780995-5-2,1956년
6528196-5-0,1956년
6528196-5-1,전원회의
6470091-5-0,전원회의
6470091-5-1,전원회의
6481182-0-0,민족의 반역자
6481182-0-1,중에 들어가있다
6576723-0-0,민족의 반역자
6576723-0-1,진상규명특별법
6576723-0-2,새누리당
6464946-0-0,데 4억원
6464946-0-1,백선엽
6566701-0-0,고파도리
6566701-0-1,면적이 1.01km의 작은
6566701-0-2,1895년(고종32
6566707-0-0,1.01km
6566707-0-1,군사 파지도영(波知島營
5918057-0-0,여지도서(輿地圖書
5918057-0-1,1994년
5918057-0-2,1895년(고종32
6566701-1-0,4개 마을
6566701-1-1,금학리
6566701-1-2,금곡리
6566707-1-0,금학리
6566707-1-1,금학리
5918057-1-0,4개 마을
5918057-1-1,2개리
6566701-2-0,구도(舊島
6566701-2-1,구도(舊島
6566701-2-2,구도(舊島
6566707-2-0,구도(舊島
6566707-2-1,구도
5918057-2-0,3면이
5918057-2-1,정기여객선
6566701-3-0,장북리
6566701-3-1,진장리
6566701-3-2,진장리
6566707-3-0,진장리
6566707-3-1,진장리
5918057-3-0,1914년
5918057-3-1,장북리
6491753-0-0,공화당
6491753-0-1,모두에게
6491753-0-2,공화당
6491753-1-0,1996년
6491753-1-1,USA를 2015년까지 열었다
6491753-1-2,1996년
6043133-1-0,USA
6043133-1-1,유니버스
6043133-1-2,유니버스
6491753-2-0,레슬매니아 23
6491753-2-1,오스틴
6491753-2-2,트럼프
6043133-2-0,도널드 트럼프
6043133-2-1,도널드 트럼프
6043133-2-2,도널드 트럼프
6491753-3-0,미국
6491753-3-1,성원하였으나 나토와 태평양 지역
6491753-3-2,미국
6600262-0-0,1944년
6600262-0-1,후쿠도메 시게루 중장
6600262-0-2,도요다 소에무
6567261-0-0,도요다 소에무
6567261-0-1,1944년
6600262-1-0,제3함대
6600262-1-1,"12일, 미해군"
6567261-1-0,1944년
6567261-1-1,"1,378대"
6567261-1-2,54대
6600262-2-0,캔버라의 대피
6600262-2-1,14일 제3함대는
6567261-2-0,10월 14일 제3함대
6567261-2-1,380기
6600262-3-0,벙커힐
6600262-3-1,"Lexington, CV-16)에게도 같"
6567261-3-0,10월 19일
6567261-3-1,레이테 만
6572695-0-0,Ma Boy〉로 활동하였으
6572695-0-1,OST인 《영광
6572695-0-2,씨스타
6572738-0-0,Push Push
6572738-0-1,씨스타
6572738-0-2,씨스타
6572695-1-0,JYP
6572695-1-1,아길레라의 〈Hurt〉를 불러
6572738-1-0,1등
6572738-1-1,오디션
6572738-1-2,1등으로
6572695-2-0,동메달
6572695-2-1,씨스타19를 결성해 〈Ma Boy〉로
6572738-2-0,꽃다발 뮤지컬
6572738-2-1,획득하고 2011년 《제3회
6572738-2-2,Ma Boy〉로 활동하였으며
6572695-3-0,2012년
6572695-3-1,12학번
6572738-3-0,Super Star
6572738-3-1,해에 팀 동료 소유와
6572738-3-2,함께(팀) 창극《춘향전》중에서《사랑가》곡
6572695-4-0,Lonely’와
6572695-4-1,Lonely’와 ‘너밖에
6572738-4-0,있다 없으니까
6572738-4-1,2013년 11월 26일
6572695-5-0,윤상의《My Life》곡에 피처링
6572695-5-1,2》에
6572738-5-0,윤상의《My Life》곡에 피처링
6572738-5-1,애견묘 흥녀를 생각하
6572695-6-0,26일에는 지코와 팔로알토
6572695-6-1,Love Line 곡
6572738-6-0,너니까》음원을 발매했고 8월
6572738-6-1,스타쉽엑스에서
6572695-7-0,복면가왕
6572695-7-1,유미를 누르고 3라운드
6572738-7-0,복면가왕
6572738-7-1,유영석
6572695-8-0,3년만
6572695-8-1,선공개곡 <One Step>을
6572738-8-0,실제로 이번 앨범은 성적
6572738-8-1,Slow> 곡까지 총 5곡
6508071-0-0,하와이 대학교
6508071-0-1,카피올라니 병원
6108839-0-0,미국 하와이 호놀룰루의 카피올라니
6108839-0-1,1960년
6108839-0-2,케냐
6581697-0-0,시니어 사이
6581697-0-1,1960년
6581697-0-2,1960년
6108839-1-0,Presidency)에서 오바마는 자신
6108839-1-1,2008년
6581697-1-0,2008년
6581697-1-1,코카인
6508071-2-0,옥시덴탈 대학교
6508071-2-1,옥시덴탈
6508071-2-2,컬럼비아 대학교
6108839-2-0,1979년 로스앤젤레스의
6108839-2-1,국제 관계학을 주전공(specialty)으로 정치학
6108839-2-2,1983년
6581697-2-0,로스앤젤레스
6581697-2-1,1981년
6581697-2-2,1981년
6508071-3-0,시카고의 사우스
6508071-3-1,개메일리얼 재단
6108839-3-0,23세
6108839-3-1,지역사회
6108839-3-2,"400,000"
6581697-3-0,23세
6581697-3-1,"12,000달러"
6581697-3-2,운동가(community organizer)로 일하기
6508071-4-0,하버드 로리뷰(Harvard
6508071-4-1,내 아버지로부터의 꿈
6108839-4-0,로스쿨에 입학하
6108839-4-1,로스쿨
6108839-4-2,1992년
6581697-4-0,하버드 로스쿨
6581697-4-1,2학년 재학 중에는 편집장(President
6581697-4-2,1991년
6508071-5-0,이사회
6508071-5-1,1992년 공공 동맹(Public Allies
6108839-5-0,동맹(Public Allies)의 이사회 창립
6108839-5-1,2002년
6581697-5-0,1992년
6581697-5-1,Allies)의 이사회 창립
6581697-5-2,1995년
6508071-6-0,"선출되었는데, 그의"
6508071-6-1,양당 합동 행정 조례
6108839-6-0,이어 일리노이 상원
6108839-6-1,의료 입법에서
6581697-6-0,1996년
6581697-6-1,의료 입법에서
6581697-6-2,오바마는 공화당
6108839-7-0,미국 상원 선거에
6108839-7-1,2003년
6581697-7-0,2004년
6581697-7-1,의료 및 인간 서비스
6581697-7-2,11월
6108839-8-0,2002년
6108839-8-1,2002년
6108839-8-2,15명
6581697-8-0,1월
6581697-8-1,2004년
6508071-9-0,매체인 CQ 위클리 지는
6508071-9-1,Congress.org
6508071-9-2,Congress.org
6108839-9-0,상원의원 11위로
6108839-9-1,16일
6108839-9-2,성실한 민주당원
6581697-9-0,2008년
6581697-9-1,11위로
6508071-10-0,정책법안
6508071-10-1,감축 법안
6508071-10-2,강화 법안'을
6108839-10-0,2005년
6108839-10-1,2008년
6581697-10-0,2006년
6581697-10-1,2005년
6108839-11-0,링컨 대통령
6108839-11-1,150년이
6581697-11-0,링컨 대통령
6581697-11-1,1865년
6108839-12-0,큰 정부'에
6108839-12-1,공화당
6581697-12-0,오바마
6581697-12-1,"공화당 의원은 ""과식으로 터질듯한"
6108839-13-0,때문에 민주당은 이번
6108839-13-1,65세
6581697-13-0,미네소타주 미니애폴리스 타깃센터
6581697-13-1,오바마는 미네소타주 미니애폴리스
6508071-14-0,유은진 번역사를
6508071-14-1,자동차
6108839-14-0,단호하고 지속적으로 '한반도 비핵화'를
6108839-14-1,자동차시장 분야
6581697-14-0,자동차
6581697-14-1,자동차
