id,label
klue-nli-v1_train_03504,neutral
klue-nli-v1_train_08818,neutral
klue-nli-v1_train_21263,entailment
klue-nli-v1_train_05250,neutral
klue-nli-v1_train_10986,entailment
klue-nli-v1_train_19939,entailment
klue-nli-v1_train_23514,contradiction
klue-nli-v1_train_21663,neutral
klue-nli-v1_train_12879,entailment
klue-nli-v1_train_02937,neutral
klue-nli-v1_train_22679,neutral
klue-nli-v1_train_06863,contradiction
klue-nli-v1_train_18051,neutral
klue-nli-v1_train_05071,entailment
klue-nli-v1_train_01347,neutral
klue-nli-v1_train_15703,contradiction
klue-nli-v1_train_00343,neutral
klue-nli-v1_train_09253,neutral
klue-nli-v1_train_05498,entailment
klue-nli-v1_train_13786,entailment
klue-nli-v1_train_21391,neutral
klue-nli-v1_train_00271,entailment
klue-nli-v1_train_08608,contradiction
klue-nli-v1_train_05474,entailment
klue-nli-v1_train_23046,neutral
klue-nli-v1_train_21174,contradiction
klue-nli-v1_train_18267,neutral
klue-nli-v1_train_17571,neutral
klue-nli-v1_train_19488,entailment
klue-nli-v1_train_18746,neutral
klue-nli-v1_train_04862,entailment
klue-nli-v1_train_23501,contradiction
klue-nli-v1_train_05229,neutral
klue-nli-v1_train_12859,neutral
klue-nli-v1_train_15849,entailment
klue-nli-v1_train_13861,contradiction
klue-nli-v1_train_10183,entailment
klue-nli-v1_train_03939,contradiction
klue-nli-v1_train_16500,neutral
klue-nli-v1_train_09409,entailment
klue-nli-v1_train_06646,entailment
klue-nli-v1_train_10368,contradiction
klue-nli-v1_train_07326,contradiction
klue-nli-v1_train_21154,entailment
klue-nli-v1_train_08030,neutral
klue-nli-v1_train_12499,entailment
klue-nli-v1_train_16530,contradiction
klue-nli-v1_train_08969,contradiction
klue-nli-v1_train_16344,contradiction
klue-nli-v1_train_01280,entailment
klue-nli-v1_train_12819,entailment
klue-nli-v1_train_23533,contradiction
klue-nli-v1_train_20972,neutral
klue-nli-v1_train_15054,neutral
klue-nli-v1_train_05990,contradiction
klue-nli-v1_train_23562,contradiction
klue-nli-v1_train_07628,entailment
klue-nli-v1_train_24204,neutral
klue-nli-v1_train_21804,contradiction
klue-nli-v1_train_08756,neutral
klue-nli-v1_train_15488,neutral
klue-nli-v1_train_05074,neutral
klue-nli-v1_train_10032,entailment
klue-nli-v1_train_20790,neutral
klue-nli-v1_train_08193,entailment
klue-nli-v1_train_19147,contradiction
klue-nli-v1_train_04646,contradiction
klue-nli-v1_train_01940,neutral
klue-nli-v1_train_05489,neutral
klue-nli-v1_train_18977,entailment
klue-nli-v1_train_09509,entailment
klue-nli-v1_train_16774,entailment
klue-nli-v1_train_15433,entailment
klue-nli-v1_train_18581,neutral
klue-nli-v1_train_12394,contradiction
klue-nli-v1_train_12391,contradiction
klue-nli-v1_train_09526,contradiction
klue-nli-v1_train_04555,entailment
klue-nli-v1_train_08863,entailment
klue-nli-v1_train_12210,neutral
klue-nli-v1_train_23049,neutral
klue-nli-v1_train_09047,neutral
klue-nli-v1_train_13229,neutral
klue-nli-v1_train_23887,contradiction
klue-nli-v1_train_22505,neutral
klue-nli-v1_train_24881,entailment
klue-nli-v1_train_04107,contradiction
klue-nli-v1_train_20738,neutral
klue-nli-v1_train_05590,neutral
klue-nli-v1_train_22726,contradiction
klue-nli-v1_train_13328,neutral
klue-nli-v1_train_20064,neutral
klue-nli-v1_train_08011,contradiction
klue-nli-v1_train_17465,entailment
klue-nli-v1_train_19889,neutral
klue-nli-v1_train_03496,entailment
klue-nli-v1_train_19009,neutral
klue-nli-v1_train_13889,entailment
klue-nli-v1_train_14973,contradiction
klue-nli-v1_train_10394,entailment
klue-nli-v1_train_01294,neutral
klue-nli-v1_train_09414,contradiction
klue-nli-v1_train_03351,contradiction
klue-nli-v1_train_03136,contradiction
klue-nli-v1_train_20296,entailment
klue-nli-v1_train_11749,neutral
klue-nli-v1_train_01519,neutral
klue-nli-v1_train_03882,contradiction
klue-nli-v1_train_15370,entailment
klue-nli-v1_train_18863,neutral
klue-nli-v1_train_11538,contradiction
klue-nli-v1_train_22973,entailment
klue-nli-v1_train_07005,contradiction
klue-nli-v1_train_23075,contradiction
klue-nli-v1_train_18613,entailment
klue-nli-v1_train_08730,contradiction
klue-nli-v1_train_17267,contradiction
klue-nli-v1_train_04382,entailment
klue-nli-v1_train_02405,entailment
klue-nli-v1_train_10100,contradiction
klue-nli-v1_train_24209,entailment
klue-nli-v1_train_01800,neutral
klue-nli-v1_train_23638,neutral
klue-nli-v1_train_11739,entailment
klue-nli-v1_train_05966,neutral
klue-nli-v1_train_12714,neutral
klue-nli-v1_train_22710,neutral
klue-nli-v1_train_04124,entailment
klue-nli-v1_train_16004,neutral
klue-nli-v1_train_08275,neutral
klue-nli-v1_train_10049,neutral
klue-nli-v1_train_17777,entailment
klue-nli-v1_train_05283,contradiction
klue-nli-v1_train_04839,contradiction
klue-nli-v1_train_05194,entailment
klue-nli-v1_train_15525,contradiction
klue-nli-v1_train_19687,neutral
klue-nli-v1_train_11910,neutral
klue-nli-v1_train_18553,contradiction
klue-nli-v1_train_11740,neutral
klue-nli-v1_train_12730,neutral
klue-nli-v1_train_16494,contradiction
klue-nli-v1_train_19406,entailment
klue-nli-v1_train_19282,contradiction
klue-nli-v1_train_08406,neutral
klue-nli-v1_train_01887,neutral
klue-nli-v1_train_11568,contradiction
klue-nli-v1_train_18523,contradiction
klue-nli-v1_train_00605,neutral
klue-nli-v1_train_22635,contradiction
klue-nli-v1_train_08640,entailment
klue-nli-v1_train_04594,entailment
klue-nli-v1_train_04981,contradiction
klue-nli-v1_train_10362,neutral
klue-nli-v1_train_04918,entailment
klue-nli-v1_train_17975,contradiction
klue-nli-v1_train_02061,contradiction
klue-nli-v1_train_15831,entailment
klue-nli-v1_train_22097,contradiction
klue-nli-v1_train_09827,neutral
klue-nli-v1_train_06264,contradiction
klue-nli-v1_train_11963,entailment
klue-nli-v1_train_23444,neutral
klue-nli-v1_train_15751,neutral
klue-nli-v1_train_06365,contradiction
klue-nli-v1_train_19826,entailment
klue-nli-v1_train_04846,entailment
klue-nli-v1_train_01495,contradiction
klue-nli-v1_train_12994,contradiction
klue-nli-v1_train_13959,neutral
klue-nli-v1_train_04450,neutral
klue-nli-v1_train_07143,entailment
klue-nli-v1_train_04079,entailment
klue-nli-v1_train_19993,entailment
klue-nli-v1_train_17165,neutral
klue-nli-v1_train_04534,neutral
klue-nli-v1_train_13412,neutral
klue-nli-v1_train_18260,neutral
klue-nli-v1_train_16299,entailment
klue-nli-v1_train_09702,contradiction
klue-nli-v1_train_18876,contradiction
klue-nli-v1_train_10408,neutral
klue-nli-v1_train_00363,contradiction
klue-nli-v1_train_23198,neutral
klue-nli-v1_train_06760,contradiction
klue-nli-v1_train_09544,neutral
klue-nli-v1_train_02912,entailment
klue-nli-v1_train_15759,contradiction
klue-nli-v1_train_10332,entailment
klue-nli-v1_train_00754,neutral
klue-nli-v1_train_10541,entailment
klue-nli-v1_train_10568,entailment
klue-nli-v1_train_20283,entailment
klue-nli-v1_train_16408,entailment
klue-nli-v1_train_21045,neutral
klue-nli-v1_train_03418,neutral
klue-nli-v1_train_17491,neutral
klue-nli-v1_train_16490,neutral
klue-nli-v1_train_01636,neutral
klue-nli-v1_train_00671,entailment
klue-nli-v1_train_04110,contradiction
klue-nli-v1_train_20946,entailment
klue-nli-v1_train_22355,neutral
klue-nli-v1_train_17194,entailment
klue-nli-v1_train_13169,neutral
klue-nli-v1_train_17301,entailment
klue-nli-v1_train_02837,entailment
klue-nli-v1_train_16707,entailment
klue-nli-v1_train_08722,entailment
klue-nli-v1_train_13367,neutral
klue-nli-v1_train_19351,contradiction
klue-nli-v1_train_19320,entailment
klue-nli-v1_train_17103,contradiction
klue-nli-v1_train_14363,contradiction
klue-nli-v1_train_10719,contradiction
klue-nli-v1_train_00789,contradiction
klue-nli-v1_train_15322,neutral
klue-nli-v1_train_08690,neutral
klue-nli-v1_train_21329,contradiction
klue-nli-v1_train_03049,contradiction
klue-nli-v1_train_21095,contradiction
klue-nli-v1_train_08656,contradiction
klue-nli-v1_train_02346,contradiction
klue-nli-v1_train_24050,contradiction
klue-nli-v1_train_00982,neutral
klue-nli-v1_train_21219,contradiction
klue-nli-v1_train_15480,neutral
klue-nli-v1_train_02062,neutral
klue-nli-v1_train_17384,contradiction
klue-nli-v1_train_10919,entailment
klue-nli-v1_train_17879,neutral
klue-nli-v1_train_12461,contradiction
klue-nli-v1_train_15804,entailment
klue-nli-v1_train_11121,neutral
klue-nli-v1_train_21194,entailment
klue-nli-v1_train_18178,entailment
klue-nli-v1_train_14260,contradiction
klue-nli-v1_train_02529,contradiction
klue-nli-v1_train_11976,contradiction
klue-nli-v1_train_11328,entailment
klue-nli-v1_train_14367,neutral
klue-nli-v1_train_00890,entailment
klue-nli-v1_train_21268,entailment
klue-nli-v1_train_09395,entailment
klue-nli-v1_train_09269,contradiction
klue-nli-v1_train_13800,neutral
klue-nli-v1_train_20825,neutral
klue-nli-v1_train_07097,neutral
klue-nli-v1_train_09699,contradiction
klue-nli-v1_train_23172,entailment
klue-nli-v1_train_15527,entailment
klue-nli-v1_train_06756,neutral
klue-nli-v1_train_05073,contradiction
klue-nli-v1_train_11932,contradiction
klue-nli-v1_train_22306,neutral
klue-nli-v1_train_20159,neutral
klue-nli-v1_train_17299,contradiction
klue-nli-v1_train_06987,contradiction
klue-nli-v1_train_17309,neutral
klue-nli-v1_train_23382,neutral
klue-nli-v1_train_04938,contradiction
klue-nli-v1_train_20783,contradiction
klue-nli-v1_train_08240,contradiction
klue-nli-v1_train_09310,contradiction
klue-nli-v1_train_10498,neutral
klue-nli-v1_train_00486,contradiction
klue-nli-v1_train_02647,contradiction
klue-nli-v1_train_23547,contradiction
klue-nli-v1_train_12072,neutral
klue-nli-v1_train_06167,neutral
klue-nli-v1_train_00689,entailment
klue-nli-v1_train_22651,neutral
klue-nli-v1_train_19263,entailment
klue-nli-v1_train_06429,entailment
klue-nli-v1_train_02031,contradiction
klue-nli-v1_train_23935,neutral
klue-nli-v1_train_06386,contradiction
klue-nli-v1_train_11094,entailment
klue-nli-v1_train_03549,neutral
klue-nli-v1_train_18955,neutral
klue-nli-v1_train_07945,entailment
klue-nli-v1_train_02855,entailment
klue-nli-v1_train_15739,neutral
klue-nli-v1_train_11329,contradiction
klue-nli-v1_train_23807,neutral
klue-nli-v1_train_13088,neutral
klue-nli-v1_train_16441,neutral
klue-nli-v1_train_12407,contradiction
klue-nli-v1_train_01091,entailment
klue-nli-v1_train_08744,entailment
klue-nli-v1_train_04395,contradiction
klue-nli-v1_train_12663,entailment
klue-nli-v1_train_12345,contradiction
klue-nli-v1_train_12368,neutral
klue-nli-v1_train_06201,neutral
klue-nli-v1_train_16917,entailment
klue-nli-v1_train_20589,entailment
klue-nli-v1_train_17546,contradiction
klue-nli-v1_train_15153,contradiction
klue-nli-v1_train_09555,entailment
klue-nli-v1_train_20341,entailment
klue-nli-v1_train_01087,neutral
klue-nli-v1_train_05963,neutral
klue-nli-v1_train_21139,neutral
klue-nli-v1_train_22547,neutral
klue-nli-v1_train_21296,entailment
klue-nli-v1_train_21579,contradiction
klue-nli-v1_train_11827,neutral
klue-nli-v1_train_08322,entailment
klue-nli-v1_train_03072,neutral
klue-nli-v1_train_07657,contradiction
klue-nli-v1_train_24295,contradiction
klue-nli-v1_train_12319,contradiction
klue-nli-v1_train_19649,contradiction
klue-nli-v1_train_06382,entailment
klue-nli-v1_train_13608,contradiction
klue-nli-v1_train_10638,contradiction
klue-nli-v1_train_00557,neutral
klue-nli-v1_train_12855,contradiction
klue-nli-v1_train_16171,neutral
klue-nli-v1_train_01549,neutral
klue-nli-v1_train_23432,neutral
klue-nli-v1_train_08751,contradiction
klue-nli-v1_train_18871,contradiction
klue-nli-v1_train_23879,neutral
klue-nli-v1_train_16239,neutral
klue-nli-v1_train_03622,neutral
klue-nli-v1_train_08231,neutral
klue-nli-v1_train_20331,contradiction
klue-nli-v1_train_14098,neutral
klue-nli-v1_train_13774,contradiction
klue-nli-v1_train_15783,contradiction
klue-nli-v1_train_10306,neutral
klue-nli-v1_train_15458,neutral
klue-nli-v1_train_10504,entailment
klue-nli-v1_train_00672,contradiction
klue-nli-v1_train_22298,entailment
klue-nli-v1_train_00134,contradiction
klue-nli-v1_train_06301,entailment
klue-nli-v1_train_16666,neutral
klue-nli-v1_train_03256,neutral
klue-nli-v1_train_02378,contradiction
klue-nli-v1_train_01933,neutral
klue-nli-v1_train_08285,entailment
klue-nli-v1_train_15559,neutral
klue-nli-v1_train_21099,contradiction
klue-nli-v1_train_15937,contradiction
klue-nli-v1_train_01481,contradiction
klue-nli-v1_train_03226,entailment
klue-nli-v1_train_24738,entailment
klue-nli-v1_train_00781,neutral
klue-nli-v1_train_00115,contradiction
klue-nli-v1_train_08218,contradiction
klue-nli-v1_train_14760,neutral
klue-nli-v1_train_20674,neutral
klue-nli-v1_train_15887,neutral
klue-nli-v1_train_22226,neutral
klue-nli-v1_train_10595,contradiction
klue-nli-v1_train_01821,contradiction
klue-nli-v1_train_03218,entailment
klue-nli-v1_train_10956,entailment
klue-nli-v1_train_24800,neutral
klue-nli-v1_train_22413,entailment
klue-nli-v1_train_15881,neutral
klue-nli-v1_train_06729,entailment
klue-nli-v1_train_21943,contradiction
klue-nli-v1_train_12584,contradiction
klue-nli-v1_train_23778,neutral
klue-nli-v1_train_24752,neutral
klue-nli-v1_train_00060,entailment
klue-nli-v1_train_06658,neutral
klue-nli-v1_train_23019,contradiction
klue-nli-v1_train_06625,neutral
klue-nli-v1_train_17311,contradiction
klue-nli-v1_train_06260,entailment
klue-nli-v1_train_14816,entailment
klue-nli-v1_train_09687,entailment
klue-nli-v1_train_04748,contradiction
klue-nli-v1_train_19817,entailment
klue-nli-v1_train_16456,neutral
klue-nli-v1_train_20751,neutral
klue-nli-v1_train_06553,neutral
klue-nli-v1_train_05861,contradiction
klue-nli-v1_train_19117,entailment
klue-nli-v1_train_06974,neutral
klue-nli-v1_train_03867,neutral
klue-nli-v1_train_07781,contradiction
klue-nli-v1_train_00805,neutral
klue-nli-v1_train_21168,neutral
klue-nli-v1_train_06490,contradiction
klue-nli-v1_train_04465,neutral
klue-nli-v1_train_08482,contradiction
klue-nli-v1_train_15051,neutral
klue-nli-v1_train_20535,entailment
klue-nli-v1_train_11693,neutral
klue-nli-v1_train_10104,contradiction
klue-nli-v1_train_18893,neutral
klue-nli-v1_train_15266,contradiction
klue-nli-v1_train_11443,entailment
klue-nli-v1_train_07540,neutral
klue-nli-v1_train_01233,neutral
klue-nli-v1_train_04776,entailment
klue-nli-v1_train_08313,neutral
klue-nli-v1_train_12611,neutral
klue-nli-v1_train_09779,neutral
klue-nli-v1_train_00357,contradiction
klue-nli-v1_train_15042,neutral
klue-nli-v1_train_13620,contradiction
klue-nli-v1_train_19964,neutral
klue-nli-v1_train_14688,contradiction
klue-nli-v1_train_14653,contradiction
klue-nli-v1_train_18477,neutral
klue-nli-v1_train_08678,contradiction
klue-nli-v1_train_05853,neutral
klue-nli-v1_train_08522,neutral
klue-nli-v1_train_06860,contradiction
klue-nli-v1_train_00598,contradiction
klue-nli-v1_train_16563,contradiction
klue-nli-v1_train_11045,neutral
klue-nli-v1_train_08745,neutral
klue-nli-v1_train_17397,neutral
klue-nli-v1_train_01966,neutral
klue-nli-v1_train_09222,contradiction
klue-nli-v1_train_23108,contradiction
klue-nli-v1_train_12960,neutral
klue-nli-v1_train_24505,contradiction
klue-nli-v1_train_13978,neutral
klue-nli-v1_train_19046,entailment
klue-nli-v1_train_17007,contradiction
klue-nli-v1_train_00230,entailment
klue-nli-v1_train_24908,neutral
klue-nli-v1_train_16892,contradiction
klue-nli-v1_train_13280,contradiction
klue-nli-v1_train_18534,entailment
klue-nli-v1_train_20764,entailment
klue-nli-v1_train_16148,entailment
klue-nli-v1_train_11545,neutral
klue-nli-v1_train_18655,contradiction
klue-nli-v1_train_24794,neutral
klue-nli-v1_train_08094,neutral
klue-nli-v1_train_20823,contradiction
klue-nli-v1_train_19578,contradiction
klue-nli-v1_train_07811,contradiction
klue-nli-v1_train_11726,contradiction
klue-nli-v1_train_23818,entailment
klue-nli-v1_train_04063,neutral
klue-nli-v1_train_15327,neutral
klue-nli-v1_train_10356,contradiction
klue-nli-v1_train_14663,contradiction
klue-nli-v1_train_04808,contradiction
klue-nli-v1_train_17769,contradiction
klue-nli-v1_train_23591,neutral
klue-nli-v1_train_08173,contradiction
klue-nli-v1_train_01667,neutral
klue-nli-v1_train_06705,entailment
klue-nli-v1_train_16625,contradiction
klue-nli-v1_train_18708,contradiction
klue-nli-v1_train_04535,entailment
klue-nli-v1_train_04333,neutral
klue-nli-v1_train_10735,neutral
klue-nli-v1_train_17059,neutral
klue-nli-v1_train_10759,entailment
klue-nli-v1_train_13801,entailment
klue-nli-v1_train_18111,neutral
klue-nli-v1_train_17098,neutral
klue-nli-v1_train_10363,contradiction
klue-nli-v1_train_13366,contradiction
klue-nli-v1_train_01427,neutral
klue-nli-v1_train_13554,neutral
klue-nli-v1_train_10854,neutral
klue-nli-v1_train_14295,contradiction
klue-nli-v1_train_07608,neutral
klue-nli-v1_train_23475,entailment
klue-nli-v1_train_14358,entailment
klue-nli-v1_train_21350,contradiction
klue-nli-v1_train_19568,contradiction
klue-nli-v1_train_19310,neutral
klue-nli-v1_train_23055,neutral
klue-nli-v1_train_21690,entailment
klue-nli-v1_train_08512,neutral
klue-nli-v1_train_04032,neutral
klue-nli-v1_train_11949,contradiction
klue-nli-v1_train_14809,entailment
klue-nli-v1_train_19741,neutral
klue-nli-v1_train_08309,contradiction
klue-nli-v1_train_19767,contradiction
klue-nli-v1_train_15359,entailment
klue-nli-v1_train_07553,contradiction
klue-nli-v1_train_04821,neutral
klue-nli-v1_train_03659,contradiction
klue-nli-v1_train_02796,contradiction
klue-nli-v1_train_23199,entailment
klue-nli-v1_train_09276,contradiction
klue-nli-v1_train_15473,neutral
klue-nli-v1_train_16827,neutral
klue-nli-v1_train_21208,neutral
klue-nli-v1_train_21938,contradiction
klue-nli-v1_train_18538,contradiction
klue-nli-v1_train_12602,neutral
klue-nli-v1_train_00737,neutral
klue-nli-v1_train_03194,neutral
klue-nli-v1_train_07220,entailment
klue-nli-v1_train_19977,entailment
klue-nli-v1_train_00897,contradiction
klue-nli-v1_train_14757,neutral
klue-nli-v1_train_00967,neutral
klue-nli-v1_train_21788,entailment
klue-nli-v1_train_22882,entailment
klue-nli-v1_train_24142,entailment
klue-nli-v1_train_23869,contradiction
klue-nli-v1_train_00567,neutral
klue-nli-v1_train_03666,contradiction
klue-nli-v1_train_05281,neutral
klue-nli-v1_train_10178,contradiction
klue-nli-v1_train_18585,neutral
klue-nli-v1_train_08503,contradiction
klue-nli-v1_train_07477,neutral
klue-nli-v1_train_04170,contradiction
klue-nli-v1_train_06320,entailment
klue-nli-v1_train_07184,neutral
klue-nli-v1_train_18751,contradiction
klue-nli-v1_train_19186,neutral
klue-nli-v1_train_10737,contradiction
klue-nli-v1_train_15329,contradiction
klue-nli-v1_train_23000,contradiction
klue-nli-v1_train_13186,contradiction
klue-nli-v1_train_03117,entailment
klue-nli-v1_train_16446,contradiction
klue-nli-v1_train_12735,entailment
klue-nli-v1_train_14162,neutral
klue-nli-v1_train_20277,contradiction
klue-nli-v1_train_03498,contradiction
klue-nli-v1_train_19361,neutral
klue-nli-v1_train_14879,entailment
klue-nli-v1_train_13111,entailment
klue-nli-v1_train_11860,contradiction
klue-nli-v1_train_13099,neutral
klue-nli-v1_train_10010,contradiction
klue-nli-v1_train_02045,neutral
klue-nli-v1_train_03581,entailment
klue-nli-v1_train_19529,neutral
klue-nli-v1_train_03605,neutral
klue-nli-v1_train_18537,contradiction
klue-nli-v1_train_06567,neutral
klue-nli-v1_train_05385,contradiction
klue-nli-v1_train_22326,neutral
klue-nli-v1_train_08006,neutral
klue-nli-v1_train_12003,contradiction
klue-nli-v1_train_13014,contradiction
klue-nli-v1_train_06636,entailment
klue-nli-v1_train_12021,neutral
klue-nli-v1_train_22348,neutral
klue-nli-v1_train_03436,entailment
klue-nli-v1_train_13291,entailment
klue-nli-v1_train_07243,contradiction
klue-nli-v1_train_09632,neutral
klue-nli-v1_train_24628,contradiction
klue-nli-v1_train_21611,contradiction
klue-nli-v1_train_20427,entailment
klue-nli-v1_train_04689,contradiction
klue-nli-v1_train_03798,neutral
klue-nli-v1_train_10323,contradiction
klue-nli-v1_train_22158,neutral
klue-nli-v1_train_09929,entailment
klue-nli-v1_train_22433,neutral
klue-nli-v1_train_19955,neutral
klue-nli-v1_train_11261,contradiction
klue-nli-v1_train_01489,contradiction
klue-nli-v1_train_11873,neutral
klue-nli-v1_train_18112,entailment
klue-nli-v1_train_22123,entailment
klue-nli-v1_train_04871,contradiction
klue-nli-v1_train_18648,entailment
klue-nli-v1_train_06467,neutral
klue-nli-v1_train_23086,entailment
klue-nli-v1_train_18985,neutral
klue-nli-v1_train_10702,entailment
klue-nli-v1_train_17228,neutral
klue-nli-v1_train_05822,contradiction
klue-nli-v1_train_16704,neutral
klue-nli-v1_train_18696,neutral
klue-nli-v1_train_18785,neutral
klue-nli-v1_train_20131,entailment
klue-nli-v1_train_05542,neutral
klue-nli-v1_train_14854,contradiction
klue-nli-v1_train_17994,neutral
klue-nli-v1_train_06533,contradiction
klue-nli-v1_train_17615,contradiction
klue-nli-v1_train_02521,contradiction
klue-nli-v1_train_04913,neutral
klue-nli-v1_train_15139,neutral
klue-nli-v1_train_19822,neutral
klue-nli-v1_train_17048,neutral
klue-nli-v1_train_15958,contradiction
klue-nli-v1_train_00403,neutral
klue-nli-v1_train_22342,contradiction
klue-nli-v1_train_17342,contradiction
klue-nli-v1_train_01169,contradiction
klue-nli-v1_train_16756,entailment
klue-nli-v1_train_10953,entailment
klue-nli-v1_train_13896,contradiction
klue-nli-v1_train_16929,entailment
klue-nli-v1_train_20387,neutral
klue-nli-v1_train_06166,entailment
klue-nli-v1_train_14158,entailment
klue-nli-v1_train_12981,neutral
klue-nli-v1_train_22902,entailment
klue-nli-v1_train_23988,contradiction
klue-nli-v1_train_18464,contradiction
klue-nli-v1_train_11451,neutral
klue-nli-v1_train_03423,contradiction
klue-nli-v1_train_12848,neutral
klue-nli-v1_train_03053,neutral
klue-nli-v1_train_09706,contradiction
klue-nli-v1_train_11746,entailment
klue-nli-v1_train_12532,neutral
klue-nli-v1_train_21330,neutral
klue-nli-v1_train_08362,contradiction
klue-nli-v1_train_10218,contradiction
klue-nli-v1_train_14852,entailment
klue-nli-v1_train_15047,contradiction
klue-nli-v1_train_21596,entailment
klue-nli-v1_train_11128,entailment
klue-nli-v1_train_03983,entailment
klue-nli-v1_train_18122,contradiction
klue-nli-v1_train_09500,entailment
klue-nli-v1_train_01971,contradiction
klue-nli-v1_train_00039,entailment
klue-nli-v1_train_02503,contradiction
klue-nli-v1_train_14016,contradiction
klue-nli-v1_train_16198,entailment
klue-nli-v1_train_05159,neutral
klue-nli-v1_train_00588,neutral
klue-nli-v1_train_09296,contradiction
klue-nli-v1_train_13775,neutral
klue-nli-v1_train_19330,neutral
klue-nli-v1_train_20177,entailment
klue-nli-v1_train_09859,contradiction
klue-nli-v1_train_07556,contradiction
klue-nli-v1_train_22128,entailment
klue-nli-v1_train_16200,neutral
klue-nli-v1_train_14693,contradiction
klue-nli-v1_train_17542,entailment
klue-nli-v1_train_19799,entailment
klue-nli-v1_train_13279,entailment
klue-nli-v1_train_08106,contradiction
klue-nli-v1_train_18434,contradiction
klue-nli-v1_train_03294,entailment
klue-nli-v1_train_10932,neutral
klue-nli-v1_train_14122,entailment
klue-nli-v1_train_12313,contradiction
klue-nli-v1_train_15357,entailment
klue-nli-v1_train_10344,contradiction
klue-nli-v1_train_02096,contradiction
klue-nli-v1_train_22732,neutral
klue-nli-v1_train_14736,contradiction
klue-nli-v1_train_01958,entailment
klue-nli-v1_train_09295,entailment
klue-nli-v1_train_17417,neutral
klue-nli-v1_train_09238,neutral
klue-nli-v1_train_24146,contradiction
klue-nli-v1_train_00291,entailment
klue-nli-v1_train_04483,neutral
klue-nli-v1_train_02360,neutral
klue-nli-v1_train_19813,neutral
klue-nli-v1_train_21705,neutral
klue-nli-v1_train_14718,neutral
klue-nli-v1_train_14833,neutral
klue-nli-v1_train_20351,contradiction
klue-nli-v1_train_02449,entailment
klue-nli-v1_train_05488,contradiction
klue-nli-v1_train_19290,entailment
klue-nli-v1_train_01085,contradiction
klue-nli-v1_train_06086,contradiction
klue-nli-v1_train_05049,contradiction
klue-nli-v1_train_03901,neutral
klue-nli-v1_train_04799,neutral
klue-nli-v1_train_12983,neutral
klue-nli-v1_train_02967,entailment
klue-nli-v1_train_03178,contradiction
klue-nli-v1_train_24648,entailment
klue-nli-v1_train_09613,neutral
klue-nli-v1_train_12677,contradiction
klue-nli-v1_train_09971,neutral
klue-nli-v1_train_22404,neutral
klue-nli-v1_train_23016,neutral
klue-nli-v1_train_06654,neutral
klue-nli-v1_train_13153,entailment
klue-nli-v1_train_09018,neutral
klue-nli-v1_train_18782,entailment
klue-nli-v1_train_17598,neutral
klue-nli-v1_train_21030,neutral
klue-nli-v1_train_12421,neutral
klue-nli-v1_train_21966,neutral
klue-nli-v1_train_11686,contradiction
klue-nli-v1_train_00919,neutral
klue-nli-v1_train_19480,contradiction
klue-nli-v1_train_12458,contradiction
klue-nli-v1_train_03421,neutral
klue-nli-v1_train_18476,contradiction
klue-nli-v1_train_15122,contradiction
klue-nli-v1_train_18152,contradiction
klue-nli-v1_train_17503,entailment
klue-nli-v1_train_13262,contradiction
klue-nli-v1_train_03958,entailment
klue-nli-v1_train_03598,neutral
klue-nli-v1_train_21265,neutral
klue-nli-v1_train_22982,contradiction
klue-nli-v1_train_15633,neutral
klue-nli-v1_train_22616,entailment
klue-nli-v1_train_21832,neutral
klue-nli-v1_train_19849,entailment
klue-nli-v1_train_23696,neutral
klue-nli-v1_train_01014,contradiction
klue-nli-v1_train_08943,neutral
klue-nli-v1_train_02826,contradiction
klue-nli-v1_train_04168,entailment
klue-nli-v1_train_04072,neutral
klue-nli-v1_train_00140,neutral
klue-nli-v1_train_24440,entailment
klue-nli-v1_train_24127,contradiction
klue-nli-v1_train_24405,entailment
klue-nli-v1_train_22665,contradiction
klue-nli-v1_train_23526,contradiction
klue-nli-v1_train_10513,neutral
klue-nli-v1_train_08641,contradiction
klue-nli-v1_train_02148,contradiction
klue-nli-v1_train_21379,entailment
klue-nli-v1_train_01151,entailment
klue-nli-v1_train_04925,contradiction
klue-nli-v1_train_13482,entailment
klue-nli-v1_train_06154,contradiction
klue-nli-v1_train_22564,contradiction
klue-nli-v1_train_18081,entailment
klue-nli-v1_train_13261,entailment
klue-nli-v1_train_16383,contradiction
klue-nli-v1_train_22189,entailment
klue-nli-v1_train_16480,neutral
klue-nli-v1_train_10967,entailment
klue-nli-v1_train_18622,contradiction
klue-nli-v1_train_20718,neutral
klue-nli-v1_train_10616,entailment
klue-nli-v1_train_05299,neutral
klue-nli-v1_train_23878,contradiction
klue-nli-v1_train_18287,neutral
klue-nli-v1_train_03816,contradiction
klue-nli-v1_train_13232,contradiction
klue-nli-v1_train_16346,entailment
klue-nli-v1_train_09216,contradiction
klue-nli-v1_train_13468,neutral
klue-nli-v1_train_06624,entailment
klue-nli-v1_train_15177,neutral
klue-nli-v1_train_06805,entailment
klue-nli-v1_train_24994,neutral
klue-nli-v1_train_09832,contradiction
klue-nli-v1_train_15787,neutral
klue-nli-v1_train_03855,contradiction
klue-nli-v1_train_20684,entailment
klue-nli-v1_train_07712,contradiction
klue-nli-v1_train_06502,contradiction
klue-nli-v1_train_13680,entailment
klue-nli-v1_train_01757,entailment
klue-nli-v1_train_07598,contradiction
klue-nli-v1_train_02999,contradiction
klue-nli-v1_train_11812,entailment
klue-nli-v1_train_05917,neutral
klue-nli-v1_train_11676,neutral
klue-nli-v1_train_18096,neutral
klue-nli-v1_train_09734,neutral
klue-nli-v1_train_20581,neutral
klue-nli-v1_train_06092,contradiction
klue-nli-v1_train_08579,entailment
klue-nli-v1_train_09365,contradiction
klue-nli-v1_train_23907,entailment
klue-nli-v1_train_14103,neutral
klue-nli-v1_train_06889,entailment
klue-nli-v1_train_01266,neutral
klue-nli-v1_train_20150,entailment
klue-nli-v1_train_05418,contradiction
klue-nli-v1_train_03157,neutral
klue-nli-v1_train_00241,contradiction
klue-nli-v1_train_24491,neutral
klue-nli-v1_train_04244,entailment
klue-nli-v1_train_00863,entailment
klue-nli-v1_train_21887,neutral
klue-nli-v1_train_12614,contradiction
klue-nli-v1_train_02520,entailment
klue-nli-v1_train_06080,contradiction
klue-nli-v1_train_20578,neutral
klue-nli-v1_train_18226,neutral
klue-nli-v1_train_11853,entailment
klue-nli-v1_train_03857,entailment
klue-nli-v1_train_23293,contradiction
klue-nli-v1_train_02117,contradiction
klue-nli-v1_train_07658,neutral
klue-nli-v1_train_16324,contradiction
klue-nli-v1_train_14846,entailment
klue-nli-v1_train_15261,neutral
klue-nli-v1_train_15766,entailment
klue-nli-v1_train_23958,contradiction
klue-nli-v1_train_22272,entailment
klue-nli-v1_train_10642,contradiction
klue-nli-v1_train_09954,contradiction
klue-nli-v1_train_13635,contradiction
klue-nli-v1_train_11582,contradiction
klue-nli-v1_train_14815,neutral
klue-nli-v1_train_24332,entailment
klue-nli-v1_train_12300,contradiction
klue-nli-v1_train_23551,neutral
klue-nli-v1_train_18870,entailment
klue-nli-v1_train_24041,contradiction
klue-nli-v1_train_01726,neutral
klue-nli-v1_train_10510,neutral
klue-nli-v1_train_12940,contradiction
klue-nli-v1_train_22787,contradiction
klue-nli-v1_train_04285,entailment
klue-nli-v1_train_02182,neutral
klue-nli-v1_train_13705,neutral
klue-nli-v1_train_02851,neutral
klue-nli-v1_train_23260,contradiction
klue-nli-v1_train_10310,entailment
klue-nli-v1_train_10502,entailment
klue-nli-v1_train_10625,neutral
klue-nli-v1_train_01682,entailment
klue-nli-v1_train_15741,contradiction
klue-nli-v1_train_23698,entailment
klue-nli-v1_train_02137,contradiction
klue-nli-v1_train_22735,neutral
klue-nli-v1_train_04060,entailment
klue-nli-v1_train_06085,neutral
klue-nli-v1_train_09044,contradiction
klue-nli-v1_train_05924,neutral
klue-nli-v1_train_20862,entailment
klue-nli-v1_train_06503,entailment
klue-nli-v1_train_09829,contradiction
klue-nli-v1_train_17393,contradiction
klue-nli-v1_train_22071,entailment
klue-nli-v1_train_24898,neutral
klue-nli-v1_train_00837,contradiction
klue-nli-v1_train_03965,entailment
klue-nli-v1_train_10256,entailment
klue-nli-v1_train_15537,contradiction
klue-nli-v1_train_13042,entailment
klue-nli-v1_train_19275,entailment
klue-nli-v1_train_22336,contradiction
klue-nli-v1_train_15629,contradiction
klue-nli-v1_train_02464,entailment
klue-nli-v1_train_00709,neutral
klue-nli-v1_train_09570,entailment
klue-nli-v1_train_00626,entailment
klue-nli-v1_train_19874,entailment
klue-nli-v1_train_13410,contradiction
klue-nli-v1_train_24659,entailment
klue-nli-v1_train_20884,contradiction
klue-nli-v1_train_07031,entailment
klue-nli-v1_train_08003,contradiction
klue-nli-v1_train_12589,neutral
klue-nli-v1_train_17497,entailment
klue-nli-v1_train_24554,contradiction
klue-nli-v1_train_09857,entailment
klue-nli-v1_train_22522,neutral
klue-nli-v1_train_10908,entailment
klue-nli-v1_train_24222,neutral
klue-nli-v1_train_20637,neutral
klue-nli-v1_train_03127,contradiction
klue-nli-v1_train_18846,entailment
klue-nli-v1_train_23073,contradiction
klue-nli-v1_train_05377,entailment
klue-nli-v1_train_01654,neutral
klue-nli-v1_train_02766,entailment
klue-nli-v1_train_20469,entailment
klue-nli-v1_train_00989,entailment
klue-nli-v1_train_08769,contradiction
klue-nli-v1_train_22052,contradiction
klue-nli-v1_train_03146,neutral
klue-nli-v1_train_22798,entailment
klue-nli-v1_train_17231,neutral
klue-nli-v1_train_02397,entailment
klue-nli-v1_train_22410,neutral
klue-nli-v1_train_19293,contradiction
klue-nli-v1_train_08153,neutral
klue-nli-v1_train_10924,contradiction
klue-nli-v1_train_08307,neutral
klue-nli-v1_train_01162,contradiction
klue-nli-v1_train_07397,entailment
klue-nli-v1_train_20580,contradiction
klue-nli-v1_train_04877,contradiction
klue-nli-v1_train_04557,contradiction
klue-nli-v1_train_11521,entailment
klue-nli-v1_train_14914,contradiction
klue-nli-v1_train_01810,neutral
klue-nli-v1_train_15796,entailment
klue-nli-v1_train_07232,neutral
klue-nli-v1_train_23221,contradiction
klue-nli-v1_train_06101,contradiction
klue-nli-v1_train_04501,entailment
klue-nli-v1_train_20900,neutral
klue-nli-v1_train_16493,entailment
klue-nli-v1_train_16895,contradiction
klue-nli-v1_train_24632,contradiction
klue-nli-v1_train_20200,entailment
klue-nli-v1_train_06278,contradiction
klue-nli-v1_train_02632,neutral
klue-nli-v1_train_23266,contradiction
klue-nli-v1_train_23312,neutral
klue-nli-v1_train_07494,entailment
klue-nli-v1_train_02255,neutral
klue-nli-v1_train_05173,entailment
klue-nli-v1_train_09076,contradiction
klue-nli-v1_train_03182,neutral
klue-nli-v1_train_16608,neutral
klue-nli-v1_train_24669,entailment
klue-nli-v1_train_20956,contradiction
klue-nli-v1_train_13770,entailment
klue-nli-v1_train_21024,contradiction
klue-nli-v1_train_21171,contradiction
klue-nli-v1_train_09718,contradiction
klue-nli-v1_train_04041,contradiction
klue-nli-v1_train_12108,contradiction
klue-nli-v1_train_08611,contradiction
klue-nli-v1_train_07289,entailment
klue-nli-v1_train_14931,entailment
klue-nli-v1_train_12669,contradiction
klue-nli-v1_train_19217,entailment
klue-nli-v1_train_11677,entailment
klue-nli-v1_train_24582,entailment
klue-nli-v1_train_18289,contradiction
klue-nli-v1_train_04084,entailment
klue-nli-v1_train_05796,contradiction
klue-nli-v1_train_00354,contradiction
klue-nli-v1_train_11190,entailment
klue-nli-v1_train_14232,contradiction
klue-nli-v1_train_21124,entailment
klue-nli-v1_train_15190,neutral
klue-nli-v1_train_05100,contradiction
klue-nli-v1_train_13496,neutral
klue-nli-v1_train_03575,entailment
klue-nli-v1_train_15371,contradiction
klue-nli-v1_train_11668,contradiction
klue-nli-v1_train_03129,contradiction
klue-nli-v1_train_10974,entailment
klue-nli-v1_train_04635,entailment
klue-nli-v1_train_24226,neutral
klue-nli-v1_train_08834,neutral
klue-nli-v1_train_03638,entailment
klue-nli-v1_train_15072,neutral
klue-nli-v1_train_13569,contradiction
klue-nli-v1_train_15162,neutral
klue-nli-v1_train_02447,neutral
klue-nli-v1_train_21558,entailment
klue-nli-v1_train_20746,contradiction
klue-nli-v1_train_06648,contradiction
klue-nli-v1_train_10764,neutral
klue-nli-v1_train_08755,entailment
klue-nli-v1_train_23349,entailment
klue-nli-v1_train_05644,contradiction
klue-nli-v1_train_20760,neutral
klue-nli-v1_train_10640,contradiction
klue-nli-v1_train_24247,entailment
klue-nli-v1_train_10652,entailment
klue-nli-v1_train_10069,neutral
klue-nli-v1_train_05793,contradiction
klue-nli-v1_train_17693,entailment
klue-nli-v1_train_24006,neutral
klue-nli-v1_train_02817,neutral
klue-nli-v1_train_11720,neutral
klue-nli-v1_train_22151,contradiction
klue-nli-v1_train_19411,contradiction
klue-nli-v1_train_09081,neutral
klue-nli-v1_train_18442,entailment
klue-nli-v1_train_23819,entailment
klue-nli-v1_train_04185,contradiction
klue-nli-v1_train_21877,entailment
klue-nli-v1_train_11256,neutral
klue-nli-v1_train_03859,neutral
klue-nli-v1_train_08005,entailment
klue-nli-v1_train_11116,entailment
klue-nli-v1_train_15267,neutral
klue-nli-v1_train_17856,neutral
klue-nli-v1_train_21572,contradiction
klue-nli-v1_train_04247,neutral
klue-nli-v1_train_19786,neutral
klue-nli-v1_train_08330,neutral
klue-nli-v1_train_24229,neutral
klue-nli-v1_train_00302,contradiction
klue-nli-v1_train_13517,entailment
klue-nli-v1_train_15383,contradiction
klue-nli-v1_train_20954,entailment
klue-nli-v1_train_16803,neutral
klue-nli-v1_train_14052,neutral
klue-nli-v1_train_17814,contradiction
klue-nli-v1_train_10660,neutral
klue-nli-v1_train_12111,neutral
klue-nli-v1_train_08671,contradiction
klue-nli-v1_train_07292,neutral
klue-nli-v1_train_20042,entailment
klue-nli-v1_train_18889,contradiction
klue-nli-v1_train_24484,contradiction
klue-nli-v1_train_16152,contradiction
klue-nli-v1_train_17767,neutral
klue-nli-v1_train_06361,contradiction
klue-nli-v1_train_23650,neutral
klue-nli-v1_train_06886,entailment
klue-nli-v1_train_22258,contradiction
klue-nli-v1_train_17603,contradiction
klue-nli-v1_train_13341,neutral
klue-nli-v1_train_01428,entailment
klue-nli-v1_train_12666,neutral
klue-nli-v1_train_24963,contradiction
klue-nli-v1_train_09515,entailment
klue-nli-v1_train_00367,neutral
klue-nli-v1_train_01625,neutral
klue-nli-v1_train_00908,entailment
klue-nli-v1_train_18671,neutral
klue-nli-v1_train_24052,entailment
klue-nli-v1_train_23923,contradiction
klue-nli-v1_train_10677,entailment
klue-nli-v1_train_20045,contradiction
klue-nli-v1_train_20238,neutral
klue-nli-v1_train_04316,entailment
klue-nli-v1_train_03579,contradiction
klue-nli-v1_train_12146,contradiction
klue-nli-v1_train_05342,entailment
klue-nli-v1_train_18991,neutral
klue-nli-v1_train_13989,neutral
klue-nli-v1_train_21837,contradiction
klue-nli-v1_train_03851,entailment
klue-nli-v1_train_05101,neutral
klue-nli-v1_train_14595,neutral
klue-nli-v1_train_20176,neutral
klue-nli-v1_train_17388,neutral
klue-nli-v1_train_16912,neutral
klue-nli-v1_train_24871,contradiction
klue-nli-v1_train_09037,entailment
klue-nli-v1_train_09026,contradiction
klue-nli-v1_train_05400,contradiction
klue-nli-v1_train_06494,neutral
klue-nli-v1_train_20480,neutral
klue-nli-v1_train_24124,entailment
klue-nli-v1_train_12064,neutral
klue-nli-v1_train_12592,entailment
klue-nli-v1_train_15120,neutral
klue-nli-v1_train_23710,entailment
klue-nli-v1_train_24005,contradiction
klue-nli-v1_train_10558,contradiction
klue-nli-v1_train_15693,contradiction
klue-nli-v1_train_02259,entailment
klue-nli-v1_train_07201,neutral
klue-nli-v1_train_20411,neutral
klue-nli-v1_train_24148,entailment
klue-nli-v1_train_22939,contradiction
klue-nli-v1_train_20949,contradiction
klue-nli-v1_train_05484,contradiction
klue-nli-v1_train_18362,neutral
klue-nli-v1_train_03985,neutral
klue-nli-v1_train_18866,neutral
klue-nli-v1_train_04735,entailment
klue-nli-v1_train_02849,entailment
klue-nli-v1_train_08294,contradiction
klue-nli-v1_train_22062,neutral
klue-nli-v1_train_18227,contradiction
klue-nli-v1_train_22107,neutral
klue-nli-v1_train_08099,neutral
klue-nli-v1_train_19062,entailment
klue-nli-v1_train_02128,neutral
klue-nli-v1_train_01229,neutral
klue-nli-v1_train_04273,neutral
klue-nli-v1_train_08667,entailment
klue-nli-v1_train_17773,neutral
klue-nli-v1_train_09497,entailment
klue-nli-v1_train_24851,entailment
klue-nli-v1_train_10818,contradiction
klue-nli-v1_train_05951,neutral
klue-nli-v1_train_03790,neutral
klue-nli-v1_train_00310,entailment
klue-nli-v1_train_08348,contradiction
klue-nli-v1_train_07131,entailment
klue-nli-v1_train_08885,contradiction
klue-nli-v1_train_03695,entailment
klue-nli-v1_train_20523,contradiction
klue-nli-v1_train_22473,entailment
klue-nli-v1_train_11367,entailment
klue-nli-v1_train_18615,contradiction
klue-nli-v1_train_10518,entailment
klue-nli-v1_train_12763,neutral
klue-nli-v1_train_13547,entailment
klue-nli-v1_train_17754,contradiction
klue-nli-v1_train_19059,neutral
klue-nli-v1_train_01107,neutral
klue-nli-v1_train_22847,neutral
klue-nli-v1_train_07836,entailment
klue-nli-v1_train_17039,entailment
klue-nli-v1_train_14534,entailment
klue-nli-v1_train_08709,entailment
klue-nli-v1_train_09523,contradiction
klue-nli-v1_train_11652,entailment
klue-nli-v1_train_03374,entailment
klue-nli-v1_train_12158,contradiction
klue-nli-v1_train_23486,neutral
klue-nli-v1_train_14253,entailment
klue-nli-v1_train_20057,entailment
klue-nli-v1_train_15854,contradiction
klue-nli-v1_train_22282,contradiction
klue-nli-v1_train_15304,contradiction
klue-nli-v1_train_05628,neutral
klue-nli-v1_train_04511,entailment
klue-nli-v1_train_03411,contradiction
klue-nli-v1_train_24410,neutral
klue-nli-v1_train_05206,neutral
klue-nli-v1_train_06047,contradiction
klue-nli-v1_train_11135,contradiction
klue-nli-v1_train_07395,contradiction
klue-nli-v1_train_23507,entailment
klue-nli-v1_train_00165,entailment
klue-nli-v1_train_16302,entailment
klue-nli-v1_train_09233,entailment
klue-nli-v1_train_13458,entailment
klue-nli-v1_train_09944,entailment
klue-nli-v1_train_00548,neutral
klue-nli-v1_train_24877,neutral
klue-nli-v1_train_19295,neutral
klue-nli-v1_train_17100,contradiction
klue-nli-v1_train_16572,contradiction
klue-nli-v1_train_12691,entailment
klue-nli-v1_train_06519,neutral
klue-nli-v1_train_01631,entailment
klue-nli-v1_train_22604,neutral
klue-nli-v1_train_00072,entailment
klue-nli-v1_train_13919,contradiction
klue-nli-v1_train_21913,neutral
klue-nli-v1_train_10140,entailment
klue-nli-v1_train_19259,neutral
klue-nli-v1_train_18206,contradiction
klue-nli-v1_train_18861,neutral
klue-nli-v1_train_20801,contradiction
klue-nli-v1_train_03167,neutral
klue-nli-v1_train_07317,contradiction
klue-nli-v1_train_06850,contradiction
klue-nli-v1_train_21676,entailment
klue-nli-v1_train_18500,entailment
klue-nli-v1_train_09281,neutral
klue-nli-v1_train_22747,neutral
klue-nli-v1_train_23477,neutral
klue-nli-v1_train_08147,entailment
klue-nli-v1_train_07846,contradiction
klue-nli-v1_train_17428,contradiction
klue-nli-v1_train_12252,entailment
klue-nli-v1_train_17021,entailment
klue-nli-v1_train_00436,neutral
klue-nli-v1_train_10229,neutral
klue-nli-v1_train_13192,neutral
klue-nli-v1_train_01089,neutral
klue-nli-v1_train_03237,neutral
klue-nli-v1_train_09334,entailment
klue-nli-v1_train_11028,neutral
klue-nli-v1_train_02293,neutral
klue-nli-v1_train_02608,entailment
klue-nli-v1_train_20261,entailment
klue-nli-v1_train_05261,entailment
klue-nli-v1_train_24876,contradiction
klue-nli-v1_train_22721,entailment
klue-nli-v1_train_21386,contradiction
klue-nli-v1_train_09426,contradiction
klue-nli-v1_train_21018,contradiction
klue-nli-v1_train_01766,entailment
klue-nli-v1_train_02479,entailment
klue-nli-v1_train_23228,neutral
klue-nli-v1_train_11479,neutral
klue-nli-v1_train_08762,entailment
klue-nli-v1_train_08360,neutral
klue-nli-v1_train_23478,entailment
klue-nli-v1_train_12182,contradiction
klue-nli-v1_train_22934,entailment
klue-nli-v1_train_23845,contradiction
klue-nli-v1_train_24720,entailment
klue-nli-v1_train_02303,entailment
klue-nli-v1_train_02415,neutral
klue-nli-v1_train_06627,entailment
klue-nli-v1_train_11655,neutral
klue-nli-v1_train_10464,neutral
klue-nli-v1_train_08355,entailment
klue-nli-v1_train_17986,entailment
klue-nli-v1_train_14297,neutral
klue-nli-v1_train_18128,contradiction
klue-nli-v1_train_12646,entailment
klue-nli-v1_train_19940,contradiction
klue-nli-v1_train_02093,neutral
klue-nli-v1_train_22529,entailment
klue-nli-v1_train_19922,neutral
klue-nli-v1_train_18265,contradiction
klue-nli-v1_train_22961,entailment
klue-nli-v1_train_24017,contradiction
klue-nli-v1_train_09192,contradiction
klue-nli-v1_train_16630,entailment
klue-nli-v1_train_08079,entailment
klue-nli-v1_train_17252,entailment
klue-nli-v1_train_15372,neutral
klue-nli-v1_train_04770,neutral
klue-nli-v1_train_06457,contradiction
klue-nli-v1_train_14859,contradiction
klue-nli-v1_train_20905,neutral
klue-nli-v1_train_02218,entailment
klue-nli-v1_train_16133,contradiction
klue-nli-v1_train_13308,neutral
klue-nli-v1_train_15145,contradiction
klue-nli-v1_train_12405,entailment
klue-nli-v1_train_21428,neutral
klue-nli-v1_train_01502,neutral
klue-nli-v1_train_18825,neutral
klue-nli-v1_train_24868,neutral
klue-nli-v1_train_18638,neutral
klue-nli-v1_train_04995,contradiction
klue-nli-v1_train_16482,contradiction
klue-nli-v1_train_01616,entailment
klue-nli-v1_train_19711,neutral
klue-nli-v1_train_08017,entailment
klue-nli-v1_train_05730,neutral
klue-nli-v1_train_06454,entailment
klue-nli-v1_train_20459,contradiction
klue-nli-v1_train_09819,entailment
klue-nli-v1_train_02658,contradiction
klue-nli-v1_train_20252,contradiction
klue-nli-v1_train_04864,neutral
klue-nli-v1_train_07361,neutral
klue-nli-v1_train_20904,entailment
klue-nli-v1_train_06037,neutral
klue-nli-v1_train_17352,contradiction
klue-nli-v1_train_08957,neutral
klue-nli-v1_train_16598,entailment
klue-nli-v1_train_12703,entailment
klue-nli-v1_train_00168,neutral
klue-nli-v1_train_14124,neutral
klue-nli-v1_train_12536,neutral
klue-nli-v1_train_09998,contradiction
klue-nli-v1_train_03590,contradiction
klue-nli-v1_train_11709,neutral
klue-nli-v1_train_04893,neutral
klue-nli-v1_train_17699,entailment
klue-nli-v1_train_12963,neutral
klue-nli-v1_train_10236,neutral
klue-nli-v1_train_15536,entailment
klue-nli-v1_train_07154,neutral
klue-nli-v1_train_13617,entailment
klue-nli-v1_train_02371,neutral
klue-nli-v1_train_23335,entailment
klue-nli-v1_train_18928,contradiction
klue-nli-v1_train_07301,entailment
klue-nli-v1_train_11848,entailment
klue-nli-v1_train_12259,contradiction
klue-nli-v1_train_23157,entailment
klue-nli-v1_train_05831,neutral
klue-nli-v1_train_03699,contradiction
klue-nli-v1_train_23351,contradiction
klue-nli-v1_train_08999,contradiction
klue-nli-v1_train_09475,neutral
klue-nli-v1_train_24941,entailment
klue-nli-v1_train_21473,neutral
klue-nli-v1_train_02697,contradiction
klue-nli-v1_train_23909,neutral
klue-nli-v1_train_19755,contradiction
klue-nli-v1_train_20347,contradiction
klue-nli-v1_train_24773,neutral
klue-nli-v1_train_11780,contradiction
klue-nli-v1_train_12186,neutral
klue-nli-v1_train_19798,neutral
klue-nli-v1_train_04528,entailment
klue-nli-v1_train_24301,neutral
klue-nli-v1_train_10721,neutral
klue-nli-v1_train_10581,contradiction
klue-nli-v1_train_24048,contradiction
klue-nli-v1_train_03107,neutral
klue-nli-v1_train_09279,contradiction
klue-nli-v1_train_07059,neutral
klue-nli-v1_train_05794,entailment
klue-nli-v1_train_21664,entailment
klue-nli-v1_train_06004,neutral
klue-nli-v1_train_22435,contradiction
klue-nli-v1_train_21613,entailment
klue-nli-v1_train_15148,entailment
klue-nli-v1_train_10970,neutral
klue-nli-v1_train_01301,entailment
klue-nli-v1_train_13525,contradiction
klue-nli-v1_train_11987,entailment
klue-nli-v1_train_23175,entailment
klue-nli-v1_train_11044,entailment
klue-nli-v1_train_07933,neutral
klue-nli-v1_train_09540,contradiction
klue-nli-v1_train_16455,contradiction
klue-nli-v1_train_18590,contradiction
klue-nli-v1_train_22938,entailment
klue-nli-v1_train_16078,entailment
klue-nli-v1_train_14836,neutral
klue-nli-v1_train_04851,neutral
klue-nli-v1_train_02772,contradiction
klue-nli-v1_train_20160,contradiction
klue-nli-v1_train_02554,entailment
klue-nli-v1_train_00736,entailment
klue-nli-v1_train_18968,entailment
klue-nli-v1_train_03215,neutral
klue-nli-v1_train_01991,neutral
klue-nli-v1_train_15891,entailment
klue-nli-v1_train_04341,contradiction
klue-nli-v1_train_06775,entailment
klue-nli-v1_train_02925,contradiction
klue-nli-v1_train_20030,entailment
klue-nli-v1_train_15158,contradiction
klue-nli-v1_train_03021,neutral
klue-nli-v1_train_21363,entailment
klue-nli-v1_train_08677,entailment
klue-nli-v1_train_20094,neutral
klue-nli-v1_train_14256,entailment
klue-nli-v1_train_18364,contradiction
klue-nli-v1_train_24133,neutral
klue-nli-v1_train_09164,entailment
klue-nli-v1_train_14553,contradiction
klue-nli-v1_train_24032,contradiction
klue-nli-v1_train_11939,neutral
klue-nli-v1_train_01892,contradiction
klue-nli-v1_train_06524,entailment
klue-nli-v1_train_02180,neutral
klue-nli-v1_train_07116,neutral
klue-nli-v1_train_13069,contradiction
klue-nli-v1_train_14952,neutral
klue-nli-v1_train_23713,neutral
klue-nli-v1_train_12680,neutral
klue-nli-v1_train_24088,entailment
klue-nli-v1_train_02965,entailment
klue-nli-v1_train_08137,contradiction
klue-nli-v1_train_04655,contradiction
klue-nli-v1_train_10552,neutral
klue-nli-v1_train_14067,neutral
klue-nli-v1_train_15810,neutral
klue-nli-v1_train_23922,entailment
klue-nli-v1_train_03019,entailment
klue-nli-v1_train_22057,entailment
klue-nli-v1_train_00208,contradiction
klue-nli-v1_train_04740,neutral
klue-nli-v1_train_24195,entailment
klue-nli-v1_train_12395,entailment
klue-nli-v1_train_04559,neutral
klue-nli-v1_train_10509,contradiction
klue-nli-v1_train_17956,entailment
klue-nli-v1_train_12846,entailment
klue-nli-v1_train_06989,entailment
klue-nli-v1_train_06633,neutral
klue-nli-v1_train_11217,neutral
klue-nli-v1_train_03207,entailment
klue-nli-v1_train_09460,neutral
klue-nli-v1_train_23947,entailment
klue-nli-v1_train_16582,neutral
klue-nli-v1_train_24028,entailment
klue-nli-v1_train_03861,contradiction
klue-nli-v1_train_15065,contradiction
klue-nli-v1_train_02921,contradiction
klue-nli-v1_train_10227,contradiction
klue-nli-v1_train_23313,entailment
klue-nli-v1_train_03876,contradiction
klue-nli-v1_train_06009,neutral
klue-nli-v1_train_14006,entailment
klue-nli-v1_train_06834,neutral
klue-nli-v1_train_22548,entailment
klue-nli-v1_train_02294,entailment
klue-nli-v1_train_06747,neutral
klue-nli-v1_train_19696,entailment
klue-nli-v1_train_22758,contradiction
klue-nli-v1_train_21687,neutral
klue-nli-v1_train_07701,neutral
klue-nli-v1_train_15420,neutral
klue-nli-v1_train_21316,entailment
klue-nli-v1_train_19337,entailment
klue-nli-v1_train_11802,neutral
klue-nli-v1_train_09073,entailment
klue-nli-v1_train_02856,contradiction
klue-nli-v1_train_05085,contradiction
klue-nli-v1_train_21277,entailment
klue-nli-v1_train_14165,contradiction
klue-nli-v1_train_15576,contradiction
klue-nli-v1_train_11820,neutral
klue-nli-v1_train_20961,neutral
klue-nli-v1_train_02430,entailment
klue-nli-v1_train_20839,contradiction
klue-nli-v1_train_07064,entailment
klue-nli-v1_train_12858,entailment
klue-nli-v1_train_00325,neutral
klue-nli-v1_train_15775,neutral
klue-nli-v1_train_09797,neutral
klue-nli-v1_train_10997,neutral
klue-nli-v1_train_14916,neutral
klue-nli-v1_train_07493,entailment
klue-nli-v1_train_06252,contradiction
klue-nli-v1_train_08007,contradiction
klue-nli-v1_train_12490,entailment
klue-nli-v1_train_11998,neutral
klue-nli-v1_train_14519,entailment
klue-nli-v1_train_01019,entailment
klue-nli-v1_train_05176,entailment
klue-nli-v1_train_12495,entailment
klue-nli-v1_train_21621,neutral
klue-nli-v1_train_09638,entailment
klue-nli-v1_train_03814,entailment
klue-nli-v1_train_16505,neutral
klue-nli-v1_train_02552,contradiction
klue-nli-v1_train_14120,contradiction
klue-nli-v1_train_07145,contradiction
klue-nli-v1_train_03212,neutral
klue-nli-v1_train_13754,contradiction
klue-nli-v1_train_02099,neutral
klue-nli-v1_train_15088,entailment
klue-nli-v1_train_03543,contradiction
klue-nli-v1_train_06134,contradiction
klue-nli-v1_train_14334,contradiction
klue-nli-v1_train_22341,neutral
klue-nli-v1_train_14417,contradiction
klue-nli-v1_train_14032,neutral
klue-nli-v1_train_04973,contradiction
klue-nli-v1_train_04178,entailment
klue-nli-v1_train_06325,contradiction
klue-nli-v1_train_01269,neutral
klue-nli-v1_train_06381,neutral
klue-nli-v1_train_10406,neutral
klue-nli-v1_train_01252,contradiction
klue-nli-v1_train_14530,entailment
klue-nli-v1_train_14312,entailment
klue-nli-v1_train_24801,entailment
klue-nli-v1_train_12423,neutral
klue-nli-v1_train_05217,entailment
klue-nli-v1_train_07699,entailment
klue-nli-v1_train_06412,entailment
klue-nli-v1_train_23814,entailment
klue-nli-v1_train_03572,entailment
klue-nli-v1_train_01159,entailment
klue-nli-v1_train_24642,entailment
klue-nli-v1_train_22497,entailment
klue-nli-v1_train_09061,entailment
klue-nli-v1_train_13808,entailment
klue-nli-v1_train_02394,neutral
klue-nli-v1_train_01912,neutral
klue-nli-v1_train_11865,entailment
klue-nli-v1_train_03977,entailment
klue-nli-v1_train_22276,contradiction
klue-nli-v1_train_11743,entailment
klue-nli-v1_train_14505,contradiction
klue-nli-v1_train_04654,contradiction
klue-nli-v1_train_22135,entailment
klue-nli-v1_train_24074,neutral
klue-nli-v1_train_15404,contradiction
klue-nli-v1_train_03120,neutral
klue-nli-v1_train_06020,contradiction
klue-nli-v1_train_07913,entailment
klue-nli-v1_train_21926,neutral
klue-nli-v1_train_21173,entailment
klue-nli-v1_train_04240,entailment
klue-nli-v1_train_24804,entailment
klue-nli-v1_train_05432,contradiction
klue-nli-v1_train_22027,entailment
klue-nli-v1_train_19235,neutral
klue-nli-v1_train_00121,contradiction
klue-nli-v1_train_12463,neutral
klue-nli-v1_train_08105,entailment
klue-nli-v1_train_02939,entailment
klue-nli-v1_train_12194,contradiction
klue-nli-v1_train_15630,contradiction
klue-nli-v1_train_21768,entailment
klue-nli-v1_train_00464,contradiction
klue-nli-v1_train_08714,contradiction
klue-nli-v1_train_00459,contradiction
klue-nli-v1_train_03492,contradiction
klue-nli-v1_train_10898,neutral
klue-nli-v1_train_13012,entailment
klue-nli-v1_train_13791,entailment
klue-nli-v1_train_05441,contradiction
klue-nli-v1_train_08973,neutral
klue-nli-v1_train_19111,entailment
klue-nli-v1_train_11060,neutral
klue-nli-v1_train_12986,neutral
klue-nli-v1_train_15776,entailment
klue-nli-v1_train_13035,contradiction
klue-nli-v1_train_24921,contradiction
klue-nli-v1_train_07806,neutral
klue-nli-v1_train_18372,entailment
klue-nli-v1_train_18829,contradiction
klue-nli-v1_train_05841,neutral
klue-nli-v1_train_24190,entailment
klue-nli-v1_train_08775,contradiction
klue-nli-v1_train_10133,entailment
klue-nli-v1_train_19269,entailment
klue-nli-v1_train_11580,neutral
klue-nli-v1_train_02220,neutral
klue-nli-v1_train_16687,neutral
klue-nli-v1_train_19034,entailment
klue-nli-v1_train_24755,neutral
klue-nli-v1_train_03144,entailment
klue-nli-v1_train_18734,entailment
klue-nli-v1_train_23163,neutral
klue-nli-v1_train_19638,contradiction
klue-nli-v1_train_02894,neutral
klue-nli-v1_train_22462,contradiction
klue-nli-v1_train_21243,contradiction
klue-nli-v1_train_05150,entailment
klue-nli-v1_train_00865,neutral
klue-nli-v1_train_14585,neutral
klue-nli-v1_train_12060,contradiction
klue-nli-v1_train_19607,neutral
klue-nli-v1_train_05190,neutral
klue-nli-v1_train_01208,neutral
klue-nli-v1_train_23747,neutral
klue-nli-v1_train_05371,neutral
klue-nli-v1_train_11712,contradiction
klue-nli-v1_train_22360,contradiction
klue-nli-v1_train_07595,neutral
klue-nli-v1_train_05621,contradiction
klue-nli-v1_train_02185,neutral
klue-nli-v1_train_04744,neutral
klue-nli-v1_train_24013,entailment
klue-nli-v1_train_15336,entailment
klue-nli-v1_train_07369,entailment
klue-nli-v1_train_10092,contradiction
klue-nli-v1_train_22016,entailment
klue-nli-v1_train_16157,entailment
klue-nli-v1_train_17997,neutral
klue-nli-v1_train_02956,neutral
klue-nli-v1_train_23162,entailment
klue-nli-v1_train_14099,contradiction
klue-nli-v1_train_18728,entailment
klue-nli-v1_train_01763,entailment
klue-nli-v1_train_03392,entailment
klue-nli-v1_train_09740,contradiction
klue-nli-v1_train_09602,entailment
klue-nli-v1_train_24552,entailment
klue-nli-v1_train_02996,contradiction
klue-nli-v1_train_14013,neutral
klue-nli-v1_train_14416,neutral
klue-nli-v1_train_24882,contradiction
klue-nli-v1_train_01158,contradiction
klue-nli-v1_train_23811,entailment
klue-nli-v1_train_22344,entailment
klue-nli-v1_train_24953,entailment
klue-nli-v1_train_23236,contradiction
klue-nli-v1_train_16175,entailment
klue-nli-v1_train_09877,entailment
klue-nli-v1_train_06958,entailment
klue-nli-v1_train_22751,entailment
klue-nli-v1_train_11277,neutral
klue-nli-v1_train_04609,entailment
klue-nli-v1_train_21361,entailment
klue-nli-v1_train_21786,contradiction
klue-nli-v1_train_00482,entailment
klue-nli-v1_train_13150,neutral
klue-nli-v1_train_13975,entailment
klue-nli-v1_train_01601,neutral
klue-nli-v1_train_15311,contradiction
klue-nli-v1_train_18555,neutral
klue-nli-v1_train_07548,entailment
klue-nli-v1_train_14405,entailment
klue-nli-v1_train_20644,entailment
klue-nli-v1_train_13270,contradiction
klue-nli-v1_train_18386,contradiction
klue-nli-v1_train_00618,contradiction
klue-nli-v1_train_24480,entailment
klue-nli-v1_train_07555,entailment
klue-nli-v1_train_17560,contradiction
klue-nli-v1_train_06854,contradiction
klue-nli-v1_train_03444,contradiction
klue-nli-v1_train_23481,neutral
klue-nli-v1_train_19453,neutral
klue-nli-v1_train_12808,contradiction
klue-nli-v1_train_11025,contradiction
klue-nli-v1_train_23856,entailment
klue-nli-v1_train_23981,contradiction
klue-nli-v1_train_23412,neutral
klue-nli-v1_train_00665,entailment
klue-nli-v1_train_20330,neutral
klue-nli-v1_train_07917,contradiction
klue-nli-v1_train_12019,neutral
klue-nli-v1_train_01627,neutral
klue-nli-v1_train_12403,neutral
klue-nli-v1_train_22561,contradiction
klue-nli-v1_train_19926,neutral
klue-nli-v1_train_13267,contradiction
klue-nli-v1_train_14173,contradiction
klue-nli-v1_train_11110,entailment
klue-nli-v1_train_07818,entailment
klue-nli-v1_train_02370,entailment
klue-nli-v1_train_03604,entailment
klue-nli-v1_train_17524,entailment
klue-nli-v1_train_17811,contradiction
klue-nli-v1_train_13708,neutral
klue-nli-v1_train_06924,contradiction
klue-nli-v1_train_01391,contradiction
klue-nli-v1_train_21053,entailment
klue-nli-v1_train_18979,entailment
klue-nli-v1_train_06131,contradiction
klue-nli-v1_train_10494,neutral
klue-nli-v1_train_02825,entailment
klue-nli-v1_train_20365,contradiction
klue-nli-v1_train_02526,contradiction
klue-nli-v1_train_09879,neutral
klue-nli-v1_train_07304,entailment
klue-nli-v1_train_05063,entailment
klue-nli-v1_train_19040,entailment
klue-nli-v1_train_11833,entailment
klue-nli-v1_train_04381,neutral
klue-nli-v1_train_23508,contradiction
klue-nli-v1_train_05472,contradiction
klue-nli-v1_train_07698,neutral
klue-nli-v1_train_10619,entailment
klue-nli-v1_train_08081,contradiction
klue-nli-v1_train_16329,contradiction
klue-nli-v1_train_18007,entailment
klue-nli-v1_train_20833,entailment
klue-nli-v1_train_14627,entailment
klue-nli-v1_train_07519,neutral
klue-nli-v1_train_17552,neutral
klue-nli-v1_train_07039,neutral
klue-nli-v1_train_03712,contradiction
klue-nli-v1_train_13762,neutral
klue-nli-v1_train_11481,entailment
klue-nli-v1_train_22771,neutral
klue-nli-v1_train_18193,neutral
klue-nli-v1_train_05536,neutral
klue-nli-v1_train_06165,entailment
klue-nli-v1_train_19991,neutral
klue-nli-v1_train_15375,neutral
klue-nli-v1_train_15779,contradiction
klue-nli-v1_train_04970,contradiction
klue-nli-v1_train_06908,contradiction
klue-nli-v1_train_08473,contradiction
klue-nli-v1_train_01445,contradiction
klue-nli-v1_train_12302,contradiction
klue-nli-v1_train_12483,entailment
klue-nli-v1_train_11114,contradiction
klue-nli-v1_train_22417,contradiction
klue-nli-v1_train_10823,entailment
klue-nli-v1_train_04865,neutral
klue-nli-v1_train_09356,entailment
klue-nli-v1_train_03601,neutral
klue-nli-v1_train_19435,neutral
klue-nli-v1_train_01198,neutral
klue-nli-v1_train_07564,contradiction
klue-nli-v1_train_06403,entailment
klue-nli-v1_train_14439,contradiction
klue-nli-v1_train_21026,neutral
klue-nli-v1_train_01778,entailment
klue-nli-v1_train_15822,neutral
klue-nli-v1_train_16093,neutral
klue-nli-v1_train_15056,neutral
klue-nli-v1_train_01943,neutral
klue-nli-v1_train_18501,neutral
klue-nli-v1_train_21147,contradiction
klue-nli-v1_train_07810,neutral
klue-nli-v1_train_03950,entailment
klue-nli-v1_train_23732,contradiction
klue-nli-v1_train_07181,contradiction
klue-nli-v1_train_13029,neutral
klue-nli-v1_train_11882,neutral
klue-nli-v1_train_23727,neutral
klue-nli-v1_train_00971,entailment
klue-nli-v1_train_24153,neutral
klue-nli-v1_train_08883,neutral
klue-nli-v1_train_20906,contradiction
klue-nli-v1_train_04213,entailment
klue-nli-v1_train_02444,contradiction
klue-nli-v1_train_22345,contradiction
klue-nli-v1_train_09617,neutral
klue-nli-v1_train_21355,neutral
klue-nli-v1_train_06887,contradiction
klue-nli-v1_train_10137,contradiction
klue-nli-v1_train_20557,entailment
klue-nli-v1_train_21187,neutral
klue-nli-v1_train_13187,neutral
klue-nli-v1_train_12951,entailment
klue-nli-v1_train_07021,neutral
klue-nli-v1_train_13706,entailment
klue-nli-v1_train_07135,neutral
klue-nli-v1_train_14014,entailment
klue-nli-v1_train_23553,contradiction
klue-nli-v1_train_00900,contradiction
klue-nli-v1_train_06223,neutral
klue-nli-v1_train_21826,neutral
klue-nli-v1_train_19348,neutral
klue-nli-v1_train_05752,contradiction
klue-nli-v1_train_04054,neutral
klue-nli-v1_train_09697,entailment
klue-nli-v1_train_10496,contradiction
klue-nli-v1_train_01414,entailment
klue-nli-v1_train_06991,neutral
klue-nli-v1_train_21447,contradiction
klue-nli-v1_train_06139,entailment
klue-nli-v1_train_07936,neutral
klue-nli-v1_train_05503,entailment
klue-nli-v1_train_14111,contradiction
klue-nli-v1_train_08066,contradiction
klue-nli-v1_train_06247,entailment
klue-nli-v1_train_15782,entailment
klue-nli-v1_train_13246,entailment
klue-nli-v1_train_19972,contradiction
klue-nli-v1_train_08157,contradiction
klue-nli-v1_train_12655,entailment
klue-nli-v1_train_09089,neutral
klue-nli-v1_train_09831,neutral
klue-nli-v1_train_13158,neutral
klue-nli-v1_train_05638,contradiction
klue-nli-v1_train_04190,neutral
klue-nli-v1_train_16211,neutral
klue-nli-v1_train_04049,entailment
klue-nli-v1_train_00852,contradiction
klue-nli-v1_train_02102,entailment
klue-nli-v1_train_19562,entailment
klue-nli-v1_train_22124,contradiction
klue-nli-v1_train_24236,contradiction
klue-nli-v1_train_09210,neutral
klue-nli-v1_train_22457,neutral
klue-nli-v1_train_13170,entailment
klue-nli-v1_train_17116,neutral
klue-nli-v1_train_13415,neutral
klue-nli-v1_train_23815,contradiction
klue-nli-v1_train_17637,neutral
klue-nli-v1_train_18740,neutral
klue-nli-v1_train_02266,contradiction
klue-nli-v1_train_17281,contradiction
klue-nli-v1_train_12384,neutral
klue-nli-v1_train_22291,neutral
klue-nli-v1_train_03995,entailment
klue-nli-v1_train_10161,contradiction
klue-nli-v1_train_11001,contradiction
klue-nli-v1_train_18744,neutral
klue-nli-v1_train_16065,contradiction
klue-nli-v1_train_06754,neutral
klue-nli-v1_train_23050,entailment
klue-nli-v1_train_14245,contradiction
klue-nli-v1_train_22004,entailment
klue-nli-v1_train_09159,contradiction
klue-nli-v1_train_08029,entailment
klue-nli-v1_train_06480,entailment
klue-nli-v1_train_03149,neutral
klue-nli-v1_train_12354,neutral
klue-nli-v1_train_11796,neutral
klue-nli-v1_train_11243,contradiction
klue-nli-v1_train_19967,neutral
klue-nli-v1_train_16909,contradiction
klue-nli-v1_train_17659,contradiction
klue-nli-v1_train_05817,entailment
klue-nli-v1_train_01312,neutral
klue-nli-v1_train_03290,neutral
klue-nli-v1_train_03949,neutral
klue-nli-v1_train_20872,neutral
klue-nli-v1_train_06427,neutral
klue-nli-v1_train_08001,entailment
klue-nli-v1_train_17831,entailment
klue-nli-v1_train_17457,neutral
klue-nli-v1_train_22347,entailment
klue-nli-v1_train_09947,entailment
klue-nli-v1_train_08816,contradiction
klue-nli-v1_train_20483,entailment
klue-nli-v1_train_12913,neutral
klue-nli-v1_train_13851,neutral
klue-nli-v1_train_10777,neutral
klue-nli-v1_train_04020,contradiction
klue-nli-v1_train_22109,contradiction
klue-nli-v1_train_12537,entailment
klue-nli-v1_train_05566,neutral
klue-nli-v1_train_23450,neutral
klue-nli-v1_train_07074,entailment
klue-nli-v1_train_02448,neutral
klue-nli-v1_train_02286,contradiction
klue-nli-v1_train_21479,neutral
klue-nli-v1_train_07986,neutral
klue-nli-v1_train_06022,entailment
klue-nli-v1_train_17005,contradiction
klue-nli-v1_train_24183,neutral
klue-nli-v1_train_02068,contradiction
klue-nli-v1_train_04828,contradiction
klue-nli-v1_train_09708,entailment
klue-nli-v1_train_24020,contradiction
klue-nli-v1_train_22891,contradiction
klue-nli-v1_train_16253,contradiction
klue-nli-v1_train_03131,contradiction
klue-nli-v1_train_04258,neutral
klue-nli-v1_train_23276,entailment
klue-nli-v1_train_08162,neutral
klue-nli-v1_train_17052,contradiction
klue-nli-v1_train_20559,contradiction
klue-nli-v1_train_18241,entailment
klue-nli-v1_train_02973,neutral
klue-nli-v1_train_08146,neutral
klue-nli-v1_train_17797,neutral
klue-nli-v1_train_13312,entailment
klue-nli-v1_train_09646,contradiction
klue-nli-v1_train_16813,entailment
klue-nli-v1_train_01730,entailment
klue-nli-v1_train_14143,entailment
klue-nli-v1_train_15168,entailment
klue-nli-v1_train_19049,contradiction
klue-nli-v1_train_17488,entailment
klue-nli-v1_train_00174,entailment
klue-nli-v1_train_15904,contradiction
klue-nli-v1_train_12430,entailment
klue-nli-v1_train_09232,neutral
klue-nli-v1_train_01573,entailment
klue-nli-v1_train_16438,entailment
klue-nli-v1_train_07161,entailment
klue-nli-v1_train_16265,neutral
klue-nli-v1_train_10213,neutral
klue-nli-v1_train_12200,contradiction
klue-nli-v1_train_00559,contradiction
klue-nli-v1_train_16942,contradiction
klue-nli-v1_train_13677,contradiction
klue-nli-v1_train_22297,contradiction
klue-nli-v1_train_24949,neutral
klue-nli-v1_train_14119,entailment
klue-nli-v1_train_24530,entailment
klue-nli-v1_train_15098,contradiction
klue-nli-v1_train_13502,neutral
klue-nli-v1_train_05544,neutral
klue-nli-v1_train_14875,entailment
klue-nli-v1_train_18016,entailment
klue-nli-v1_train_10454,neutral
klue-nli-v1_train_15013,entailment
klue-nli-v1_train_01118,contradiction
klue-nli-v1_train_01995,contradiction
klue-nli-v1_train_08318,neutral
klue-nli-v1_train_11421,neutral
klue-nli-v1_train_23047,entailment
klue-nli-v1_train_16416,contradiction
klue-nli-v1_train_15568,neutral
klue-nli-v1_train_09385,neutral
klue-nli-v1_train_07532,entailment
klue-nli-v1_train_02119,contradiction
klue-nli-v1_train_14218,entailment
klue-nli-v1_train_09836,neutral
klue-nli-v1_train_08849,contradiction
klue-nli-v1_train_14097,entailment
klue-nli-v1_train_09353,entailment
klue-nli-v1_train_23292,entailment
klue-nli-v1_train_22428,contradiction
klue-nli-v1_train_23540,contradiction
klue-nli-v1_train_21770,entailment
klue-nli-v1_train_09186,contradiction
klue-nli-v1_train_01424,neutral
klue-nli-v1_train_20497,contradiction
klue-nli-v1_train_20135,contradiction
klue-nli-v1_train_09573,entailment
klue-nli-v1_train_21462,neutral
klue-nli-v1_train_00002,entailment
klue-nli-v1_train_02240,contradiction
klue-nli-v1_train_00673,neutral
klue-nli-v1_train_09335,neutral
klue-nli-v1_train_10188,contradiction
klue-nli-v1_train_09491,contradiction
klue-nli-v1_train_09838,neutral
klue-nli-v1_train_00537,neutral
klue-nli-v1_train_01009,neutral
klue-nli-v1_train_05867,contradiction
klue-nli-v1_train_10883,neutral
klue-nli-v1_train_06710,neutral
klue-nli-v1_train_11097,contradiction
klue-nli-v1_train_02202,neutral
klue-nli-v1_train_07885,entailment
klue-nli-v1_train_16083,contradiction
klue-nli-v1_train_23528,entailment
klue-nli-v1_train_08662,contradiction
klue-nli-v1_train_12948,entailment
klue-nli-v1_train_06922,neutral
klue-nli-v1_train_14179,contradiction
klue-nli-v1_train_14059,entailment
klue-nli-v1_train_17351,entailment
klue-nli-v1_train_11391,contradiction
klue-nli-v1_train_00111,entailment
klue-nli-v1_train_09199,neutral
klue-nli-v1_train_06416,contradiction
klue-nli-v1_train_17666,contradiction
klue-nli-v1_train_13489,contradiction
klue-nli-v1_train_05460,contradiction
klue-nli-v1_train_02727,contradiction
klue-nli-v1_train_21851,entailment
klue-nli-v1_train_23740,entailment
klue-nli-v1_train_04882,entailment
klue-nli-v1_train_04150,entailment
klue-nli-v1_train_08100,entailment
klue-nli-v1_train_15765,neutral
klue-nli-v1_train_17696,entailment
klue-nli-v1_train_03972,contradiction
klue-nli-v1_train_22495,contradiction
klue-nli-v1_train_05751,entailment
klue-nli-v1_train_22399,neutral
klue-nli-v1_train_06071,contradiction
klue-nli-v1_train_09942,contradiction
klue-nli-v1_train_05052,contradiction
klue-nli-v1_train_05528,entailment
klue-nli-v1_train_23622,neutral
klue-nli-v1_train_22346,neutral
klue-nli-v1_train_07455,entailment
klue-nli-v1_train_13295,neutral
klue-nli-v1_train_09847,entailment
klue-nli-v1_train_15217,entailment
klue-nli-v1_train_03847,contradiction
klue-nli-v1_train_13286,entailment
klue-nli-v1_train_23686,entailment
klue-nli-v1_train_15501,contradiction
klue-nli-v1_train_20775,entailment
klue-nli-v1_train_22247,neutral
klue-nli-v1_train_17266,neutral
klue-nli-v1_train_07980,contradiction
klue-nli-v1_train_20294,contradiction
klue-nli-v1_train_24802,contradiction
klue-nli-v1_train_14196,entailment
klue-nli-v1_train_05220,entailment
klue-nli-v1_train_07743,neutral
klue-nli-v1_train_23963,contradiction
klue-nli-v1_train_03464,neutral
klue-nli-v1_train_07337,entailment
klue-nli-v1_train_01135,entailment
klue-nli-v1_train_00442,entailment
klue-nli-v1_train_08098,entailment
klue-nli-v1_train_12027,contradiction
klue-nli-v1_train_07353,contradiction
klue-nli-v1_train_06983,contradiction
klue-nli-v1_train_13445,entailment
klue-nli-v1_train_16913,contradiction
klue-nli-v1_train_06950,entailment
klue-nli-v1_train_18627,neutral
klue-nli-v1_train_05399,entailment
klue-nli-v1_train_01336,entailment
klue-nli-v1_train_11348,contradiction
klue-nli-v1_train_10521,neutral
klue-nli-v1_train_06570,entailment
klue-nli-v1_train_21655,contradiction
klue-nli-v1_train_10416,contradiction
klue-nli-v1_train_23287,contradiction
klue-nli-v1_train_16520,contradiction
klue-nli-v1_train_02986,entailment
klue-nli-v1_train_04378,neutral
klue-nli-v1_train_22621,entailment
klue-nli-v1_train_08570,entailment
klue-nli-v1_train_00080,neutral
klue-nli-v1_train_02546,neutral
klue-nli-v1_train_24866,entailment
klue-nli-v1_train_22698,contradiction
klue-nli-v1_train_01837,entailment
klue-nli-v1_train_24219,neutral
klue-nli-v1_train_10192,entailment
klue-nli-v1_train_23498,neutral
klue-nli-v1_train_05216,contradiction
klue-nli-v1_train_09813,neutral
klue-nli-v1_train_13916,entailment
klue-nli-v1_train_23252,entailment
klue-nli-v1_train_09127,neutral
klue-nli-v1_train_11071,neutral
klue-nli-v1_train_20743,contradiction
klue-nli-v1_train_24261,neutral
klue-nli-v1_train_07599,entailment
klue-nli-v1_train_15744,neutral
klue-nli-v1_train_10470,contradiction
klue-nli-v1_train_13574,entailment
klue-nli-v1_train_22343,neutral
klue-nli-v1_train_22277,neutral
klue-nli-v1_train_23795,entailment
klue-nli-v1_train_04419,contradiction
klue-nli-v1_train_22421,neutral
klue-nli-v1_train_21071,entailment
klue-nli-v1_train_06676,entailment
klue-nli-v1_train_17092,neutral
klue-nli-v1_train_10276,neutral
klue-nli-v1_train_13028,neutral
klue-nli-v1_train_19636,neutral
klue-nli-v1_train_05804,neutral
klue-nli-v1_train_02760,contradiction
klue-nli-v1_train_05225,entailment
klue-nli-v1_train_15263,contradiction
klue-nli-v1_train_16688,contradiction
klue-nli-v1_train_24506,neutral
klue-nli-v1_train_15978,neutral
klue-nli-v1_train_16428,contradiction
klue-nli-v1_train_09769,contradiction
klue-nli-v1_train_16667,contradiction
klue-nli-v1_train_11269,entailment
klue-nli-v1_train_16165,entailment
klue-nli-v1_train_05577,contradiction
klue-nli-v1_train_14942,contradiction
klue-nli-v1_train_05419,neutral
klue-nli-v1_train_23594,contradiction
klue-nli-v1_train_02758,entailment
klue-nli-v1_train_05788,entailment
klue-nli-v1_train_00247,neutral
klue-nli-v1_train_10533,contradiction
klue-nli-v1_train_04977,entailment
klue-nli-v1_train_04386,contradiction
klue-nli-v1_train_05309,entailment
klue-nli-v1_train_13179,neutral
klue-nli-v1_train_21407,contradiction
klue-nli-v1_train_24553,contradiction
klue-nli-v1_train_13886,neutral
klue-nli-v1_train_05614,entailment
klue-nli-v1_train_23546,neutral
klue-nli-v1_train_20856,entailment
klue-nli-v1_train_24812,neutral
klue-nli-v1_train_02537,neutral
klue-nli-v1_train_04707,neutral
klue-nli-v1_train_20886,entailment
klue-nli-v1_train_15173,neutral
klue-nli-v1_train_09527,entailment
klue-nli-v1_train_21922,entailment
klue-nli-v1_train_02145,entailment
klue-nli-v1_train_12342,entailment
klue-nli-v1_train_17990,contradiction
klue-nli-v1_train_02401,neutral
klue-nli-v1_train_06358,entailment
klue-nli-v1_train_02811,contradiction
klue-nli-v1_train_01952,neutral
klue-nli-v1_train_22799,contradiction
klue-nli-v1_train_19857,contradiction
klue-nli-v1_train_05718,entailment
klue-nli-v1_train_17506,entailment
klue-nli-v1_train_01634,entailment
klue-nli-v1_train_22657,neutral
klue-nli-v1_train_24845,entailment
klue-nli-v1_train_05745,neutral
klue-nli-v1_train_01883,neutral
klue-nli-v1_train_01506,entailment
klue-nli-v1_train_12468,neutral
klue-nli-v1_train_13133,contradiction
klue-nli-v1_train_23619,neutral
klue-nli-v1_train_07404,contradiction
klue-nli-v1_train_08276,entailment
klue-nli-v1_train_15835,entailment
klue-nli-v1_train_09800,neutral
klue-nli-v1_train_01678,neutral
klue-nli-v1_train_12437,contradiction
klue-nli-v1_train_05013,contradiction
klue-nli-v1_train_15883,contradiction
klue-nli-v1_train_22871,neutral
klue-nli-v1_train_24708,contradiction
klue-nli-v1_train_00959,entailment
klue-nli-v1_train_03011,contradiction
klue-nli-v1_train_19851,contradiction
klue-nli-v1_train_09072,contradiction
klue-nli-v1_train_12509,contradiction
klue-nli-v1_train_07777,entailment
klue-nli-v1_train_00024,contradiction
klue-nli-v1_train_16867,entailment
klue-nli-v1_train_19391,neutral
klue-nli-v1_train_08819,contradiction
klue-nli-v1_train_15933,contradiction
klue-nli-v1_train_05740,entailment
klue-nli-v1_train_23520,contradiction
klue-nli-v1_train_04589,entailment
klue-nli-v1_train_14193,entailment
klue-nli-v1_train_15902,neutral
klue-nli-v1_train_01585,neutral
klue-nli-v1_train_20417,neutral
klue-nli-v1_train_19137,entailment
klue-nli-v1_train_10624,contradiction
klue-nli-v1_train_05068,entailment
klue-nli-v1_train_05478,contradiction
klue-nli-v1_train_18392,neutral
klue-nli-v1_train_01344,entailment
klue-nli-v1_train_22207,entailment
klue-nli-v1_train_17588,contradiction
klue-nli-v1_train_10852,neutral
klue-nli-v1_train_11487,entailment
klue-nli-v1_train_03657,neutral
klue-nli-v1_train_09621,entailment
klue-nli-v1_train_02563,entailment
klue-nli-v1_train_23673,neutral
klue-nli-v1_train_24810,contradiction
klue-nli-v1_train_07415,entailment
klue-nli-v1_train_04565,neutral
klue-nli-v1_train_23708,contradiction
klue-nli-v1_train_04217,entailment
klue-nli-v1_train_18181,contradiction
klue-nli-v1_train_21660,entailment
klue-nli-v1_train_14972,entailment
klue-nli-v1_train_16003,contradiction
klue-nli-v1_train_00385,neutral
klue-nli-v1_train_20828,entailment
klue-nli-v1_train_05057,entailment
klue-nli-v1_train_00569,entailment
klue-nli-v1_train_05144,neutral
klue-nli-v1_train_06499,contradiction
klue-nli-v1_train_05907,entailment
klue-nli-v1_train_05874,entailment
klue-nli-v1_train_05505,contradiction
klue-nli-v1_train_16721,contradiction
klue-nli-v1_train_19489,contradiction
klue-nli-v1_train_16266,entailment
klue-nli-v1_train_20585,contradiction
klue-nli-v1_train_10810,neutral
klue-nli-v1_train_05180,contradiction
klue-nli-v1_train_16729,entailment
klue-nli-v1_train_15384,neutral
klue-nli-v1_train_01897,entailment
klue-nli-v1_train_21560,contradiction
klue-nli-v1_train_20415,entailment
klue-nli-v1_train_06087,neutral
klue-nli-v1_train_09321,contradiction
klue-nli-v1_train_19297,contradiction
klue-nli-v1_train_04861,neutral
klue-nli-v1_train_17901,contradiction
klue-nli-v1_train_01698,contradiction
klue-nli-v1_train_03201,entailment
klue-nli-v1_train_09324,contradiction
klue-nli-v1_train_04607,entailment
klue-nli-v1_train_04226,entailment
klue-nli-v1_train_20249,neutral
klue-nli-v1_train_11548,contradiction
klue-nli-v1_train_10389,contradiction
klue-nli-v1_train_08058,contradiction
klue-nli-v1_train_19575,neutral
klue-nli-v1_train_13374,entailment
klue-nli-v1_train_11107,entailment
klue-nli-v1_train_02595,contradiction
klue-nli-v1_train_17568,contradiction
klue-nli-v1_train_09982,entailment
klue-nli-v1_train_12107,neutral
klue-nli-v1_train_18086,contradiction
klue-nli-v1_train_03443,contradiction
klue-nli-v1_train_13829,entailment
klue-nli-v1_train_11368,contradiction
klue-nli-v1_train_15770,entailment
klue-nli-v1_train_23267,neutral
klue-nli-v1_train_22964,entailment
klue-nli-v1_train_05302,contradiction
klue-nli-v1_train_08590,neutral
klue-nli-v1_train_09136,neutral
klue-nli-v1_train_03959,neutral
klue-nli-v1_train_03626,entailment
klue-nli-v1_train_04580,entailment
klue-nli-v1_train_09287,entailment
klue-nli-v1_train_22322,entailment
klue-nli-v1_train_06993,neutral
klue-nli-v1_train_14587,neutral
klue-nli-v1_train_15309,neutral
klue-nli-v1_train_20500,contradiction
klue-nli-v1_train_15186,contradiction
klue-nli-v1_train_09213,contradiction
klue-nli-v1_train_23741,contradiction
klue-nli-v1_train_20867,neutral
klue-nli-v1_train_07667,contradiction
klue-nli-v1_train_11032,neutral
klue-nli-v1_train_20955,entailment
klue-nli-v1_train_09897,contradiction
klue-nli-v1_train_03393,contradiction
klue-nli-v1_train_21918,contradiction
klue-nli-v1_train_09660,entailment
klue-nli-v1_train_09466,entailment
klue-nli-v1_train_19791,contradiction
klue-nli-v1_train_01199,contradiction
klue-nli-v1_train_18651,entailment
klue-nli-v1_train_20000,neutral
klue-nli-v1_train_01054,entailment
klue-nli-v1_train_01346,contradiction
klue-nli-v1_train_07854,contradiction
klue-nli-v1_train_08341,contradiction
klue-nli-v1_train_06722,neutral
klue-nli-v1_train_14423,contradiction
klue-nli-v1_train_09642,entailment
klue-nli-v1_train_24220,entailment
klue-nli-v1_train_14779,entailment
klue-nli-v1_train_09437,entailment
klue-nli-v1_train_13707,contradiction
klue-nli-v1_train_17272,contradiction
klue-nli-v1_train_00623,entailment
klue-nli-v1_train_15293,contradiction
klue-nli-v1_train_10045,neutral
klue-nli-v1_train_05620,entailment
klue-nli-v1_train_04593,neutral
klue-nli-v1_train_23833,contradiction
klue-nli-v1_train_16338,contradiction
klue-nli-v1_train_23827,contradiction
klue-nli-v1_train_17554,contradiction
klue-nli-v1_train_18039,neutral
klue-nli-v1_train_09429,contradiction
klue-nli-v1_train_00517,contradiction
klue-nli-v1_train_11369,contradiction
klue-nli-v1_train_18641,neutral
klue-nli-v1_train_24585,neutral
klue-nli-v1_train_07617,neutral
klue-nli-v1_train_05538,neutral
klue-nli-v1_train_09951,contradiction
klue-nli-v1_train_23374,contradiction
klue-nli-v1_train_18374,neutral
klue-nli-v1_train_02889,neutral
klue-nli-v1_train_15816,neutral
klue-nli-v1_train_24307,contradiction
klue-nli-v1_train_21132,contradiction
klue-nli-v1_train_19621,neutral
klue-nli-v1_train_15999,entailment
klue-nli-v1_train_03147,entailment
klue-nli-v1_train_14687,neutral
klue-nli-v1_train_07687,entailment
klue-nli-v1_train_22353,neutral
klue-nli-v1_train_01789,neutral
klue-nli-v1_train_03592,neutral
klue-nli-v1_train_05780,entailment
klue-nli-v1_train_00010,contradiction
klue-nli-v1_train_22265,entailment
klue-nli-v1_train_20944,contradiction
klue-nli-v1_train_23669,contradiction
klue-nli-v1_train_03962,neutral
klue-nli-v1_train_22423,contradiction
klue-nli-v1_train_05669,contradiction
klue-nli-v1_train_20032,entailment
klue-nli-v1_train_19959,entailment
klue-nli-v1_train_24919,neutral
klue-nli-v1_train_00601,contradiction
klue-nli-v1_train_16156,neutral
klue-nli-v1_train_05844,entailment
klue-nli-v1_train_21207,entailment
klue-nli-v1_train_07223,neutral
klue-nli-v1_train_21233,contradiction
klue-nli-v1_train_05319,entailment
klue-nli-v1_train_08693,neutral
klue-nli-v1_train_00337,neutral
klue-nli-v1_train_11840,contradiction
klue-nli-v1_train_18292,entailment
klue-nli-v1_train_24291,contradiction
klue-nli-v1_train_14382,entailment
klue-nli-v1_train_14030,contradiction
klue-nli-v1_train_16528,neutral
klue-nli-v1_train_00877,neutral
klue-nli-v1_train_06323,neutral
klue-nli-v1_train_11336,contradiction
klue-nli-v1_train_15413,contradiction
klue-nli-v1_train_08369,neutral
klue-nli-v1_train_21834,contradiction
klue-nli-v1_train_00695,contradiction
klue-nli-v1_train_05053,neutral
klue-nli-v1_train_17916,entailment
klue-nli-v1_train_16615,neutral
klue-nli-v1_train_12340,contradiction
klue-nli-v1_train_01191,entailment
klue-nli-v1_train_15154,entailment
klue-nli-v1_train_20540,contradiction
klue-nli-v1_train_11688,entailment
klue-nli-v1_train_11008,neutral
klue-nli-v1_train_20942,neutral
klue-nli-v1_train_05178,neutral
klue-nli-v1_train_14201,neutral
klue-nli-v1_train_22195,entailment
klue-nli-v1_train_01150,contradiction
klue-nli-v1_train_19700,entailment
klue-nli-v1_train_12187,entailment
klue-nli-v1_train_13380,entailment
klue-nli-v1_train_17943,neutral
klue-nli-v1_train_20023,neutral
klue-nli-v1_train_09661,contradiction
klue-nli-v1_train_02408,neutral
klue-nli-v1_train_20436,entailment
klue-nli-v1_train_21200,entailment
klue-nli-v1_train_17314,contradiction
klue-nli-v1_train_21932,neutral
klue-nli-v1_train_16080,contradiction
klue-nli-v1_train_07829,neutral
klue-nli-v1_train_05905,contradiction
klue-nli-v1_train_02455,entailment
klue-nli-v1_train_21106,neutral
klue-nli-v1_train_18186,neutral
klue-nli-v1_train_17243,neutral
klue-nli-v1_train_13130,contradiction
klue-nli-v1_train_06054,entailment
klue-nli-v1_train_18471,neutral
klue-nli-v1_train_17627,neutral
klue-nli-v1_train_20995,neutral
klue-nli-v1_train_19125,neutral
klue-nli-v1_train_09119,entailment
klue-nli-v1_train_22814,neutral
klue-nli-v1_train_10084,entailment
klue-nli-v1_train_18851,neutral
klue-nli-v1_train_08731,entailment
klue-nli-v1_train_24171,neutral
klue-nli-v1_train_15734,neutral
klue-nli-v1_train_20430,neutral
klue-nli-v1_train_06120,entailment
klue-nli-v1_train_01401,neutral
klue-nli-v1_train_13516,contradiction
klue-nli-v1_train_10648,neutral
klue-nli-v1_train_15709,neutral
klue-nli-v1_train_21161,entailment
klue-nli-v1_train_00662,entailment
klue-nli-v1_train_02458,contradiction
klue-nli-v1_train_21601,neutral
klue-nli-v1_train_03161,neutral
klue-nli-v1_train_10346,neutral
klue-nli-v1_train_22951,contradiction
klue-nli-v1_train_12121,entailment
klue-nli-v1_train_18856,contradiction
klue-nli-v1_train_05297,entailment
klue-nli-v1_train_16225,entailment
klue-nli-v1_train_16031,neutral
klue-nli-v1_train_12466,entailment
klue-nli-v1_train_02557,entailment
klue-nli-v1_train_09361,entailment
klue-nli-v1_train_06764,contradiction
klue-nli-v1_train_24521,neutral
klue-nli-v1_train_13241,contradiction
klue-nli-v1_train_09970,contradiction
klue-nli-v1_train_12588,entailment
klue-nli-v1_train_11498,neutral
klue-nli-v1_train_09226,neutral
klue-nli-v1_train_01596,contradiction
klue-nli-v1_train_17512,entailment
klue-nli-v1_train_04771,entailment
klue-nli-v1_train_00745,entailment
klue-nli-v1_train_15551,entailment
klue-nli-v1_train_07812,neutral
klue-nli-v1_train_16294,contradiction
klue-nli-v1_train_17781,contradiction
klue-nli-v1_train_09221,neutral
klue-nli-v1_train_05145,neutral
klue-nli-v1_train_23269,contradiction
klue-nli-v1_train_11852,contradiction
klue-nli-v1_train_24768,neutral
klue-nli-v1_train_00172,neutral
klue-nli-v1_train_03777,contradiction
klue-nli-v1_train_03577,neutral
klue-nli-v1_train_21123,neutral
klue-nli-v1_train_19712,entailment
klue-nli-v1_train_03551,contradiction
klue-nli-v1_train_14436,entailment
klue-nli-v1_train_06574,entailment
klue-nli-v1_train_12303,neutral
klue-nli-v1_train_16461,contradiction
klue-nli-v1_train_16787,neutral
klue-nli-v1_train_19432,neutral
klue-nli-v1_train_22017,contradiction
klue-nli-v1_train_17853,neutral
klue-nli-v1_train_14662,entailment
klue-nli-v1_train_12765,neutral
klue-nli-v1_train_24964,entailment
klue-nli-v1_train_06432,contradiction
klue-nli-v1_train_15895,contradiction
klue-nli-v1_train_16339,neutral
klue-nli-v1_train_10175,contradiction
klue-nli-v1_train_22314,entailment
klue-nli-v1_train_01649,entailment
klue-nli-v1_train_04101,neutral
klue-nli-v1_train_03269,neutral
klue-nli-v1_train_05652,neutral
klue-nli-v1_train_08930,contradiction
klue-nli-v1_train_14849,entailment
klue-nli-v1_train_04657,neutral
klue-nli-v1_train_14548,neutral
klue-nli-v1_train_13293,neutral
klue-nli-v1_train_05739,neutral
klue-nli-v1_train_06143,contradiction
klue-nli-v1_train_21508,entailment
klue-nli-v1_train_20809,entailment
klue-nli-v1_train_15029,contradiction
klue-nli-v1_train_12329,neutral
klue-nli-v1_train_18307,entailment
klue-nli-v1_train_19663,neutral
klue-nli-v1_train_22784,entailment
klue-nli-v1_train_03741,contradiction
klue-nli-v1_train_15030,neutral
klue-nli-v1_train_17402,entailment
klue-nli-v1_train_04621,contradiction
klue-nli-v1_train_21429,contradiction
klue-nli-v1_train_20009,neutral
klue-nli-v1_train_02100,entailment
klue-nli-v1_train_10391,contradiction
klue-nli-v1_train_05333,contradiction
klue-nli-v1_train_08666,contradiction
klue-nli-v1_train_01210,contradiction
klue-nli-v1_train_14090,contradiction
klue-nli-v1_train_04793,neutral
klue-nli-v1_train_11940,entailment
klue-nli-v1_train_22300,contradiction
klue-nli-v1_train_09304,neutral
klue-nli-v1_train_06529,neutral
klue-nli-v1_train_04103,entailment
klue-nli-v1_train_03591,contradiction
klue-nli-v1_train_02115,entailment
klue-nli-v1_train_01799,neutral
klue-nli-v1_train_01970,entailment
klue-nli-v1_train_23690,contradiction
klue-nli-v1_train_09914,neutral
klue-nli-v1_train_16360,entailment
klue-nli-v1_train_23097,entailment
klue-nli-v1_train_15979,contradiction
klue-nli-v1_train_11112,entailment
klue-nli-v1_train_23543,contradiction
klue-nli-v1_train_12215,contradiction
klue-nli-v1_train_08753,entailment
klue-nli-v1_train_22950,neutral
klue-nli-v1_train_05353,neutral
klue-nli-v1_train_08260,contradiction
klue-nli-v1_train_06064,entailment
klue-nli-v1_train_00407,contradiction
klue-nli-v1_train_23721,neutral
klue-nli-v1_train_09040,neutral
klue-nli-v1_train_04329,neutral
klue-nli-v1_train_23716,entailment
klue-nli-v1_train_04030,neutral
klue-nli-v1_train_18373,neutral
klue-nli-v1_train_00147,contradiction
klue-nli-v1_train_23901,entailment
klue-nli-v1_train_18506,neutral
klue-nli-v1_train_15155,entailment
klue-nli-v1_train_12506,contradiction
klue-nli-v1_train_17523,neutral
klue-nli-v1_train_19507,neutral
klue-nli-v1_train_05630,neutral
klue-nli-v1_train_18318,neutral
klue-nli-v1_train_03799,entailment
klue-nli-v1_train_00381,contradiction
klue-nli-v1_train_04596,contradiction
klue-nli-v1_train_07648,contradiction
klue-nli-v1_train_02149,neutral
klue-nli-v1_train_13571,entailment
klue-nli-v1_train_02344,entailment
klue-nli-v1_train_22711,entailment
klue-nli-v1_train_11435,contradiction
klue-nli-v1_train_00452,entailment
klue-nli-v1_train_13700,entailment
klue-nli-v1_train_23118,entailment
klue-nli-v1_train_23364,entailment
klue-nli-v1_train_03781,entailment
klue-nli-v1_train_14171,contradiction
klue-nli-v1_train_20511,entailment
klue-nli-v1_train_19135,entailment
klue-nli-v1_train_03743,entailment
klue-nli-v1_train_06856,entailment
klue-nli-v1_train_19073,contradiction
klue-nli-v1_train_13887,entailment
klue-nli-v1_train_08543,entailment
klue-nli-v1_train_05447,entailment
klue-nli-v1_train_24064,entailment
klue-nli-v1_train_11937,entailment
klue-nli-v1_train_21545,neutral
klue-nli-v1_train_18365,contradiction
klue-nli-v1_train_02800,neutral
klue-nli-v1_train_19854,contradiction
klue-nli-v1_train_08621,entailment
klue-nli-v1_train_21946,neutral
klue-nli-v1_train_23541,neutral
klue-nli-v1_train_12921,entailment
klue-nli-v1_train_20438,neutral
klue-nli-v1_train_14444,entailment
klue-nli-v1_train_04783,entailment
klue-nli-v1_train_09488,entailment
klue-nli-v1_train_04503,contradiction
klue-nli-v1_train_01005,contradiction
klue-nli-v1_train_13520,neutral
klue-nli-v1_train_18624,neutral
klue-nli-v1_train_00868,neutral
klue-nli-v1_train_01513,neutral
klue-nli-v1_train_14782,entailment
klue-nli-v1_train_16159,entailment
klue-nli-v1_train_13783,contradiction
klue-nli-v1_train_11505,contradiction
klue-nli-v1_train_05845,entailment
klue-nli-v1_train_03145,contradiction
klue-nli-v1_train_08076,entailment
klue-nli-v1_train_24344,neutral
klue-nli-v1_train_17262,contradiction
klue-nli-v1_train_08823,neutral
klue-nli-v1_train_11054,neutral
klue-nli-v1_train_24047,neutral
klue-nli-v1_train_22914,contradiction
klue-nli-v1_train_15640,contradiction
klue-nli-v1_train_02107,contradiction
klue-nli-v1_train_12376,contradiction
klue-nli-v1_train_21236,entailment
klue-nli-v1_train_24573,entailment
klue-nli-v1_train_09348,neutral
klue-nli-v1_train_01026,contradiction
klue-nli-v1_train_04834,contradiction
klue-nli-v1_train_06469,contradiction
klue-nli-v1_train_14213,neutral
klue-nli-v1_train_04144,neutral
klue-nli-v1_train_02618,entailment
klue-nli-v1_train_09283,neutral
klue-nli-v1_train_19264,neutral
klue-nli-v1_train_01412,contradiction
klue-nli-v1_train_05270,neutral
klue-nli-v1_train_21460,entailment
klue-nli-v1_train_06612,neutral
klue-nli-v1_train_12487,entailment
klue-nli-v1_train_00683,neutral
klue-nli-v1_train_05909,contradiction
klue-nli-v1_train_15360,contradiction
klue-nli-v1_train_15292,entailment
klue-nli-v1_train_09086,contradiction
klue-nli-v1_train_07533,contradiction
klue-nli-v1_train_22540,contradiction
klue-nli-v1_train_18790,contradiction
klue-nli-v1_train_18946,neutral
klue-nli-v1_train_14005,contradiction
klue-nli-v1_train_23071,entailment
klue-nli-v1_train_07100,entailment
klue-nli-v1_train_04136,contradiction
klue-nli-v1_train_23134,entailment
klue-nli-v1_train_04094,entailment
klue-nli-v1_train_09231,contradiction
klue-nli-v1_train_10351,entailment
klue-nli-v1_train_15347,contradiction
klue-nli-v1_train_01051,entailment
klue-nli-v1_train_15669,contradiction
klue-nli-v1_train_00052,neutral
klue-nli-v1_train_13655,neutral
klue-nli-v1_train_23865,entailment
klue-nli-v1_train_23248,contradiction
klue-nli-v1_train_24166,entailment
klue-nli-v1_train_07219,neutral
klue-nli-v1_train_23002,entailment
klue-nli-v1_train_00270,neutral
klue-nli-v1_train_15867,entailment
klue-nli-v1_train_07754,contradiction
klue-nli-v1_train_01028,entailment
klue-nli-v1_train_18048,neutral
klue-nli-v1_train_09785,neutral
klue-nli-v1_train_16581,contradiction
klue-nli-v1_train_04149,neutral
klue-nli-v1_train_06808,entailment
klue-nli-v1_train_00881,entailment
klue-nli-v1_train_05224,entailment
klue-nli-v1_train_12774,entailment
klue-nli-v1_train_05179,entailment
klue-nli-v1_train_24718,contradiction
klue-nli-v1_train_10851,contradiction
klue-nli-v1_train_24611,neutral
klue-nli-v1_train_00729,neutral
klue-nli-v1_train_06940,neutral
klue-nli-v1_train_23902,contradiction
klue-nli-v1_train_06012,contradiction
klue-nli-v1_train_00434,entailment
klue-nli-v1_train_19811,contradiction
klue-nli-v1_train_01452,contradiction
klue-nli-v1_train_14034,neutral
klue-nli-v1_train_16884,neutral
klue-nli-v1_train_07036,entailment
klue-nli-v1_train_15448,contradiction
klue-nli-v1_train_17467,contradiction
klue-nli-v1_train_22486,contradiction
klue-nli-v1_train_11772,contradiction
klue-nli-v1_train_14153,contradiction
klue-nli-v1_train_03124,contradiction
klue-nli-v1_train_20198,contradiction
klue-nli-v1_train_12435,neutral
klue-nli-v1_train_15683,neutral
klue-nli-v1_train_14487,contradiction
klue-nli-v1_train_08563,neutral
klue-nli-v1_train_09825,entailment
klue-nli-v1_train_05170,neutral
klue-nli-v1_train_22677,entailment
klue-nli-v1_train_15017,contradiction
klue-nli-v1_train_23300,neutral
klue-nli-v1_train_09505,neutral
klue-nli-v1_train_01989,contradiction
klue-nli-v1_train_11108,contradiction
klue-nli-v1_train_09175,neutral
klue-nli-v1_train_16890,entailment
klue-nli-v1_train_15597,contradiction
klue-nli-v1_train_01403,contradiction
klue-nli-v1_train_23303,neutral
klue-nli-v1_train_04825,neutral
klue-nli-v1_train_00179,neutral
klue-nli-v1_train_09158,entailment
klue-nli-v1_train_23045,entailment
klue-nli-v1_train_21577,neutral
klue-nli-v1_train_01775,entailment
klue-nli-v1_train_08793,contradiction
klue-nli-v1_train_15247,neutral
klue-nli-v1_train_06510,entailment
klue-nli-v1_train_09912,contradiction
klue-nli-v1_train_09976,entailment
klue-nli-v1_train_01283,neutral
klue-nli-v1_train_05345,entailment
klue-nli-v1_train_08056,entailment
klue-nli-v1_train_19118,contradiction
klue-nli-v1_train_08466,entailment
klue-nli-v1_train_10746,contradiction
klue-nli-v1_train_03032,neutral
klue-nli-v1_train_20570,neutral
klue-nli-v1_train_10620,contradiction
klue-nli-v1_train_00495,contradiction
klue-nli-v1_train_14678,contradiction
klue-nli-v1_train_03561,neutral
klue-nli-v1_train_07641,neutral
klue-nli-v1_train_01807,neutral
klue-nli-v1_train_11488,contradiction
klue-nli-v1_train_13534,neutral
klue-nli-v1_train_20948,entailment
klue-nli-v1_train_20808,neutral
klue-nli-v1_train_14184,neutral
klue-nli-v1_train_00724,neutral
klue-nli-v1_train_05416,neutral
klue-nli-v1_train_20311,contradiction
klue-nli-v1_train_19644,contradiction
klue-nli-v1_train_20994,contradiction
klue-nli-v1_train_17897,entailment
klue-nli-v1_train_15615,contradiction
klue-nli-v1_train_11232,neutral
klue-nli-v1_train_07978,neutral
klue-nli-v1_train_18049,contradiction
klue-nli-v1_train_10815,neutral
klue-nli-v1_train_10907,contradiction
klue-nli-v1_train_22323,neutral
klue-nli-v1_train_03797,neutral
klue-nli-v1_train_07549,entailment
klue-nli-v1_train_12382,contradiction
klue-nli-v1_train_08386,contradiction
klue-nli-v1_train_20510,neutral
klue-nli-v1_train_01095,neutral
klue-nli-v1_train_02694,entailment
klue-nli-v1_train_15735,contradiction
klue-nli-v1_train_03827,entailment
klue-nli-v1_train_10424,entailment
klue-nli-v1_train_05458,entailment
klue-nli-v1_train_21181,neutral
klue-nli-v1_train_15114,entailment
klue-nli-v1_train_20850,entailment
klue-nli-v1_train_13741,entailment
klue-nli-v1_train_01470,neutral
klue-nli-v1_train_09888,contradiction
klue-nli-v1_train_14768,entailment
klue-nli-v1_train_04319,entailment
klue-nli-v1_train_16477,entailment
klue-nli-v1_train_07979,entailment
klue-nli-v1_train_19582,neutral
klue-nli-v1_train_06270,contradiction
klue-nli-v1_train_02224,entailment
klue-nli-v1_train_23021,contradiction
klue-nli-v1_train_14214,entailment
klue-nli-v1_train_11904,entailment
klue-nli-v1_train_17526,neutral
klue-nli-v1_train_03219,neutral
klue-nli-v1_train_09974,contradiction
klue-nli-v1_train_09658,contradiction
klue-nli-v1_train_20723,contradiction
klue-nli-v1_train_09657,entailment
klue-nli-v1_train_10756,neutral
klue-nli-v1_train_02210,contradiction
klue-nli-v1_train_23719,entailment
klue-nli-v1_train_05348,entailment
klue-nli-v1_train_03152,neutral
klue-nli-v1_train_17106,neutral
klue-nli-v1_train_20893,contradiction
klue-nli-v1_train_02550,neutral
klue-nli-v1_train_00721,entailment
klue-nli-v1_train_19090,entailment
klue-nli-v1_train_22897,entailment
klue-nli-v1_train_17697,contradiction
klue-nli-v1_train_14603,entailment
klue-nli-v1_train_23403,entailment
klue-nli-v1_train_10262,contradiction
klue-nli-v1_train_08959,neutral
klue-nli-v1_train_18551,neutral
klue-nli-v1_train_19548,entailment
klue-nli-v1_train_03154,contradiction
klue-nli-v1_train_12644,contradiction
klue-nli-v1_train_08963,contradiction
klue-nli-v1_train_14906,contradiction
klue-nli-v1_train_00131,neutral
klue-nli-v1_train_22320,contradiction
klue-nli-v1_train_22813,contradiction
klue-nli-v1_train_19202,neutral
klue-nli-v1_train_00998,contradiction
klue-nli-v1_train_11191,neutral
klue-nli-v1_train_00460,neutral
klue-nli-v1_train_17434,entailment
klue-nli-v1_train_09787,contradiction
klue-nli-v1_train_08346,entailment
klue-nli-v1_train_06343,entailment
klue-nli-v1_train_11058,entailment
klue-nli-v1_train_17120,neutral
klue-nli-v1_train_20007,neutral
klue-nli-v1_train_13083,neutral
klue-nli-v1_train_14331,entailment
klue-nli-v1_train_12671,contradiction
klue-nli-v1_train_14215,neutral
klue-nli-v1_train_04790,contradiction
klue-nli-v1_train_05549,entailment
klue-nli-v1_train_15859,entailment
klue-nli-v1_train_23180,neutral
klue-nli-v1_train_10290,contradiction
klue-nli-v1_train_15028,entailment
klue-nli-v1_train_17584,entailment
klue-nli-v1_train_11606,neutral
klue-nli-v1_train_20306,contradiction
klue-nli-v1_train_03873,contradiction
klue-nli-v1_train_14934,neutral
klue-nli-v1_train_00937,neutral
klue-nli-v1_train_01079,contradiction
klue-nli-v1_train_14672,contradiction
klue-nli-v1_train_16429,neutral
klue-nli-v1_train_19556,entailment
klue-nli-v1_train_08485,contradiction
klue-nli-v1_train_02364,entailment
klue-nli-v1_train_17938,entailment
klue-nli-v1_train_20116,entailment
klue-nli-v1_train_08168,contradiction
klue-nli-v1_train_16185,contradiction
klue-nli-v1_train_21046,contradiction
klue-nli-v1_train_20945,neutral
klue-nli-v1_train_05483,neutral
klue-nli-v1_train_13230,entailment
klue-nli-v1_train_18438,neutral
klue-nli-v1_train_20024,entailment
klue-nli-v1_train_02577,neutral
klue-nli-v1_train_02989,contradiction
klue-nli-v1_train_03323,entailment
klue-nli-v1_train_19487,neutral
klue-nli-v1_train_03467,entailment
klue-nli-v1_train_05276,neutral
klue-nli-v1_train_22558,neutral
klue-nli-v1_train_05374,entailment
klue-nli-v1_train_18667,contradiction
klue-nli-v1_train_24095,contradiction
klue-nli-v1_train_08166,entailment
klue-nli-v1_train_01153,contradiction
klue-nli-v1_train_01707,entailment
klue-nli-v1_train_08155,neutral
klue-nli-v1_train_23707,entailment
klue-nli-v1_train_15321,entailment
klue-nli-v1_train_11830,entailment
klue-nli-v1_train_00293,entailment
klue-nli-v1_train_15877,neutral
klue-nli-v1_train_23521,neutral
klue-nli-v1_train_21376,entailment
klue-nli-v1_train_07141,contradiction
klue-nli-v1_train_15606,contradiction
klue-nli-v1_train_21535,entailment
klue-nli-v1_train_14907,neutral
klue-nli-v1_train_09002,neutral
klue-nli-v1_train_15790,entailment
klue-nli-v1_train_15772,neutral
klue-nli-v1_train_06668,contradiction
klue-nli-v1_train_11400,neutral
klue-nli-v1_train_09473,entailment
klue-nli-v1_train_19759,neutral
klue-nli-v1_train_19655,neutral
klue-nli-v1_train_21811,neutral
klue-nli-v1_train_01071,neutral
klue-nli-v1_train_11692,entailment
klue-nli-v1_train_01007,entailment
klue-nli-v1_train_20006,entailment
klue-nli-v1_train_04353,contradiction
klue-nli-v1_train_16990,contradiction
klue-nli-v1_train_06276,neutral
klue-nli-v1_train_03000,neutral
klue-nli-v1_train_08634,neutral
klue-nli-v1_train_21220,neutral
klue-nli-v1_train_16390,entailment
klue-nli-v1_train_14396,neutral
klue-nli-v1_train_02203,entailment
klue-nli-v1_train_00644,neutral
klue-nli-v1_train_14288,neutral
klue-nli-v1_train_02274,contradiction
klue-nli-v1_train_22824,entailment
klue-nli-v1_train_21150,contradiction
klue-nli-v1_train_18617,entailment
klue-nli-v1_train_10314,contradiction
klue-nli-v1_train_08114,contradiction
klue-nli-v1_train_13798,entailment
klue-nli-v1_train_23137,contradiction
klue-nli-v1_train_07585,contradiction
klue-nli-v1_train_02709,contradiction
klue-nli-v1_train_01146,neutral
klue-nli-v1_train_16937,neutral
klue-nli-v1_train_04051,neutral
klue-nli-v1_train_06197,neutral
klue-nli-v1_train_06929,entailment
klue-nli-v1_train_12343,entailment
klue-nli-v1_train_00708,contradiction
klue-nli-v1_train_17032,neutral
klue-nli-v1_train_24706,neutral
klue-nli-v1_train_16649,contradiction
klue-nli-v1_train_17528,contradiction
klue-nli-v1_train_17616,neutral
klue-nli-v1_train_18967,neutral
klue-nli-v1_train_17742,contradiction
klue-nli-v1_train_13059,contradiction
klue-nli-v1_train_16651,entailment
klue-nli-v1_train_00362,entailment
klue-nli-v1_train_10978,contradiction
klue-nli-v1_train_01586,entailment
klue-nli-v1_train_04711,neutral
klue-nli-v1_train_22051,contradiction
klue-nli-v1_train_15915,contradiction
klue-nli-v1_train_15389,contradiction
klue-nli-v1_train_12518,neutral
klue-nli-v1_train_02759,contradiction
klue-nli-v1_train_03408,contradiction
klue-nli-v1_train_19495,neutral
klue-nli-v1_train_19832,entailment
klue-nli-v1_train_04120,neutral
klue-nli-v1_train_18395,contradiction
klue-nli-v1_train_22235,entailment
klue-nli-v1_train_12383,entailment
klue-nli-v1_train_10458,contradiction
klue-nli-v1_train_05379,neutral
klue-nli-v1_train_13386,neutral
klue-nli-v1_train_15133,contradiction
klue-nli-v1_train_10772,entailment
klue-nli-v1_train_13047,neutral
klue-nli-v1_train_03284,neutral
klue-nli-v1_train_05213,contradiction
klue-nli-v1_train_20379,contradiction
klue-nli-v1_train_03405,contradiction
klue-nli-v1_train_03380,contradiction
klue-nli-v1_train_17745,contradiction
klue-nli-v1_train_14362,contradiction
klue-nli-v1_train_13454,neutral
klue-nli-v1_train_06822,entailment
klue-nli-v1_train_01363,entailment
klue-nli-v1_train_05578,entailment
klue-nli-v1_train_17044,entailment
klue-nli-v1_train_07999,contradiction
klue-nli-v1_train_08594,neutral
klue-nli-v1_train_00384,contradiction
klue-nli-v1_train_04280,neutral
klue-nli-v1_train_16209,neutral
klue-nli-v1_train_12267,entailment
klue-nli-v1_train_02348,entailment
klue-nli-v1_train_22108,entailment
klue-nli-v1_train_15807,neutral
klue-nli-v1_train_00784,entailment
klue-nli-v1_train_05989,entailment
klue-nli-v1_train_05048,entailment
klue-nli-v1_train_09071,neutral
klue-nli-v1_train_15660,contradiction
klue-nli-v1_train_02580,neutral
klue-nli-v1_train_01687,neutral
klue-nli-v1_train_05707,entailment
klue-nli-v1_train_02000,entailment
klue-nli-v1_train_00666,contradiction
klue-nli-v1_train_18379,contradiction
klue-nli-v1_train_23143,contradiction
klue-nli-v1_train_14598,contradiction
klue-nli-v1_train_06128,contradiction
klue-nli-v1_train_09481,neutral
klue-nli-v1_train_03198,entailment
klue-nli-v1_train_06374,contradiction
klue-nli-v1_train_06484,neutral
klue-nli-v1_train_14209,entailment
klue-nli-v1_train_20282,entailment
klue-nli-v1_train_07823,neutral
klue-nli-v1_train_19971,contradiction
klue-nli-v1_train_10622,entailment
klue-nli-v1_train_01286,entailment
klue-nli-v1_train_13967,contradiction
klue-nli-v1_train_06645,neutral
klue-nli-v1_train_22227,entailment
klue-nli-v1_train_14778,neutral
klue-nli-v1_train_05388,contradiction
klue-nli-v1_train_12971,entailment
klue-nli-v1_train_22164,entailment
klue-nli-v1_train_24701,neutral
klue-nli-v1_train_20066,contradiction
klue-nli-v1_train_06310,entailment
klue-nli-v1_train_09896,entailment
klue-nli-v1_train_00704,entailment
klue-nli-v1_train_22521,entailment
klue-nli-v1_train_09867,entailment
klue-nli-v1_train_15868,neutral
klue-nli-v1_train_17892,entailment
klue-nli-v1_train_08412,entailment
klue-nli-v1_train_07367,entailment
klue-nli-v1_train_20594,contradiction
klue-nli-v1_train_15912,contradiction
klue-nli-v1_train_00398,contradiction
klue-nli-v1_train_22228,contradiction
klue-nli-v1_train_09709,contradiction
klue-nli-v1_train_04662,entailment
klue-nli-v1_train_18710,neutral
klue-nli-v1_train_06116,contradiction
klue-nli-v1_train_21756,entailment
klue-nli-v1_train_16590,contradiction
klue-nli-v1_train_13254,contradiction
klue-nli-v1_train_02574,entailment
klue-nli-v1_train_09883,neutral
klue-nli-v1_train_05409,neutral
klue-nli-v1_train_15509,neutral
klue-nli-v1_train_05288,neutral
klue-nli-v1_train_04637,contradiction
klue-nli-v1_train_02120,neutral
klue-nli-v1_train_14274,entailment
klue-nli-v1_train_13710,entailment
klue-nli-v1_train_06591,neutral
klue-nli-v1_train_14046,entailment
klue-nli-v1_train_07068,contradiction
klue-nli-v1_train_03236,entailment
klue-nli-v1_train_08409,entailment
klue-nli-v1_train_03687,contradiction
klue-nli-v1_train_21262,neutral
klue-nli-v1_train_15691,neutral
klue-nli-v1_train_00413,neutral
klue-nli-v1_train_13665,contradiction
klue-nli-v1_train_13597,neutral
klue-nli-v1_train_21314,contradiction
klue-nli-v1_train_04563,contradiction
klue-nli-v1_train_24189,neutral
klue-nli-v1_train_00570,contradiction
klue-nli-v1_train_20690,contradiction
klue-nli-v1_train_24502,neutral
klue-nli-v1_train_20418,entailment
klue-nli-v1_train_13349,contradiction
klue-nli-v1_train_19037,contradiction
klue-nli-v1_train_03366,contradiction
klue-nli-v1_train_15731,entailment
klue-nli-v1_train_05209,entailment
klue-nli-v1_train_16762,entailment
klue-nli-v1_train_15361,neutral
klue-nli-v1_train_16016,entailment
klue-nli-v1_train_02664,contradiction
klue-nli-v1_train_20043,entailment
klue-nli-v1_train_19918,entailment
klue-nli-v1_train_21431,contradiction
klue-nli-v1_train_08550,entailment
klue-nli-v1_train_03830,entailment
klue-nli-v1_train_00190,contradiction
klue-nli-v1_train_07942,neutral
klue-nli-v1_train_21682,entailment
klue-nli-v1_train_24043,entailment
klue-nli-v1_train_13116,neutral
klue-nli-v1_train_05355,contradiction
klue-nli-v1_train_02161,contradiction
klue-nli-v1_train_05825,contradiction
klue-nli-v1_train_05862,neutral
klue-nli-v1_train_11170,entailment
klue-nli-v1_train_19183,contradiction
klue-nli-v1_train_04412,entailment
klue-nli-v1_train_19207,contradiction
klue-nli-v1_train_14979,entailment
klue-nli-v1_train_24339,contradiction
klue-nli-v1_train_19893,neutral
klue-nli-v1_train_19722,contradiction
klue-nli-v1_train_22257,entailment
klue-nli-v1_train_08078,contradiction
klue-nli-v1_train_24957,contradiction
klue-nli-v1_train_16194,contradiction
klue-nli-v1_train_13628,neutral
klue-nli-v1_train_17629,contradiction
klue-nli-v1_train_08578,contradiction
klue-nli-v1_train_02435,contradiction
klue-nli-v1_train_13650,contradiction
klue-nli-v1_train_08126,contradiction
klue-nli-v1_train_20085,contradiction
klue-nli-v1_train_03865,neutral
klue-nli-v1_train_03768,neutral
klue-nli-v1_train_03693,contradiction
klue-nli-v1_train_23384,neutral
klue-nli-v1_train_21354,contradiction
klue-nli-v1_train_10131,contradiction
klue-nli-v1_train_01738,neutral
klue-nli-v1_train_06699,neutral
klue-nli-v1_train_17787,contradiction
klue-nli-v1_train_23583,entailment
klue-nli-v1_train_23578,contradiction
klue-nli-v1_train_14485,neutral
klue-nli-v1_train_14053,entailment
klue-nli-v1_train_04870,contradiction
klue-nli-v1_train_18546,entailment
klue-nli-v1_train_22455,entailment
klue-nli-v1_train_07087,entailment
klue-nli-v1_train_15885,neutral
klue-nli-v1_train_09267,entailment
klue-nli-v1_train_03926,entailment
klue-nli-v1_train_03386,entailment
klue-nli-v1_train_06216,neutral
klue-nli-v1_train_12351,entailment
klue-nli-v1_train_10337,entailment
klue-nli-v1_train_07296,contradiction
klue-nli-v1_train_15644,entailment
klue-nli-v1_train_05384,entailment
klue-nli-v1_train_03817,neutral
klue-nli-v1_train_20431,contradiction
klue-nli-v1_train_02911,neutral
klue-nli-v1_train_15406,entailment
klue-nli-v1_train_08802,entailment
klue-nli-v1_train_06670,entailment
klue-nli-v1_train_22453,contradiction
klue-nli-v1_train_08961,entailment
klue-nli-v1_train_19501,contradiction
klue-nli-v1_train_01382,contradiction
klue-nli-v1_train_14822,neutral
klue-nli-v1_train_23800,entailment
klue-nli-v1_train_19431,entailment
klue-nli-v1_train_19140,contradiction
klue-nli-v1_train_09145,neutral
klue-nli-v1_train_19254,entailment
klue-nli-v1_train_22908,neutral
klue-nli-v1_train_12433,entailment
klue-nli-v1_train_14017,entailment
klue-nli-v1_train_23297,neutral
klue-nli-v1_train_19547,neutral
klue-nli-v1_train_02548,contradiction
klue-nli-v1_train_02567,neutral
klue-nli-v1_train_08985,neutral
klue-nli-v1_train_19779,contradiction
klue-nli-v1_train_21492,entailment
klue-nli-v1_train_24563,entailment
klue-nli-v1_train_00980,entailment
klue-nli-v1_train_20473,contradiction
klue-nli-v1_train_02721,contradiction
klue-nli-v1_train_14512,neutral
klue-nli-v1_train_18901,contradiction
klue-nli-v1_train_08053,entailment
klue-nli-v1_train_20047,neutral
klue-nli-v1_train_16256,contradiction
klue-nli-v1_train_10899,entailment
klue-nli-v1_train_01065,neutral
klue-nli-v1_train_01374,neutral
klue-nli-v1_train_16102,neutral
klue-nli-v1_train_07741,neutral
klue-nli-v1_train_09388,neutral
klue-nli-v1_train_12840,entailment
klue-nli-v1_train_04878,contradiction
klue-nli-v1_train_08314,entailment
klue-nli-v1_train_07487,entailment
klue-nli-v1_train_24231,neutral
klue-nli-v1_train_15009,neutral
klue-nli-v1_train_07313,neutral
klue-nli-v1_train_15971,neutral
klue-nli-v1_train_19236,entailment
klue-nli-v1_train_20821,entailment
klue-nli-v1_train_19422,contradiction
klue-nli-v1_train_03935,contradiction
klue-nli-v1_train_14890,neutral
klue-nli-v1_train_24158,contradiction
klue-nli-v1_train_21058,contradiction
klue-nli-v1_train_23580,neutral
klue-nli-v1_train_08290,neutral
klue-nli-v1_train_12831,entailment
klue-nli-v1_train_16058,neutral
klue-nli-v1_train_10016,contradiction
klue-nli-v1_train_18090,neutral
klue-nli-v1_train_21017,neutral
klue-nli-v1_train_15637,neutral
klue-nli-v1_train_08342,neutral
klue-nli-v1_train_17424,neutral
klue-nli-v1_train_11010,contradiction
klue-nli-v1_train_05828,contradiction
klue-nli-v1_train_12156,entailment
klue-nli-v1_train_17157,neutral
klue-nli-v1_train_03831,contradiction
klue-nli-v1_train_06927,neutral
klue-nli-v1_train_11345,entailment
klue-nli-v1_train_12687,entailment
klue-nli-v1_train_04139,entailment
klue-nli-v1_train_01063,contradiction
klue-nli-v1_train_00292,contradiction
klue-nli-v1_train_20977,neutral
klue-nli-v1_train_19056,neutral
klue-nli-v1_train_10948,neutral
klue-nli-v1_train_01173,contradiction
klue-nli-v1_train_20262,neutral
klue-nli-v1_train_19197,entailment
klue-nli-v1_train_04742,contradiction
klue-nli-v1_train_08742,contradiction
klue-nli-v1_train_11733,neutral
klue-nli-v1_train_11650,entailment
klue-nli-v1_train_03156,entailment
klue-nli-v1_train_13779,entailment
klue-nli-v1_train_23215,contradiction
klue-nli-v1_train_20058,contradiction
klue-nli-v1_train_16549,neutral
klue-nli-v1_train_01589,contradiction
klue-nli-v1_train_04220,entailment
klue-nli-v1_train_11752,entailment
klue-nli-v1_train_21089,neutral
klue-nli-v1_train_00175,contradiction
klue-nli-v1_train_08809,entailment
klue-nli-v1_train_18149,neutral
klue-nli-v1_train_01034,entailment
klue-nli-v1_train_12242,neutral
klue-nli-v1_train_24534,entailment
klue-nli-v1_train_10909,contradiction
klue-nli-v1_train_06206,neutral
klue-nli-v1_train_02987,neutral
klue-nli-v1_train_09247,neutral
klue-nli-v1_train_15653,contradiction
klue-nli-v1_train_21574,neutral
klue-nli-v1_train_21323,contradiction
klue-nli-v1_train_01751,entailment
klue-nli-v1_train_12322,contradiction
klue-nli-v1_train_12253,entailment
klue-nli-v1_train_19911,neutral
klue-nli-v1_train_07774,entailment
klue-nli-v1_train_06347,contradiction
klue-nli-v1_train_10101,contradiction
klue-nli-v1_train_05787,neutral
klue-nli-v1_train_16326,contradiction
klue-nli-v1_train_17289,entailment
klue-nli-v1_train_05678,contradiction
klue-nli-v1_train_15157,contradiction
klue-nli-v1_train_05802,neutral
klue-nli-v1_train_08211,entailment
klue-nli-v1_train_23268,entailment
klue-nli-v1_train_09383,entailment
klue-nli-v1_train_07974,contradiction
klue-nli-v1_train_07911,contradiction
klue-nli-v1_train_19455,contradiction
klue-nli-v1_train_15328,entailment
klue-nli-v1_train_24434,entailment
klue-nli-v1_train_13742,contradiction
klue-nli-v1_train_07768,entailment
klue-nli-v1_train_00642,contradiction
klue-nli-v1_train_16473,neutral
klue-nli-v1_train_02256,entailment
klue-nli-v1_train_17114,neutral
klue-nli-v1_train_20543,neutral
klue-nli-v1_train_19030,neutral
klue-nli-v1_train_09973,entailment
klue-nli-v1_train_09757,contradiction
klue-nli-v1_train_05995,neutral
klue-nli-v1_train_12959,entailment
klue-nli-v1_train_01516,contradiction
klue-nli-v1_train_07858,entailment
klue-nli-v1_train_19050,contradiction
klue-nli-v1_train_12409,neutral
klue-nli-v1_train_05069,neutral
klue-nli-v1_train_17654,contradiction
klue-nli-v1_train_23682,neutral
klue-nli-v1_train_00608,neutral
klue-nli-v1_train_20656,neutral
klue-nli-v1_train_22537,contradiction
klue-nli-v1_train_19608,contradiction
klue-nli-v1_train_01765,neutral
klue-nli-v1_train_05511,contradiction
klue-nli-v1_train_21388,neutral
klue-nli-v1_train_06923,entailment
klue-nli-v1_train_17871,entailment
klue-nli-v1_train_20537,contradiction
klue-nli-v1_train_15283,entailment
klue-nli-v1_train_14212,contradiction
klue-nli-v1_train_04802,neutral
klue-nli-v1_train_02916,neutral
klue-nli-v1_train_24215,contradiction
klue-nli-v1_train_19674,neutral
klue-nli-v1_train_12179,contradiction
klue-nli-v1_train_21883,neutral
klue-nli-v1_train_03611,entailment
klue-nli-v1_train_05423,entailment
klue-nli-v1_train_20567,contradiction
klue-nli-v1_train_12223,contradiction
klue-nli-v1_train_02249,neutral
klue-nli-v1_train_03979,neutral
klue-nli-v1_train_19291,neutral
klue-nli-v1_train_16580,entailment
klue-nli-v1_train_22580,entailment
klue-nli-v1_train_22263,entailment
klue-nli-v1_train_21801,contradiction
klue-nli-v1_train_08301,neutral
klue-nli-v1_train_10790,entailment
klue-nli-v1_train_11492,neutral
klue-nli-v1_train_04950,neutral
klue-nli-v1_train_21599,contradiction
klue-nli-v1_train_10381,neutral
klue-nli-v1_train_23254,entailment
klue-nli-v1_train_04530,contradiction
klue-nli-v1_train_18166,entailment
klue-nli-v1_train_00743,entailment
klue-nli-v1_train_01163,entailment
klue-nli-v1_train_18634,contradiction
klue-nli-v1_train_24703,contradiction
klue-nli-v1_train_00869,entailment
klue-nli-v1_train_09131,neutral
klue-nli-v1_train_23810,neutral
klue-nli-v1_train_12126,entailment
klue-nli-v1_train_23331,neutral
klue-nli-v1_train_23877,entailment
klue-nli-v1_train_02484,neutral
klue-nli-v1_train_12930,entailment
klue-nli-v1_train_16512,neutral
klue-nli-v1_train_15046,entailment
klue-nli-v1_train_17479,entailment
klue-nli-v1_train_03516,contradiction
klue-nli-v1_train_04848,neutral
klue-nli-v1_train_02938,contradiction
klue-nli-v1_train_07411,neutral
klue-nli-v1_train_03826,neutral
klue-nli-v1_train_24390,entailment
klue-nli-v1_train_17460,contradiction
klue-nli-v1_train_12668,neutral
klue-nli-v1_train_11428,entailment
klue-nli-v1_train_04800,contradiction
klue-nli-v1_train_13081,contradiction
klue-nli-v1_train_04310,neutral
klue-nli-v1_train_00018,contradiction
klue-nli-v1_train_14614,neutral
klue-nli-v1_train_05737,neutral
klue-nli-v1_train_17685,neutral
klue-nli-v1_train_08085,entailment
klue-nli-v1_train_01954,neutral
klue-nli-v1_train_11266,neutral
klue-nli-v1_train_22319,entailment
klue-nli-v1_train_01554,contradiction
klue-nli-v1_train_10864,neutral
klue-nli-v1_train_21524,entailment
klue-nli-v1_train_06793,entailment
klue-nli-v1_train_20709,neutral
klue-nli-v1_train_16134,contradiction
klue-nli-v1_train_02359,neutral
klue-nli-v1_train_23113,entailment
klue-nli-v1_train_24394,contradiction
klue-nli-v1_train_06547,contradiction
klue-nli-v1_train_05920,neutral
klue-nli-v1_train_03688,neutral
klue-nli-v1_train_11926,contradiction
klue-nli-v1_train_14329,contradiction
klue-nli-v1_train_16037,neutral
klue-nli-v1_train_11049,contradiction
klue-nli-v1_train_22884,contradiction
klue-nli-v1_train_23460,entailment
klue-nli-v1_train_11275,entailment
klue-nli-v1_train_15024,neutral
klue-nli-v1_train_07630,neutral
klue-nli-v1_train_07107,neutral
klue-nli-v1_train_08523,neutral
klue-nli-v1_train_11326,entailment
klue-nli-v1_train_16050,entailment
klue-nli-v1_train_08475,entailment
klue-nli-v1_train_07755,neutral
klue-nli-v1_train_22000,entailment
klue-nli-v1_train_07535,neutral
klue-nli-v1_train_13263,neutral
klue-nli-v1_train_16218,neutral
klue-nli-v1_train_04990,contradiction
klue-nli-v1_train_20720,contradiction
klue-nli-v1_train_22853,entailment
klue-nli-v1_train_18107,neutral
klue-nli-v1_train_02265,entailment
klue-nli-v1_train_06346,entailment
klue-nli-v1_train_03391,neutral
klue-nli-v1_train_15987,neutral
klue-nli-v1_train_02329,entailment
klue-nli-v1_train_19176,entailment
klue-nli-v1_train_03967,entailment
klue-nli-v1_train_01246,contradiction
klue-nli-v1_train_08980,entailment
klue-nli-v1_train_22890,entailment
klue-nli-v1_train_19897,entailment
klue-nli-v1_train_13815,entailment
klue-nli-v1_train_15623,entailment
klue-nli-v1_train_13419,contradiction
klue-nli-v1_train_14343,entailment
klue-nli-v1_train_05537,entailment
klue-nli-v1_train_23438,entailment
klue-nli-v1_train_18612,entailment
klue-nli-v1_train_05181,neutral
klue-nli-v1_train_21564,contradiction
klue-nli-v1_train_23494,contradiction
klue-nli-v1_train_09558,entailment
klue-nli-v1_train_10422,contradiction
klue-nli-v1_train_09478,neutral
klue-nli-v1_train_04375,neutral
klue-nli-v1_train_12419,contradiction
klue-nli-v1_train_00397,entailment
klue-nli-v1_train_13073,contradiction
klue-nli-v1_train_01364,neutral
klue-nli-v1_train_23114,contradiction
klue-nli-v1_train_18037,entailment
klue-nli-v1_train_20788,entailment
klue-nli-v1_train_17706,contradiction
klue-nli-v1_train_01782,contradiction
klue-nli-v1_train_24586,entailment
klue-nli-v1_train_13255,neutral
klue-nli-v1_train_00669,contradiction
klue-nli-v1_train_11181,neutral
klue-nli-v1_train_00009,entailment
klue-nli-v1_train_19697,neutral
klue-nli-v1_train_21746,contradiction
klue-nli-v1_train_07871,entailment
klue-nli-v1_train_15481,contradiction
klue-nli-v1_train_15519,contradiction
klue-nli-v1_train_14278,contradiction
klue-nli-v1_train_16308,contradiction
klue-nli-v1_train_08691,entailment
klue-nli-v1_train_19506,neutral
klue-nli-v1_train_07500,contradiction
klue-nli-v1_train_12453,contradiction
klue-nli-v1_train_18001,neutral
klue-nli-v1_train_13605,contradiction
klue-nli-v1_train_24359,entailment
klue-nli-v1_train_09583,contradiction
klue-nli-v1_train_01061,entailment
klue-nli-v1_train_06665,contradiction
klue-nli-v1_train_21955,neutral
klue-nli-v1_train_16466,neutral
klue-nli-v1_train_24890,entailment
klue-nli-v1_train_08002,entailment
klue-nli-v1_train_20398,contradiction
klue-nli-v1_train_06655,entailment
klue-nli-v1_train_10376,neutral
klue-nli-v1_train_14420,entailment
klue-nli-v1_train_19370,neutral
klue-nli-v1_train_04969,neutral
klue-nli-v1_train_02289,contradiction
klue-nli-v1_train_15278,contradiction
klue-nli-v1_train_03301,contradiction
klue-nli-v1_train_12212,contradiction
klue-nli-v1_train_00313,entailment
klue-nli-v1_train_08347,neutral
klue-nli-v1_train_15397,entailment
klue-nli-v1_train_00692,neutral
klue-nli-v1_train_13599,neutral
klue-nli-v1_train_06677,contradiction
klue-nli-v1_train_14432,contradiction
klue-nli-v1_train_19252,contradiction
klue-nli-v1_train_21831,contradiction
klue-nli-v1_train_02352,neutral
klue-nli-v1_train_15563,entailment
klue-nli-v1_train_04955,contradiction
klue-nli-v1_train_21835,neutral
klue-nli-v1_train_04624,entailment
klue-nli-v1_train_02341,neutral
klue-nli-v1_train_05164,entailment
klue-nli-v1_train_09905,entailment
klue-nli-v1_train_14055,neutral
klue-nli-v1_train_16767,entailment
klue-nli-v1_train_00478,neutral
klue-nli-v1_train_04214,neutral
klue-nli-v1_train_21886,entailment
klue-nli-v1_train_11867,neutral
klue-nli-v1_train_03139,contradiction
klue-nli-v1_train_02172,entailment
klue-nli-v1_train_14909,contradiction
klue-nli-v1_train_11132,contradiction
klue-nli-v1_train_09374,entailment
klue-nli-v1_train_01713,contradiction
klue-nli-v1_train_19308,entailment
klue-nli-v1_train_09736,contradiction
klue-nli-v1_train_20843,entailment
klue-nli-v1_train_21519,contradiction
klue-nli-v1_train_02787,contradiction
klue-nli-v1_train_23712,entailment
klue-nli-v1_train_02392,neutral
klue-nli-v1_train_12255,contradiction
klue-nli-v1_train_23214,neutral
klue-nli-v1_train_00850,neutral
klue-nli-v1_train_23282,neutral
klue-nli-v1_train_21753,contradiction
klue-nli-v1_train_19876,entailment
klue-nli-v1_train_23152,contradiction
klue-nli-v1_train_15273,neutral
klue-nli-v1_train_16566,contradiction
klue-nli-v1_train_07584,entailment
klue-nli-v1_train_02207,contradiction
klue-nli-v1_train_23604,entailment
klue-nli-v1_train_09387,contradiction
klue-nli-v1_train_02027,entailment
klue-nli-v1_train_08632,contradiction
klue-nli-v1_train_09294,neutral
klue-nli-v1_train_17149,neutral
klue-nli-v1_train_17823,contradiction
klue-nli-v1_train_02321,entailment
klue-nli-v1_train_19650,neutral
klue-nli-v1_train_07152,entailment
klue-nli-v1_train_20745,entailment
klue-nli-v1_train_18403,entailment
klue-nli-v1_train_13611,contradiction
klue-nli-v1_train_17888,neutral
klue-nli-v1_train_08786,entailment
klue-nli-v1_train_18427,entailment
klue-nli-v1_train_03945,contradiction
klue-nli-v1_train_18582,entailment
klue-nli-v1_train_20188,neutral
klue-nli-v1_train_14433,contradiction
klue-nli-v1_train_21389,contradiction
klue-nli-v1_train_24338,neutral
klue-nli-v1_train_17688,contradiction
klue-nli-v1_train_16857,neutral
klue-nli-v1_train_18175,neutral
klue-nli-v1_train_12577,entailment
klue-nli-v1_train_21679,entailment
klue-nli-v1_train_11641,entailment
klue-nli-v1_train_23646,neutral
klue-nli-v1_train_13142,contradiction
klue-nli-v1_train_11771,neutral
klue-nli-v1_train_02134,contradiction
klue-nli-v1_train_14547,contradiction
klue-nli-v1_train_08865,entailment
klue-nli-v1_train_08370,entailment
klue-nli-v1_train_21824,entailment
klue-nli-v1_train_11542,entailment
klue-nli-v1_train_04491,neutral
klue-nli-v1_train_19397,neutral
klue-nli-v1_train_24843,neutral
klue-nli-v1_train_12381,entailment
klue-nli-v1_train_22819,contradiction
klue-nli-v1_train_17143,contradiction
klue-nli-v1_train_03908,entailment
klue-nli-v1_train_22449,contradiction
klue-nli-v1_train_18561,contradiction
klue-nli-v1_train_18813,neutral
klue-nli-v1_train_06283,entailment
klue-nli-v1_train_23748,entailment
klue-nli-v1_train_05776,neutral
klue-nli-v1_train_10959,entailment
klue-nli-v1_train_20974,neutral
klue-nli-v1_train_05094,entailment
klue-nli-v1_train_20952,contradiction
klue-nli-v1_train_20985,contradiction
klue-nli-v1_train_05914,contradiction
klue-nli-v1_train_19825,neutral
klue-nli-v1_train_16894,entailment
klue-nli-v1_train_08493,contradiction
klue-nli-v1_train_09926,entailment
klue-nli-v1_train_22567,contradiction
klue-nli-v1_train_06372,entailment
klue-nli-v1_train_23370,entailment
klue-nli-v1_train_00685,entailment
klue-nli-v1_train_08385,entailment
klue-nli-v1_train_24760,contradiction
klue-nli-v1_train_08488,contradiction
klue-nli-v1_train_01974,contradiction
klue-nli-v1_train_23932,neutral
klue-nli-v1_train_18535,neutral
klue-nli-v1_train_18235,entailment
klue-nli-v1_train_00013,contradiction
klue-nli-v1_train_22774,entailment
klue-nli-v1_train_24714,entailment
klue-nli-v1_train_01603,neutral
klue-nli-v1_train_13050,contradiction
klue-nli-v1_train_03140,neutral
klue-nli-v1_train_24182,contradiction
klue-nli-v1_train_15788,entailment
klue-nli-v1_train_01379,contradiction
klue-nli-v1_train_18816,entailment
klue-nli-v1_train_10248,contradiction
klue-nli-v1_train_24546,entailment
klue-nli-v1_train_14374,contradiction
klue-nli-v1_train_17327,contradiction
klue-nli-v1_train_20877,entailment
klue-nli-v1_train_14210,neutral
klue-nli-v1_train_21302,entailment
klue-nli-v1_train_06772,contradiction
klue-nli-v1_train_01683,contradiction
klue-nli-v1_train_13878,entailment
klue-nli-v1_train_10021,entailment
klue-nli-v1_train_16063,neutral
klue-nli-v1_train_24726,entailment
klue-nli-v1_train_04684,neutral
klue-nli-v1_train_05885,contradiction
klue-nli-v1_train_19190,neutral
klue-nli-v1_train_04207,neutral
klue-nli-v1_train_16648,contradiction
klue-nli-v1_train_20651,neutral
klue-nli-v1_train_24103,entailment
klue-nli-v1_train_13552,neutral
klue-nli-v1_train_02954,entailment
klue-nli-v1_train_24435,neutral
klue-nli-v1_train_00417,contradiction
klue-nli-v1_train_10304,entailment
klue-nli-v1_train_20706,neutral
klue-nli-v1_train_01155,neutral
klue-nli-v1_train_06948,entailment
klue-nli-v1_train_07413,contradiction
klue-nli-v1_train_05711,contradiction
klue-nli-v1_train_11583,contradiction
klue-nli-v1_train_15232,neutral
klue-nli-v1_train_02406,neutral
klue-nli-v1_train_13347,neutral
klue-nli-v1_train_23523,contradiction
klue-nli-v1_train_08553,entailment
klue-nli-v1_train_08180,neutral
klue-nli-v1_train_19215,entailment
klue-nli-v1_train_14219,contradiction
klue-nli-v1_train_21992,entailment
klue-nli-v1_train_16166,contradiction
klue-nli-v1_train_13215,entailment
klue-nli-v1_train_06617,neutral
klue-nli-v1_train_08655,neutral
klue-nli-v1_train_10191,contradiction
klue-nli-v1_train_22202,contradiction
klue-nli-v1_train_04098,contradiction
klue-nli-v1_train_19772,entailment
klue-nli-v1_train_23897,neutral
klue-nli-v1_train_23912,neutral
klue-nli-v1_train_22440,neutral
klue-nli-v1_train_02779,neutral
klue-nli-v1_train_05674,entailment
klue-nli-v1_train_06144,entailment
klue-nli-v1_train_17163,neutral
klue-nli-v1_train_20134,entailment
klue-nli-v1_train_08796,contradiction
klue-nli-v1_train_17501,contradiction
klue-nli-v1_train_11838,entailment
klue-nli-v1_train_21731,contradiction
klue-nli-v1_train_16112,entailment
klue-nli-v1_train_16585,neutral
klue-nli-v1_train_16676,contradiction
klue-nli-v1_train_04323,contradiction
klue-nli-v1_train_20350,neutral
klue-nli-v1_train_12711,entailment
klue-nli-v1_train_21974,entailment
klue-nli-v1_train_14317,contradiction
klue-nli-v1_train_09021,entailment
klue-nli-v1_train_13485,contradiction
klue-nli-v1_train_22240,contradiction
klue-nli-v1_train_03431,entailment
klue-nli-v1_train_13350,neutral
klue-nli-v1_train_05185,neutral
klue-nli-v1_train_12084,neutral
klue-nli-v1_train_13245,entailment
klue-nli-v1_train_10758,contradiction
klue-nli-v1_train_04619,entailment
klue-nli-v1_train_23205,neutral
klue-nli-v1_train_11753,contradiction
klue-nli-v1_train_23609,entailment
klue-nli-v1_train_10654,neutral
klue-nli-v1_train_12562,entailment
klue-nli-v1_train_21988,neutral
klue-nli-v1_train_04947,entailment
klue-nli-v1_train_24423,entailment
klue-nli-v1_train_17559,entailment
klue-nli-v1_train_23386,entailment
klue-nli-v1_train_12761,contradiction
klue-nli-v1_train_02316,contradiction
klue-nli-v1_train_01708,neutral
klue-nli-v1_train_09625,contradiction
klue-nli-v1_train_16814,contradiction
klue-nli-v1_train_04488,contradiction
klue-nli-v1_train_13285,entailment
klue-nli-v1_train_20888,entailment
klue-nli-v1_train_09760,contradiction
klue-nli-v1_train_11081,entailment
klue-nli-v1_train_06960,contradiction
klue-nli-v1_train_13539,neutral
klue-nli-v1_train_14302,contradiction
klue-nli-v1_train_16963,contradiction
klue-nli-v1_train_19716,neutral
klue-nli-v1_train_05945,neutral
klue-nli-v1_train_21911,entailment
klue-nli-v1_train_12633,neutral
klue-nli-v1_train_16375,neutral
klue-nli-v1_train_24070,entailment
klue-nli-v1_train_20627,contradiction
klue-nli-v1_train_08433,entailment
klue-nli-v1_train_20073,neutral
klue-nli-v1_train_03681,contradiction
klue-nli-v1_train_11588,entailment
klue-nli-v1_train_20878,contradiction
klue-nli-v1_train_20909,neutral
klue-nli-v1_train_20127,entailment
klue-nli-v1_train_20835,contradiction
klue-nli-v1_train_23474,neutral
klue-nli-v1_train_00658,entailment
klue-nli-v1_train_18921,neutral
klue-nli-v1_train_06050,contradiction
klue-nli-v1_train_19532,neutral
klue-nli-v1_train_19373,neutral
klue-nli-v1_train_17915,neutral
klue-nli-v1_train_09125,contradiction
klue-nli-v1_train_07037,contradiction
klue-nli-v1_train_00883,neutral
klue-nli-v1_train_12349,contradiction
klue-nli-v1_train_00223,entailment
klue-nli-v1_train_08525,entailment
klue-nli-v1_train_21167,entailment
klue-nli-v1_train_15605,neutral
klue-nli-v1_train_05079,neutral
klue-nli-v1_train_11021,entailment
klue-nli-v1_train_11155,entailment
klue-nli-v1_train_04643,contradiction
klue-nli-v1_train_23120,contradiction
klue-nli-v1_train_21916,neutral
klue-nli-v1_train_10179,contradiction
klue-nli-v1_train_12155,contradiction
klue-nli-v1_train_22095,entailment
klue-nli-v1_train_03842,entailment
klue-nli-v1_train_01833,neutral
klue-nli-v1_train_03123,entailment
klue-nli-v1_train_14149,contradiction
klue-nli-v1_train_20312,contradiction
klue-nli-v1_train_15180,entailment
klue-nli-v1_train_09418,neutral
klue-nli-v1_train_04005,contradiction
klue-nli-v1_train_23522,entailment
klue-nli-v1_train_17582,contradiction
klue-nli-v1_train_23979,neutral
klue-nli-v1_train_04512,contradiction
klue-nli-v1_train_15681,contradiction
klue-nli-v1_train_08436,contradiction
klue-nli-v1_train_14510,entailment
klue-nli-v1_train_20617,entailment
klue-nli-v1_train_15464,neutral
klue-nli-v1_train_22492,contradiction
klue-nli-v1_train_13914,neutral
klue-nli-v1_train_21064,entailment
klue-nli-v1_train_04965,neutral
klue-nli-v1_train_21639,neutral
klue-nli-v1_train_00278,entailment
klue-nli-v1_train_11399,contradiction
klue-nli-v1_train_20445,contradiction
klue-nli-v1_train_07138,neutral
klue-nli-v1_train_23391,entailment
klue-nli-v1_train_01494,entailment
klue-nli-v1_train_20304,neutral
klue-nli-v1_train_07893,contradiction
klue-nli-v1_train_13698,contradiction
klue-nli-v1_train_18749,contradiction
klue-nli-v1_train_01590,contradiction
klue-nli-v1_train_01609,neutral
klue-nli-v1_train_14593,neutral
klue-nli-v1_train_10543,contradiction
klue-nli-v1_train_11412,neutral
klue-nli-v1_train_02924,neutral
klue-nli-v1_train_08206,contradiction
klue-nli-v1_train_23383,contradiction
klue-nli-v1_train_04099,neutral
klue-nli-v1_train_05597,entailment
klue-nli-v1_train_02356,entailment
klue-nli-v1_train_06551,neutral
klue-nli-v1_train_00629,neutral
klue-nli-v1_train_20854,contradiction
klue-nli-v1_train_15272,contradiction
klue-nli-v1_train_09101,contradiction
klue-nli-v1_train_24141,neutral
klue-nli-v1_train_09322,entailment
klue-nli-v1_train_11837,neutral
klue-nli-v1_train_21491,neutral
klue-nli-v1_train_09627,entailment
klue-nli-v1_train_08096,contradiction
klue-nli-v1_train_21148,neutral
klue-nli-v1_train_20727,neutral
klue-nli-v1_train_18796,contradiction
klue-nli-v1_train_11201,contradiction
klue-nli-v1_train_12789,entailment
klue-nli-v1_train_00263,entailment
klue-nli-v1_train_15511,contradiction
klue-nli-v1_train_21197,entailment
klue-nli-v1_train_17413,entailment
klue-nli-v1_train_14604,contradiction
klue-nli-v1_train_05041,neutral
klue-nli-v1_train_17367,neutral
klue-nli-v1_train_18320,neutral
klue-nli-v1_train_04387,neutral
klue-nli-v1_train_01862,contradiction
klue-nli-v1_train_16792,contradiction
klue-nli-v1_train_07162,contradiction
klue-nli-v1_train_18503,neutral
klue-nli-v1_train_20914,contradiction
klue-nli-v1_train_13918,contradiction
klue-nli-v1_train_16595,entailment
klue-nli-v1_train_07339,entailment
klue-nli-v1_train_06287,contradiction
klue-nli-v1_train_03387,contradiction
klue-nli-v1_train_18630,entailment
klue-nli-v1_train_05201,contradiction
klue-nli-v1_train_15636,contradiction
klue-nli-v1_train_08811,entailment
klue-nli-v1_train_05369,entailment
klue-nli-v1_train_06964,neutral
klue-nli-v1_train_20526,neutral
klue-nli-v1_train_21157,neutral
klue-nli-v1_train_13466,neutral
klue-nli-v1_train_20619,entailment
klue-nli-v1_train_06121,neutral
klue-nli-v1_train_14881,neutral
klue-nli-v1_train_01309,neutral
klue-nli-v1_train_17453,contradiction
klue-nli-v1_train_01620,neutral
klue-nli-v1_train_18584,contradiction
klue-nli-v1_train_11985,contradiction
klue-nli-v1_train_07015,entailment
klue-nli-v1_train_02219,contradiction
klue-nli-v1_train_09052,contradiction
klue-nli-v1_train_08725,neutral
klue-nli-v1_train_14848,neutral
klue-nli-v1_train_13692,neutral
klue-nli-v1_train_00943,entailment
klue-nli-v1_train_08070,neutral
klue-nli-v1_train_15018,neutral
klue-nli-v1_train_13004,entailment
klue-nli-v1_train_11993,entailment
klue-nli-v1_train_16186,neutral
klue-nli-v1_train_17955,neutral
klue-nli-v1_train_24131,contradiction
klue-nli-v1_train_05683,entailment
klue-nli-v1_train_13616,entailment
klue-nli-v1_train_05843,neutral
klue-nli-v1_train_09743,neutral
klue-nli-v1_train_16422,contradiction
klue-nli-v1_train_22088,contradiction
klue-nli-v1_train_24943,neutral
klue-nli-v1_train_00388,neutral
klue-nli-v1_train_18565,contradiction
klue-nli-v1_train_24036,neutral
klue-nli-v1_train_11742,neutral
klue-nli-v1_train_09576,entailment
klue-nli-v1_train_07136,contradiction
klue-nli-v1_train_10299,contradiction
klue-nli-v1_train_17036,contradiction
klue-nli-v1_train_11821,entailment
klue-nli-v1_train_01985,neutral
klue-nli-v1_train_05019,entailment
klue-nli-v1_train_16303,contradiction
klue-nli-v1_train_02589,contradiction
klue-nli-v1_train_11639,entailment
klue-nli-v1_train_13474,contradiction
klue-nli-v1_train_09545,entailment
klue-nli-v1_train_16030,contradiction
klue-nli-v1_train_20318,contradiction
klue-nli-v1_train_20458,neutral
klue-nli-v1_train_16450,neutral
klue-nli-v1_train_20309,entailment
klue-nli-v1_train_08552,neutral
klue-nli-v1_train_12301,entailment
klue-nli-v1_train_20758,neutral
klue-nli-v1_train_03282,entailment
klue-nli-v1_train_15423,neutral
klue-nli-v1_train_16281,entailment
klue-nli-v1_train_22575,neutral
klue-nli-v1_train_15564,contradiction
klue-nli-v1_train_08617,contradiction
klue-nli-v1_train_06509,neutral
klue-nli-v1_train_08907,contradiction
klue-nli-v1_train_15569,entailment
klue-nli-v1_train_22366,contradiction
klue-nli-v1_train_18505,contradiction
klue-nli-v1_train_03261,neutral
klue-nli-v1_train_02080,entailment
klue-nli-v1_train_08602,neutral
klue-nli-v1_train_04986,entailment
klue-nli-v1_train_16943,entailment
klue-nli-v1_train_02872,entailment
klue-nli-v1_train_07213,contradiction
klue-nli-v1_train_00137,neutral
klue-nli-v1_train_10413,entailment
klue-nli-v1_train_20736,neutral
klue-nli-v1_train_18032,contradiction
klue-nli-v1_train_20621,contradiction
klue-nli-v1_train_17056,entailment
klue-nli-v1_train_14567,entailment
klue-nli-v1_train_14970,entailment
klue-nli-v1_train_14691,neutral
klue-nli-v1_train_24276,entailment
klue-nli-v1_train_02777,entailment
klue-nli-v1_train_05214,neutral
klue-nli-v1_train_12569,contradiction
klue-nli-v1_train_21962,entailment
klue-nli-v1_train_15445,contradiction
klue-nli-v1_train_13038,contradiction
klue-nli-v1_train_13443,contradiction
klue-nli-v1_train_12878,neutral
klue-nli-v1_train_23148,entailment
klue-nli-v1_train_15346,entailment
klue-nli-v1_train_13064,entailment
klue-nli-v1_train_02066,entailment
klue-nli-v1_train_16119,contradiction
klue-nli-v1_train_07389,contradiction
klue-nli-v1_train_21727,entailment
klue-nli-v1_train_02906,entailment
klue-nli-v1_train_00184,neutral
klue-nli-v1_train_15728,neutral
klue-nli-v1_train_10752,contradiction
klue-nli-v1_train_06419,entailment
klue-nli-v1_train_23440,contradiction
klue-nli-v1_train_11352,neutral
klue-nli-v1_train_14921,contradiction
klue-nli-v1_train_15457,contradiction
klue-nli-v1_train_11874,entailment
klue-nli-v1_train_06714,neutral
klue-nli-v1_train_06160,entailment
klue-nli-v1_train_06445,entailment
klue-nli-v1_train_05560,neutral
klue-nli-v1_train_04440,contradiction
klue-nli-v1_train_02596,neutral
klue-nli-v1_train_09768,entailment
klue-nli-v1_train_17592,neutral
klue-nli-v1_train_15008,entailment
klue-nli-v1_train_16745,contradiction
klue-nli-v1_train_15914,entailment
klue-nli-v1_train_05708,contradiction
klue-nli-v1_train_05875,contradiction
klue-nli-v1_train_09608,neutral
klue-nli-v1_train_08569,contradiction
klue-nli-v1_train_02994,neutral
klue-nli-v1_train_17451,entailment
klue-nli-v1_train_06344,contradiction
klue-nli-v1_train_10784,entailment
klue-nli-v1_train_12476,contradiction
klue-nli-v1_train_11053,entailment
klue-nli-v1_train_22390,contradiction
klue-nli-v1_train_19652,entailment
klue-nli-v1_train_14660,neutral
klue-nli-v1_train_09396,contradiction
klue-nli-v1_train_03886,neutral
klue-nli-v1_train_14314,neutral
klue-nli-v1_train_06150,neutral
klue-nli-v1_train_06151,contradiction
klue-nli-v1_train_16556,entailment
klue-nli-v1_train_03257,entailment
klue-nli-v1_train_24995,entailment
klue-nli-v1_train_04613,entailment
klue-nli-v1_train_22599,contradiction
klue-nli-v1_train_02904,contradiction
klue-nli-v1_train_01996,neutral
klue-nli-v1_train_20382,neutral
klue-nli-v1_train_24791,entailment
klue-nli-v1_train_21463,entailment
klue-nli-v1_train_21815,entailment
klue-nli-v1_train_17672,neutral
klue-nli-v1_train_03990,contradiction
klue-nli-v1_train_08315,contradiction
klue-nli-v1_train_23997,entailment
klue-nli-v1_train_16279,entailment
klue-nli-v1_train_21840,contradiction
klue-nli-v1_train_11389,entailment
klue-nli-v1_train_20798,neutral
klue-nli-v1_train_03769,entailment
klue-nli-v1_train_16961,neutral
klue-nli-v1_train_11871,entailment
klue-nli-v1_train_22664,neutral
klue-nli-v1_train_13634,entailment
klue-nli-v1_train_09188,entailment
klue-nli-v1_train_04064,entailment
klue-nli-v1_train_00590,neutral
klue-nli-v1_train_12914,contradiction
klue-nli-v1_train_05601,contradiction
klue-nli-v1_train_18906,entailment
klue-nli-v1_train_03087,neutral
klue-nli-v1_train_15020,neutral
klue-nli-v1_train_03649,neutral
klue-nli-v1_train_13449,entailment
klue-nli-v1_train_06059,contradiction
klue-nli-v1_train_19247,neutral
klue-nli-v1_train_15178,contradiction
klue-nli-v1_train_16653,neutral
klue-nli-v1_train_05882,neutral
klue-nli-v1_train_03401,entailment
klue-nli-v1_train_19587,neutral
klue-nli-v1_train_22965,neutral
klue-nli-v1_train_08736,contradiction
klue-nli-v1_train_21789,contradiction
klue-nli-v1_train_02820,contradiction
klue-nli-v1_train_15798,neutral
klue-nli-v1_train_03303,entailment
klue-nli-v1_train_17631,entailment
klue-nli-v1_train_19942,contradiction
klue-nli-v1_train_01183,contradiction
klue-nli-v1_train_04875,neutral
klue-nli-v1_train_06679,entailment
klue-nli-v1_train_14675,contradiction
klue-nli-v1_train_19096,entailment
klue-nli-v1_train_03091,neutral
klue-nli-v1_train_24472,contradiction
klue-nli-v1_train_12277,contradiction
klue-nli-v1_train_11063,entailment
klue-nli-v1_train_07491,contradiction
klue-nli-v1_train_08247,entailment
klue-nli-v1_train_09245,entailment
klue-nli-v1_train_04492,entailment
klue-nli-v1_train_12281,contradiction
klue-nli-v1_train_01314,neutral
klue-nli-v1_train_20214,neutral
klue-nli-v1_train_08916,neutral
klue-nli-v1_train_15434,contradiction
klue-nli-v1_train_20433,entailment
klue-nli-v1_train_22608,contradiction
klue-nli-v1_train_15192,neutral
klue-nli-v1_train_09918,contradiction
klue-nli-v1_train_01806,contradiction
klue-nli-v1_train_10388,entailment
klue-nli-v1_train_08782,neutral
klue-nli-v1_train_06159,neutral
klue-nli-v1_train_16887,entailment
klue-nli-v1_train_08747,contradiction
klue-nli-v1_train_24694,contradiction
klue-nli-v1_train_00953,neutral
klue-nli-v1_train_20622,entailment
klue-nli-v1_train_17794,neutral
klue-nli-v1_train_06417,neutral
klue-nli-v1_train_06643,entailment
klue-nli-v1_train_00978,entailment
klue-nli-v1_train_07972,neutral
klue-nli-v1_train_03898,neutral
klue-nli-v1_train_04238,neutral
klue-nli-v1_train_21281,entailment
klue-nli-v1_train_03874,neutral
klue-nli-v1_train_03986,entailment
klue-nli-v1_train_16181,entailment
klue-nli-v1_train_18867,entailment
klue-nli-v1_train_07996,contradiction
klue-nli-v1_train_19727,entailment
klue-nli-v1_train_13683,contradiction
klue-nli-v1_train_04478,entailment
klue-nli-v1_train_21878,neutral
klue-nli-v1_train_10037,neutral
klue-nli-v1_train_01795,neutral
klue-nli-v1_train_17403,contradiction
klue-nli-v1_train_04345,entailment
klue-nli-v1_train_20037,contradiction
klue-nli-v1_train_08028,neutral
klue-nli-v1_train_03846,neutral
klue-nli-v1_train_07032,contradiction
klue-nli-v1_train_12628,entailment
klue-nli-v1_train_01522,entailment
klue-nli-v1_train_02463,neutral
klue-nli-v1_train_13096,entailment
klue-nli-v1_train_02317,entailment
klue-nli-v1_train_11080,neutral
klue-nli-v1_train_02306,entailment
klue-nli-v1_train_14658,neutral
klue-nli-v1_train_03862,neutral
klue-nli-v1_train_06110,neutral
klue-nli-v1_train_14818,neutral
klue-nli-v1_train_20652,contradiction
klue-nli-v1_train_18720,entailment
klue-nli-v1_train_24580,contradiction
klue-nli-v1_train_15010,contradiction
klue-nli-v1_train_04158,neutral
klue-nli-v1_train_08513,contradiction
klue-nli-v1_train_21469,contradiction
klue-nli-v1_train_22387,contradiction
klue-nli-v1_train_19729,neutral
klue-nli-v1_train_03918,contradiction
klue-nli-v1_train_09341,entailment
klue-nli-v1_train_12520,entailment
klue-nli-v1_train_09671,neutral
klue-nli-v1_train_17261,entailment
klue-nli-v1_train_23850,entailment
klue-nli-v1_train_14031,entailment
klue-nli-v1_train_17876,neutral
klue-nli-v1_train_07739,contradiction
klue-nli-v1_train_21814,neutral
klue-nli-v1_train_13970,contradiction
klue-nli-v1_train_24210,neutral
klue-nli-v1_train_10271,neutral
klue-nli-v1_train_03463,entailment
klue-nli-v1_train_07639,entailment
klue-nli-v1_train_14532,contradiction
klue-nli-v1_train_08574,neutral
klue-nli-v1_train_11056,neutral
klue-nli-v1_train_21956,entailment
klue-nli-v1_train_00616,entailment
klue-nli-v1_train_23130,neutral
klue-nli-v1_train_16552,neutral
klue-nli-v1_train_03309,contradiction
klue-nli-v1_train_18263,entailment
klue-nli-v1_train_00191,neutral
klue-nli-v1_train_09514,neutral
klue-nli-v1_train_22181,contradiction
klue-nli-v1_train_22946,neutral
klue-nli-v1_train_14620,neutral
klue-nli-v1_train_20027,entailment
klue-nli-v1_train_22329,neutral
klue-nli-v1_train_18046,neutral
klue-nli-v1_train_24529,contradiction
klue-nli-v1_train_22447,neutral
klue-nli-v1_train_10009,entailment
klue-nli-v1_train_21598,entailment
klue-nli-v1_train_06242,entailment
klue-nli-v1_train_05612,neutral
klue-nli-v1_train_02947,neutral
klue-nli-v1_train_16949,neutral
klue-nli-v1_train_08420,contradiction
klue-nli-v1_train_21317,contradiction
klue-nli-v1_train_14450,entailment
klue-nli-v1_train_02665,neutral
klue-nli-v1_train_18099,neutral
klue-nli-v1_train_18308,contradiction
klue-nli-v1_train_18242,contradiction
klue-nli-v1_train_14376,entailment
klue-nli-v1_train_22531,contradiction
klue-nli-v1_train_20784,neutral
klue-nli-v1_train_00693,entailment
klue-nli-v1_train_13402,contradiction
klue-nli-v1_train_16659,entailment
klue-nli-v1_train_03368,neutral
klue-nli-v1_train_08127,entailment
klue-nli-v1_train_19509,contradiction
klue-nli-v1_train_24853,neutral
klue-nli-v1_train_22987,entailment
klue-nli-v1_train_17010,contradiction
klue-nli-v1_train_18349,neutral
klue-nli-v1_train_23375,neutral
klue-nli-v1_train_23018,neutral
klue-nli-v1_train_24453,neutral
klue-nli-v1_train_09120,contradiction
klue-nli-v1_train_17842,neutral
klue-nli-v1_train_03075,neutral
klue-nli-v1_train_16214,contradiction
klue-nli-v1_train_06573,neutral
klue-nli-v1_train_23311,neutral
klue-nli-v1_train_10856,contradiction
klue-nli-v1_train_06667,entailment
klue-nli-v1_train_10097,entailment
klue-nli-v1_train_10563,contradiction
klue-nli-v1_train_11286,entailment
klue-nli-v1_train_22720,contradiction
klue-nli-v1_train_01045,neutral
klue-nli-v1_train_16753,entailment
klue-nli-v1_train_14684,neutral
klue-nli-v1_train_05131,contradiction
klue-nli-v1_train_05009,neutral
klue-nli-v1_train_18591,entailment
klue-nli-v1_train_14484,contradiction
klue-nli-v1_train_03030,neutral
klue-nli-v1_train_22287,entailment
klue-nli-v1_train_01962,entailment
klue-nli-v1_train_21247,neutral
klue-nli-v1_train_01131,neutral
klue-nli-v1_train_10144,neutral
klue-nli-v1_train_14861,contradiction
klue-nli-v1_train_17431,entailment
klue-nli-v1_train_15352,entailment
klue-nli-v1_train_02928,contradiction
klue-nli-v1_train_19681,neutral
klue-nli-v1_train_14056,entailment
klue-nli-v1_train_01245,entailment
klue-nli-v1_train_12876,neutral
klue-nli-v1_train_17067,neutral
klue-nli-v1_train_13120,entailment
klue-nli-v1_train_24649,contradiction
klue-nli-v1_train_24063,neutral
klue-nli-v1_train_20327,contradiction
klue-nli-v1_train_11551,neutral
klue-nli-v1_train_13499,entailment
klue-nli-v1_train_01220,entailment
klue-nli-v1_train_05779,neutral
klue-nli-v1_train_09724,neutral
klue-nli-v1_train_20633,contradiction
klue-nli-v1_train_10738,neutral
klue-nli-v1_train_11357,contradiction
klue-nli-v1_train_02690,entailment
klue-nli-v1_train_09601,neutral
klue-nli-v1_train_07226,entailment
klue-nli-v1_train_17779,neutral
klue-nli-v1_train_06109,neutral
klue-nli-v1_train_17633,contradiction
klue-nli-v1_train_07956,contradiction
klue-nli-v1_train_17461,neutral
klue-nli-v1_train_13062,contradiction
klue-nli-v1_train_11945,entailment
klue-nli-v1_train_19988,neutral
klue-nli-v1_train_20265,entailment
klue-nli-v1_train_18162,entailment
klue-nli-v1_train_08457,entailment
klue-nli-v1_train_01190,neutral
klue-nli-v1_train_15514,neutral
klue-nli-v1_train_13713,entailment
klue-nli-v1_train_19193,neutral
klue-nli-v1_train_10569,contradiction
klue-nli-v1_train_07727,neutral
klue-nli-v1_train_20129,contradiction
klue-nli-v1_train_22624,neutral
klue-nli-v1_train_19965,entailment
klue-nli-v1_train_03616,neutral
klue-nli-v1_train_11127,neutral
klue-nli-v1_train_21617,contradiction
klue-nli-v1_train_24559,contradiction
klue-nli-v1_train_21566,neutral
klue-nli-v1_train_07856,entailment
klue-nli-v1_train_23586,neutral
klue-nli-v1_train_04842,neutral
klue-nli-v1_train_02349,neutral
klue-nli-v1_train_01205,neutral
klue-nli-v1_train_04104,contradiction
klue-nli-v1_train_15118,neutral
klue-nli-v1_train_24317,neutral
klue-nli-v1_train_16388,entailment
klue-nli-v1_train_00239,neutral
klue-nli-v1_train_09203,entailment
klue-nli-v1_train_10465,contradiction
klue-nli-v1_train_03128,entailment
klue-nli-v1_train_08221,entailment
klue-nli-v1_train_08986,entailment
klue-nli-v1_train_01179,entailment
klue-nli-v1_train_20466,entailment
klue-nli-v1_train_20101,entailment
klue-nli-v1_train_01845,neutral
klue-nli-v1_train_21312,contradiction
klue-nli-v1_train_13103,neutral
klue-nli-v1_train_09386,entailment
klue-nli-v1_train_22136,contradiction
klue-nli-v1_train_04890,neutral
klue-nli-v1_train_23853,neutral
klue-nli-v1_train_05087,entailment
klue-nli-v1_train_20005,contradiction
klue-nli-v1_train_01910,contradiction
klue-nli-v1_train_14515,neutral
klue-nli-v1_train_16385,neutral
klue-nli-v1_train_14805,contradiction
klue-nli-v1_train_15604,entailment
klue-nli-v1_train_03143,neutral
klue-nli-v1_train_04315,neutral
klue-nli-v1_train_10415,contradiction
klue-nli-v1_train_19169,entailment
klue-nli-v1_train_12117,neutral
klue-nli-v1_train_20467,contradiction
klue-nli-v1_train_21637,entailment
klue-nli-v1_train_11076,contradiction
klue-nli-v1_train_05704,entailment
klue-nli-v1_train_13250,contradiction
klue-nli-v1_train_19262,neutral
klue-nli-v1_train_08154,neutral
klue-nli-v1_train_21806,entailment
klue-nli-v1_train_10357,entailment
klue-nli-v1_train_02439,neutral
klue-nli-v1_train_04524,neutral
klue-nli-v1_train_00655,entailment
klue-nli-v1_train_03313,contradiction
klue-nli-v1_train_06774,neutral
klue-nli-v1_train_22204,entailment
klue-nli-v1_train_13098,entailment
klue-nli-v1_train_20614,entailment
klue-nli-v1_train_05445,contradiction
klue-nli-v1_train_19139,entailment
klue-nli-v1_train_12965,neutral
klue-nli-v1_train_09389,entailment
klue-nli-v1_train_13212,neutral
klue-nli-v1_train_23499,entailment
klue-nli-v1_train_20849,neutral
klue-nli-v1_train_04304,entailment
klue-nli-v1_train_16748,neutral
klue-nli-v1_train_19947,entailment
klue-nli-v1_train_08063,contradiction
klue-nli-v1_train_05196,neutral
klue-nli-v1_train_04033,entailment
klue-nli-v1_train_05189,neutral
klue-nli-v1_train_15077,contradiction
klue-nli-v1_train_24824,entailment
klue-nli-v1_train_18587,entailment
klue-nli-v1_train_17899,entailment
klue-nli-v1_train_10817,entailment
klue-nli-v1_train_15400,entailment
klue-nli-v1_train_04134,neutral
klue-nli-v1_train_18034,entailment
klue-nli-v1_train_11697,neutral
klue-nli-v1_train_06647,neutral
klue-nli-v1_train_12131,contradiction
klue-nli-v1_train_08803,neutral
klue-nli-v1_train_00204,contradiction
klue-nli-v1_train_22993,entailment
klue-nli-v1_train_03016,entailment
klue-nli-v1_train_08665,neutral
klue-nli-v1_train_01714,entailment
klue-nli-v1_train_09949,neutral
klue-nli-v1_train_00972,contradiction
klue-nli-v1_train_23561,contradiction
klue-nli-v1_train_03694,neutral
klue-nli-v1_train_22068,entailment
klue-nli-v1_train_11017,neutral
klue-nli-v1_train_14370,entailment
klue-nli-v1_train_24493,contradiction
klue-nli-v1_train_14955,entailment
klue-nli-v1_train_00348,contradiction
klue-nli-v1_train_06341,contradiction
klue-nli-v1_train_04414,neutral
klue-nli-v1_train_23394,contradiction
klue-nli-v1_train_03906,contradiction
klue-nli-v1_train_06188,neutral
klue-nli-v1_train_17082,contradiction
klue-nli-v1_train_18656,neutral
klue-nli-v1_train_00031,contradiction
klue-nli-v1_train_00974,entailment
klue-nli-v1_train_06546,entailment
klue-nli-v1_train_20740,contradiction
klue-nli-v1_train_08537,neutral
klue-nli-v1_train_14036,contradiction
klue-nli-v1_train_00751,contradiction
klue-nli-v1_train_17057,contradiction
klue-nli-v1_train_08152,contradiction
klue-nli-v1_train_24641,contradiction
klue-nli-v1_train_15152,neutral
klue-nli-v1_train_08135,neutral
klue-nli-v1_train_19138,contradiction
klue-nli-v1_train_18071,neutral
klue-nli-v1_train_07210,contradiction
klue-nli-v1_train_06631,entailment
klue-nli-v1_train_00074,entailment
klue-nli-v1_train_12673,entailment
klue-nli-v1_train_00176,neutral
klue-nli-v1_train_18156,neutral
klue-nli-v1_train_10771,neutral
klue-nli-v1_train_12805,contradiction
klue-nli-v1_train_22255,contradiction
klue-nli-v1_train_23192,entailment
klue-nli-v1_train_07228,contradiction
klue-nli-v1_train_03221,entailment
klue-nli-v1_train_03536,entailment
klue-nli-v1_train_09041,contradiction
klue-nli-v1_train_12862,contradiction
klue-nli-v1_train_24519,contradiction
klue-nli-v1_train_23231,neutral
klue-nli-v1_train_08764,contradiction
klue-nli-v1_train_22402,entailment
klue-nli-v1_train_12534,neutral
klue-nli-v1_train_23664,neutral
klue-nli-v1_train_15664,neutral
klue-nli-v1_train_01598,entailment
klue-nli-v1_train_20163,contradiction
klue-nli-v1_train_12188,contradiction
klue-nli-v1_train_24494,neutral
klue-nli-v1_train_02421,entailment
klue-nli-v1_train_09078,contradiction
klue-nli-v1_train_01826,contradiction
klue-nli-v1_train_12685,entailment
klue-nli-v1_train_07216,entailment
klue-nli-v1_train_09329,entailment
klue-nli-v1_train_14562,contradiction
klue-nli-v1_train_13256,contradiction
klue-nli-v1_train_24135,entailment
klue-nli-v1_train_00834,neutral
klue-nli-v1_train_02739,contradiction
klue-nli-v1_train_18795,entailment
klue-nli-v1_train_22786,contradiction
klue-nli-v1_train_15562,neutral
klue-nli-v1_train_20272,entailment
klue-nli-v1_train_02602,neutral
klue-nli-v1_train_07675,contradiction
klue-nli-v1_train_09614,contradiction
klue-nli-v1_train_11423,neutral
klue-nli-v1_train_02801,entailment
klue-nli-v1_train_11378,neutral
klue-nli-v1_train_09753,entailment
klue-nli-v1_train_07246,contradiction
klue-nli-v1_train_21303,contradiction
klue-nli-v1_train_16672,entailment
klue-nli-v1_train_15362,contradiction
klue-nli-v1_train_14294,entailment
klue-nli-v1_train_08284,neutral
klue-nli-v1_train_04088,entailment
klue-nli-v1_train_17610,neutral
klue-nli-v1_train_11187,neutral
klue-nli-v1_train_20348,contradiction
klue-nli-v1_train_18474,entailment
klue-nli-v1_train_02753,entailment
klue-nli-v1_train_17667,contradiction
klue-nli-v1_train_13008,contradiction
klue-nli-v1_train_11164,entailment
klue-nli-v1_train_08882,contradiction
klue-nli-v1_train_09647,neutral
klue-nli-v1_train_17269,contradiction
klue-nli-v1_train_17464,entailment
klue-nli-v1_train_23256,contradiction
klue-nli-v1_train_05203,entailment
klue-nli-v1_train_02269,contradiction
klue-nli-v1_train_03225,neutral
klue-nli-v1_train_08897,contradiction
klue-nli-v1_train_20074,entailment
klue-nli-v1_train_13167,neutral
klue-nli-v1_train_04869,entailment
klue-nli-v1_train_16418,neutral
klue-nli-v1_train_21813,entailment
klue-nli-v1_train_00529,neutral
klue-nli-v1_train_09693,contradiction
klue-nli-v1_train_16343,neutral
klue-nli-v1_train_03190,contradiction
klue-nli-v1_train_01633,neutral
klue-nli-v1_train_14850,contradiction
klue-nli-v1_train_14435,entailment
klue-nli-v1_train_00785,contradiction
klue-nli-v1_train_05991,contradiction
klue-nli-v1_train_15863,contradiction
klue-nli-v1_train_13591,entailment
klue-nli-v1_train_19251,entailment
klue-nli-v1_train_09000,entailment
klue-nli-v1_train_03395,entailment
klue-nli-v1_train_21464,contradiction
klue-nli-v1_train_15631,neutral
klue-nli-v1_train_05398,contradiction
klue-nli-v1_train_22701,contradiction
klue-nli-v1_train_06145,neutral
klue-nli-v1_train_11139,neutral
klue-nli-v1_train_15229,neutral
klue-nli-v1_train_16103,entailment
klue-nli-v1_train_11274,neutral
klue-nli-v1_train_23614,entailment
klue-nli-v1_train_11924,neutral
klue-nli-v1_train_12141,neutral
klue-nli-v1_train_16454,neutral
klue-nli-v1_train_06535,entailment
klue-nli-v1_train_02482,entailment
klue-nli-v1_train_02409,contradiction
klue-nli-v1_train_13814,contradiction
klue-nli-v1_train_00304,neutral
klue-nli-v1_train_03784,neutral
klue-nli-v1_train_02064,contradiction
klue-nli-v1_train_06938,entailment
klue-nli-v1_train_11801,contradiction
klue-nli-v1_train_04427,contradiction
klue-nli-v1_train_11747,contradiction
klue-nli-v1_train_00916,entailment
klue-nli-v1_train_00395,entailment
klue-nli-v1_train_02251,neutral
klue-nli-v1_train_22060,entailment
klue-nli-v1_train_16513,entailment
klue-nli-v1_train_00104,entailment
klue-nli-v1_train_03705,contradiction
klue-nli-v1_train_18679,contradiction
klue-nli-v1_train_11915,neutral
klue-nli-v1_train_05059,neutral
klue-nli-v1_train_06073,entailment
klue-nli-v1_train_19355,neutral
klue-nli-v1_train_23536,neutral
klue-nli-v1_train_14926,neutral
klue-nli-v1_train_24299,entailment
klue-nli-v1_train_03897,contradiction
klue-nli-v1_train_07773,neutral
klue-nli-v1_train_14540,contradiction
klue-nli-v1_train_07360,entailment
klue-nli-v1_train_07984,neutral
klue-nli-v1_train_13932,neutral
klue-nli-v1_train_22179,neutral
klue-nli-v1_train_23852,entailment
klue-nli-v1_train_09928,contradiction
klue-nli-v1_train_18191,contradiction
klue-nli-v1_train_19842,contradiction
klue-nli-v1_train_06994,contradiction
klue-nli-v1_train_06095,neutral
klue-nli-v1_train_20133,neutral
klue-nli-v1_train_18706,entailment
klue-nli-v1_train_00356,entailment
klue-nli-v1_train_18205,entailment
klue-nli-v1_train_14114,contradiction
klue-nli-v1_train_05093,entailment
klue-nli-v1_train_09707,entailment
klue-nli-v1_train_19069,entailment
klue-nli-v1_train_18511,neutral
klue-nli-v1_train_21227,contradiction
klue-nli-v1_train_16506,contradiction
klue-nli-v1_train_01119,entailment
klue-nli-v1_train_01951,contradiction
klue-nli-v1_train_11096,contradiction
klue-nli-v1_train_22305,contradiction
klue-nli-v1_train_01720,contradiction
klue-nli-v1_train_16856,contradiction
klue-nli-v1_train_06338,neutral
klue-nli-v1_train_15250,neutral
klue-nli-v1_train_14134,entailment
klue-nli-v1_train_01142,contradiction
klue-nli-v1_train_00197,neutral
klue-nli-v1_train_09093,neutral
klue-nli-v1_train_17715,neutral
klue-nli-v1_train_13923,neutral
klue-nli-v1_train_14161,entailment
klue-nli-v1_train_23943,contradiction
klue-nli-v1_train_15954,neutral
klue-nli-v1_train_07347,contradiction
klue-nli-v1_train_05928,entailment
klue-nli-v1_train_18432,neutral
klue-nli-v1_train_19329,entailment
klue-nli-v1_train_12124,entailment
klue-nli-v1_train_00244,neutral
klue-nli-v1_train_06357,neutral
klue-nli-v1_train_00326,entailment
klue-nli-v1_train_02270,contradiction
klue-nli-v1_train_05172,neutral
klue-nli-v1_train_10773,neutral
klue-nli-v1_train_09451,neutral
klue-nli-v1_train_10159,neutral
klue-nli-v1_train_03991,neutral
klue-nli-v1_train_17447,neutral
klue-nli-v1_train_13828,contradiction
klue-nli-v1_train_08384,contradiction
klue-nli-v1_train_18343,entailment
klue-nli-v1_train_09468,contradiction
klue-nli-v1_train_13682,contradiction
klue-nli-v1_train_20950,neutral
klue-nli-v1_train_09663,entailment
klue-nli-v1_train_03630,neutral
klue-nli-v1_train_13244,contradiction
klue-nli-v1_train_22133,contradiction
klue-nli-v1_train_09308,entailment
klue-nli-v1_train_02032,neutral
klue-nli-v1_train_05207,contradiction
klue-nli-v1_train_24125,entailment
klue-nli-v1_train_07515,contradiction
klue-nli-v1_train_21706,entailment
klue-nli-v1_train_22976,entailment
klue-nli-v1_train_04147,entailment
klue-nli-v1_train_23697,contradiction
klue-nli-v1_train_10334,contradiction
klue-nli-v1_train_05515,neutral
klue-nli-v1_train_19917,neutral
klue-nli-v1_train_11047,entailment
klue-nli-v1_train_19152,neutral
klue-nli-v1_train_00797,entailment
klue-nli-v1_train_12503,neutral
klue-nli-v1_train_21510,contradiction
klue-nli-v1_train_17790,contradiction
klue-nli-v1_train_07638,neutral
klue-nli-v1_train_10751,entailment
klue-nli-v1_train_22200,neutral
klue-nli-v1_train_06736,contradiction
klue-nli-v1_train_20206,neutral
klue-nli-v1_train_07072,entailment
klue-nli-v1_train_08675,entailment
klue-nli-v1_train_23667,neutral
klue-nli-v1_train_08874,neutral
klue-nli-v1_train_10076,entailment
klue-nli-v1_train_00568,neutral
klue-nli-v1_train_21726,neutral
klue-nli-v1_train_12192,neutral
klue-nli-v1_train_14168,contradiction
klue-nli-v1_train_00835,entailment
klue-nli-v1_train_01661,neutral
klue-nli-v1_train_16683,neutral
klue-nli-v1_train_11444,neutral
klue-nli-v1_train_01777,neutral
klue-nli-v1_train_21863,entailment
klue-nli-v1_train_09209,neutral
klue-nli-v1_train_03082,contradiction
klue-nli-v1_train_08036,contradiction
klue-nli-v1_train_22966,contradiction
klue-nli-v1_train_18415,neutral
klue-nli-v1_train_20516,neutral
klue-nli-v1_train_20748,neutral
klue-nli-v1_train_19828,neutral
klue-nli-v1_train_14008,contradiction
klue-nli-v1_train_16918,contradiction
klue-nli-v1_train_16236,neutral
klue-nli-v1_train_18907,contradiction
klue-nli-v1_train_04487,entailment
klue-nli-v1_train_23633,contradiction
klue-nli-v1_train_17993,contradiction
klue-nli-v1_train_19047,entailment
klue-nli-v1_train_18713,neutral
klue-nli-v1_train_04833,entailment
klue-nli-v1_train_02556,neutral
klue-nli-v1_train_16285,entailment
klue-nli-v1_train_21541,entailment
klue-nli-v1_train_20366,neutral
klue-nli-v1_train_12544,entailment
klue-nli-v1_train_21103,neutral
klue-nli-v1_train_07058,contradiction
klue-nli-v1_train_02702,entailment
klue-nli-v1_train_12865,contradiction
klue-nli-v1_train_15962,entailment
klue-nli-v1_train_20394,entailment
klue-nli-v1_train_01055,contradiction
klue-nli-v1_train_22899,contradiction
klue-nli-v1_train_15095,contradiction
klue-nli-v1_train_04850,contradiction
klue-nli-v1_train_03942,contradiction
klue-nli-v1_train_07770,neutral
klue-nli-v1_train_06455,neutral
klue-nli-v1_train_07875,contradiction
klue-nli-v1_train_11845,neutral
klue-nli-v1_train_01878,neutral
klue-nli-v1_train_05865,neutral
klue-nli-v1_train_16993,contradiction
klue-nli-v1_train_22451,neutral
klue-nli-v1_train_04231,neutral
klue-nli-v1_train_02189,entailment
klue-nli-v1_train_10962,entailment
klue-nli-v1_train_23824,contradiction
klue-nli-v1_train_13675,neutral
klue-nli-v1_train_21973,neutral
klue-nli-v1_train_14026,entailment
klue-nli-v1_train_04902,neutral
klue-nli-v1_train_04154,entailment
klue-nli-v1_train_09431,entailment
klue-nli-v1_train_23022,entailment
klue-nli-v1_train_16804,contradiction
klue-nli-v1_train_03350,neutral
klue-nli-v1_train_04922,contradiction
klue-nli-v1_train_05065,neutral
klue-nli-v1_train_04750,entailment
klue-nli-v1_train_22724,entailment
klue-nli-v1_train_15508,contradiction
klue-nli-v1_train_15417,neutral
klue-nli-v1_train_01791,contradiction
klue-nli-v1_train_11050,neutral
klue-nli-v1_train_15161,neutral
klue-nli-v1_train_09309,entailment
klue-nli-v1_train_13512,entailment
klue-nli-v1_train_06466,contradiction
klue-nli-v1_train_12957,entailment
klue-nli-v1_train_05860,entailment
klue-nli-v1_train_23670,neutral
klue-nli-v1_train_15545,entailment
klue-nli-v1_train_19266,entailment
klue-nli-v1_train_17743,neutral
klue-nli-v1_train_16206,neutral
klue-nli-v1_train_11477,neutral
klue-nli-v1_train_14581,neutral
klue-nli-v1_train_14626,neutral
klue-nli-v1_train_11308,entailment
klue-nli-v1_train_16589,entailment
klue-nli-v1_train_21893,entailment
klue-nli-v1_train_21459,neutral
klue-nli-v1_train_22676,entailment
klue-nli-v1_train_14563,neutral
klue-nli-v1_train_11920,contradiction
klue-nli-v1_train_13323,neutral
klue-nli-v1_train_13649,neutral
klue-nli-v1_train_19175,neutral
klue-nli-v1_train_08712,entailment
klue-nli-v1_train_04370,entailment
klue-nli-v1_train_08365,contradiction
klue-nli-v1_train_12746,contradiction
klue-nli-v1_train_00090,entailment
klue-nli-v1_train_15248,entailment
klue-nli-v1_train_08600,neutral
klue-nli-v1_train_22609,neutral
klue-nli-v1_train_00234,contradiction
klue-nli-v1_train_08896,entailment
klue-nli-v1_train_06402,neutral
klue-nli-v1_train_10064,entailment
klue-nli-v1_train_09705,entailment
klue-nli-v1_train_22381,neutral
klue-nli-v1_train_11611,entailment
klue-nli-v1_train_07724,contradiction
klue-nli-v1_train_06055,neutral
klue-nli-v1_train_10706,entailment
klue-nli-v1_train_02712,contradiction
klue-nli-v1_train_22725,neutral
klue-nli-v1_train_19563,neutral
klue-nli-v1_train_17599,entailment
klue-nli-v1_train_19882,neutral
klue-nli-v1_train_01156,entailment
klue-nli-v1_train_24091,entailment
klue-nli-v1_train_22596,contradiction
klue-nli-v1_train_16465,entailment
klue-nli-v1_train_19990,contradiction
klue-nli-v1_train_02830,entailment
klue-nli-v1_train_00768,contradiction
klue-nli-v1_train_19499,contradiction
klue-nli-v1_train_11360,contradiction
klue-nli-v1_train_04396,neutral
klue-nli-v1_train_09035,contradiction
klue-nli-v1_train_11765,neutral
klue-nli-v1_train_18874,neutral
klue-nli-v1_train_22619,entailment
klue-nli-v1_train_15699,contradiction
klue-nli-v1_train_19983,entailment
klue-nli-v1_train_23092,neutral
klue-nli-v1_train_00447,contradiction
klue-nli-v1_train_21151,neutral
klue-nli-v1_train_14313,entailment
klue-nli-v1_train_23098,contradiction
klue-nli-v1_train_10643,entailment
klue-nli-v1_train_14939,neutral
klue-nli-v1_train_08227,contradiction
klue-nli-v1_train_09782,neutral
klue-nli-v1_train_07543,neutral
klue-nli-v1_train_07356,contradiction
klue-nli-v1_train_18354,neutral
klue-nli-v1_train_00224,neutral
klue-nli-v1_train_12598,entailment
klue-nli-v1_train_00110,neutral
klue-nli-v1_train_04841,contradiction
klue-nli-v1_train_21970,neutral
klue-nli-v1_train_22384,neutral
klue-nli-v1_train_10405,entailment
klue-nli-v1_train_23185,contradiction
klue-nli-v1_train_19804,contradiction
klue-nli-v1_train_13373,neutral
klue-nli-v1_train_17066,entailment
klue-nli-v1_train_24551,entailment
klue-nli-v1_train_11705,neutral
klue-nli-v1_train_23836,contradiction
klue-nli-v1_train_06486,contradiction
klue-nli-v1_train_08019,neutral
klue-nli-v1_train_04187,entailment
klue-nli-v1_train_19153,entailment
klue-nli-v1_train_00946,neutral
klue-nli-v1_train_18280,neutral
klue-nli-v1_train_17625,neutral
klue-nli-v1_train_06023,contradiction
klue-nli-v1_train_04053,contradiction
klue-nli-v1_train_10632,contradiction
klue-nli-v1_train_16976,contradiction
klue-nli-v1_train_13172,neutral
klue-nli-v1_train_04317,contradiction
klue-nli-v1_train_21562,entailment
klue-nli-v1_train_20681,neutral
klue-nli-v1_train_13714,neutral
klue-nli-v1_train_14624,entailment
klue-nli-v1_train_01548,contradiction
klue-nli-v1_train_17691,contradiction
klue-nli-v1_train_01558,neutral
klue-nli-v1_train_07661,contradiction
klue-nli-v1_train_11610,neutral
klue-nli-v1_train_20291,contradiction
klue-nli-v1_train_17050,entailment
klue-nli-v1_train_23610,neutral
klue-nli-v1_train_02441,contradiction
klue-nli-v1_train_16523,entailment
klue-nli-v1_train_02462,contradiction
klue-nli-v1_train_06431,neutral
klue-nli-v1_train_00288,neutral
klue-nli-v1_train_10614,contradiction
klue-nli-v1_train_09863,entailment
klue-nli-v1_train_09600,entailment
klue-nli-v1_train_22237,contradiction
klue-nli-v1_train_03003,neutral
klue-nli-v1_train_24819,neutral
klue-nli-v1_train_19241,neutral
klue-nli-v1_train_05934,entailment
klue-nli-v1_train_16705,entailment
klue-nli-v1_train_00622,entailment
klue-nli-v1_train_19846,neutral
klue-nli-v1_train_16570,neutral
klue-nli-v1_train_02643,contradiction
klue-nli-v1_train_14573,entailment
klue-nli-v1_train_17783,neutral
klue-nli-v1_train_20061,neutral
klue-nli-v1_train_02867,contradiction
klue-nli-v1_train_20688,neutral
klue-nli-v1_train_13266,entailment
klue-nli-v1_train_22691,entailment
klue-nli-v1_train_14715,entailment
klue-nli-v1_train_11374,entailment
klue-nli-v1_train_12516,neutral
klue-nli-v1_train_18962,neutral
klue-nli-v1_train_15003,neutral
klue-nli-v1_train_04975,contradiction
klue-nli-v1_train_10484,entailment
klue-nli-v1_train_12473,neutral
klue-nli-v1_train_00167,entailment
klue-nli-v1_train_14500,neutral
klue-nli-v1_train_01462,neutral
klue-nli-v1_train_01182,entailment
klue-nli-v1_train_20454,contradiction
klue-nli-v1_train_10999,neutral
klue-nli-v1_train_06061,entailment
klue-nli-v1_train_04773,neutral
klue-nli-v1_train_23454,entailment
klue-nli-v1_train_20241,neutral
klue-nli-v1_train_16474,contradiction
klue-nli-v1_train_04598,entailment
klue-nli-v1_train_16656,neutral
klue-nli-v1_train_11736,neutral
klue-nli-v1_train_01552,contradiction
klue-nli-v1_train_21289,neutral
klue-nli-v1_train_18880,contradiction
klue-nli-v1_train_17448,contradiction
klue-nli-v1_train_20004,entailment
klue-nli-v1_train_23233,contradiction
klue-nli-v1_train_24668,neutral
klue-nli-v1_train_17316,contradiction
klue-nli-v1_train_06878,neutral
klue-nli-v1_train_24010,entailment
klue-nli-v1_train_05133,neutral
klue-nli-v1_train_14829,contradiction
klue-nli-v1_train_06029,neutral
klue-nli-v1_train_17945,neutral
klue-nli-v1_train_18908,neutral
klue-nli-v1_train_07300,neutral
klue-nli-v1_train_15694,neutral
klue-nli-v1_train_01149,entailment
klue-nli-v1_train_23666,contradiction
klue-nli-v1_train_15338,neutral
klue-nli-v1_train_17617,entailment
klue-nli-v1_train_19404,entailment
klue-nli-v1_train_05350,neutral
klue-nli-v1_train_09208,entailment
klue-nli-v1_train_10250,entailment
klue-nli-v1_train_12224,neutral
klue-nli-v1_train_14772,contradiction
klue-nli-v1_train_20224,contradiction
klue-nli-v1_train_06471,entailment
klue-nli-v1_train_17885,entailment
klue-nli-v1_train_22335,entailment
klue-nli-v1_train_17894,neutral
klue-nli-v1_train_13407,entailment
klue-nli-v1_train_09636,entailment
klue-nli-v1_train_12364,contradiction
klue-nli-v1_train_10755,contradiction
klue-nli-v1_train_10957,contradiction
klue-nli-v1_train_09538,neutral
klue-nli-v1_train_23249,neutral
klue-nli-v1_train_05202,neutral
klue-nli-v1_train_06075,neutral
klue-nli-v1_train_03969,contradiction
klue-nli-v1_train_11279,contradiction
klue-nli-v1_train_23010,neutral
klue-nli-v1_train_15231,contradiction
klue-nli-v1_train_16401,contradiction
klue-nli-v1_train_06904,entailment
klue-nli-v1_train_23532,neutral
klue-nli-v1_train_18455,neutral
klue-nli-v1_train_07372,neutral
klue-nli-v1_train_19032,contradiction
klue-nli-v1_train_20844,neutral
klue-nli-v1_train_09816,entailment
klue-nli-v1_train_05199,entailment
klue-nli-v1_train_17049,neutral
klue-nli-v1_train_05279,neutral
klue-nli-v1_train_13716,entailment
klue-nli-v1_train_14222,neutral
klue-nli-v1_train_09773,neutral
klue-nli-v1_train_01964,contradiction
klue-nli-v1_train_10842,contradiction
klue-nli-v1_train_07484,entailment
klue-nli-v1_train_19664,entailment
klue-nli-v1_train_15373,entailment
klue-nli-v1_train_03910,neutral
klue-nli-v1_train_09207,contradiction
klue-nli-v1_train_19039,neutral
klue-nli-v1_train_07383,neutral
klue-nli-v1_train_15002,contradiction
klue-nli-v1_train_22749,contradiction
klue-nli-v1_train_19821,entailment
klue-nli-v1_train_08548,contradiction
klue-nli-v1_train_13951,neutral
klue-nli-v1_train_10774,entailment
klue-nli-v1_train_20491,contradiction
klue-nli-v1_train_18743,entailment
klue-nli-v1_train_08708,neutral
klue-nli-v1_train_16310,entailment
klue-nli-v1_train_14856,neutral
klue-nli-v1_train_05908,neutral
klue-nli-v1_train_15136,entailment
klue-nli-v1_train_01884,contradiction
klue-nli-v1_train_04499,entailment
klue-nli-v1_train_18898,neutral
klue-nli-v1_train_10025,contradiction
klue-nli-v1_train_08213,neutral
klue-nli-v1_train_06225,contradiction
klue-nli-v1_train_04996,contradiction
klue-nli-v1_train_01114,entailment
klue-nli-v1_train_05713,entailment
klue-nli-v1_train_12177,entailment
klue-nli-v1_train_11878,contradiction
klue-nli-v1_train_07134,entailment
klue-nli-v1_train_18190,entailment
klue-nli-v1_train_21991,neutral
klue-nli-v1_train_05344,neutral
klue-nli-v1_train_11418,entailment
klue-nli-v1_train_22639,neutral
klue-nli-v1_train_02432,contradiction
klue-nli-v1_train_12734,neutral
klue-nli-v1_train_02335,contradiction
klue-nli-v1_train_23940,neutral
klue-nli-v1_train_19467,entailment
klue-nli-v1_train_11041,entailment
klue-nli-v1_train_06173,contradiction
klue-nli-v1_train_21654,entailment
klue-nli-v1_train_21969,contradiction
klue-nli-v1_train_00192,entailment
klue-nli-v1_train_24805,contradiction
klue-nli-v1_train_18636,entailment
klue-nli-v1_train_17802,contradiction
klue-nli-v1_train_04887,entailment
klue-nli-v1_train_13154,contradiction
klue-nli-v1_train_20604,neutral
klue-nli-v1_train_02985,neutral
klue-nli-v1_train_13288,neutral
klue-nli-v1_train_24737,neutral
klue-nli-v1_train_21213,contradiction
klue-nli-v1_train_14415,entailment
klue-nli-v1_train_21799,entailment
klue-nli-v1_train_03806,entailment
klue-nli-v1_train_04432,neutral
klue-nli-v1_train_10528,neutral
klue-nli-v1_train_08317,entailment
klue-nli-v1_train_20609,contradiction
klue-nli-v1_train_20406,neutral
klue-nli-v1_train_20248,entailment
klue-nli-v1_train_03682,neutral
klue-nli-v1_train_12535,entailment
klue-nli-v1_train_16626,entailment
klue-nli-v1_train_10300,entailment
klue-nli-v1_train_08561,neutral
klue-nli-v1_train_13732,contradiction
klue-nli-v1_train_03450,contradiction
klue-nli-v1_train_00213,neutral
klue-nli-v1_train_15754,neutral
klue-nli-v1_train_13362,entailment
klue-nli-v1_train_20616,neutral
klue-nli-v1_train_09415,entailment
klue-nli-v1_train_03550,entailment
klue-nli-v1_train_24397,contradiction
klue-nli-v1_train_01449,neutral
klue-nli-v1_train_08458,contradiction
klue-nli-v1_train_11244,neutral
klue-nli-v1_train_14095,entailment
klue-nli-v1_train_10176,neutral
klue-nli-v1_train_20934,entailment
klue-nli-v1_train_12563,contradiction
klue-nli-v1_train_10534,neutral
klue-nli-v1_train_22945,contradiction
klue-nli-v1_train_17862,entailment
klue-nli-v1_train_08437,contradiction
klue-nli-v1_train_11896,contradiction
klue-nli-v1_train_15670,neutral
klue-nli-v1_train_05552,entailment
klue-nli-v1_train_16222,entailment
klue-nli-v1_train_09482,entailment
klue-nli-v1_train_03685,entailment
klue-nli-v1_train_23101,entailment
klue-nli-v1_train_02808,contradiction
klue-nli-v1_train_23017,entailment
klue-nli-v1_train_18217,entailment
klue-nli-v1_train_13561,entailment
klue-nli-v1_train_10354,neutral
klue-nli-v1_train_17386,entailment
klue-nli-v1_train_13964,contradiction
klue-nli-v1_train_17091,contradiction
klue-nli-v1_train_06687,neutral
klue-nli-v1_train_15474,entailment
klue-nli-v1_train_08057,neutral
klue-nli-v1_train_22594,neutral
klue-nli-v1_train_16828,entailment
klue-nli-v1_train_15106,entailment
klue-nli-v1_train_01941,entailment
klue-nli-v1_train_08215,contradiction
klue-nli-v1_train_05076,neutral
klue-nli-v1_train_20187,contradiction
klue-nli-v1_train_24436,neutral
klue-nli-v1_train_14845,contradiction
klue-nli-v1_train_20716,entailment
klue-nli-v1_train_08422,contradiction
klue-nli-v1_train_07495,contradiction
klue-nli-v1_train_16671,neutral
klue-nli-v1_train_19086,neutral
klue-nli-v1_train_00422,entailment
klue-nli-v1_train_03878,entailment
klue-nli-v1_train_19836,contradiction
klue-nli-v1_train_10283,neutral
klue-nli-v1_train_08673,neutral
klue-nli-v1_train_11198,contradiction
klue-nli-v1_train_12527,contradiction
klue-nli-v1_train_08225,neutral
klue-nli-v1_train_16219,entailment
klue-nli-v1_train_11341,entailment
klue-nli-v1_train_24175,entailment
klue-nli-v1_train_23525,entailment
klue-nli-v1_train_04676,contradiction
klue-nli-v1_train_06034,entailment
klue-nli-v1_train_02696,neutral
klue-nli-v1_train_21188,entailment
klue-nli-v1_train_15254,neutral
klue-nli-v1_train_13948,contradiction
klue-nli-v1_train_13636,entailment
klue-nli-v1_train_20962,neutral
klue-nli-v1_train_06526,neutral
klue-nli-v1_train_06053,neutral
klue-nli-v1_train_24326,entailment
klue-nli-v1_train_06129,neutral
klue-nli-v1_train_22968,contradiction
klue-nli-v1_train_14223,entailment
klue-nli-v1_train_14671,entailment
klue-nli-v1_train_20891,neutral
klue-nli-v1_train_05613,contradiction
klue-nli-v1_train_04117,entailment
klue-nli-v1_train_04276,entailment
klue-nli-v1_train_17343,contradiction
klue-nli-v1_train_11981,contradiction
klue-nli-v1_train_11331,neutral
klue-nli-v1_train_08686,contradiction
klue-nli-v1_train_05475,contradiction
klue-nli-v1_train_07276,neutral
klue-nli-v1_train_07569,neutral
klue-nli-v1_train_08679,neutral
klue-nli-v1_train_01325,entailment
klue-nli-v1_train_17436,neutral
klue-nli-v1_train_21797,entailment
klue-nli-v1_train_22978,neutral
klue-nli-v1_train_17035,entailment
klue-nli-v1_train_11663,contradiction
klue-nli-v1_train_01226,neutral
klue-nli-v1_train_19479,entailment
klue-nli-v1_train_13137,neutral
klue-nli-v1_train_08220,entailment
klue-nli-v1_train_19385,neutral
klue-nli-v1_train_20441,neutral
klue-nli-v1_train_22221,entailment
klue-nli-v1_train_17175,neutral
klue-nli-v1_train_10804,neutral
klue-nli-v1_train_22808,neutral
klue-nli-v1_train_01764,contradiction
klue-nli-v1_train_04690,entailment
klue-nli-v1_train_02183,contradiction
klue-nli-v1_train_00173,contradiction
klue-nli-v1_train_18677,neutral
klue-nli-v1_train_24676,contradiction
klue-nli-v1_train_13176,neutral
klue-nli-v1_train_24015,neutral
klue-nli-v1_train_11889,entailment
klue-nli-v1_train_09961,neutral
klue-nli-v1_train_07950,contradiction
klue-nli-v1_train_15948,entailment
klue-nli-v1_train_08838,neutral
klue-nli-v1_train_21078,contradiction
klue-nli-v1_train_24406,contradiction
klue-nli-v1_train_05899,contradiction
klue-nli-v1_train_15222,contradiction
klue-nli-v1_train_23170,contradiction
klue-nli-v1_train_09033,neutral
klue-nli-v1_train_15526,neutral
klue-nli-v1_train_09174,contradiction
klue-nli-v1_train_24132,entailment
klue-nli-v1_train_08165,neutral
klue-nli-v1_train_04552,neutral
klue-nli-v1_train_13420,contradiction
klue-nli-v1_train_10120,neutral
klue-nli-v1_train_11327,neutral
klue-nli-v1_train_15809,contradiction
klue-nli-v1_train_12052,entailment
klue-nli-v1_train_03974,entailment
klue-nli-v1_train_17882,neutral
klue-nli-v1_train_23333,neutral
klue-nli-v1_train_16288,contradiction
klue-nli-v1_train_19101,neutral
klue-nli-v1_train_16567,neutral
klue-nli-v1_train_09565,contradiction
klue-nli-v1_train_18797,neutral
klue-nli-v1_train_22048,neutral
klue-nli-v1_train_03569,entailment
klue-nli-v1_train_01906,entailment
klue-nli-v1_train_21522,contradiction
klue-nli-v1_train_20390,entailment
klue-nli-v1_train_15354,entailment
klue-nli-v1_train_23318,entailment
klue-nli-v1_train_09195,neutral
klue-nli-v1_train_14651,neutral
klue-nli-v1_train_14609,entailment
klue-nli-v1_train_11537,entailment
klue-nli-v1_train_09107,entailment
klue-nli-v1_train_23485,contradiction
klue-nli-v1_train_13375,contradiction
klue-nli-v1_train_02857,neutral
klue-nli-v1_train_10105,neutral
klue-nli-v1_train_10258,neutral
klue-nli-v1_train_16891,neutral
klue-nli-v1_train_13998,entailment
klue-nli-v1_train_12837,entailment
klue-nli-v1_train_08508,entailment
klue-nli-v1_train_18262,contradiction
klue-nli-v1_train_21777,contradiction
klue-nli-v1_train_23986,contradiction
klue-nli-v1_train_06089,neutral
klue-nli-v1_train_16975,neutral
klue-nli-v1_train_19733,entailment
klue-nli-v1_train_24728,neutral
klue-nli-v1_train_04845,neutral
klue-nli-v1_train_14327,neutral
klue-nli-v1_train_00069,entailment
klue-nli-v1_train_10091,entailment
klue-nli-v1_train_08564,contradiction
klue-nli-v1_train_04897,neutral
klue-nli-v1_train_20444,entailment
klue-nli-v1_train_24612,entailment
klue-nli-v1_train_20279,contradiction
klue-nli-v1_train_06436,entailment
klue-nli-v1_train_12455,neutral
klue-nli-v1_train_12885,neutral
klue-nli-v1_train_20267,contradiction
klue-nli-v1_train_12235,contradiction
klue-nli-v1_train_10184,neutral
klue-nli-v1_train_15924,entailment
klue-nli-v1_train_24948,contradiction
klue-nli-v1_train_12411,neutral
klue-nli-v1_train_10486,neutral
klue-nli-v1_train_14397,neutral
klue-nli-v1_train_15285,neutral
klue-nli-v1_train_05115,contradiction
klue-nli-v1_train_09978,neutral
klue-nli-v1_train_18024,entailment
klue-nli-v1_train_05135,contradiction
klue-nli-v1_train_05587,entailment
klue-nli-v1_train_20322,neutral
klue-nli-v1_train_07179,neutral
klue-nli-v1_train_01927,entailment
klue-nli-v1_train_04747,contradiction
klue-nli-v1_train_24874,neutral
klue-nli-v1_train_02380,entailment
klue-nli-v1_train_24986,entailment
klue-nli-v1_train_02052,neutral
klue-nli-v1_train_19006,neutral
klue-nli-v1_train_22601,entailment
klue-nli-v1_train_12482,contradiction
klue-nli-v1_train_09956,entailment
klue-nli-v1_train_24340,contradiction
klue-nli-v1_train_19232,neutral
klue-nli-v1_train_21632,contradiction
klue-nli-v1_train_21398,contradiction
klue-nli-v1_train_09884,contradiction
klue-nli-v1_train_16313,contradiction
klue-nli-v1_train_21646,entailment
klue-nli-v1_train_06461,contradiction
klue-nli-v1_train_16864,entailment
klue-nli-v1_train_24888,contradiction
klue-nli-v1_train_04817,neutral
klue-nli-v1_train_15128,contradiction
klue-nli-v1_train_11547,entailment
klue-nli-v1_train_12626,contradiction
klue-nli-v1_train_14137,neutral
klue-nli-v1_train_20693,contradiction
klue-nli-v1_train_14863,entailment
klue-nli-v1_train_11841,neutral
klue-nli-v1_train_10844,entailment
klue-nli-v1_train_02021,entailment
klue-nli-v1_train_10149,contradiction
klue-nli-v1_train_14699,contradiction
klue-nli-v1_train_18074,contradiction
klue-nli-v1_train_22883,neutral
klue-nli-v1_train_12057,neutral
klue-nli-v1_train_02819,neutral
klue-nli-v1_train_08645,neutral
klue-nli-v1_train_10347,contradiction
klue-nli-v1_train_14882,contradiction
klue-nli-v1_train_20471,neutral
klue-nli-v1_train_03770,entailment
klue-nli-v1_train_19843,neutral
klue-nli-v1_train_10714,entailment
klue-nli-v1_train_00435,contradiction
klue-nli-v1_train_14913,entailment
klue-nli-v1_train_13222,neutral
klue-nli-v1_train_05572,neutral
klue-nli-v1_train_08723,contradiction
