id,EAP,HPL,MWS
id12024,0.7726640062819388,0.22698101285608754,0.0003549808619736922
id15178,0.25419128362286497,0.6770448078622087,0.0687639085149263
id18559,0.08857056608583315,0.8653033294490123,0.04612610446515449
id21414,0.9613491024005351,0.017675205261797812,0.02097569233766716
id25439,0.49237961813324044,0.0051619019822238075,0.5024584798845357
id02609,0.010558378239577424,0.12067329363782632,0.8687683281225963
id03193,0.049552824090167806,0.19516020376074844,0.7552869721490838
id00572,3.347389865393487e-05,4.666194310106529e-07,0.9999660594819151
id03663,0.010130772792031225,0.98425004655764,0.0056191806503287445
id13447,0.09404284567878993,0.7910446149217644,0.11491253939944579
id18580,0.9857675478436345,0.011228335847596709,0.0030041163087687526
id04722,0.0021556500827826673,0.9905365550684657,0.007307794848751676
id15665,0.06583967141789145,0.867525105369702,0.06663522321240656
id20036,5.446686623285893e-05,0.9995891698073036,0.0003563633264635049
id07791,0.998466367625248,0.0003007709381509393,0.0012328614366010906
id20816,0.026333976506374535,0.8654860575032761,0.10817996599034929
id01105,0.09264408232773412,0.47189638456201644,0.43545953311024943
id26541,0.0022751741729923136,0.0032351018993928156,0.9944897239276149
id10041,0.12370658041927371,0.0003171373440789327,0.8759762822366474
id24482,0.001910732615582693,0.001252046746301232,0.9968372206381161
id10754,0.00010645930606658899,1.9407850603908076e-06,0.9998915999088731
id04170,0.0009480953102063061,0.9989994052580421,5.249943175147649e-05
id08135,0.398074032246979,0.6005792585002243,0.0013467092527967783
id24619,0.6015241856928096,0.1319680610294382,0.26650775327775217
id09334,0.009444880581926874,8.329703822608469e-05,0.9904718223798471
id07593,0.15895802984386784,0.573374328900693,0.2676676412554393
id13943,0.6007381232677191,0.36966771053815756,0.02959416619412334
id16286,0.7108462929373185,0.08282329702569932,0.20633041003698221
id11783,0.1620117081756925,0.004895123867981794,0.8330931679563258
id01480,0.6770314844174068,0.06718940320648671,0.2557791123761065
id23607,0.0034456885105912816,0.9965130117274356,4.1299761973253705e-05
id05964,0.04786930870801249,0.6498159415809511,0.30231474971103645
id03036,0.24382922638059135,0.05605258441990456,0.7001181891995041
id07623,0.37811164025229044,0.00020870894143234213,0.6216796508062773
id27953,0.21050887347431851,0.07811146476680486,0.7113796617588766
id02499,0.004077912052732471,4.614857426013624e-05,0.9958759393730074
id07870,0.88737814319988,0.10499341652293723,0.007628440277182879
id17679,0.13469887673512057,0.0016254080273433193,0.8636757152375362
id16336,0.0030565786388782484,0.00044506583795189653,0.9964983555231699
id14960,0.7434060618408642,0.2353066339904197,0.021287304168716183
id24401,0.017853453502322526,0.9753259834217226,0.006820563075954877
id19240,0.01316660257463035,0.93524749608281,0.051585901342559685
id21443,0.8796455905781867,0.11845983367568333,0.0018945757461299065
id09307,0.0016830436097471783,1.1322021720630473e-05,0.9983056343685321
id18158,0.1445782899775629,0.8414560344430478,0.013965675579389294
id08671,0.9990918293814329,0.0003546911199049249,0.0005534794986620241
id13351,0.9993328145341762,0.00020293447343451874,0.00046425099238930326
id00014,0.42046202711388425,0.0027790513907083804,0.5767589214954073
id13551,0.9381006591314136,0.033722368649950756,0.028176972218635684
id09841,0.00335067983711925,0.0017627213014638414,0.994886598861417
id09386,0.3881075732565755,0.15800446381155253,0.45388796293187195
id07293,0.01792486336710905,0.970264103421569,0.01181103321132189
id19757,0.9954078190094523,0.0023541312113250605,0.00223804977922259
id14602,0.06553246240307972,0.8599576546532313,0.07450988294368897
id13281,0.08102983890954098,0.5978275043095762,0.3211426567808829
id17489,0.04709079077992783,0.00115597701021571,0.9517532322098565
id00799,0.9956590547659808,0.0003884980071390648,0.003952447226880182
id10869,0.6113402944886701,0.1485551932996849,0.24010451221164503
id21594,0.7386975111484719,0.011063937009796227,0.2502385518417318
id14060,0.9838741066686221,0.003173959139829393,0.012951934191548598
id19089,0.9997783578861336,9.622957559068958e-05,0.00012541253827559894
id27841,0.05379773514729928,0.938295884626803,0.007906380225897782
id06581,7.695290769115223e-05,0.0008016160533394665,0.9991214310389693
id03827,0.1611910395172882,0.0961548419617723,0.7426541185209395
id09963,0.9809934602407537,0.0029558579172958076,0.016050681841950534
id18190,0.0691991269511291,0.002060911162032397,0.9287399618868384
id00508,0.7171208834918085,0.053611590463994725,0.22926752604419676
id04308,0.0016171034771102137,0.2711561537007316,0.7272267428221583
id08077,0.026298808324081588,0.9158646598951469,0.057836531780771534
id15486,0.10473012286157998,0.0025924322983956038,0.8926774448400244
id15348,0.974808095202447,0.007263697871963754,0.017928206925589267
id27623,0.04113533682746305,0.9545802078352388,0.004284455337298104
id06423,0.9934202392098284,0.0011281536659544635,0.005451607124217222
id05453,0.9914094962898573,0.0001797972703146023,0.008410706439828082
id21114,0.004756716296649649,4.2924082540829116e-05,0.9952003596208094
id07194,0.0015979203433033448,0.9932593585957783,0.005142721060918411
id02522,0.36220939306726324,0.6321363009147257,0.005654306018010993
id15222,0.996325982636562,4.758288653479816e-05,0.003626434476903238
id24100,0.8837095560173986,0.11407679525977338,0.002213648722827909
id14726,0.24100640192127393,0.49992743179427246,0.25906616628445367
id03297,0.01435800039762369,0.9850575171209277,0.0005844824814486248
id18202,0.8130200837578757,0.0012592490775752124,0.185720667164549
id20182,0.9033803226620412,0.06849200556408563,0.028127671773873108
id08228,0.13275843635752066,0.8223105670943327,0.04493099654814666
id17776,0.04519641571115334,0.3776365434090232,0.5771670408798234
id10348,0.13189477405875236,0.053252179173554424,0.8148530467676933
id22443,0.74321063774579,0.17944425188757046,0.07734511036663969
id09217,0.020856818453326625,0.06854023825387347,0.9106029432927999
id17318,0.000492341769194684,0.005337544726732785,0.9941701135040726
id25418,0.9981942030447005,0.0016967694509668352,0.00010902750433270758
id05690,0.03993525054556168,0.9319598325140948,0.02810491694034359
id10734,0.0321785051019548,0.0009636830464413445,0.9668578118516038
id06128,0.9798121632253534,0.000573274083909804,0.019614562690736824
id19706,0.36290968801925544,0.31096989027241695,0.3261204217083277
id23891,0.37870520149634385,0.27607637821792874,0.3452184202857275
id00425,0.7482043500063145,0.015740898514398933,0.2360547514792865
id10230,0.5890764967799075,0.0671450446924353,0.3437784585276572
id13293,0.5519962952253021,0.26177707167642617,0.18622663309827164
id03765,0.000271012949128123,0.9967245730833206,0.0030044139675512796
id06092,0.844393930001285,0.07746568356435153,0.07814038643436344
id26416,0.9391665060053627,0.03873517403237912,0.02209831996225825
id26725,0.26983540027876346,0.37965651571228914,0.3505080840089473
id22870,0.9522091356431257,0.029380788584207333,0.01841007577266689
id11403,0.9147604953796409,0.08451412429979928,0.0007253803205598336
id24696,0.955977196277882,0.040313219055897374,0.003709584666220598
id03774,0.004058326936096212,0.0119814420483157,0.983960231015588
id20609,0.006398325763201852,0.003721397046906793,0.9898802771898914
id07820,0.7414313461923464,0.006123834144849325,0.2524448196628043
id15287,0.9519985404641782,0.04720800106758531,0.000793458468236499
id10557,0.0010791537932383168,0.9989067522374178,1.409396934402807e-05
id26477,0.14926529798794427,3.424536335810343e-05,0.8507004566486975
id01411,0.6537517745201034,0.08062989089610854,0.2656183345837882
id13999,0.007305345635091659,0.9709730630293402,0.021721591335568186
id19336,0.6413101886592237,0.002001659028946783,0.35668815231182954
id08540,0.6958216745273575,0.23955890295736934,0.06461942251527308
id09485,0.9102081020080597,0.0019566398013882566,0.08783525819055193
id05476,0.9533090233501524,0.042593004717710985,0.004097971932136626
id03130,0.062115294900621926,0.25018085506893983,0.6877038500304382
id07895,0.0015330721737925033,0.00012343833231829858,0.9983434894938892
id05747,0.0008943488718485509,0.9988720118440497,0.00023363928410168175
id19227,0.6794329911453458,0.1827564974081876,0.13781051144646655
id16240,0.8860313830748104,0.08919493743720282,0.02477367948798671
id10304,0.03132624239883903,0.9394878808940195,0.029185876707141498
id12715,0.7190926446395579,0.21060686885482854,0.07030048650561366
id17748,0.0006479874011917307,0.9975038746558509,0.0018481379429573811
id20281,0.915931706123002,0.03962167672907437,0.044446617147923605
id02115,0.09577827367153222,0.04333822566541394,0.8608835006630539
id02514,0.9668186356333497,0.007710644029223562,0.025470720337426724
id00786,0.9864270894750853,0.011239243154836438,0.0023336673700783393
id12255,0.027392093264354704,0.9719593006743277,0.0006486060613176359
id07835,0.5523319152774853,0.09242517156012559,0.35524291316238915
id21769,0.9576727677700461,0.042108503196664815,0.00021872903328906944
id07710,0.08573310631086453,0.9135146589130729,0.0007522347760625407
id13948,0.9997581529969581,9.542220840478484e-05,0.00014642479463707837
id01233,0.0002588901685269227,0.9995236911828826,0.00021741864859052624
id08628,0.8023939879009043,0.1653878738997409,0.032218138199354755
id12142,0.6710067871209899,0.20370778806245265,0.1252854248165574
id20913,0.887167304678809,0.025909154466531456,0.08692354085465967
id11436,0.23191081949774145,0.10574218538183135,0.6623469951204273
id19228,0.9988932625900787,0.00011464772500417288,0.0009920896849171762
id13280,0.3172964735054483,0.6690060915382654,0.013697434956286388
id08953,0.7352980593944203,0.0012425349578068733,0.2634594056477728
id19041,0.10063286966711057,0.02570244592615327,0.8736646844067362
id22732,0.9904009916090974,0.00022591132270314228,0.009373097068199419
id21729,0.7897891738742729,0.025364852266771647,0.18484597385895535
id11281,0.2834330442023479,0.3404760028467926,0.37609095295085965
id13410,0.793869789977419,0.034185237777699724,0.1719449722448813
id04874,0.014794585833423775,0.008717264277088205,0.9764881498894881
id21755,0.634945443725124,0.0006609233470757667,0.3643936329278003
id25694,0.029505049258220357,0.9383429937306936,0.03215195701108597
id01373,0.13701702459681053,0.00702203704693832,0.8559609383562511
id22394,0.633917381220453,0.16356641535085198,0.20251620342869492
id06553,0.9035907812477741,0.08377769758209479,0.012631521170131093
id08837,0.9688069334690506,0.027410709387975248,0.003782357142974139
id16387,0.9903978292228961,0.008204440883395522,0.001397729893708302
id14967,0.03377997134969388,0.7412018889718308,0.22501813967847528
id27387,0.9816905656508904,0.007581151847772414,0.010728282501337229
id24900,0.9995302440433292,0.0001345048872425462,0.0003352510694281899
id13379,0.0034492656970208295,0.9851532132399422,0.011397521063036892
id14887,0.8051756304111171,0.18353788118058945,0.011286488408293601
id11095,0.0026196965552103407,0.9900189607534702,0.00736134269131955
id06036,0.7649345598322324,0.06995738643888358,0.16510805372888415
id23702,0.9966193776071741,0.002458944906036573,0.0009216774867892754
id04260,0.003187104450472671,0.0006703779900685939,0.9961425175594587
id24191,3.193269453502734e-05,0.9931895299547305,0.006778537350734433
id24874,0.9849425656919153,0.009369460159578687,0.005687974148506046
id12542,0.6766114770270127,0.16445102844015116,0.15893749453283615
id26775,0.7297979127189025,0.2649622059277016,0.005239881353395909
id14496,0.0007135452726356598,0.00655264731134815,0.9927338074160162
id17805,0.021609093630449574,0.9547775578652614,0.023613348504289068
id20997,0.9492268562322825,0.005770437087787036,0.045002706679930414
id22311,0.9999118554188634,8.724731399327311e-05,8.972671434193748e-07
id08125,0.04731770170709056,0.937118027259579,0.01556427103333036
id12360,0.8407747728755492,0.125334227288607,0.03389099983584373
id16392,0.024615181754072145,0.5064967521617141,0.46888806608421374
id25854,0.3759630969214611,0.042160503730280616,0.5818763993482582
id27158,0.9988813241235445,0.0010099518811165686,0.0001087239953389948
id03347,0.9221211058926175,3.7862279369311624e-05,0.07784103182801315
id12161,0.15063216868764773,0.8084149845945374,0.04095284671781485
id02231,0.000638928579393711,0.0013583676916818358,0.9980027037289245
id25191,0.8102107116936659,0.18963187113053342,0.00015741717580071966
id07424,0.9843777326850465,0.006415793384387882,0.009206473930565628
id09267,0.002952249336276838,0.9964086507931176,0.000639099870605707
id25517,0.0009332509133992811,0.9987150067187877,0.00035174236781305063
id17245,0.9487955718522458,0.007539819086611719,0.043664609061142556
id22844,0.041255508492715004,0.9546945598739891,0.004049931633295824
id04209,0.0044105822878839455,0.7521157720379398,0.24347364567417618
id02254,2.9606028999641827e-05,1.360687938210247e-05,0.9999567870916183
id07402,0.14922875544487088,0.6020002258422762,0.24877101871285304
id10548,0.015038367901138227,0.9664331855819058,0.01852844651695596
id13708,0.17365729300832744,0.43329706291398384,0.3930456440776887
id06398,0.9854625130141784,0.014236994903134877,0.000300492082686722
id23998,0.8303128460777295,0.16206800424716628,0.007619149675104214
id20193,0.9998806936030038,6.197567285662669e-05,5.733072413961638e-05
id03256,0.06564586607927451,0.41406582449552154,0.5202883094252039
id14351,0.9669058933779507,0.007596143748617181,0.025497962873432055
id22351,0.18285204030208274,0.8164392613095859,0.0007086983883312149
id11871,0.46242597472227676,0.5090181616572229,0.02855586362050044
id18082,0.9795432654745214,0.015116564801601074,0.005340169723877559
id26884,0.8383028095437932,0.0971785604529429,0.06451863000326392
id09600,0.9877052057936653,0.011826405857319866,0.00046838834901484055
id18184,0.0010717722068102195,0.00015349871489509572,0.9987747290782947
id19512,0.04700304585494752,0.33142166017382124,0.6215752939712312
id03746,1.3376979260036404e-06,0.0001743619449133388,0.9998243003571607
id08957,0.9313127723680001,0.045351602243305575,0.023335625388694305
id24827,0.002311237406797391,0.7057759334233487,0.2919128291698539
id22988,0.06942977360545291,0.8894199775656763,0.04115024882887092
id13425,0.9980814113026019,0.0003001251648094509,0.0016184635325886744
id23295,0.9319629168201216,0.056339301330714006,0.011697781849164576
id09062,0.0027245393147661426,0.9793205839962293,0.017954876689004567
id05040,0.2836529502990407,0.2493539315529489,0.4669931181480105
id19334,0.00437301340210253,0.5240531949175624,0.47157379168033514
id27301,0.932271401874601,0.0034901013660919825,0.06423849675930704
id12584,0.0005014551653714993,0.0025768233526834894,0.996921721481945
id15198,0.07517571592359522,0.773205481555181,0.1516188025212238
id02476,0.008529110360795435,0.008549908770861222,0.9829209808683433
id03474,0.6719462366705067,0.3245055536056352,0.003548209723858058
id06044,0.9960272822582739,0.0008430143549872993,0.003129703386738812
id18696,0.9868476212158679,0.0007168407056520919,0.012435538078480027
id03832,0.4775691121672828,0.46894352126791583,0.053487366564801436
id02977,0.5108939488507238,0.4134642184781519,0.0756418326711243
id03966,0.0026068711577103515,0.030637458296755293,0.9667556705455345
id18136,0.8124448148596164,0.0492322846265176,0.13832290051386598
id20099,0.6540222909524813,0.001271749958858197,0.34470595908866053
id17249,0.03167337419796863,0.20040159618027642,0.7679250296217549
id06656,0.454055954215196,0.0018392639997897077,0.5441047817850143
id13867,0.6058888432916552,0.014083012885860528,0.3800281438224844
id10814,0.013628830673118956,0.947832790864159,0.03853837846272216
id06144,0.8138736183086099,0.11426422751295134,0.07186215417843884
id10428,0.02474612140103275,0.039058740139038844,0.9361951384599285
id13298,0.008633431993299122,0.9899885512586263,0.0013780167480745681
id08922,0.9410687675515346,0.04992332270781985,0.009007909740645522
id03097,0.7312437494741034,0.0006287606459663206,0.26812748987993035
id17902,0.17968713705260161,0.8042907918005477,0.016022071146850673
id08093,0.08072507551508376,0.03194774328554705,0.8873271811993693
id01222,0.007927693984283907,0.16543253429615404,0.826639771719562
id26037,0.6808948681555436,0.31431963623599146,0.004785495608465071
id22814,0.15412299001942062,0.6962819158610433,0.14959509411953623
id10463,1.588052808815538e-05,0.9999379655414911,4.615393042081815e-05
id21533,0.4980943209867073,0.4888904497675965,0.01301522924569622
id07346,0.2696195032852367,0.7090801417077129,0.021300355007050298
id07481,0.3521784709926302,0.6468490739256864,0.0009724550816833678
id11721,0.9680466696276496,0.021409523607260877,0.010543806765089486
id14560,0.30369110465853566,0.6783002337278967,0.018008661613567692
id18730,0.90566328801139,0.05448809859328216,0.039848613395327824
id17434,0.9418149111079774,0.005656916974493538,0.05252817191752909
id05511,0.00908235360810277,0.02375344552774848,0.9671642008641488
id25952,0.00439897110326201,0.9936642670677037,0.001936761829034293
id01035,0.002125559399185955,0.9978337350998734,4.0705500940707004e-05
id13844,0.8747681264275001,0.03352409456296207,0.09170777900953785
id14300,0.995031165307866,0.0009692206612546077,0.003999614030879464
id24733,5.168926631286538e-05,0.9998778529283568,7.045780533028002e-05
id26191,0.0035295405414474,0.0015289831224345506,0.994941476336118
id08633,0.9973178167649198,0.0013636505457377231,0.0013185326893423552
id18450,0.00042040697727248723,0.031173447188069848,0.9684061458346577
id25274,0.6377094690207011,0.34155182141418844,0.020738709565110466
id04929,0.05167100238212486,0.9478181429069115,0.0005108547109636817
id04268,0.0013912520859210077,4.478609515125221e-05,0.9985639618189278
id27277,0.0009694706363738766,0.0022220496164980647,0.996808479747128
id11071,0.9989723167888247,9.749843779728834e-05,0.0009301847733781258
id01515,0.9202046996252101,0.02663692284820097,0.05315837752658894
id20558,0.13690067388642635,0.6297320557021878,0.2333672704113858
id07336,0.00176423415885567,0.8677456768417915,0.1304900889993528
id23188,0.997295462335172,0.0023259180259804415,0.00037861963884757934
id22448,0.03654770105959401,0.004210946126315947,0.9592413528140901
id26708,0.9113970602742509,0.08339309782354531,0.005209841902203793
id18635,0.4269310390192632,0.4435825615289408,0.12948639945179602
id14562,0.8811838538943698,0.10004042469495207,0.018775721410678212
id26449,0.7943418320027488,0.16064424281244077,0.04501392518481047
id10978,0.6683654679608426,0.026334504642853186,0.30530002739630435
id10322,0.9946088284485861,0.0003581267131990818,0.005033044838214742
id12966,0.008908762598300498,0.0013007221919450966,0.9897905152097544
id06317,0.002791728151949861,0.997107087730803,0.00010118411724711561
id06199,0.003278815819058814,5.3732733531615786e-05,0.9966674514474096
id07537,0.001409303654681414,0.011354475761388386,0.9872362205839302
id17085,0.9984815542473513,0.0007150381041836187,0.0008034076484650778
id20691,0.07572587023578888,0.0856865699415616,0.8385875598226495
id13965,0.10869992399270106,0.8910089177707792,0.0002911582365196867
id02181,0.9805027272403167,0.001154500018089025,0.01834277274159424
id13360,0.2541031045556557,0.0009257396314273902,0.744971155812917
id24822,0.005500394669169157,0.9913663187488271,0.003133286582003846
id04948,0.002304670826052347,0.0004293648650410501,0.9972659643089066
id11677,0.9964124732719997,0.0030489872724154226,0.0005385394555849326
id01259,0.016897715293230642,0.0053022301929164985,0.9778000545138529
id04598,0.5379382134517273,0.3623143648855531,0.0997474216627196
id10762,0.6446722688782575,0.003905916522350975,0.35142181459939165
id04573,0.00657651368690181,0.9912344727965681,0.002189013516530068
id14898,0.35397967068247893,0.6047275092916575,0.041292820025863604
id17605,0.3154649894627971,0.02355716700513174,0.6609778435320712
id21507,0.04095298965129899,0.31390336209761494,0.645143648251086
id07204,0.9163924156448126,0.06287609232957383,0.020731492025613616
id08792,0.9801421175417219,0.019267279924314023,0.0005906025339640965
id03468,0.11533075947320465,0.0512036504260595,0.8334655901007357
id05641,0.5335969483307552,0.022805691049018452,0.4435973606202264
id18770,0.00334482059238779,0.9966018588283411,5.3320579271200605e-05
id16430,0.008566596442808577,0.9847650533135225,0.006668350243668988
id12289,0.8156916898783042,0.18304079293398798,0.0012675171877078854
id09644,0.8699775692294447,0.03697630410041007,0.09304612667014525
id23443,0.03884600875772673,0.01552887299795622,0.945625118244317
id25968,0.9978623853106365,0.0020638141710988575,7.380051826449612e-05
id25436,0.05919706909619681,0.6629072678413853,0.2778956630624179
id12591,0.8486717619608397,0.09644011526380973,0.05488812277535062
id18826,0.9937948544227909,0.005606462791488006,0.0005986827857211125
id11793,0.19248535812251524,0.013633638013366449,0.7938810038641183
id18311,0.33605388614574805,0.007121060484706777,0.6568250533695452
id20778,0.012469802643750475,0.007095565105677162,0.9804346322505724
id08557,0.006843737174280948,0.000980071779651368,0.9921761910460676
id25402,0.005874002539972169,0.9927946112001749,0.00133138625985299
id12128,0.10364946839615977,0.005696469523263942,0.8906540620805763
id11417,0.9227228530557563,0.07596201827954616,0.00131512866469754
id05572,0.36594369895827517,0.47636957865385243,0.15768672238787235
id03630,0.8877874239834629,0.037507148493320944,0.07470542752321621
id16192,0.07357378210025989,0.23627394577923375,0.6901522721205064
id16129,0.784068857811062,0.09787482635135339,0.1180563158375847
id26388,0.20133699869202437,0.0003688461984326653,0.7982941551095429
id15058,0.00890010008272157,0.9706541998191538,0.020445700098124617
id23011,0.04781516817982934,0.00144831121804256,0.9507365206021281
id17176,0.7050313696237286,0.05367423147914132,0.24129439889713017
id03828,0.008454734961714156,0.009718143419299358,0.9818271216189864
id08318,0.0047685724199287,0.001358537528715313,0.993872890051356
id00073,5.105847485754751e-06,1.6174735437110333e-07,0.9999947324051599
id08084,0.9690640363294426,0.024383054806019166,0.0065529088645381525
id22656,0.03283662002438667,0.95127889165025,0.01588448832536337
id22189,0.962701041066912,0.02677969106511307,0.01051926786797497
id07292,0.4268257534719736,0.3235626181044766,0.2496116284235498
id12785,0.03468261757223658,2.9946636385658137e-05,0.9652874357913778
id04213,0.4113231483874163,0.24682427907734145,0.3418525725352422
id18824,0.8486172442529094,0.11861188829797253,0.03277086744911802
id15095,0.19497936874944466,0.10562212903803474,0.6993985022125206
id11369,0.37636775888339635,0.019288033372703954,0.6043442077438996
id03060,0.9964643992264351,0.0010475015892435192,0.0024880991843213157
id17473,0.9321908967584774,0.0544100814811315,0.013399021760391101
id17441,0.6644223094766106,0.14051734326443577,0.19506034725895366
id15118,0.9209244081842067,0.005362786278894946,0.07371280553689838
id09193,0.9955150424336825,0.00020813138414665477,0.0042768261821709425
id04676,0.7103350950808114,0.030733231111681008,0.2589316738075077
id09799,0.9133755745743557,0.01604931125989011,0.0705751141657543
id14285,0.0005291211424019848,0.00010745073770686915,0.9993634281198911
id08736,0.18771499889653326,0.0070815489203462844,0.8052034521831204
id04863,0.5522012493971905,0.06878791296425804,0.3790108376385515
id25645,0.8961009877538991,0.06410701691322791,0.03979199533287289
id23870,0.13225615091775034,0.4040315650958794,0.4637122839863703
id27447,0.0010545844782350806,0.9846790196077978,0.014266395913967184
id15787,0.6185501748876086,0.0511514207006067,0.33029840441178476
id06462,0.7858740909664036,0.2092157127972712,0.004910196236325215
id08678,0.0013317913486378611,0.9985993499799231,6.88586714391376e-05
id25183,0.7223428751509169,0.254492271937985,0.023164852911098117
id10848,0.9658343233892336,0.004952577195118735,0.029213099415647543
id22736,0.9995688222741259,0.00037931148491679087,5.186624095734376e-05
id14838,0.2072580675381895,0.009729822123432161,0.7830121103383784
id07063,0.004696711206721186,0.5131024324203326,0.4822008563729462
id00974,2.056354379358416e-05,0.9915516011901861,0.008427835266020292
id14048,0.0003156808924152027,0.9980805754174464,0.001603743690138434
id01397,0.95997531088081,0.0018411442267338152,0.03818354489245618
id10432,0.9885605188084604,0.00412398949161126,0.007315491699928262
id01003,0.0001646455480227324,6.660508103474832e-05,0.9997687493709425
id15286,0.9918335014127904,0.0073108255940197145,0.0008556729931899224
id06628,0.9929255080692216,0.005498211936781221,0.001576279993997156
id25224,0.6880193581899141,0.28421018763574324,0.02777045417434276
id02625,0.09657367450458484,0.8663875078063547,0.03703881768906052
id12132,3.9508535227796974e-05,9.982813855834456e-06,0.9999505086509164
id17259,0.6376477160035648,0.3347829514400005,0.02756933255643463
id09719,0.005513309655398169,0.7691933323292562,0.22529335801534567
id26910,0.01010219657999899,0.005948950325223245,0.9839488530947778
id13044,0.017116718967257527,0.5292870997606774,0.45359618127206497
id13047,0.001516641411682948,1.0286647363594057e-05,0.9984730719409535
id02557,0.5860163089644483,0.25120587212411893,0.16277781891143275
id02819,0.3744524583524779,0.47688441376293933,0.14866312788458275
id25559,0.1020403056613807,0.0004561138538263485,0.8975035804847931
id22722,0.005842844169650495,0.9939608819753374,0.00019627385501203633
id09161,0.05555178911232961,0.3814735553512685,0.5629746555364019
id15759,0.48031864273269476,0.05943502340213963,0.4602463338651656
id14746,0.08940193685138917,0.6727513719105293,0.23784669123808155
id22320,0.027851846279634367,0.8862732451888519,0.08587490853151385
id26646,0.9794477280568317,0.0044462324808594205,0.016106039462308982
id08419,0.27370735096599785,0.023921490994534965,0.7023711580394673
id09437,0.007215145982004218,0.1405593355057517,0.8522255185122442
id07299,0.00043200896490542965,2.5316471100509632e-05,0.999542674563994
id01137,0.03733440371279366,0.111832352618109,0.8508332436690973
id25561,0.9966013417245723,0.0012113645665834598,0.002187293708844351
id16805,0.20985768437262947,0.5918119144416043,0.1983304011857663
id03971,0.9257344957021832,0.050307069804270715,0.023958434493546045
id01036,0.9729415087214486,0.007262329325830241,0.01979616195272108
id25707,0.0039793222430423375,5.5376258507985444e-05,0.9959653014984496
id06193,0.9025453398847871,0.07495887258970489,0.022495787525507932
id24907,0.0025827731606913374,0.973772491483184,0.02364473535612469
id11249,0.28631178485457764,0.319027877737366,0.3946603374080562
id10435,0.0005728309799616219,2.234511932526666e-06,0.9994249345081059
id17438,0.0014576844103605558,0.0014721045655110936,0.9970702110241284
id22994,0.0015908004961454432,0.03471867344163366,0.9636905260622209
id00182,0.9434625465065954,0.04398993761905784,0.012547515874346755
id11127,0.25676317286365086,0.721715309233469,0.02152151790288018
id27701,0.07345059403434563,0.9259828043218611,0.0005666016437933084
id12411,0.9691776367440652,0.009427712963389573,0.02139465029254518
id03408,0.0009111751785047041,0.9923393487958344,0.006749476025660949
id21297,0.023611848550414205,0.00048752224952027055,0.9759006292000656
id03904,2.057891814128124e-06,0.9999943604428794,3.5816653064904567e-06
id12781,0.9844277393302243,0.008201497404493522,0.007370763265282182
id17319,0.36109256495175196,0.42138310557967107,0.2175243294685769
id08835,0.48836585962081625,0.00045886774849883383,0.511175272630685
id00538,0.04223462248597071,0.9560970327347008,0.0016683447793284015
id26415,0.4217077479044049,0.5731358174104404,0.005156434685154746
id25322,0.014752969527005038,0.00492329606968233,0.9803237344033127
id03927,0.018145628876177062,0.09224886283009473,0.8896055082937283
id01669,0.9994163214303817,0.00039307382899132087,0.00019060474062696731
id13398,0.28268691782264693,0.024363176318606832,0.6929499058587463
id01015,0.9821118320719056,5.450479886466331e-05,0.017833663129229703
id06712,0.0004553718235480471,2.0060154243646887e-06,0.9995426221610276
id17788,0.5194187832366204,0.4552573796294542,0.02532383713392555
id21103,0.11646685069444311,0.852219760850814,0.031313388454743
id15915,8.331243497259625e-05,0.00017545553791351127,0.9997412320271138
id05887,0.000542995060419482,0.00025000852078829576,0.9992069964187922
id10645,0.906152421622718,0.05031445144188712,0.04353312693539495
id27649,0.42109849435062263,0.11363380072760412,0.4652677049217733
id18729,0.002109293343317156,0.9818287495046776,0.016061957152005313
id05632,0.2688102697229848,0.6796501249995024,0.051539605277512855
id02472,0.9769328752555433,0.0028608763048205183,0.02020624843963613
id21469,0.21472438347441333,0.687940925142398,0.09733469138318873
id14093,0.9594443017133366,0.035491764495262465,0.005063933791400881
id02005,0.0633561014813614,0.833089781948672,0.10355411656996663
id23876,0.9934817321086413,0.00623972565973205,0.00027854223162658364
id06598,0.9748928224629086,0.008307430809252383,0.016799746727838974
id15132,0.0004629230685950995,7.654368916452467e-05,0.9994605332422404
id10893,0.012706223873321926,0.9776479457264555,0.00964583040022264
id01984,0.0023936547243275826,0.00017639706114391286,0.9974299482145285
id03287,0.0016683003012738778,0.9869209096303893,0.011410790068336934
id06629,0.9416530846989584,0.04560742689461689,0.012739488406424847
id24161,0.7215991881903392,0.2670028101099216,0.011398001699739214
id22525,0.8181392617755753,0.006646966569656887,0.17521377165476776
id01896,0.8726200861414395,0.08338310110136149,0.04399681275719904
id21931,0.9977701830790459,0.001633921108215376,0.000595895812738765
id11579,0.2777048587827976,0.6823466501859737,0.039948491031228696
id21756,0.9993184397852425,0.00030247590377727515,0.0003790843109802264
id12614,0.7771738870266189,0.002967282473614086,0.21985883049976684
id02127,0.002983533906998892,0.9968292701966744,0.00018719589632661726
id14792,0.05864007047783566,0.8683580258184,0.07300190370376435
id03317,0.02477092413229402,0.8604236923051983,0.11480538356250769
id14702,0.753620191207829,0.10063047533524973,0.14574933345692134
id03786,0.023728013682490955,0.9685761579361556,0.007695828381353327
id02915,0.0013186682476324493,0.4654902469542508,0.5331910847981168
id25230,0.9738841480224172,0.023903262408122565,0.002212589569460289
id05727,0.04982070645130694,0.7817882833704806,0.16839101017821245
id13957,0.06068017996925354,0.019979351901406227,0.9193404681293402
id00867,0.8386690099796607,0.15571334374406193,0.005617646276277455
id16862,0.14872061060419148,0.7933643226641522,0.057915066731656424
id26989,0.02826329417195232,0.9203549151105742,0.05138179071747349
id13255,0.0017440717303745927,0.9945686447924467,0.003687283477178736
id24475,0.0013804527394304048,0.021276031201575354,0.9773435160589943
id16308,5.453462745219675e-06,3.121406264750753e-07,0.9999942343966283
id06295,0.9672490579513475,0.013716499873926173,0.019034442174726326
id11455,0.00019408904468873816,0.0003024665662637427,0.9995034443890475
id10461,5.2613920565934224e-05,1.203161587711664e-05,0.999935354463557
id15212,0.9890332395593627,0.01045148069989521,0.0005152797407420044
id01676,0.9950340521490781,0.004930973294060237,3.497455686158551e-05
id27034,1.3266284946560311e-05,0.999980080874997,6.65284005643841e-06
id16278,0.9993319630753474,0.0001784177237425531,0.0004896192009099852
id11207,0.814054162498556,0.019106397810435504,0.16683943969100853
id08604,0.9524089564855363,0.0431380420632398,0.004453001451223984
id10116,0.9533972751451805,0.021633491490904898,0.0249692333639147
id20499,0.09361696198860887,0.023443529631210762,0.8829395083801803
id23565,0.993805002852905,0.005941933291596524,0.00025306385549857035
id18418,0.05465963763289742,0.6134242333257529,0.3319161290413497
id18432,0.7922926189634377,0.19168045185586888,0.016026929180693532
id00146,0.9924505790060606,0.002237389411174907,0.005312031582764486
id22345,0.015548240509076544,0.008016267280554719,0.9764354922103687
id05858,0.3093243925319111,0.6635013343173094,0.027174273150779478
id07412,0.004817244799464744,0.985477176603729,0.00970557859680622
id00562,0.987230982988239,0.003508322670354449,0.009260694341406568
id04559,0.5997676914789779,0.012115820642135582,0.3881164878788865
id14572,0.004477415903195425,0.9947127666584133,0.000809817438391225
id23582,0.8134058791996979,0.1370989733968127,0.049495147403489544
id18490,0.7736480536811616,0.013302954081913608,0.21304899223692483
id08798,0.8284411000509053,0.12395110953204695,0.04760779041704756
id21331,0.8064272687407406,0.03804007399414949,0.1555326572651099
id09058,0.43632784608826164,0.5624916195795301,0.0011805343322083804
id26705,0.9680948768153389,0.0014815397892883652,0.030423583395372766
id09181,0.9772866665770928,0.0034133984305180242,0.01929993499238917
id09319,0.0032284747358017315,0.9957853098364663,0.0009862154277320986
id13485,0.0013808160985500707,0.005804522797155062,0.9928146611042948
id26354,0.021105572614226797,0.9648191562821179,0.014075271103655309
id16768,0.0007596205768776817,0.0006220152122218156,0.9986183642109006
id07129,0.9679224532069677,0.003772389920696745,0.02830515687233561
id14859,0.12291529698202772,0.022596725986352113,0.85448797703162
id05483,6.858939435420823e-05,0.8379717838345943,0.16195962677105163
id25301,0.028547929295300856,0.9668358898752832,0.0046161808294159605
id02432,0.06264236940078247,0.9348066826460263,0.0025509479531912625
id10587,0.006512280815216466,0.9932084951763591,0.00027922400842447846
id03371,0.00845588630173232,0.9914686689085705,7.544478969720085e-05
id27790,0.025475843748643836,0.013529397635158145,0.960994758616198
id22690,0.9819339643277436,0.015632022906911507,0.0024340127653449104
id22642,0.07013691277198579,0.30616502403727264,0.6236980631907415
id10292,0.051772078192187966,0.43956967868637936,0.5086582431214327
id08360,0.0828232361285267,0.8729995691403918,0.04417719473108147
id27599,0.002282557771493497,0.9911208852601812,0.006596556968325437
id09326,0.1999746808999293,0.7945534522221475,0.005471866877923174
id07048,0.1739733780668904,0.38376665800973647,0.44225996392337313
id23621,0.127610284464147,0.8626107652772771,0.009778950258575954
id01547,0.9239766354756851,0.0746902359870246,0.0013331285372903323
id27886,0.19385243802845828,0.3579386383472579,0.4482089236242837
id26750,0.9985786379011024,0.0004382063326366625,0.0009831557662609476
id04538,0.005305982494069263,9.142119282843518e-05,0.9946025963131022
id25915,0.5252384289353556,0.4109310218744081,0.06383054919023635
id03411,1.0676187769705287e-06,1.4909198687265686e-06,0.9999974414613544
id21367,0.028918343393443693,0.0014027248242440514,0.9696789317823122
id19753,0.3477832881503025,0.5563839099236061,0.09583280192609146
id18935,0.9553004436383743,0.01251038109698615,0.03218917526463965
id21641,0.12605720611524712,0.7177275663026705,0.1562152275820823
id11555,0.9974917528604841,0.0013787387815993044,0.0011295083579166627
id09655,0.5960274313777507,0.3985908623397925,0.005381706282456852
id13457,0.9970285493949379,0.0026827331092510315,0.0002887174958109783
id10852,0.9584219043787884,0.0017751728366288935,0.039802922784582695
id07634,0.9783933203476864,0.016560610133064924,0.005046069519248675
id19773,0.3433446428325008,0.4026310376872326,0.2540243194802666
id04800,0.03601472989525936,0.004798383598618738,0.9591868865061219
id08708,0.9984871192100656,0.000684558310542432,0.0008283224793918922
id11577,0.09975092553056432,0.8945152082102381,0.005733866259197602
id08465,0.006611722371959848,0.9859861723346679,0.007402105293372313
id19208,0.9986017247140392,0.00017546709993437017,0.0012228081860265207
id27316,0.0014792758148018026,0.9952568642552443,0.0032638599299539637
id26343,0.001265152942585895,0.30209506593850405,0.69663978111891
id21645,0.08897767285995417,0.007525162314791448,0.9034971648252543
id18760,0.03009998156525612,0.9639822560500433,0.005917762384700497
id19786,0.02687230776501578,0.001505238123583074,0.9716224541114011
id05328,0.9358514147707375,0.03593394616602085,0.028214639063241585
id27244,0.5966228164729118,0.12439943353762443,0.27897774998946384
id00972,0.5857310490742335,0.3702464610338008,0.044022489891965694
id01250,0.9995708556311866,0.0001777457298875478,0.0002513986389258116
id07902,0.9246305180114103,0.004524465092972161,0.07084501689561767
id05377,0.15713584250457746,0.8424773853042118,0.0003867721912107397
id27823,0.0018175621381265523,0.052805126968034494,0.945377310893839
id24604,0.0013754639144824572,0.8756950827727242,0.1229294533127933
id02392,0.014311095739548562,0.1603901386744342,0.8252987655860172
id17261,0.11282160105863581,0.8868769579097001,0.0003014410316641044
id18693,0.401436286435489,0.5936903973788619,0.004873316185649106
id13643,0.0002604901973652326,2.2114556517436374e-05,0.9997173952461174
id21679,0.11275594996072225,0.01988079655019339,0.8673632534890844
id03394,0.9160233365412161,0.01175859809202602,0.0722180653667578
id05063,0.000984457725710144,0.002093757569515843,0.9969217847047741
id17463,0.7640606436320532,0.01599514780375284,0.21994420856419392
id04768,2.702800918757945e-05,0.9997988309091516,0.0001741410816608951
id18678,0.02567674977851237,0.11590510923181845,0.8584181409896692
id25823,0.04399679437091175,0.017987473025443287,0.9380157326036449
id11510,0.001283008768242437,0.0651995234328647,0.9335174677988929
id19785,0.08577815733847023,0.810514123537979,0.10370771912355083
id09106,0.23688310665563567,0.7420055224838522,0.021111370860512197
id19657,0.006907751349679607,0.0258283000160981,0.9672639486342223
id03772,0.2059130227516267,0.40774933787651374,0.3863376393718596
id03146,0.0022152919433695724,9.053214365457973e-05,0.9976941759129758
id14778,0.9888871422691077,0.009812231709802364,0.001300626021089956
id03496,0.38942633603104676,0.12451662707871565,0.48605703689023766
id03477,0.6938814216046622,0.00326892383804586,0.30284965455729196
id19590,0.14279910324460218,0.76230231161583,0.09489858513956792
id18717,0.11708781338334545,0.8784170701269994,0.004495116489655152
id05368,0.09248914694811229,0.07026581093196145,0.8372450421199262
id06307,0.23444005308147173,0.5566060842837381,0.20895386263479004
id03353,0.09956425401841758,0.021030606895637474,0.879405139085945
id06597,0.0007466952779839795,0.9990707021891654,0.00018260253285059776
id12029,0.33823761192980134,0.5968963374622595,0.06486605060793932
id22278,0.9969914042775135,0.0022511109221372556,0.0007574848003492201
id24281,0.10448224994436754,0.009739538832853972,0.8857782112227786
id13165,7.149934044889328e-05,0.0010094150938783077,0.9989190855656728
id04767,0.02158324737740222,0.9667428838380085,0.011673868784589248
id27378,0.3839009826352979,0.5493855112412247,0.06671350612347732
id18513,0.07144701038661093,0.7301875065554377,0.19836548305795143
id00039,0.014043622979141055,0.9556032939345752,0.030353083086283726
id20215,0.011298863420871387,0.0018202262085825855,0.986880910370546
id10866,0.993778816011092,0.0011935191232925932,0.005027664865615425
id21300,0.9204645784478064,0.0006882271534471536,0.07884719439874652
id23195,0.015059168759774673,0.0033794560642136408,0.9815613751760117
id10395,3.0174920684569484e-06,1.3280294387272431e-05,0.9999837022135443
id24591,0.007649528994224671,0.9917609343520467,0.0005895366537286614
id11451,0.11602501669067863,0.7794496618418777,0.1045253214674437
id06368,0.8715686745214064,0.12593363102663696,0.0024976944519566045
id08652,0.06551373662701651,0.012395642093261865,0.9220906212797216
id09531,0.010598124436109599,0.001350947185069219,0.9880509283788211
id18276,0.26157618632874124,0.5296331001997311,0.2087907134715276
id13581,0.993804069791235,0.000941564428439672,0.005254365780325319
id04016,0.012346322688149844,0.9874349555953762,0.00021872171647386088
id20146,0.9945261775959612,0.0009486076130494852,0.004525214790989316
id00662,0.008312539313915455,0.9354716394652388,0.056215821220845806
id18612,0.1999141524318776,0.7500742756663011,0.05001157190182128
id13097,0.0004800816598969056,2.457193699648446e-06,0.9995174611464035
id04565,0.6400968096509086,0.0025452738199184554,0.357357916529173
id13278,0.023149247639291565,0.29237648980552233,0.6844742625551862
id15049,0.0508534467191546,0.0002916870757183964,0.948854866205127
id00813,0.16368536366343306,0.01639719158272223,0.8199174447538446
id08487,0.9886735095435288,0.006384852545952947,0.00494163791051825
id00232,0.07616372747743892,0.6957860141470942,0.2280502583754669
id08431,0.04284306940631228,0.8284197559757873,0.12873717461790038
id21970,0.05465802788040619,0.773464779987383,0.17187719213221073
id10993,0.19717994370070274,0.003240143526087481,0.7995799127732098
id19688,0.7445831717368008,0.2363603963036182,0.01905643195958112
id24335,0.014569775295790883,0.9799005159650379,0.005529708739171274
id19921,0.4530557017568856,0.004776017677457461,0.542168280565657
id05722,0.08496385564406565,0.9134681329420491,0.0015680114138851065
id22968,0.11638856511044464,0.5847685432304632,0.29884289165909217
id17352,0.026845157286860228,0.005041845421313554,0.9681129972918263
id14763,0.20338197020032098,0.02037713472894467,0.7762408950707343
id19161,0.9986878183701202,0.0009693909317413039,0.00034279069813849655
id06529,0.45352688968420973,0.02166850951234871,0.5248046008034416
id04591,2.4526104308676433e-06,0.9999566316079906,4.0915781578448e-05
id26679,0.0020797624701003464,0.011435345865818007,0.9864848916640817
id20758,0.45559350048200553,0.09147573691745106,0.45293076260054344
id18412,0.00021283612195203462,0.9977008333442359,0.0020863305338121737
id11139,0.3505620522041027,0.019741602700128646,0.6296963450957687
id24947,0.0011868992698356288,0.9157944630058874,0.08301863772427709
id25587,0.869927864245937,0.000232604116276251,0.12983953163778672
id20415,0.9472839536284581,0.03422395316562534,0.018492093205916642
id17526,0.06351533317952823,0.9331903627454476,0.003294304075024223
id15636,0.0012552811822322048,0.0008305237896964489,0.9979141950280713
id22417,0.032037360295488516,0.9595223069017671,0.008440332802744385
id23248,0.019457823511604577,3.7100684365121756e-05,0.9805050758040303
id20053,0.006625466649935412,0.0007272650347957408,0.9926472683152688
id07860,0.0007675013259654508,0.9978675844234285,0.0013649142506059646
id01943,0.6163136413275242,0.0989733604833553,0.28471299818912055
id06083,0.0682956834288826,0.03311783353570488,0.8985864830354126
id08055,0.9985654678533628,0.0014273779715943706,7.154175042818637e-06
id04535,0.7139192388001422,0.18183898911591054,0.10424177208394729
id14822,0.9075304393086887,0.04084037983787513,0.05162918085343615
id14672,0.335412168148669,0.6447185105870932,0.01986932126423784
id00384,0.05045286581107612,0.9337937067788677,0.015753427410056146
id21987,0.9696402801185784,0.026280928068581247,0.004078791812840414
id18355,0.001302512350570924,0.9968223618104635,0.0018751258389656045
id04752,0.12478738292019796,0.013144149893876324,0.8620684671859258
id09508,0.17237515608617304,0.5181547557218503,0.30947008819197663
id04970,0.0020212361837409066,0.012757573030234457,0.9852211907860247
id10077,0.9921589741582576,0.003325808514514253,0.004515217327228147
id18380,0.03695518632460339,0.0020355300978673546,0.9610092835775292
id16265,0.14017629638446197,0.5519816699779131,0.307842033637625
id16691,0.7988289101452802,0.003202541505850081,0.19796854834886962
id19119,0.00029414207089318586,0.9095912023013429,0.09011465562776395
id23948,0.9439476812736617,0.05492318836281333,0.0011291303635250019
id13829,0.13147376372863656,0.8426740078817733,0.025852228389590264
id00341,0.02144893679887539,0.80932444361661,0.16922661958451451
id22970,0.8906629649929364,0.10557302898030516,0.0037640060267583736
id15701,0.015106716822873392,0.47375786831137495,0.5111354148657518
id20251,0.7252821218115405,0.13942588708776957,0.1352919911006899
id14639,0.9901893025249585,0.0059642568814954056,0.003846440593546118
id00677,0.2534044768555469,0.7461391937814426,0.00045632936301059446
id17582,0.1114130361712179,0.06658587518179818,0.822001088646984
id27458,0.9980769663554993,0.0015732023493165513,0.0003498312951840814
id22950,0.9847460907018197,0.005211381360127212,0.010042527938053058
id20869,0.05280666232331432,0.9113071190053431,0.03588621867134257
id21303,0.001117564900228447,0.9919491453648501,0.0069332897349215095
id18468,3.576471302685951e-05,5.078309494332961e-06,0.9999591569774788
id03707,0.39775218300628545,0.5928135632931,0.009434253700614553
id08971,0.027530424812858667,0.06209621460915442,0.9103733605779869
id06528,0.9958325806279323,0.0018208089846092478,0.002346610387458411
id12269,0.9877295429285913,0.0003075444038370606,0.011962912667571676
id15671,0.8670622853384458,0.13128716592998918,0.0016505487315650969
id23598,0.12062901142255383,0.3536587214667673,0.5257122671106789
id09785,0.005891962152126246,0.9647842011065831,0.029323836741290597
id17986,0.01757445632029354,0.9584103529814403,0.024015190698266072
id10783,0.7291399757946585,0.012088220229154664,0.25877180397618676
id13254,0.7624365684850245,0.01815937074149806,0.21940406077347735
id11172,0.4827987618849424,0.4330769914740963,0.08412424664096133
id11173,0.8421004389119906,0.016607016653515955,0.1412925444344934
id10194,0.9693894720913414,0.026211356031515167,0.004399171877143494
id20978,0.28972808710055525,0.027743896774660486,0.6825280161247843
id16621,0.00012813989593244627,0.0004968917974466774,0.9993749683066209
id22431,1.0736341561472636e-05,7.0696459227121366e-06,0.9999821940125159
id06777,0.00045282198157902233,0.0063845435719337195,0.9931626344464872
id26513,0.9489853679246794,0.0003365424182494714,0.05067808965707116
id01367,0.0060568156411844225,0.0017097195176939905,0.9922334648411216
id04147,0.9669819059803169,0.02183009280623524,0.011188001213447901
id05179,0.9992320816720567,0.0003896793355698598,0.0003782389923734299
id18358,0.974358195235118,0.004129298749434769,0.021512506015447262
id07618,0.0006169963221939676,2.751231256964861e-05,0.9993554913652364
id12256,0.9999176848928041,5.0348746197981714e-05,3.196636099789216e-05
id08161,0.004110063743814931,0.008822016430398275,0.9870679198257869
id22119,0.9218401374948644,0.0016468470919967593,0.07651301541313874
id01189,0.5415896891017606,0.00465030663780523,0.4537600042604343
id02092,0.002662220521207846,0.0006849602358249855,0.9966528192429671
id23335,0.0002710336604571635,0.0025385444352175575,0.9971904219043253
id11935,0.04626304416234868,0.9211273437182997,0.03260961211935152
id16683,2.145234336685121e-05,2.146623165380411e-05,0.9999570814249794
id03304,0.5568410152263507,0.019784029052232595,0.4233749557214168
id02462,0.7694224880957524,0.005096982328293751,0.2254805295759539
id02317,0.7319151678979491,0.11779196594674103,0.15029286615530987
id26557,0.055838921276916406,0.9328676061541803,0.011293472568903387
id10939,0.008064449456860452,2.4152100716636442e-05,0.9919113984424228
id20612,0.4414002238561888,0.0027174508786419116,0.5558823252651692
id14812,0.9826141676779977,0.011013678166194668,0.0063721541558076755
id01791,0.001142255684692126,3.487677736064668e-05,0.9988228675379471
id11781,0.9992745562429957,0.00016841395186730968,0.0005570298051371538
id00742,0.5402563968953713,0.4540044693469734,0.0057391337576553425
id22940,0.02548742032893242,0.9271101835531378,0.047402396117929735
id13487,0.0035179901051919688,0.007428213541814688,0.9890537963529934
id17300,0.14156628641057978,0.7931224617360654,0.06531125185335482
id09499,0.7485347030775826,0.023031616260958978,0.22843368066145844
id10171,0.9301934876281674,0.06098370242639081,0.008822809945441778
id06209,0.7745726617500424,0.020383670416231944,0.20504366783372568
id09665,0.06476134171748023,0.037197893426046735,0.898040764856473
id03362,0.9300590982389643,0.0619478477122373,0.007993054048798433
id14396,0.9740565467913395,0.010791007998173566,0.015152445210486951
id16245,0.0071995704398902785,0.9923470350124046,0.0004533945477051749
id26422,0.03469859746365586,0.9649661469297218,0.0003352556066222634
id26205,0.019467329368060192,0.9216911592084662,0.05884151142347365
id18260,0.5441939716626302,0.0018833461754236417,0.4539226821619462
id13043,0.9185994480970244,0.07641684443580375,0.004983707467171851
id15512,1.5152027551949895e-05,2.1243100581936327e-05,0.9999636048718661
id05669,0.9358085084172716,0.045491061169422864,0.018700430413305626
id01979,0.01768165724860405,0.9564877247069978,0.025830618044398148
id00264,0.10201347079127428,0.7828367538400788,0.11514977536864691
id16978,0.005951460101004544,0.9932973712242342,0.0007511686747612684
id15537,0.9971121802720134,0.0026027934332392842,0.0002850262947472325
id06912,0.9553092177377112,0.0010921511636395678,0.04359863109864934
id16722,0.9579447380779526,0.02898880866611353,0.013066453255933915
id21076,0.12390002187724643,0.12693378518710663,0.749166192935647
id17729,0.007668477855511379,0.00021518071526851367,0.9921163414292201
id07151,0.9840260253122024,0.009268559970520127,0.006705414717277458
id10920,0.0068208966017791256,5.225630201426762e-05,0.9931268470962067
id13472,0.005767127785761939,0.6645174521085739,0.3297154201056642
id14511,0.03284948029256407,0.017888939433695145,0.9492615802737409
id09724,0.0031174630303005147,0.9960868709561257,0.0007956660135738511
id02086,0.0024015279755362166,0.9963605731785635,0.0012378988459002794
id03491,0.9163701792160663,0.000590234332179291,0.08303958645175444
id01443,0.013445263887757415,0.9781640820288329,0.008390654083409632
id25975,0.0014012402958222129,0.012438404397131614,0.9861603553070462
id13427,0.9791766513071677,0.02019407550610611,0.0006292731867263078
id24638,0.9949762596277643,0.003554466243200319,0.001469274129035513
id12324,0.6793028779044988,0.31039987312459705,0.01029724897090426
id08372,0.5455839882865551,0.002192861965345212,0.4522231497480997
id12804,0.8570818555799382,0.13271792730734905,0.010200217112712729
id08782,0.13244942265611123,0.6983913603469782,0.16915921699691058
id13806,0.918061220060137,0.030090976161600252,0.05184780377826278
id05363,0.9518174458494849,0.004424019429941787,0.043758534720573304
id04346,0.08054848884262689,0.767041095069456,0.15241041608791717
id09301,0.11855685247133,0.0014792285867550104,0.8799639189419151
id07236,0.011184645657837151,0.9832253436996639,0.005590010642499052
id24458,0.9936342027917415,0.0017892377783223891,0.00457655942993611
id27266,0.7517287466082901,0.2459685848429712,0.002302668548738684
id16234,0.9995690634193155,0.00021846628905665262,0.00021247029162790577
id01165,0.0005139400717612483,0.999446990269334,3.906965890481652e-05
id14717,0.00037355927827986284,0.0021834213746953703,0.9974430193470247
id11547,0.9694919292035502,0.02428917951416242,0.006218891282287356
id19270,0.05245001116157306,0.04227815132065161,0.9052718375177754
id25484,0.00027829163542169465,0.0018386596314615147,0.9978830487331168
id16305,0.6682978296347152,0.0006570975474397678,0.331045072817845
id08377,0.009801417586412745,0.03736784467803914,0.9528307377355482
id12457,0.09209120238255228,0.8001744445731103,0.10773435304433741
id07764,0.7457155683699593,0.14574364659020164,0.10854078503983916
id06811,0.2364174666323009,0.44630695253331854,0.31727558083438057
id15510,0.04244999187125921,0.9356298153180136,0.021920192810727313
id16871,0.7106526032842353,0.018547493242920588,0.27079990347284405
id27521,0.0012185181993458747,0.034747386477976955,0.9640340953226771
id03446,0.29405059734010464,0.05510067728779919,0.6508487253720961
id21485,0.004538361940470809,0.9954143037958549,4.7334263674193784e-05
id07573,0.9004414774609357,0.020965442411883202,0.07859308012718108
id11351,0.804971131174377,0.00021255276883319526,0.1948163160567899
id05073,0.9993807431036539,0.0005466627821757118,7.259411417048074e-05
id25370,0.843806199989058,0.060712785180956824,0.0954810148299852
id01287,0.36333261418561125,0.07182123115650592,0.5648461546578828
id22738,0.048345590671678706,0.7492668206510613,0.20238758867726
id06358,0.5623070766146936,0.3304493239543015,0.10724359943100496
id20987,0.9982906693721229,0.0006311988402585499,0.0010781317876186124
id05728,0.0005459627884465083,4.925549082287804e-06,0.9994491116624712
id18851,0.9487275992588038,0.04708782585605076,0.004184574885145429
id20812,0.901921795327425,0.004515907568495823,0.09356229710407912
id26807,0.9001260900995414,0.0038171234587852628,0.09605678644167337
id08877,0.9274193600543285,0.07166651432278381,0.0009141256228876913
id27719,0.07544311959790669,0.91075560167841,0.013801278723683367
id12814,0.9190062854348323,0.07546637870263626,0.005527335862531402
id20737,0.8129384443483861,0.009565711625250984,0.17749584402636287
id19599,0.061586060034897014,0.8377579501322899,0.10065598983281314
id22581,0.949124364452808,0.01709090363704723,0.033784731910144646
id17367,0.022728520893524472,0.46424465214137023,0.5130268269651053
id19052,0.9974950274227113,0.0017236625413340743,0.0007813100359546849
id19714,0.02591511220749333,0.08793482122612203,0.8861500665663846
id15346,0.2540312928504696,0.3953009721580564,0.3506677349914741
id20943,0.04581902076870627,0.947033216492659,0.007147762738634746
id00839,0.9192110180604114,0.04432859580186372,0.0364603861377249
id17616,0.8533274513793929,0.00025867302371913214,0.1464138755968879
id16607,0.779961151057863,0.006064541557120218,0.21397430738501688
id11222,2.0945802915436252e-05,0.9999525290052096,2.652519187491439e-05
id01327,0.03292987734234991,0.22282534124935188,0.7442447814082982
id09153,0.00013296056570880145,6.253767793641956e-06,0.9998607856664976
id03263,0.9975894923659504,0.002058535461058414,0.000351972172991237
id02022,0.9685601214062742,0.0027879388548031517,0.0286519397389227
id10248,0.04084678915389248,0.0029453701052353097,0.9562078407408722
id16844,0.06293926071581878,0.021427515329607405,0.9156332239545738
id20889,1.5439802642668952e-05,0.9999828010730927,1.7591242647263601e-06
id07906,0.9815894190961962,0.010374027320044298,0.008036553583759383
id08420,0.952583141872764,0.001666123449572714,0.04575073467766322
id21359,0.9716083478393934,0.027122438677596207,0.00126921348301034
id19412,0.21294808220633632,0.08480028652164445,0.7022516312720193
id15431,0.8112936139203117,0.08146896752697558,0.10723741855271274
id11725,0.0063151858552942695,0.0003711830232124911,0.9933136311214933
id22979,0.7420406400188387,0.23141338751806892,0.026545972463092427
id05089,0.3488554023775815,0.0872166061756922,0.5639279914467263
id03340,0.3892947206333395,0.15445815952921715,0.4562471198374433
id04987,0.07725861531067561,0.6124055423381907,0.31033584235113376
id17874,0.00020794403755409528,0.9997290552920244,6.300067042149875e-05
id27885,0.043692694299416836,0.662012634441729,0.29429467125885433
id18437,0.9880146092597587,0.009129874351522687,0.0028555163887186486
id09554,0.004698701930491223,0.048263368133810255,0.9470379299356986
id10424,0.00091643836528387,0.9987841821988237,0.000299379435892367
id07212,0.9831170374265104,0.0008191384330254216,0.016063824140464263
id01521,0.01392766147945561,0.9853371399593399,0.0007351985612045018
id08328,0.4350248684551311,0.45911607344445327,0.10585905810041557
id04240,0.039454251775058055,0.06577211173843721,0.8947736364865048
id19159,0.029332730064181117,0.024953324274353608,0.9457139456614653
id23430,0.11823586302147612,0.006268086760427915,0.875496050218096
id15808,0.9998206574757269,2.5117009585708187e-05,0.00015422551468731067
id17944,0.016684646720901287,0.9526329745842048,0.030682378694893896
id17117,0.12290946603047384,0.018159039384512,0.8589314945850142
id11847,0.08711491261210258,0.9103339297824122,0.0025511576054852653
id20860,0.00012342357659120244,0.02669162274742603,0.9731849536759828
id05042,0.09344416871442117,0.15944142306803386,0.7471144082175449
id01454,0.9124197089765109,0.055011622310638594,0.032568668712850565
id24691,0.04911061449106996,0.9465546626868306,0.0043347228220993635
id18909,0.01460778305760301,0.9829137002765912,0.002478516665805803
id03977,0.002704534595475379,0.9972707012424301,2.476416209454485e-05
id18706,0.9942003086696598,0.00416296978934848,0.001636721540991738
id09585,0.8199041199038823,0.15136853932354477,0.028727340772572874
id21204,0.42928454131603555,0.06183289964115965,0.5088825590428048
id03237,0.005236542278482114,0.993962506213233,0.0008009515082849398
id02227,0.009533418031080125,0.902360807581242,0.0881057743876779
id12092,0.15291302658179115,0.5407416183481611,0.30634535507004784
id22442,0.13269604775236712,0.0031528804170541866,0.8641510718305786
id21612,0.9551373464282924,0.03807782732101948,0.006784826250688148
id18281,0.9969442994547684,0.003049752965213726,5.947580017889262e-06
id04165,0.7039601435245827,0.11393694069303681,0.1821029157823805
id05997,0.0069475522032947535,0.0008941936507967397,0.9921582541459085
id05740,0.35819697019274055,0.012806543110535471,0.628996486696724
id27088,0.010417996104283156,0.02111736430712951,0.9684646395885874
id07035,0.0003274248849975784,0.0003372610346419924,0.9993353140803605
id03752,0.014945064674483019,0.9565705462440379,0.028484389081479135
id17486,0.0002046981517316396,0.9997526117872353,4.269006103311622e-05
id05171,0.018321684966042553,0.024344036283940846,0.9573342787500166
id26259,0.3148531566575305,0.6012502209649688,0.08389662237750056
id04499,0.9684751686307593,0.0075221105206455694,0.024002720848595126
id21190,0.49198040693610723,0.017761514079290983,0.4902580789846019
id24639,0.9990339564693973,0.0005219572201764942,0.0004440863104262459
id27331,0.9976683824024375,0.0009703639127810291,0.0013612536847814644
id21843,0.1631042674761151,0.15493408134155892,0.681961651182326
id03814,0.6790675127598804,0.06140109244158523,0.2595313947985344
id18027,0.9085966172718976,0.020549555026894935,0.07085382770120754
id01409,0.10683852130075468,0.06249905905911171,0.8306624196401335
id09457,0.4058837943021904,0.15645615414412617,0.4376600515536835
id21146,0.023609236571625072,0.8802704127903705,0.0961203506380044
id14214,0.9343804921656933,0.024132758035412608,0.04148674979889409
id11322,0.20566622656058964,0.011878818961272741,0.7824549544781376
id24632,0.9969122811718981,0.0016042574383090139,0.0014834613897927377
id25647,0.9863961795528672,0.01081529503208888,0.002788525415043898
id24705,0.05217674097711094,0.006544505298837301,0.9412787537240518
id12948,0.9803564362288314,0.004708181975808901,0.014935381795359644
id17970,0.2347369473028889,0.5376419282726589,0.2276211244244522
id14307,0.3831588860502744,0.014695645139478507,0.6021454688102471
id05319,0.9740433234444962,0.01036299742175972,0.015593679133744088
id08869,0.9355094598649055,0.0034769948240307297,0.061013545311063754
id14750,0.025903896409511445,0.9683186645474664,0.005777439043022187
id17625,0.39848670437585526,0.4952725587983651,0.10624073682577961
id00539,0.9550141276965349,0.04009268271001132,0.004893189593453781
id11803,0.999765104357321,0.0002100319248496494,2.486371782925211e-05
id01720,0.6380168520478351,0.19006078085761902,0.17192236709454586
id18124,9.93119770450243e-05,0.9998953844579874,5.303564967497739e-06
id23852,0.8151858154212231,0.12591306993078138,0.05890111464799557
id10256,0.4470728811627305,0.34832102750198224,0.20460609133528737
id16114,8.09792802969129e-05,0.0021139503045636723,0.9978050704151393
id04698,0.000993761855455028,0.9787284840341756,0.020277754110369254
id02262,0.9466972166628177,0.028151772474284256,0.02515101086289802
id21818,0.9939557252832786,0.0032160149748736103,0.0028282597418478835
id04376,0.014951856568258926,0.969670163837235,0.015377979594505986
id02245,0.021236974181035772,0.00019850401568246984,0.9785645218032818
id17999,0.9600154468772016,0.02708568079020729,0.012898872332591124
id22112,0.0021381519200752335,0.00014391871457400927,0.9977179293653509
id03366,0.0003067159268294923,0.9993317341379067,0.0003615499352638724
id16931,0.48206919277255117,0.4662798264361531,0.05165098079129574
id08380,0.9973167634137544,0.00026564172878135726,0.002417594857464086
id21257,0.003727755593363722,0.009058540697091829,0.9872137037095445
id21907,0.49468286324456895,0.4478698236301429,0.0574473131252882
id08564,0.00017258342725721737,0.0003097392571036071,0.9995176773156392
id13452,0.9967496229803897,0.002700147657443238,0.0005502293621670854
id18212,0.013984073718602642,0.12909857042154832,0.8569173558598491
id18574,0.014426369307264566,0.001060263756230066,0.9845133669365054
id06512,0.6544915308857356,0.3262308023784767,0.019277666735787697
id09001,0.0590868370876339,0.21405687352416616,0.7268562893882
id03841,0.998517872625222,8.868142680611142e-05,0.0013934459479719927
id10220,0.00010032958856712271,0.9994585486136469,0.00044112179778598484
id25711,0.03356083530384272,0.336057046012444,0.6303821186837133
id20897,0.9906041848952016,0.00793981888212181,0.0014559962226766098
id04974,0.012978304263606974,0.8071403130903707,0.17988138264602224
id16590,0.053421612995960176,0.9426726726331329,0.003905714370906997
id07772,0.11831056636326234,0.0165825911631236,0.865106842473614
id22328,0.15908479113128038,0.13240436400536257,0.7085108448633571
id19717,1.6443942363092638e-05,1.3921506042554305e-07,0.9999834168425765
id16885,0.9662348871717032,0.0076912392698421095,0.026073873558454672
id13849,2.9603476840498715e-05,1.0828214747619013e-06,0.9999693137016847
id15663,0.37499620553905433,0.4855507206014106,0.13945307385953515
id10324,0.07027263629591683,0.9068138571901101,0.022913506513973024
id13961,0.9993656313420692,0.00047596889586482547,0.00015839976206580793
id16800,0.8816047195400412,0.04697109712750515,0.07142418333245365
id11673,0.9867846613577581,0.005682531633628776,0.007532807008613162
id13000,0.00048639000152118244,0.010100829401981051,0.9894127805964978
id00914,0.311844708280899,0.18355485444150554,0.5046004372775955
id15610,1.4108622874039553e-06,5.992612798504561e-06,0.9999925965249141
id01813,0.08893992064682545,0.7758234037523826,0.135236675600792
id01426,0.47213018738557,0.5025472908317885,0.0253225217826415
id03574,0.2808916304300564,0.43223536645130045,0.2868730031186432
id05070,5.0427085503449126e-06,0.00038015985414915584,0.9996147974373004
id04765,0.873779008613822,0.04783180886697052,0.07838918251920758
id16320,0.0009086946574383345,0.9990893095616526,1.9957809089999044e-06
id04364,0.023794848520050375,0.9564428785731779,0.01976227290677177
id23824,6.24196531343441e-05,3.751302618252641e-05,0.999900067320683
id22829,0.009115826661420919,0.0017740795469356981,0.9891100937916434
id03936,0.012539309714170282,0.003620019912041629,0.9838406703737881
id26831,0.9954531600860435,0.0001156690096526322,0.004431170904303996
id20085,0.005739893073729519,0.00027192039595849064,0.9939881865303121
id07088,0.0014617487899193735,0.0002657962105758967,0.9982724549995048
id07070,0.9998443496505316,1.6552556754899128e-05,0.00013909779271349532
id25959,0.4401901069435651,0.5523303831501999,0.00747950990623501
id07781,0.3875613641613054,0.13787443183187414,0.4745642040068205
id20070,0.5097052604731369,0.0004380366448916393,0.4898567028819714
id25613,0.39083202982728976,0.6068972795576772,0.0022706906150329847
id11356,0.8848493340064192,0.030176130321113718,0.08497453567246707
id04510,0.026639983305446025,0.9725686371857526,0.0007913795088013341
id17122,0.0317822577238795,0.9486396740928678,0.019578068183252775
id17297,0.977027749771592,0.01917787904402483,0.0037943711843832725
id12386,0.0003726208838558498,6.881701310790042e-06,0.9996204974148334
id05764,0.49446180366718784,0.4985155856715272,0.007022610661285025
id24550,0.7195663371936875,0.14026610342337112,0.1401675593829414
id16098,0.3993633539320975,0.002520810592640993,0.5981158354752616
id20488,0.001618567178121927,1.5068002944863148e-05,0.9983663648189333
id04762,2.3767835816765526e-06,3.074412507186045e-08,0.9999975924722934
id18416,0.09798338881194268,0.1350062452883891,0.7670103658996683
id08097,0.8159697967284403,0.019649972997997086,0.16438023027356272
id07418,0.15494855685275566,0.8410089553603238,0.004042487786920509
id04279,0.02541614937160589,0.9672789794476381,0.0073048711807560856
id23856,0.10687434708669274,0.8818680827147701,0.011257570198537143
id17218,0.15534163478837262,0.7859968277461165,0.058661537465510956
id13440,0.889056889033701,0.06186771090415194,0.049075400062147154
id05940,0.6099647470695075,0.007865410902959304,0.3821698420275331
id20514,0.8039261516465689,0.18461184473500789,0.01146200361842336
id22468,0.07549385006053988,0.9243733480407421,0.00013280189871803369
id25829,0.551109689111441,0.18824850229694337,0.26064180859161573
id01144,0.007780395673373722,0.9841314540872181,0.008088150239408084
id17439,0.8948572024324575,0.03004740448801867,0.0750953930795238
id15324,0.020863208597422488,0.020884184180427007,0.9582526072221506
id02682,0.8997793080508605,0.05221948033873016,0.04800121161040937
id10725,0.4511935363308823,0.016607920335864272,0.5321985433332534
id06948,3.792844122297257e-05,9.195566488538398e-05,0.9998701158938916
id27293,0.006849620518649858,0.008358396589652355,0.9847919828916978
id21089,0.006600593385876946,0.0005596945584191642,0.992839712055704
id24752,0.01279260221222245,0.9750995783606178,0.012107819427159772
id15547,0.03133021242895534,0.003506902357418586,0.965162885213626
id02362,0.15338537910689173,0.011777529118997859,0.8348370917741105
id03622,0.00014584708592270997,2.1982709812741354e-05,0.9998321702042645
id13594,0.9806256332297306,0.002674572150370884,0.01669979461989846
id09237,0.9977727526721125,0.0009238091480874928,0.0013034381798000003
id27548,0.6424009055688192,0.001491741111775311,0.35610735331940546
id15491,0.6446080361115781,0.0200660645260853,0.3353258993623367
id23878,0.08330344093875042,0.15436908048638787,0.7623274785748618
id16395,0.004691495066821735,0.9663358596508405,0.028972645282337846
id00607,0.8045443302784503,0.16484874294698076,0.030606926774568798
id03319,2.4431852270066956e-05,0.12630112617217942,0.8736744419755506
id25727,0.0030881574597548403,0.0012965131139390323,0.9956153294263062
id04134,0.034582936803294675,0.2854800432452288,0.6799370199514765
id14169,0.002175448815717532,9.921248116783303e-05,0.9977253387031146
id08463,0.04020343453359083,0.954529342219181,0.005267223247228116
id09722,0.9742381239993146,0.00032212714025232783,0.025439748860432973
id27766,0.415454794011604,0.060690257126358525,0.5238549488620375
id03009,8.504742139990846e-06,0.9997491322353332,0.00024236302252673148
id04450,0.9099143693080286,0.014634045542920951,0.07545158514905047
id07929,0.011003261267642372,0.012028649696573768,0.9769680890357838
id07043,0.003541842953567538,0.9950242941964594,0.0014338628499730574
id18055,0.9244759196635688,0.004419585007923563,0.0711044953285075
id27134,0.9996843393837381,0.00016838795179610727,0.0001472726644658425
id21914,0.9943461535504163,0.0002830589630080178,0.005370787486575626
id13990,0.9958399600089418,0.0037568415860234254,0.0004031984050347771
id14203,0.20682042833170886,0.7620992874197577,0.031080284248533468
id24206,0.9993309770738178,2.4894673531127253e-05,0.0006441282526510358
id20319,0.6887676931659938,0.05839746140080099,0.25283484543320517
id05262,5.567744895115204e-05,0.0024547009105370748,0.9974896216405118
id18303,0.5571888625958035,0.022835857751285042,0.41997527965291154
id16371,0.6113381673774505,0.20134293424150262,0.18731889838104687
id24739,0.9991453497722066,0.0005160301614680776,0.0003386200663253713
id04446,0.006869527403571949,0.9109096730519086,0.08222079954451944
id01744,0.18547651926269335,0.7642344589266676,0.05028902181063906
id08035,0.046280723124038636,0.35474374087141786,0.5989755360045435
id06954,0.08693477335259407,0.01950341467263634,0.8935618119747695
id12399,0.6710291346263907,0.2588373331573323,0.07013353221627702
id08447,0.8223306113180464,0.0038016167181410656,0.17386777196381262
id05161,0.8126757464404785,0.051062513833848654,0.13626173972567293
id16609,0.3088715460274333,0.42283962080317883,0.2682888331693879
id18831,0.82628530523707,0.09910459258920816,0.0746101021737219
id00261,0.7727177760050796,0.19532274909431363,0.031959474900606764
id26352,0.2754532486501898,0.722965774412069,0.0015809769377412499
id20993,0.4335755166067683,0.4646399476067957,0.10178453578643609
id23911,0.8122797385405529,0.12314855460811534,0.06457170685133182
id19839,0.8201468452189073,0.022053279008693798,0.15779987577239873
id20764,0.21828539123423357,0.7544935623072493,0.0272210464585173
id09487,9.488353718702196e-05,2.3209373388064653e-05,0.9998819070894249
id22942,0.00020266964051891486,0.002000111563132816,0.9977972187963483
id18010,0.9422694622489202,0.007464061593249571,0.050266476157830316
id15478,0.006590710175774569,0.9933017835764384,0.00010750624778701715
id02656,0.6452955019946008,0.34208626546092746,0.012618232544471659
id13934,0.0246204879545426,0.13314005498600856,0.8422394570594488
id00898,0.01621867187919893,0.8802973143976568,0.10348401372314435
id12117,0.6259619497424489,0.242963577298767,0.13107447295878413
id00130,0.0006672277486609515,0.9985604875820298,0.0007722846693093813
id23047,0.9639115349105996,0.021206315147632857,0.014882149941767692
id11632,0.08303798946091358,0.08716979148473078,0.8297922190543556
id03037,0.8548746764931406,0.06651411632729322,0.07861120717956617
id08839,0.8344787348422845,0.03743015844504382,0.1280911067126717
id00442,0.0015169590257154521,0.997748041503296,0.0007349994709885953
id11220,0.023288913302142472,0.9659654413285502,0.010745645369307286
id06386,0.4457989736437657,0.28163307973508256,0.2725679466211518
id08710,0.0003724355223592036,0.0006306700139147219,0.9989968944637261
id22534,0.4321370045960249,0.004552542914687505,0.5633104524892876
id14573,0.4001853779924028,0.007783845276425998,0.5920307767311713
id25181,0.0002265040055700527,0.9993436675277708,0.0004298284666591446
id04005,0.9280402272599897,0.042037528119663055,0.029922244620347278
id20181,0.09410073877870853,0.04174232290139223,0.8641569383198993
id05870,0.020657291236834584,0.9625871005708253,0.016755608192340076
id17217,0.033620680979306684,0.7504815066961241,0.2158978123245691
id02811,0.9062260238692955,0.06971106487362468,0.02406291125707981
id07633,0.003900503926445,0.004212348774809115,0.9918871472987459
id11667,0.9963812184727261,0.002144340324537779,0.0014744412027361377
id10403,0.003160559916345842,0.9965864269714204,0.00025301311223371224
id20982,0.9801560329554834,0.01401433449984682,0.0058296325446698495
id12082,0.8926949336259659,0.01273668502286018,0.09456838135117397
id05888,0.9784690072014594,0.01846897846828787,0.00306201433025282
id14598,0.5898339473272507,0.32119500972934734,0.08897104294340202
id10606,0.35902421478121793,0.20128861633867323,0.4396871688801089
id22770,0.006067527740015537,0.9909735631248735,0.002958909135111045
id16266,0.5118090320538774,0.48589805537735425,0.0022929125687683226
id07726,0.9695770292495661,0.0014832653357783492,0.028939705414655553
id03160,0.00021373604608478287,0.002032900127393229,0.997753363826522
id14042,0.22854024891112887,0.024987221217929668,0.7464725298709415
id26093,0.0033339395467059654,0.28191264327482807,0.7147534171784661
id09880,0.9807755638863349,0.013027173792564054,0.006197262321101043
id17282,0.002999265271730167,0.9876143173662136,0.009386417362056275
id01425,0.5961968612230476,0.387190268424855,0.016612870352097367
id03105,0.048882212489576686,0.04596720648864645,0.9051505810217768
id16520,0.49888911147554393,0.03051172025221189,0.47059916827224424
id11348,0.0637686598296067,0.0017357062441343465,0.934495633926259
id21714,0.04286502927589248,0.018891045931413393,0.9382439247926941
id22015,0.9333428910553359,0.04766982337656322,0.018987285568100934
id11182,0.41587936766937883,0.005199261623531705,0.5789213707070895
id17093,0.0647468437884217,0.9266396598473139,0.00861349636426446
id23163,0.1812785586907128,0.25897679988970823,0.559744641419579
id19556,0.012449426470715877,0.0032917861127548173,0.9842587874165294
id27947,0.029551189072755727,0.0045038532550001386,0.9659449576722442
id26003,0.8635311912592711,0.01856211317249181,0.11790669556823707
id19110,0.92203539952822,0.032656079222643256,0.045308521249136716
id07521,0.039408287593441886,0.01784075575108596,0.9427509566554721
id04302,0.6093507136604462,0.09799817860921681,0.292651107730337
id25662,0.04305673239833896,0.9568926718640767,5.059573758432966e-05
id16568,0.17824328579037388,0.007308176042007244,0.8144485381676189
id11181,0.0009213134239625633,0.9979592317325091,0.001119454843528428
id20268,0.21237867746193353,0.7874317512022381,0.0001895713358284747
id16999,0.44305739998612537,0.001674572958816981,0.5552680270550577
id14217,0.9528747899134032,0.039024478626145734,0.008100731460451037
id23850,0.9851048320733529,0.012417571806368717,0.0024775961202784615
id25176,0.03378267181553195,0.9481747102901497,0.01804261789431836
id20106,0.9607146404220138,0.004035673216366782,0.035249686361619445
id16717,0.9989385929508924,0.0002915068243453157,0.0007699002247623308
id24898,0.0012365958742138992,3.7701829595936825e-05,0.9987257022961902
id08288,0.7007207723964732,0.2964242862027123,0.0028549414008145996
id03986,8.400083237357166e-05,5.9935606588791256e-05,0.9998560635610376
id04419,0.8062544123586455,0.010872697173785105,0.18287289046756933
id20547,0.5789409282689694,0.4052082349952743,0.015850836735756425
id00881,0.3365001853086306,0.2019033029693154,0.46159651172205407
id09830,0.9309704330525957,0.012126185948171322,0.05690338099923298
id00541,0.09785164615191105,0.8236700199964772,0.07847833385161188
id19842,0.10362924196367962,0.0793372652489539,0.8170334927873665
id15372,0.0024487607869128013,0.98722225622103,0.010328982992057222
id13505,0.931728205868515,0.04277660289250978,0.0254951912389752
id17499,0.0006812261261194415,0.008612497283815362,0.9907062765900652
id04001,0.1697762849200501,0.003962876121150474,0.8262608389587994
id00714,0.009198003755637296,0.9334952319567669,0.05730676428759594
id13062,0.03186466176556264,0.4024404713535148,0.5656948668809226
id09809,0.9822590500490023,0.0009313214558166086,0.016809628495181087
id19811,0.0427122053057185,0.02373930789869944,0.9335484867955821
id00257,0.007903112174315882,0.9911282781485158,0.0009686096771683654
id21500,0.14545903486509254,0.7022774989402613,0.1522634661946463
id12230,0.9769166504703326,0.006189692574381744,0.016893656955285705
id16880,0.47853542202115446,0.5159988203721613,0.005465757606684303
id26979,5.552301578956268e-05,0.9991446732534093,0.0007998037308011131
id27968,0.008284874566620316,0.007474904156534507,0.9842402212768451
id23742,0.7984065224352477,0.07464385795610651,0.12694961960864581
id24887,0.5890598746192266,0.3381310347510338,0.07280909062973961
id14590,0.9983817919455659,0.0011571821542340009,0.0004610259002001482
id02314,0.623881453127675,0.1937698414394311,0.18234870543289394
id07927,0.16869286738079334,0.6478421794429355,0.18346495317627126
id21889,0.024048458293356268,0.9695864047819445,0.006365136924699314
id00049,0.005215400310708111,0.9423337757638065,0.05245082392548537
id00619,0.9987979509964638,0.0004238840924790103,0.0007781649110569851
id00757,0.6341031527713552,0.33615236155448874,0.02974448567415604
id27594,0.22656428736172335,0.7679835807527391,0.005452131885537663
id17642,0.0014265677492713185,0.9977832954875246,0.000790136763204101
id01561,0.9806911858541654,0.003502490245363783,0.015806323900470855
id20680,0.9874681622420817,0.003440113875655437,0.009091723882262875
id25679,0.987087747606611,0.008805486819176622,0.004106765574212364
id25753,0.9463940451613901,0.0005718694058929991,0.0530340854327168
id15810,0.6830232706142163,0.1721619871883251,0.1448147421974586
id02594,0.9029551369768869,0.00725264674798791,0.08979221627512521
id13719,0.999939912388354,2.4505469982229773e-05,3.5582141663765854e-05
id19417,0.7089682092660653,0.0023883065253142836,0.28864348420862046
id07763,0.013028849417552845,8.291389317989247e-05,0.9868882366892673
id26824,0.14618601050689845,0.7443623859822057,0.10945160351089592
id12183,0.0002165886556981708,1.325650860595294e-05,0.9997701548356959
id26212,0.16592891548218014,0.8332547444143532,0.0008163401034666814
id10654,0.6116461000040009,0.028285068983051893,0.3600688310129472
id22935,0.1182380929537197,0.8809816180815294,0.0007802889647507401
id19016,0.02469126499169879,0.9745908912016765,0.0007178438066246517
id21167,0.5477820435556439,0.2973883140166941,0.15482964242766206
id06024,0.9665017169549296,0.014913501906536683,0.018584781138533592
id19971,0.01268326400466146,0.9577611999806179,0.02955553601472067
id22514,0.020030817938065455,0.0006806509918283214,0.9792885310701063
id26130,0.6793151001236934,0.3204400661688591,0.00024483370744759813
id22848,0.003959539875393746,0.0038509820062085946,0.9921894781183976
id10327,0.2569191578152338,0.29106072947346745,0.45202011271129877
id00052,0.37524348362368704,0.09036943257562527,0.5343870838006878
id04706,0.02851662303147644,0.955457831342516,0.01602554562600761
id22174,0.0003031591594333265,0.9994996381848014,0.00019720265576519388
id23110,0.004548464424852262,0.10864131817590887,0.8868102173992389
id00951,0.04326760303122463,0.004284908919846339,0.9524474880489291
id20896,0.9963324867821599,0.0002457834461385078,0.003421729771701613
id24317,0.9461446831060674,0.005360427512957239,0.04849488938097532
id00464,0.06447517592456625,0.0055592497669355,0.9299655743084982
id10692,0.033942574385724095,0.07190255245686475,0.8941548731574112
id00982,0.0025452176258983143,0.9913536277836664,0.006101154590435312
id14559,0.9070794037994185,0.0037729241336048264,0.08914767206697659
id20186,0.015819415043860023,0.9082695857312274,0.07591099922491262
id18644,0.08521145271462227,0.2064871398597383,0.7083014074256394
id24398,0.007135137985999827,0.005240887092924983,0.9876239749210752
id03716,0.0015108265838129481,0.9939836892753555,0.004505484140831561
id01335,0.9697128242278017,0.009597898945754095,0.020689276826444246
id15304,0.4733042115544622,0.00032462073421659845,0.5263711677113213
id06814,0.9998985565617162,1.9413942272794183e-05,8.202949601099333e-05
id26197,0.005194368822252884,0.9532206003835679,0.04158503079417921
id14539,0.0016330244795846247,0.003361428056000164,0.9950055474644153
id07165,0.9656399310098909,0.016354331760235985,0.01800573722987325
id07954,0.5360855388131216,0.01942965849942804,0.4444848026874504
id02433,0.04864287747856712,0.045908193632997286,0.9054489288884355
id05348,0.44269374086010044,0.47215751994132055,0.08514873919857903
id21119,0.9973545561926779,0.0006250599601719084,0.0020203838471502316
id00654,0.08825285286952635,0.5818945213263628,0.3298526258041109
id22109,0.017624934032226116,0.006894964703577072,0.9754801012641968
id25945,0.023130593172956803,5.148890922258866e-06,0.976864257936121
id15477,0.0010200756610781042,0.9988147660539456,0.00016515828497638168
id00322,0.9763273461862545,0.008726294099376097,0.014946359714369424
id02529,0.9746659779594782,0.018161280603962805,0.007172741436559087
id21832,0.9939354294460134,0.0023302963191603704,0.0037342742348262068
id04355,0.005873704028850837,0.9932622176249993,0.0008640783461498844
id17241,0.007905388298993083,0.00014890936470813302,0.9919457023362988
id00680,0.4377466129183617,0.01737660626042589,0.5448767808212124
id27114,0.05351935298825549,0.00019122661535424167,0.9462894203963903
id24872,0.9868929403194844,0.01207332472625252,0.0010337349542629739
id23578,0.12574520984857893,0.020436121394242356,0.8538186687571787
id05752,0.6158999043295137,0.0784861011127805,0.3056139945577059
id02747,0.024837339017642304,0.0030624555216757403,0.972100205460682
id12504,0.9707132374992158,0.00039059515326238443,0.02889616734752191
id02823,0.8522484281871636,0.14445246230266134,0.003299109510174875
id18042,0.010487848208891516,0.722582987347594,0.26692916444351455
id00615,0.027979177993014966,0.9681056033441862,0.003915218662798926
id08719,0.19159750669725117,7.01740802799184e-05,0.808332319222469
id07335,0.1832113231552166,0.8048301199106613,0.01195855693412207
id01560,0.002773802625687221,0.004622706592135921,0.9926034907821769
id15186,0.9392303359057945,0.040624974967475365,0.02014468912672996
id13624,0.47266716902961964,0.510663737973723,0.01666909299665745
id11525,0.9872759629194936,0.0077307377239334936,0.004993299356572941
id25222,0.1044744699796488,0.8142298990135497,0.08129563100680148
id07596,0.9951663678668656,8.295235206755053e-05,0.004750679781066795
id07361,0.3598735650375485,0.6254607195260738,0.014665715436377782
id27534,0.9951521742961965,0.004487919246440502,0.0003599064573628754
id24833,0.012530312974894289,0.012574138229507767,0.9748955487955979
id08202,0.7167797523983398,0.25186407762381585,0.03135616997784446
id22038,0.348333863285525,0.6162352082879263,0.03543092842654869
id10367,0.008670029033186517,0.008286801958262294,0.9830431690085512
id09803,0.15989456173168498,0.5446418631206967,0.2954635751476184
id02109,0.8275573348436138,0.17174882128223481,0.0006938438741513558
id26155,0.4124743322007578,0.01661619640833878,0.5709094713909034
id01387,0.030902411238678856,0.946940857852025,0.022156730909296145
id10545,0.8229237868798172,0.003504960991808994,0.17357125212837388
id25889,0.9947739728100683,0.0017723192572246247,0.003453707932707084
id05598,0.991964861788597,8.916674503730482e-05,0.00794597146636569
id07462,0.9423334912556707,0.054826174415965656,0.002840334328363697
id13091,4.811055132148159e-05,0.00012224762344151981,0.999829641825237
id17918,6.893405372906299e-06,8.964273829782403e-05,0.9999034638563292
id05657,0.02959189576381182,0.957469321308984,0.012938782927204167
id22513,0.8977319690198384,0.10086585491794717,0.0014021760622144575
id06100,0.0021190301857736175,0.9926841725273368,0.00519679728688961
id13565,0.18251590725895273,0.014654950482593573,0.8028291422584537
id02944,0.007060668535304602,0.0018298147128154533,0.99110951675188
id05378,0.8195103101737988,0.16684800378196255,0.01364168604423868
id02538,0.9303890227688794,0.015575900246855963,0.05403507698426471
id08452,0.6894986537654824,0.2532319905777627,0.057269355656755117
id27035,0.021281104497200307,0.32448042766209284,0.6542384678407069
id18606,0.9901391813890561,0.005082168739782849,0.004778649871161034
id15982,0.012714406895124422,0.8311641217852237,0.15612147131965187
id10685,0.10654368791199323,0.00849554991884447,0.8849607621691624
id03211,0.006645900883692394,0.2442102573113438,0.7491438418049639
id12488,0.013919809482495521,0.9851585237411864,0.0009216667763180871
id00895,0.33221270385706375,0.1778256100800881,0.4899616860628482
id11678,0.0017728539647108162,0.0009274491126179233,0.9972996969226713
id02927,0.7771842640543859,0.22212363873579,0.0006920972098241096
id09693,0.11665488322881105,0.8827887802557679,0.0005563365154211553
id27016,0.0007194462414987103,0.7908852659407922,0.20839528781770922
id11738,0.0170521313337682,0.04394983176549289,0.9389980369007389
id27798,0.00028654161155206416,0.970605784692478,0.02910767369596994
id02746,0.9670229782967406,0.02176154741264196,0.011215474290617582
id05252,0.8561561660283411,0.06798256695446823,0.07586126701719062
id20671,0.0004252062444234967,0.9995736284670917,1.1652884846922826e-06
id09446,0.9921710021391553,0.0002383109918027998,0.0075906868690418985
id14435,0.31419903364050894,0.6744984590984462,0.011302507261044915
id27868,0.8834894772119122,0.05688445685941264,0.05962606592867517
id07438,0.9747145177252738,0.0010503140155391738,0.024235168259186982
id15199,7.652941558927169e-07,9.595564820504628e-09,0.9999992251102793
id12955,0.05041244072998627,0.7179770122875779,0.2316105469824358
id05869,0.4142981903930594,0.3565657822384265,0.2291360273685141
id03181,0.7089674930453065,0.2785595500410635,0.01247295691363002
id10883,1.9440598788521937e-05,4.0928287005499145e-06,0.9999764665725109
id20640,0.17486051157725102,0.481316769385529,0.34382271903722006
id14209,0.719614303694154,0.00864233835821352,0.2717433579476325
id09734,0.0005572560577748434,0.887632793573893,0.11180995036833222
id25406,0.5456222181739061,0.09612472046606255,0.3582530613600314
id11268,0.8158423603610887,0.009316023692691288,0.17484161594622
id00715,0.3454298986537437,0.046802925189206486,0.6077671761570499
id13389,0.012242854395716918,0.7664023163698939,0.22135482923438915
id09015,0.002716369181994454,0.02117317550502665,0.9761104553129789
id23953,0.12308039156258316,0.8686752421007725,0.008244366336644281
id06600,0.9620077549627444,0.030255270861680335,0.007736974175575244
id11397,0.6315232284524324,0.024750819299589465,0.3437259522479783
id27251,0.002303678862002835,0.9971752282217702,0.0005210929162270364
id08634,0.0016907094333580368,0.9954569390492177,0.0028523515174243043
id02459,0.026007792168073494,0.003957142516399129,0.9700350653155274
id10039,0.9732466480397155,0.015220572876705692,0.011532779083578863
id07565,0.07757827538381064,0.023825715332803917,0.8985960092833855
id09764,0.6879139314840563,0.3115060135301226,0.0005800549858211644
id07341,0.9921655595513279,0.004453354362233008,0.0033810860864390514
id16514,0.14008323292922792,0.7143266641945291,0.14559010287624308
id26075,0.39869290239421595,0.003813338094524747,0.5974937595112594
id26607,0.37808749215948345,0.5771100613128337,0.04480244652768286
id02308,0.000547950453007392,9.298800543532682e-05,0.9993590615415573
id19298,0.006527169711301261,0.988445839239297,0.005026991049401738
id13902,0.011731133448160697,0.972591541218732,0.01567732533310727
id08130,0.00016442375612700904,0.0013502167746710326,0.9984853594692019
id15079,0.8963967231897506,0.09791114824052703,0.005692128569722318
id14987,0.030617994670308766,0.9672701319861318,0.002111873343559475
id13467,0.0003071862511427544,0.9911729802088277,0.008519833540029496
id09194,0.0008743378935078031,0.0007648820638494651,0.9983607800426427
id04439,0.8265138001774275,0.09132027903003881,0.08216592079253365
id22123,0.36343430654855335,0.08087158450395947,0.5556941089474872
id08000,0.5826479401435538,0.3291392384060516,0.0882128214503947
id12763,0.0022387997383464656,0.9967512190473193,0.0010099812143340506
id16363,0.9987187777273252,0.0002123884894548736,0.0010688337832198418
id10082,0.004342591220369821,0.0002064627077258209,0.9954509460719043
id15019,0.16442502573815193,0.2608514097425708,0.5747235645192772
id07940,0.010589667022398937,0.05051152186876959,0.9388988111088314
id02458,0.00325353314562479,0.4154865000607877,0.5812599667935875
id04916,0.07254444930218763,0.05113633271915612,0.8763192179786563
id10856,0.7404277994975381,0.003185490467555017,0.25638671003490693
id05620,0.0013328465894852303,0.004622356352516706,0.994044797057998
id15280,0.7084539698086705,0.006245435077193636,0.2853005951141358
id06779,0.32645896609077407,0.6385858753471199,0.03495515856210612
id18496,0.06367979532564014,0.8437144901483293,0.09260571452603049
id21582,0.9996773517466975,0.00023650848466288192,8.613976863964038e-05
id17492,0.004006429248685229,0.00027151957280553295,0.9957220511785092
id12001,0.00011127133664924064,0.9988369970135695,0.00105173164978128
id20168,0.08031635361109528,0.7270263602036797,0.19265728618522499
id05115,0.9836717840302298,0.014270257013900401,0.0020579589558698368
id01947,0.00027906609766112605,0.00020647371665179413,0.9995144601856871
id25813,0.011172516455754043,0.136667218662767,0.852160264881479
id23603,0.049211190879155695,0.014679769188791558,0.9361090399320526
id07066,0.039007299964865655,0.9218486478143189,0.03914405222081548
id01950,0.008473550454960387,0.9883820497403254,0.003144399804714309
id03869,0.00029472141936311066,0.9989672517711798,0.0007380268094570149
id22646,0.9374939268072693,0.0044427958993720346,0.05806327729335876
id15451,0.011117004590709785,0.003784889504477776,0.9850981059048125
id23862,0.011219905619897627,0.9862946934854446,0.002485400894657786
id18584,0.8181866440612522,0.0009219315297482434,0.1808914244089996
id06194,0.032500527917451213,0.03107813260868858,0.9364213394738602
id12679,0.9842070145249252,0.015399831877426148,0.00039315359764872145
id02206,0.0014919603513363453,0.0012832031825957225,0.997224836466068
id12333,0.994664307916521,0.00024969269990898936,0.005085999383569941
id04412,0.07518662553839385,0.0032340890780293034,0.9215792853835768
id12331,0.1168623750834133,0.03317430074758087,0.8499633241690059
id14656,0.02099087482709365,0.0063260880096984865,0.9726830371632079
id07523,0.0006274211394932203,0.000748848802097981,0.9986237300584088
id08205,0.006948666769450575,0.0001839595287394394,0.99286737370181
id01867,0.049696885653043386,0.18789841737808444,0.7624046969688721
id03274,0.7374756187982673,0.0032978836417673317,0.25922649755996535
id04753,0.8193624494275006,0.015567255830459363,0.16507029474204005
id03372,0.008324499786918689,0.04094280259715449,0.9507326976159268
id16119,0.8847172250619486,0.0244012629280296,0.09088151201002183
id25151,0.0036093103798701853,0.9935271835460571,0.002863506074072729
id21949,0.24403313895205075,0.0010002100092830644,0.7549666510386661
id10635,0.27938559814625935,0.5781777259179285,0.14243667593581227
id20345,0.9576796891989577,0.01842969496276792,0.02389061583827425
id00905,0.0007389605129143224,0.00013193910648408598,0.9991291003806015
id15150,0.5898385137283618,0.3086614952695873,0.10149999100205093
id00043,0.5518139483728053,0.16717652348627937,0.2810095281409153
id14372,2.696743456517382e-05,0.9999662673616037,6.7652038311055895e-06
id24774,0.9817591979973954,0.005708229240790317,0.012532572761814244
id08022,0.30320553690785657,0.6426525354196175,0.05414192767252589
id07684,0.08868208214490686,0.8032267333990706,0.10809118445602264
id00801,0.9906170191023775,0.001310030054007517,0.008072950843614899
id10559,0.9681047111303075,0.00672714814010707,0.025168140729585318
id03279,0.9756901910467723,0.00015687242366732235,0.02415293652956025
id24289,0.995634940651641,7.983149952412462e-05,0.004285227848834789
id24554,0.996259230723561,0.0034828957669538344,0.0002578735094851099
id05009,0.0005087398071356044,0.9977479754188884,0.001743284773975996
id14205,0.3780178441523726,0.5594735343525311,0.06250862149509626
id06147,0.024438850469899544,0.5913982940740038,0.3841628554560967
id23747,0.9991593318081812,0.0002403878562054498,0.0006002803356133694
id07078,0.007437470102339864,0.639295871593035,0.3532666583046251
id11635,0.9996543247053129,0.00019840166671033886,0.00014727362797664495
id11248,0.8115857193160014,0.18704276636517533,0.001371514318823258
id16032,0.16969934383216684,0.0011422388706307477,0.8291584172972024
id26938,0.17820853720522611,0.820115030184916,0.001676432609857842
id26885,0.9209393628187986,0.06093621817580641,0.018124419005394982
id17044,0.10096819177573021,0.09700205706932143,0.8020297511549483
id19822,0.00010708364066497392,0.999399850825327,0.0004930655340078976
id02500,0.004927415870564715,4.216425473973021e-05,0.9950304198746955
id22259,0.005250439647261349,0.9677460995773859,0.027003460775352872
id16374,0.9488784874047701,0.04642697282686451,0.004694539768365425
id19627,0.20436188062817284,0.05275862616193722,0.7428794932098899
id12550,0.9562327738742238,0.0028956004895117735,0.04087162563626444
id17868,0.007953261972644999,0.0006331344719514482,0.9914136035554035
id19493,0.7966855344637317,0.07878289303987555,0.12453157249639278
id13232,0.018196934490487995,0.4428549974842159,0.538948068025296
id22105,0.0627805729750031,0.9309348753648693,0.0062845516601276906
id15281,0.9797086621094473,0.009436687497879421,0.010854650392673278
id26437,0.9452519496619496,0.009039344913662707,0.045708705424387604
id04548,0.9963093243890829,0.0024642003305576326,0.001226475280359507
id19586,0.0005411086950527224,0.997679357023556,0.0017795342813912882
id12398,0.00013757522540299919,0.9996891188339772,0.00017330594061984195
id23058,0.04382401800181869,0.9318068236852686,0.02436915831291284
id27265,0.010701770869395978,0.899430638520989,0.08986759060961506
id06149,0.02174985476164043,0.019112376830418647,0.959137768407941
id09081,0.9820473826821536,0.014951560214544534,0.0030010571033018342
id00123,0.9690112879397615,0.012880883554854011,0.018107828505384407
id18301,0.18123626887624447,0.7791045558047843,0.03965917531897122
id11953,0.051779237236253786,0.10782136210231981,0.8403994006614264
id17812,0.9843825231097862,0.011960372392554146,0.0036571044976596782
id24290,0.0015282510339075285,0.013178139924812782,0.9852936090412797
id07748,0.6303712086683582,0.0947055046318295,0.2749232866998124
id01654,0.7053533499091461,0.07450944426698955,0.22013720582386428
id13102,0.8779877246811585,0.05915452368898688,0.06285775162985462
id25885,0.7338362076030831,0.26525496958417283,0.0009088228127440727
id05209,0.6407083103875942,0.09476495588403436,0.2645267337283714
id17123,0.0004775766784434993,0.9978717950773652,0.0016506282441913472
id09322,0.02840846106062968,0.019025476252837972,0.9525660626865324
id17980,0.9987506362842424,0.0005606189881333907,0.000688744727624201
id27170,0.9083162308274626,0.03148331515121066,0.060200454021326795
id12895,0.0013094681912154157,0.0006114690010330201,0.9980790628077516
id24886,0.00028542910888481113,6.59531102094389e-05,0.9996486177809057
id15321,0.9995303471241953,0.00021794709734916943,0.00025170577845559964
id25231,0.10504691237619719,0.7546011513943467,0.14035193622945616
id07022,0.9990737367515404,0.0004886494479969318,0.0004376138004626051
id24618,0.7415293181434428,0.24463303294308192,0.013837648913475288
id05438,0.9950734623945762,0.00027542558871397144,0.004651112016709867
id15696,0.05741289341654228,0.8371970985741353,0.1053900080093225
id04911,0.2512820465090176,0.19139067522271672,0.5573272782682657
id17809,0.9186366728551595,0.005141404837846865,0.07622192230699366
id13330,0.026567428287624675,0.9729081661959127,0.0005244055164626123
id12567,0.05623096167822443,0.9415082811753731,0.0022607571464025333
id15797,0.0014625728790418507,0.9893607460483874,0.009176681072570752
id04846,0.9710831713841026,0.0004647450483245878,0.02845208356757283
id12919,0.9128623866374904,0.056495759757222735,0.030641853605286856
id17265,0.9093523944609672,0.08031692498948446,0.010330680549548497
id12053,0.5594080685528784,0.1766549108451086,0.2639370206020131
id20642,0.7305183104487967,0.12035748015208707,0.14912420939911633
id16632,0.06075391546779941,0.9267773274953734,0.01246875703682714
id26315,0.7937004089125264,0.0446201370701701,0.1616794540173035
id08660,0.9981807720190126,0.0003905978239531023,0.0014286301570343694
id21313,0.354148338634144,0.02629350369040183,0.6195581576754541
id12246,0.029345349921517258,0.9642042510557322,0.006450399022750576
id02069,0.7702349619267246,0.0010897500725788316,0.22867528800069667
id13380,0.9948256959094504,0.0036914846398810345,0.0014828194506686227
id17019,0.9968783285039206,0.00022983058627888174,0.002891840909800518
id08343,0.006660392534604909,0.9630051862942276,0.03033442117116745
id00776,0.02179387901561161,0.003343524975502204,0.9748625960088861
id02495,0.9932970642056107,0.004862468099685005,0.001840467694704311
id09427,0.8847899276350896,0.11444603017058867,0.0007640421943217729
id22289,0.05329407288062005,0.9372436038970683,0.009462323222311657
id10988,0.013760839400193289,0.9640640315521907,0.022175129047616097
id21439,0.00040916269172913054,0.001062145622651641,0.9985286916856193
id26251,0.9645667688477493,0.02707683149850517,0.008356399653745517
id03519,0.04579875650742575,0.4330344416739253,0.521166801818649
id23514,0.00011499246979840497,0.0006748313907103513,0.9992101761394913
id23381,0.002948356649827347,0.008381655096608183,0.9886699882535644
id00006,0.9998440163900655,0.00011677234483857081,3.9211265096034725e-05
id20185,0.9508634929634459,0.0478661557358645,0.001270351300689596
id00634,0.6673274223763304,0.1982516761298837,0.1344209014937859
id02197,0.8741273711111598,0.00475173771588797,0.12112089117295213
id03513,0.996819660359936,0.0014308856833018105,0.0017494539567622285
id21234,0.8302155821484368,0.07563191714335489,0.09415250070820824
id10553,0.4718300524154828,0.004063343364000005,0.5241066042205171
id21123,0.49859185424374686,0.07597716597183155,0.42543097978442157
id08271,0.006134771953151179,0.9920004084374286,0.0018648196094202315
id22138,0.9206542653367098,0.053544735563093214,0.025800999100196963
id26096,0.9998203549566017,2.886865064299294e-05,0.0001507763927552911
id06163,0.563879707608913,0.00012303120226636152,0.4359972611888207
id14799,0.005735530951102028,0.8950585912741819,0.09920587777471615
id15037,4.5012917612674195e-05,4.5520427747396136e-05,0.99990946665464
id19974,0.9529335184732557,0.0002130303217583024,0.046853451204985914
id11096,0.015714567190024745,0.9580077871037498,0.026277645706225528
id19704,0.003718654376039602,0.0013680091865599317,0.9949133364374004
id04815,0.2237034014547496,0.33817741046353844,0.43811918808171196
id26018,0.9981005144559844,0.0017632128530229148,0.00013627269099274726
id24587,0.006454513051373232,0.9866559388454372,0.0068895481031896084
id10006,0.9860223797635821,0.002023779699034017,0.011953840537383935
id12806,0.057342180307378254,0.02499164157321204,0.9176661781194098
id05369,0.09047055833320265,0.8355981568256313,0.07393128484116605
id04428,0.9825112657617526,0.002567746084353617,0.0149209881538938
id06431,0.006707728079778306,0.11378620340445092,0.8795060685157707
id12810,0.6816377486094148,0.10480700061974849,0.21355525077083656
id07448,0.0008382159265154879,7.633793521321808e-05,0.9990854461382713
id03075,0.021264901169082428,0.009555986860816292,0.9691791119701012
id03417,0.8644100484685356,0.07047211604857406,0.06511783548289027
id06464,0.08699809622098921,0.868843397751053,0.04415850602795779
id18854,0.9982621877865375,0.0011166744871834084,0.0006211377262789288
id24345,0.9925130485621818,0.006348702847431951,0.001138248590386299
id21086,0.9637098885086814,0.0286054683069328,0.007684643184385793
id10575,0.7952662408720822,0.004632462954020932,0.20010129617389685
id11004,0.5437374253379371,0.01703047476754834,0.43923209989451456
id06152,0.9519847740376821,0.007310719124260053,0.04070450683805785
id27938,0.11862465906437197,0.08074885192582436,0.8006264890098037
id11731,0.7075132165264808,0.26054905473003775,0.03193772874348146
id01172,0.998095513898643,0.000984773548725631,0.0009197125526313322
id06412,0.0021150762708695603,0.005911050857382283,0.9919738728717482
id24956,0.16572356167883442,0.002063413325005697,0.8322130249961599
id16984,0.03900897410517195,0.036554170546443714,0.9244368553483844
id16499,0.02775321238234462,0.01708534930304017,0.9551614383146152
id08694,0.5903620730128245,0.20475186922968214,0.2048860577574934
id13907,0.1899208550678777,0.012507633683152221,0.7975715112489702
id19333,0.7170771055792349,0.13190432299991517,0.15101857142085
id17330,0.007860700131814004,0.9919307480020327,0.0002085518661531575
id06998,0.6309124778235421,0.3619676380981817,0.007119884078276148
id04331,0.08894939058991454,0.5054355762304804,0.40561503317960507
id01169,0.0022324829679998964,0.002256616068563317,0.9955109009634368
id17647,0.006872626920595602,0.8781519634591647,0.11497540962023968
id00673,0.1697951064865338,0.6382952733406171,0.19190962017284915
id11327,0.0006332622975817943,0.9982510488989291,0.0011156888034891503
id02872,2.9968751994129785e-06,0.0003085869687033157,0.9996884161560973
id21412,0.9718959519809118,0.02173908206332227,0.0063649659557658955
id07117,0.3888276480646153,0.0757861745037684,0.5353861774316164
id23146,0.05336649212015364,0.001278846043898672,0.9453546618359477
id07982,0.0002009080684948327,0.0001943650618870315,0.9996047268696181
id07216,0.00011077370363068271,0.0002638240211795837,0.9996254022751897
id22008,0.0029842442337519475,0.9968459916687848,0.0001697640974631828
id01224,0.1153153028053763,0.7894868048555252,0.09519789233909844
id06626,0.7368097667453491,0.004974780381114682,0.2582154528735362
id10344,0.00010389258136499172,3.440698357921545e-06,0.9998926667202771
id23692,0.02591244444139122,0.9724048551010414,0.001682700457567495
id09430,0.9985281829541655,0.001286350588845905,0.00018546645698871723
id24520,0.989033990454024,0.0022350569557669075,0.008730952590209248
id06493,0.00903331305437775,0.9905343791159481,0.0004323078296741436
id26199,0.9839591408942621,0.011262211368941615,0.004778647736796454
id02367,0.3745195925198089,0.12158566607611142,0.5038947414040797
id24095,3.636803643884649e-05,0.011079434041954769,0.9888841979216064
id13301,0.9967030357012517,0.00011767224208272377,0.0031792920566655583
id25058,0.5801728456647929,0.39271237770876677,0.027114776626440316
id07840,0.0002786966097831858,0.9995799516954648,0.00014135169475211566
id23073,0.005778790070430699,0.9939631271487706,0.00025808278079868913
id20259,0.9754112143039018,0.016541986813875552,0.008046798882222657
id10269,1.859509433530207e-05,0.018070280741925467,0.9819111241637393
id05303,0.8312795204538004,0.07973235963371027,0.08898811991248926
id15301,0.010634467505546846,0.026156855063049225,0.9632086774314039
id00153,0.9940393117130768,0.0013671963600375321,0.004593491926885734
id00576,0.31649197490844583,0.11440671116951921,0.569101313922035
id06344,0.005386742364626562,1.0402110805958106e-05,0.9946028555245674
id03745,0.08378575364895734,0.8856906654967459,0.03052358085429669
id25529,0.10122958875618397,0.46336865034896757,0.4354017608948485
id11782,0.9943495239369756,0.0002076385733242812,0.005442837489700123
id23533,0.03827346691658064,0.13842108313712742,0.823305449946292
id16020,0.10849562866653009,0.881687203333476,0.009817167999993917
id06402,0.9174740451453922,0.07147724741917005,0.011048707435437764
id10334,0.999717110486713,0.00019103382429061638,9.185568899640746e-05
id08206,0.9953233000680666,5.622151554704732e-05,0.004620478416386378
id22132,0.06483902660932003,0.0015663981880082484,0.9335945752026718
id05380,0.9660452355577409,0.03296459483278424,0.0009901696094748625
id25603,0.00021049879766108908,0.0005803932159714013,0.9992091079863675
id14874,0.15754762180884402,0.007769021083208202,0.8346833571079477
id21942,0.008982439604013097,0.06018596743763885,0.930831592958348
id15013,0.9175162242880078,0.06695182906333551,0.015531946648656666
id14443,0.0012328665549484789,0.9977887566519311,0.0009783767931203957
id21413,0.9409527078487956,0.010123924604270728,0.048923367546933695
id19682,0.027044831039530978,0.9699252365900208,0.003029932370448035
id25215,0.0258093528941214,0.8553576800479052,0.11883296705797347
id22154,0.0002604750806295424,0.9994246806206908,0.0003148442986796408
id20589,0.0017106185060278309,0.966681975803261,0.03160740569071115
id22282,0.0011712936519758903,0.9972441390247542,0.001584567323270055
id06420,0.019865964545226454,0.30872359871985616,0.6714104367349174
id08384,0.9664210047531014,0.0017488407563569343,0.031830154490541655
id18674,0.9823409861278982,0.00011967873051799183,0.017539335141583838
id10638,0.7610645368729043,0.1994514063416774,0.03948405678541823
id15994,0.001810517825747776,0.008018630021158981,0.9901708521530932
id00197,0.46138170544638096,0.016861576345586406,0.5217567182080327
id23082,0.000271387172544126,1.6700431248083097e-05,0.9997119123962078
id13374,0.8252136412069553,0.10570979948183812,0.06907655931120661
id26183,0.9750491789458962,0.0006423050379614902,0.024308516016142364
id21432,0.007262045826964481,0.2969033965923876,0.6958345575806479
id13738,0.9972174585010873,0.002601258701010963,0.0001812827979016947
id18628,0.9976545249872927,0.0021798022141549258,0.00016567279855243068
id03911,0.035680357623320134,0.961291821201837,0.00302782117484286
id00362,1.3590250853661218e-05,0.9999646712621092,2.173848703708096e-05
id06498,0.7950007851007046,0.18307838015505148,0.02192083474424391
id02061,0.49611960988755865,0.018636963331420536,0.4852434267810208
id23574,0.08462360101295748,0.9149022248052618,0.0004741741817806897
id25526,0.0025887449531860566,0.11022658673017668,0.8871846683166372
id23015,0.7011029190503294,0.22839758196259471,0.07049949898707587
id07095,0.7308071453147597,0.05717146714914477,0.21202138753609556
id03038,0.49159152034348663,0.284783523956219,0.2236249557002944
id27800,0.356133597984363,0.6423697201343835,0.0014966818812535475
id16537,0.30296524854753537,0.3261178291158205,0.37091692233664414
id04749,0.9615294741984712,0.024490372638086032,0.013980153163442779
id21568,0.9894438856616914,0.010254668297212251,0.00030144604109638907
id11221,0.0018774711048218913,0.439523266087688,0.5585992628074902
id18391,0.4970854011169419,0.4935569211802318,0.00935767770282634
id02047,0.9976468190973877,0.0007208284698850783,0.0016323524327272127
id04401,0.0002520656759699915,0.9995809841077022,0.0001669502163276797
id20938,0.1638921261001639,0.3681806216661441,0.46792725223369197
id08195,0.5198752177878676,0.020340341907450554,0.45978444030468185
id04756,0.0027612311293017605,0.9921603394808246,0.0050784293898737
id04104,0.0019920436659676337,0.0005420692588849043,0.9974658870751474
id12204,0.008683316038022828,0.00014418301099517093,0.991172500950982
id13636,0.0035858857564297283,0.9799706923851512,0.016443421858419054
id27197,0.00823145611032975,0.006782835475988251,0.984985708413682
id21425,0.0029172535803350204,0.21177548166131963,0.7853072647583454
id05239,0.001143402666404029,0.9927291181194907,0.006127479214105315
id25258,0.8431398920728126,0.022780021708549127,0.13408008621863832
id10952,0.9985614790959818,0.0011480522543820936,0.00029046864963600157
id10413,0.41804655188827633,0.029731640341531345,0.5522218077701924
id16103,0.18531335416694694,0.7540549632934921,0.06063168253956094
id24270,0.14647130676738432,0.8489054274337597,0.0046232657988560626
id07988,0.07623986084728572,0.4399207056669582,0.48383943348575614
id13793,0.9146228573529387,0.07602572990118626,0.009351412745875032
id06967,0.05680909652106831,0.011055884612566298,0.9321350188663654
id26605,0.7313123245522312,0.11859316462639918,0.15009451082136965
id15536,0.016638777343253572,0.3994203062006688,0.5839409164560776
id09298,0.9675567343770702,0.0027219363870041586,0.029721329235925627
id02333,0.03312606027915506,0.8692615046234379,0.09761243509740708
id26253,0.0017257295126578698,0.9696276322457743,0.02864663824156788
id06526,0.7139363573767057,0.10139849744370527,0.1846651451795891
id19127,0.40468644682371385,0.028650912903589506,0.5666626402726966
id18189,0.00396948626347782,0.9899649712143034,0.006065542522218763
id19060,0.021389678451159674,0.9759299408052197,0.002680380743620623
id10067,0.5725161980495237,0.3864121260970527,0.04107167585342359
id03584,0.03434032585421427,0.0038707583206549706,0.9617889158251308
id15088,0.22057825021604643,0.0020774221336597003,0.7773443276502938
id21289,0.07786672154401668,0.9184464237115594,0.003686854744423962
id24797,0.0018280126479312462,0.9778547904671725,0.020317196884896277
id18768,0.0004114163512137953,0.00046515570254567834,0.9991234279462404
id20590,0.0385829829291076,0.6755864465723742,0.28583057049851823
id21622,0.12559168080969685,0.6366468887224463,0.23776143046785683
id15417,0.008507917631548644,7.009543506840003e-05,0.9914219869333829
id04253,0.45034788244254703,0.039200298274328166,0.5104518192831249
id12878,0.003493932308586815,0.1443103051256513,0.8521957625657619
id08924,0.3280533038308975,0.33835546515077286,0.33359123101832977
id26827,0.282552205663532,0.7027820088327567,0.01466578550371144
id03215,0.02888905125018612,0.9658235348209208,0.0052874139288931424
id02932,0.039621464129289324,0.9283031634639891,0.032075372406721536
id14948,0.2922233729318399,0.7010891852284649,0.006687441839695318
id16666,0.9472761612110896,0.0005565146631922452,0.05216732412571808
id23630,0.007729881585614491,0.00045917526706284746,0.9918109431473227
id16997,0.8435428959170823,0.029163336571813872,0.12729376751110388
id16816,0.7560404935620083,0.08934523100427778,0.15461427543371395
id16040,0.01723567998066428,0.008910956970943799,0.973853363048392
id03310,0.00030226215880437636,1.7224863578018106e-05,0.9996805129776176
id15042,0.9965225712644179,0.0030058740481578644,0.0004715546874241239
id16001,0.9947031227163716,0.002170754286858565,0.00312612299676985
id23992,0.01396758947353005,0.974742639301672,0.011289771224797861
id01589,0.10489050570926085,0.8750378597122603,0.02007163457847893
id10987,0.9999763280858732,1.7909246342135937e-05,5.762667784642677e-06
id02235,0.04656353738467553,0.14278335276822832,0.8106531098470962
id23133,0.6834938067455766,0.05537169761319392,0.2611344956412295
id12953,0.07190270864815523,0.008460265416570977,0.9196370259352737
id19608,0.9214164224093326,0.049905871266988006,0.02867770632367949
id15183,0.004392973765557273,0.99558295982093,2.406641351269372e-05
id17863,0.9909469968413276,0.004164247000278168,0.004888756158394313
id11531,0.0005199206572183437,0.8977889652729796,0.10169111406980201
id16489,0.03332540616116737,0.9649116034194185,0.0017629904194140286
id13579,0.9980621170114339,0.0003778054731182143,0.0015600775154479955
id24609,0.9542019272687035,0.002484517543610523,0.04331355518768587
id03463,0.9985162705666015,0.0006785216526082509,0.0008052077807901101
id14464,0.7996208330997113,0.18370918803662947,0.016669978863659226
id14428,0.22184828460795514,0.7692156767295205,0.008936038662524444
id26360,0.4867478072313305,0.15647384989364954,0.3567783428750199
id06482,0.38469213606762187,0.2852359557720354,0.33007190816034276
id11265,0.06365418578332625,0.003992304796271379,0.9323535094204023
id22818,0.10888972488629797,0.8779353751819092,0.01317489993179293
id01245,0.049608652894210806,0.9357732173551965,0.014618129750592694
id19134,0.01211380073593698,0.014755326363543767,0.9731308729005193
id06561,0.3077613145755007,0.05427599997843055,0.6379626854460688
id21035,0.036262882587863775,0.0020519968346965982,0.9616851205774396
id12485,0.7746757897350435,0.22082879534981167,0.004495414915144968
id27408,0.000287431878046634,0.11247729261386216,0.8872352755080912
id09718,0.9697660916768003,0.0019274274003397403,0.02830648092286007
id25905,1.3415007889882806e-05,0.9999863042692412,2.8072286894934126e-07
id18707,0.9986602254237716,0.0010073948976739467,0.000332379678554463
id03000,0.8706720874930449,0.01825154644984347,0.11107636605711159
id25353,0.006294773593301976,3.151950529346535e-05,0.9936737069014046
id12286,0.9789341256928654,0.017636336465057585,0.003429537842077022
id07459,0.7659979474400525,0.15421240206976505,0.07978965049018248
id20406,0.015350667904037645,6.132010301666675e-05,0.9845880119929458
id22502,0.43917405078764676,0.07684043576338546,0.48398551344896784
id23344,0.998892248444957,0.0008660423591531465,0.0002417091958898834
id09345,0.1042433102407515,0.01510197205065759,0.8806547177085909
id27212,0.9884603076580538,0.010238286321804117,0.0013014060201420538
id16543,0.05421790626253935,0.0046798054253534465,0.9411022883121072
id17842,0.7676985927911517,0.2175772276273233,0.014724179581525025
id22079,0.0006339543704803759,0.003185487522303415,0.9961805581072162
id17974,0.9289619407434944,0.00011894300587288934,0.07091911625063271
id03559,0.9970010570444187,0.0005736198226165203,0.0024253231329648944
id15314,0.5585714355278691,0.228783876105888,0.21264468836624287
id17990,0.6108095994043032,0.22716021294140457,0.16203018765429228
id18073,0.998868632123058,0.0007097785061752134,0.000421589370766849
id21291,0.3906535308946498,0.6070852486515657,0.0022612204537845217
id10599,0.4896706223237658,0.3135091703887049,0.19682020728752933
id04861,0.0008001566310683514,0.9770471167329877,0.022152726635943865
id17669,0.0003673926129938755,0.9995586024549464,7.400493205963433e-05
id10961,0.002089847518284125,0.99507911728863,0.0028310351930859834
id27971,0.012461328169872967,0.06181866158164351,0.9257200102484835
id18591,0.9779800275296782,0.020781518238303136,0.001238454232018751
id22251,0.7496102306847423,0.0075074853179775865,0.24288228399728004
id13323,0.9791007783260399,0.016826030019631743,0.004073191654328332
id02721,0.254342356614693,0.40860519640330495,0.3370524469820021
id04144,0.9853893465387912,0.00260647764693961,0.012004175814269148
id09615,0.8017685939378769,0.1865705012581645,0.01166090480395861
id09157,0.10055800174981996,0.4094635439812516,0.4899784542689284
id04615,0.8305743258461269,0.10257474819922943,0.06685092595464377
id07673,0.004307046853711208,0.9938848404080741,0.0018081127382147293
id11099,0.9879474665780927,0.0061577434217806645,0.0058947900001266405
id02160,0.8037185400009778,0.17095865218989392,0.02532280780912836
id10347,0.16564262182011,0.8272725827744165,0.007084795405473488
id23841,0.0064658373459991906,0.007515748581135674,0.9860184140728652
id08844,0.1756696915475727,0.01209620720985743,0.8122341012425699
id27346,0.034478802295777856,0.33856491907751757,0.6269562786267046
id17408,0.0016007103787656102,0.9961442505249536,0.002255039096280678
id20154,0.15993118770562356,0.0033237507147210895,0.8367450615796554
id05643,0.9400267223937568,0.0008716687255621554,0.059101608880681084
id16730,0.11032367075594003,0.8687234165705667,0.020952912673493237
id04069,3.955076898218983e-06,6.210023659752137e-06,0.9999898348994419
id21070,0.7065036979612109,0.142600981097614,0.15089532094117503
id23005,0.030580962231500017,0.0004228211338952078,0.9689962166346047
id02947,0.0018988604661642487,0.00017755965330340683,0.9979235798805324
id24176,0.21603219451781708,0.2816065667872057,0.5023612386949772
id14919,0.8057511504295927,0.01558298827317894,0.17866586129722845
id20257,0.9841048445383082,0.013985863872954715,0.0019092915887371014
id22943,0.49325205094011915,0.057601287614463384,0.4491466614454175
id11100,0.07080075657091506,0.8833737385233447,0.04582550490574036
id06735,0.0027989842025804056,0.014085677679411907,0.9831153381180077
id04389,0.9354270457470426,0.015718513586113782,0.048854440666843704
id13848,0.9804752855746534,0.003353826242999381,0.01617088818234719
id16742,0.8548102409075689,0.13167891345083277,0.013510845641598396
id17773,0.19089740652767884,0.051474495447398176,0.7576280980249229
id04586,0.00301632204930088,0.9947962093943187,0.002187468556380488
id20435,0.18962213224376492,0.8098948716300349,0.00048299612620022195
id09848,0.8982389461116229,0.09707964523768445,0.004681408650692657
id15218,0.4202483130300347,0.02947134997582868,0.5502803369941367
id19588,0.8507448194310749,0.14242847136504963,0.006826709203875291
id02368,0.16616704880416763,0.8300846679034566,0.0037482832923757597
id00084,0.9986182967206166,0.0012819008523379692,9.980242704543273e-05
id26591,0.005844775641850208,0.0009622698739293416,0.9931929544842204
id19955,0.03510610092414672,0.09409971321854854,0.8707941858573047
id03638,0.3739796282510762,0.6123646566916723,0.013655715057251511
id05450,0.16389058634092665,0.831994758627133,0.004114655031940196
id19546,0.00381906439655886,0.0033082891029657096,0.9928726465004755
id06955,6.155446706103395e-05,0.006321490895947564,0.9936169546369914
id22542,0.0347671596477895,0.9287032814253267,0.03652955892688379
id27368,0.9582438002517792,0.007291712813067683,0.03446448693515299
id22095,0.8285364617824008,0.06267426234054158,0.10878927587705767
id24510,0.8246338467773073,0.16821607960822002,0.007150073614472738
id20687,0.9935071646023225,0.001478935267659662,0.005013900130017932
id09432,0.10488851264668103,0.04116382013193641,0.8539476672213825
id27409,0.0005692760811149237,4.388476217681505e-05,0.9993868391567082
id21727,0.055564388733756506,0.3383671450817204,0.606068466184523
id11047,0.0630265627227911,0.9109517774488728,0.02602165982833593
id17931,0.7498425203142973,0.22021343747190503,0.029944042213797643
id01746,0.2277607382992046,0.06816109738492244,0.7040781643158729
id25290,0.09109582126021552,0.1790410002038172,0.7298631785359673
id04451,0.01043971948665247,0.9866451599716539,0.002915120541693632
id20989,3.4635844552432366e-05,0.9997472278566293,0.0002181362988182754
id12305,0.03944177196391217,0.35785337823251073,0.6027048498035772
id04061,0.05316531504375689,0.002174600148719825,0.9446600848075233
id23731,0.10649968259156331,0.014292623886714607,0.8792076935217221
id18687,0.06612704300764365,0.9318628321966874,0.0020101247956690296
id09139,0.9573663513594057,0.02646506739780942,0.016168581242784957
id19998,0.004937896704881127,0.9864895266350335,0.00857257666008546
id14379,0.8962023554533416,0.09419665830065593,0.009600986246002478
id14003,0.9731825293493808,0.0048991554991749345,0.02191831515144431
id06801,0.9993552948478145,0.00040892751791990023,0.00023577763426573217
id14290,0.8995700209822171,0.008937391229029153,0.09149258778875391
id12585,0.4212806758051897,0.5775693108112583,0.0011500133835520092
id13466,0.15922035928152958,0.6129436449385898,0.2278359957798807
id25062,0.0016915325238821232,0.8692916250128263,0.12901684246329165
id18576,0.0007687095164010967,1.6060653546835206e-05,0.9992152298300522
id26814,0.09044494709719467,0.9079397915492087,0.001615261353596636
id10007,0.9056129241549096,0.07978841323025632,0.014598662614834213
id27762,0.0004186058039544823,0.9994302270942558,0.00015116710178975779
id25055,0.0007480033495064759,0.8258139194797885,0.17343807717070497
id23842,0.0005508122049723742,0.9812133188762722,0.018235868918755584
id09914,0.9759211461489753,0.02311618649105534,0.0009626673599694416
id19980,0.9384985537910934,0.013305580281199247,0.04819586592770741
id21241,0.5833768849288252,0.1327864068371828,0.28383670823399193
id24159,0.9996619290119622,0.00018471199208800973,0.000153358995949838
id10533,0.9721585238279237,0.00024032670789438917,0.027601149464181924
id26754,0.09609715325823909,0.2061783368851649,0.697724509856596
id09816,0.9941042360878714,0.005695828136453324,0.0001999357756753057
id15584,0.001924234817370572,0.9887776832376156,0.009298081945013878
id06406,0.8429866493206203,0.041406555127979666,0.11560679555140006
id12306,0.6733928483950741,0.3220338111049027,0.004573340500023184
id02971,0.8942733034035449,0.006492851992409099,0.099233844604046
id01479,0.1118777271033807,0.16691448025389566,0.7212077926427236
id24744,0.34564396732493274,0.26087414913179885,0.39348188354326846
id05733,0.9857357790032436,0.0010409412906030881,0.013223279706153335
id07121,0.030663731338113252,0.9660764063775807,0.003259862284305985
id11324,0.1268646954868125,0.6405965451141773,0.23253875939901034
id15743,0.3360276345932881,0.6342619219777504,0.029710443428961432
id07387,0.4595422860753608,0.3771735018383866,0.1632842120862526
id07613,0.0407785765914222,0.00037959527478744414,0.9588418281337904
id18698,0.0019072834182225374,0.9975882833841674,0.0005044331976100285
id04671,0.9767936214770185,0.02007049517441992,0.003135883348561531
id15149,0.024779728173130056,0.0208893102610302,0.9543309615658397
id21803,0.2780884314529513,0.1614007092275853,0.5605108593194634
id13085,0.002055013002843963,0.0025496574370715477,0.9953953295600846
id10259,0.9969506298255209,0.0008208129809589991,0.002228557193520192
id21446,0.9938366632643918,0.0003221202259817834,0.00584121650962645
id24122,0.0037339282255690804,0.9930472255431815,0.0032188462312494823
id17149,5.026740273664043e-05,0.999443119002828,0.000506613594435408
id10340,0.0007737044316571473,0.9989995641527439,0.0002267314155989053
id11891,0.9481416850056592,0.03995102872586306,0.011907286268477705
id08513,0.005239790219005323,0.00015218423873564804,0.9946080255422591
id01759,0.46471297984049986,0.010979047403617517,0.5243079727558826
id00606,0.04193621964779639,0.08285348224916601,0.8752102981030376
id02138,0.0889810049350245,0.0344095027785921,0.8766094922863834
id27082,0.9990872774547749,0.0007277167286285309,0.00018500581659662988
id03864,0.004845173545885611,0.03484350860627545,0.960311317847839
id06718,0.781210669327248,0.13397687337854872,0.08481245729420324
id22812,0.10813959184134596,0.7989962870455996,0.09286412111305453
id24928,0.9474468865931812,0.05099858433670579,0.0015545290701130265
id02750,0.01641047089131351,0.981705511922758,0.0018840171859284226
id08766,0.9959494041736275,0.0034698126994638025,0.0005807831269087676
id02673,0.15612145465591604,0.0009528609976121131,0.8429256843464719
id18182,0.9989168657193602,0.0008626287516970259,0.00022050552894270806
id26382,0.0037196462269922393,0.02591814222544723,0.9703622115475606
id25115,0.9997813303636971,4.989664249060211e-05,0.00016877299381229643
id01699,0.008745987108899855,0.06423833137708942,0.9270156815140107
id22336,0.0039403927806418385,0.0022739819474760785,0.9937856252718821
id27882,0.9592880920256708,0.0023491283909880477,0.03836277958334121
id15059,0.2567615616916493,0.6874625657989505,0.05577587250940036
id25760,0.5786964609054276,0.04505344546137903,0.37625009363319334
id10492,0.11182920966324958,0.0027586153237052734,0.8854121750130453
id27006,0.4313789618473991,0.3702042025859279,0.19841683556667303
id16706,0.0024223215522048655,0.0016937227619744665,0.9958839556858207
id09705,0.0022809839950454847,0.9926270289617914,0.005091987043163097
id05026,0.06450191886774685,0.876499491205579,0.058998589926674144
id00834,0.11692443981685488,0.6483773368822672,0.23469822330087797
id19828,0.00012673120378966693,0.0003470477808376837,0.9995262210153727
id06497,0.0001035897473556283,0.9998953864002522,1.0238523922338289e-06
id09712,0.9704742662581662,0.00563681710790459,0.023888916633929246
id14547,0.9501872488119696,0.03034712874498889,0.01946562244304159
id11152,0.0912528236248547,0.8060395282902131,0.10270764808493224
id15703,0.7986724930756557,0.1899005224389461,0.011426984485398329
id01567,0.9083376761726082,0.00963358209718108,0.08202874173021069
id00149,0.008377873208232627,0.03020141379209757,0.9614207129996699
id14814,0.1528612878901773,0.44303134709707603,0.4041073650127467
id03059,0.9995864635149833,0.00040088014621957356,1.2656338797190066e-05
id08492,0.008288405123358412,0.2770212713313207,0.7146903235453209
id14813,0.8575634212304161,0.005987752552259643,0.1364488262173243
id22225,0.886700535015242,0.07291412328296494,0.04038534170179299
id23299,0.8834209433558825,0.11497747900507543,0.0016015776390421257
id23982,0.9974004054870127,0.002379555328030583,0.00022003918495676464
id04892,0.9996111894130284,7.511051439820633e-05,0.0003137000725734199
id21569,0.6431571170296454,0.002815371893905364,0.3540275110764492
id11029,0.018147225441491277,0.03301945851665341,0.9488333160418554
id10744,0.9188605788579604,0.04040028120726854,0.04073913993477109
id20375,0.6962693252001654,0.1682530189634269,0.13547765583640764
id20416,0.7840504247534259,0.03518928494066573,0.1807602903059083
id09314,0.9992601194083635,0.0001531685826137336,0.0005867120090228039
id27940,0.000562272923996277,0.9989919061141072,0.0004458209618966134
id19042,0.21105319570639242,0.7772697183347697,0.011677085958837765
id08443,0.9728642424414217,0.004121961255462298,0.02301379630311608
id05591,0.8915754910532855,0.10512148314550897,0.003303025801205523
id00060,0.9121824540327488,0.029471932809259308,0.05834561315799195
id02957,0.0051234008532855405,0.9883622144146138,0.006514384732100562
id22184,0.9535945070130343,0.0007413739623048549,0.04566411902466082
id27183,0.010773225697282944,0.23312580409648076,0.7561009702062362
id06302,0.0005344920457706415,0.0009890444911271848,0.9984764634631021
id24944,0.4523764334247119,0.006011219297909236,0.5416123472773788
id10050,0.0034703320087059145,0.9859050333473591,0.010624634643934963
id11913,0.32749498363161755,0.4422870414289151,0.23021797493946725
id21867,0.9990992259119093,0.00016819324315214145,0.0007325808449386305
id05218,0.11630772612476388,0.0006534693398523206,0.8830388045353837
id26350,0.9101762750801556,0.07118853876329831,0.01863518615654604
id09479,0.015854190167074886,0.0033492771184900584,0.980796532714435
id22809,0.9174605281565111,0.047388327571712255,0.03515114427177668
id26584,0.9981315786203458,0.00036076510761343886,0.0015076562720407138
id21846,0.8585361532679213,0.05485285067230882,0.08661099605976988
id13603,0.9969400531063048,0.002565308361440679,0.0004946385322545584
id09043,0.03382936366958709,0.9182685696997144,0.04790206663069846
id24153,0.9870241066353267,0.00031777008390448426,0.01265812328076886
id03882,0.2446480746709636,0.040681231723023153,0.7146706936060132
id11385,0.8807743396229214,2.2593409833196384e-05,0.11920306696724535
id05927,0.9030084291229039,0.09528657387326857,0.0017049970038274904
id19090,0.06673696821774161,0.8042310355032547,0.12903199627900366
id01305,0.9019379739734139,0.0114732850636341,0.08658874096295206
id14840,0.8159377330357463,0.16271104868124361,0.021351218283010134
id03134,0.007279479507815751,0.34158586015896986,0.6511346603332143
id27830,0.8144678981536213,0.0363521397904262,0.1491799620559526
id06870,0.4628202326090858,0.4402373543371575,0.09694241305375668
id03712,9.540335309839485e-05,8.088022710957505e-06,0.9998965086241907
id16585,0.6420582384783795,0.015385157172687642,0.34255660434893287
id06483,0.4536137992479158,0.4432792333071912,0.10310696744489299
id09280,0.007423201293570936,0.0016638729844289262,0.9909129257220002
id22373,0.6292517607051126,0.30444053419119205,0.06630770510369537
id27765,0.4735241280533738,0.4549669556158826,0.07150891633074363
id11199,0.003896091905920239,0.9947677164256415,0.0013361916684382189
id14524,0.7712306293420735,0.1713627269802566,0.05740664367766993
id06920,0.008446322673361692,0.984413516289869,0.007140161036769356
id21909,0.4722200336060465,0.0614570751283652,0.4663228912655883
id20573,0.7976124129590464,0.12478552318732121,0.07760206385363248
id00665,0.9132050469295989,0.027054532940944055,0.05974042012945704
id17880,0.3963634708134649,0.006590292868886436,0.5970462363176487
id18663,0.008244578061034489,0.9666903335071304,0.025065088431835154
id23092,0.9951149908861402,0.004762123583570003,0.00012288553028987908
id04126,0.19177054938468432,0.09344091662246325,0.7147885339928525
id02165,0.8035162882880583,0.01866569898434279,0.1778180127275989
id03092,0.005356192480896071,0.9930905402940062,0.0015532672250978107
id07969,0.004012286565406825,0.9955239633154684,0.0004637501191247905
id03514,0.006348071255559609,0.05863572208617455,0.9350162066582659
id03460,0.1267190266608717,0.45478891842587504,0.4184920549132532
id03610,0.008814853948772345,0.9885414166794372,0.002643729371790473
id17201,0.6197840960102712,0.3029669635922167,0.07724894039751211
id02046,4.84384425067907e-06,0.9998146381023514,0.00018051805339798903
id23497,0.009634131147667882,0.0010722000095363944,0.9892936688427958
id02259,0.9997253875506289,0.0001709386433368684,0.00010367380603431074
id17929,0.025876395888089203,0.717909085773509,0.2562145183384018
id27585,0.6426166223762944,0.31588315757401453,0.041500220049691165
id19174,0.8425766721363731,0.11751151149106953,0.03991181637255739
id10653,0.7786632328789957,0.003568341256708528,0.21776842586429554
id18395,0.9556055065367552,0.04419641335725295,0.0001980801059917721
id25014,0.027591749377187117,0.8144563652026969,0.15795188542011598
id14596,2.7618623677313047e-05,0.9999670508743866,5.330501936080497e-06
id26296,0.00034164307275999723,0.9559131188603365,0.043745238066903634
id19151,0.0045660344785073146,0.9836887855294211,0.01174517999207159
id24247,0.0002997419398070945,0.001154971828805824,0.998545286231387
id11578,0.14096635052748593,0.855389629619071,0.0036440198534432432
id18624,0.02838357099467649,0.9707189720582154,0.0008974569471080592
id20034,0.00441457283324361,0.9868486525435993,0.008736774623156945
id04485,0.7778082045314858,0.1856693032206132,0.0365224922479011
id00700,0.9648748204366144,0.011509584079762549,0.02361559548362304
id21277,0.003889066010315825,0.9907882988182981,0.005322635171386145
id24867,0.07362984493779988,0.9200491792852937,0.006320975776906413
id25117,0.6671088572159036,0.21515598840564631,0.11773515437845007
id13072,0.04718080358576939,0.006717728070973107,0.9461014683432576
id24680,0.4358794901078001,0.012781010546261904,0.5513394993459381
id26811,0.00016343404325698784,2.5833823128214266e-06,0.9998339825744302
id04984,0.8918976956587201,0.0503540350036083,0.05774826933767141
id09124,0.9887000913348154,0.011021257636291025,0.00027865102889364316
id03975,0.0026605097371630937,0.01703002978479925,0.9803094604780377
id16611,0.9515030645950797,0.03839383240033275,0.010103103004587558
id21742,2.2267109387799482e-07,2.554782620219097e-08,0.9999997517810799
id21623,0.9906935833182204,0.008828115278814023,0.00047830140296557105
id26452,0.002661054951141735,0.9968714378447666,0.000467507204091676
id20005,0.001854961018176316,0.9067871494070741,0.09135788957474977
id16439,0.4962551210942908,0.27212544413848155,0.23161943476722754
id09624,0.9677359870344063,0.01733977738402655,0.014924235581567025
id01600,0.35938944337820594,0.012695696534604886,0.6279148600871892
id09572,0.1543873602182205,0.002183544175831985,0.8434290956059475
id24799,0.043249280698852775,0.58871601800818,0.3680347012929672
id16858,0.8426331741119101,0.14381685651217965,0.013549969375910402
id05966,0.9902246600763898,1.006453730168152e-05,0.009765275386308524
id15700,0.26040214785616855,0.656752677887887,0.08284517425594451
id26311,0.6525204313506086,0.009945566420943422,0.3375340022284481
id26911,0.9580844970092118,0.004260982673092936,0.0376545203176952
id12291,0.9945687595842765,0.0026394496676741207,0.002791790748049422
id04335,0.6652685114794566,0.013675538445176973,0.32105595007536636
id10129,0.9941114475635271,0.0002616879313996468,0.005626864505073283
id13384,0.6079291594525753,0.33248961105796715,0.059581229489457536
id24070,0.09226562387916576,0.8226932607873898,0.08504111533344455
id06663,0.9972368447679933,0.0010178253619028343,0.0017453298701038185
id12564,0.03935854424717511,0.9604579063137446,0.00018354943908030892
id11628,0.9594418789375029,0.023857250540420847,0.016700870522076264
id11151,0.4694902830215164,0.00019751011349489184,0.5303122068649887
id07841,0.030664736338557538,0.9553471441144046,0.013988119547037919
id19220,8.488399542223573e-05,0.9998347298616481,8.038614292963247e-05
id08314,0.03322862753924561,0.9663597898229819,0.0004115826377724703
id22465,0.9857370480104024,0.012371535884955478,0.001891416104642159
id03853,0.7280478737518301,0.19850133447796597,0.07345079177020385
id16906,0.012800056500366433,3.833316739049653e-06,0.9871961101828945
id04443,0.9601365867362821,0.01823726468079945,0.02162614858291848
id21730,0.22576436263050356,0.5228959644453718,0.2513396729241248
id20104,0.998852818248573,0.0011048191503698521,4.236260105715663e-05
id07024,0.6182348095892809,0.011524674211185994,0.37024051619953324
id12812,0.31007884395106616,0.6431033419255322,0.0468178141234017
id17622,0.8145935574528902,0.13234571256030084,0.053060729986809066
id04918,0.0007116455887390012,0.030719848846731145,0.9685685055645299
id16376,0.001537208808253221,0.9910989983144213,0.0073637928773254546
id12675,0.49562283903364046,0.0007646223105584961,0.503612538655801
id04092,0.9865801402338081,0.0001234981570909966,0.013296361609100858
id27126,0.24199089139280364,0.04116430128232487,0.7168448073248714
id03144,0.05124491716203086,0.010610138710865254,0.9381449441271039
id08235,0.9854555065330739,0.010447042996802129,0.004097450470123998
id06495,0.0012725833031959261,0.11988356317760221,0.8788438535192019
id13122,0.001309485198349346,0.03663697258305692,0.9620535422185937
id18758,0.346407692614576,0.41263110422252786,0.2409612031628962
id10823,0.0013252748529476097,0.02050022597241244,0.9781744991746399
id25633,0.9074235278489806,0.0003977308664326068,0.09217874128458688
id10026,0.344847256594908,0.3672507048187448,0.2879020385863472
id27665,7.71161287130892e-05,0.999822301077673,0.00010058279361391114
id03614,0.0944025450215861,0.00019427648200668037,0.9054031784964073
id01019,0.9535251809796825,0.04181177976709202,0.004663039253225374
id02178,0.9772023809685378,0.0011028015903953216,0.021694817441066896
id23051,0.9785687342991006,0.006670586403480731,0.014760679297418651
id09942,0.2348072780143939,0.7632451978165036,0.0019475241691026435
id18008,0.04191647612576234,0.9157132439014445,0.04237027997279322
id00248,0.4617313417489536,0.0022091156565074766,0.5360595425945389
id19364,0.9665561480956464,0.015715690443185153,0.01772816146116851
id20619,0.4544773767945298,0.056572669533577105,0.4889499536718932
id21202,0.017620577997074997,5.634539230549106e-05,0.9823230766106195
id00636,1.1470980190938775e-05,1.0759914344660473e-05,0.9999777691054644
id14897,0.9703482876052489,0.0010831143426638665,0.02856859805208733
id15889,0.3297392989783854,0.280507968190043,0.38975273283157164
id24461,0.36411886122575793,0.3238549734023697,0.31202616537187244
id16196,0.001351844024260843,0.8870481424919504,0.11160001348378881
id15893,0.05566450949962668,0.9026616166353881,0.041673873864985174
id14710,0.9696947011797112,0.007244525672066945,0.023060773148221917
id20059,0.9993682703900417,0.0001704697294328364,0.0004612598805254621
id18473,0.040814235056682115,0.9289783015656387,0.030207463377679315
id13190,0.33685005273916263,0.004642863162392378,0.658507084098445
id04644,0.22353071936801394,0.1782968953942281,0.598172385237758
id10020,0.9941384987314148,0.00034250045634937705,0.0055190008122358355
id12641,0.16152383073140764,0.8282310023052121,0.010245166963380258
id17298,0.09188883070487731,0.904286480085316,0.003824689209806773
id05655,0.6792152629904397,0.10144819952807177,0.21933653748148865
id00950,0.04848993125083168,0.9325253209289317,0.018984747820236694
id01687,0.09949619640176999,0.00468272437892863,0.8958210792193014
id04558,0.483030497099042,0.04157338549601283,0.47539611740494514
id10896,5.0078189640383e-06,0.9999934478575746,1.5443234613861416e-06
id25155,0.7645047768475652,0.013771892009438612,0.2217233311429962
id10887,0.9975056073029747,0.0008864927075581016,0.001607899989467154
id06051,0.9460537966780658,0.028535080607109884,0.025411122714824385
id04527,0.7170170810189966,0.011302083157206726,0.2716808358237967
id20312,0.00024991140109977434,0.00020914346444474556,0.9995409451344555
id22298,0.101255659730694,0.8839358769259674,0.014808463343338619
id05335,0.951596070852009,0.017062348496401612,0.03134158065158929
id21010,0.0005483883457039797,0.9928477335442601,0.0066038781100358586
id09165,0.013029591884465896,0.9861440956746987,0.0008263124408354336
id26654,0.001066872539853472,0.8831679606320519,0.11576516682809464
id22511,0.2720498698948258,0.0013505701711708407,0.7265995599340034
id27523,0.04130781428544168,0.056580159894385466,0.9021120258201729
id12448,0.9887168490378296,0.010241863540443836,0.0010412874217265024
id18766,0.5249822773627097,0.12321622509561776,0.35180149754167245
id04791,0.7543829760787796,0.17777237793738282,0.0678446459838377
id16131,0.8778174670033161,0.05248520082359358,0.06969733217309036
id16763,0.5985128978435199,0.35659081927492453,0.044896282881555644
id16404,5.6209347474073986e-05,0.00027498521338282833,0.9996688054391432
id09901,0.0286013730762631,0.9688663567974134,0.0025322701263235203
id24071,0.00017094315572404277,4.110988982733603e-05,0.9997879469544486
id14380,0.0021086480035972773,0.00012419104630391746,0.9977671609500988
id24012,0.3600695830466746,5.7504182448167404e-05,0.6398729127708773
id03175,0.004532358849330337,0.10607317290208537,0.8893944682485844
id26715,0.458509226299258,0.537637074340665,0.0038536993600770337
id00278,0.08860979818978076,0.8653100030814356,0.04608019872878372
id03874,0.011367696690339128,0.9877626839827648,0.0008696193268960821
id14941,0.10053423504710722,0.21441532402093796,0.6850504409319549
id15369,0.9425890892428797,0.015238069198787535,0.04217284155833281
id27604,0.39671602363109454,0.26019045537649677,0.34309352099240864
id20811,0.42285615207762584,0.5766078607776369,0.00053598714473725
id20857,0.9264734421565671,0.06749479797778685,0.0060317598656460325
id23395,0.0009875897712054928,0.9986966155582802,0.0003157946705144337
id08772,0.09047338888149978,0.8627173270773755,0.046809284041124735
id04159,0.002776203223689787,0.9899679671038618,0.00725582967244848
id16856,0.020914658623370056,0.9183969754860777,0.060688365890552265
id04348,0.09847212355100508,0.02108996761743754,0.8804379088315575
id04729,0.6595818793979888,0.3082017865523866,0.032216334049624575
id22029,0.0031751703547232106,0.9951836582662344,0.0016411713790423763
id22385,0.004778897308855285,0.976488552950278,0.01873254974086659
id13016,0.0016033799777582492,0.9561763805213386,0.0422202395009032
id13208,0.27767449373603187,0.6579284961490225,0.06439701011494568
id10752,0.3685761079987225,0.509103277367397,0.1223206146338806
id12213,0.011637592045298215,0.000655851856451385,0.9877065560982504
id23190,0.5255292264797177,0.2797946814728887,0.19467609204739358
id20113,0.01211725219025177,0.6621085264433088,0.3257742213664396
id12048,0.9968676519649856,0.0011432777476933526,0.0019890702873210154
id23376,0.6868105551494886,0.0048629170424989146,0.30832652780801245
id04123,0.03961036434660176,0.0017083830628799666,0.9586812525905183
id10503,0.9854674916125391,0.005521307743037122,0.00901120064442377
id01533,0.7221308599448003,0.26780284738033394,0.010066292674865822
id18595,0.9940074462138643,0.0014985501824595702,0.004494003603676208
id16488,0.6374414194243038,0.21334527794107405,0.14921330263462224
id22591,0.0006926202089752367,0.9416048705528733,0.057702509238151456
id08742,0.5212480876213388,0.23492475238731766,0.24382715999134358
id21227,0.0010145991027028316,7.048403710849951e-05,0.9989149168601887
id10378,0.9678902471806692,0.02501626584080423,0.0070934869785266455
id05392,0.14175401531009776,0.22611252643892485,0.6321334582509773
id14200,0.0019300350505572761,0.9980157439513907,5.422099805209851e-05
id20665,0.19769551390354761,0.7180399160048604,0.084264570091592
id25232,0.005722603021428899,0.9542949910833589,0.03998240589521215
id04715,9.5297979853657e-05,0.9998660244615252,3.867755862118613e-05
id06205,0.0014833064211198337,0.00027942708190586583,0.9982372664969743
id11827,0.47346722311413925,0.0009338412061737887,0.525598935679687
id17172,0.992513589665595,0.005474913457589795,0.0020114968768151966
id16559,0.9862471749427473,0.000934855217261303,0.012817969839991467
id18669,0.989441649939195,0.010038623120429089,0.0005197269403758186
id08860,0.019704240975949402,0.9711118270236729,0.009183932000377662
id12368,0.5961145669090788,0.003555885703484458,0.40032954738743676
id27785,0.0004714557875804483,0.9947632282614818,0.004765315950937826
id02639,0.5758120200575585,0.40520653407843,0.01898144586401151
id15969,0.9508025763244741,0.0015309179859980572,0.0476665056895279
id13521,0.5620970463335953,0.4220508995296788,0.01585205413672594
id24154,0.012068731084594598,0.0005883584625461694,0.9873429104528593
id04507,0.8027160756679306,0.1458409357917826,0.05144298854028681
id23784,0.8122050109734777,0.17793701513540414,0.009857973891118093
id00736,0.9977350185136912,0.00219689451038767,6.80869759212048e-05
id11355,0.9901045913827587,0.0052680256994027605,0.00462738291783851
id08667,0.0006936248924583373,0.9992392646837323,6.711042380929523e-05
id08682,0.530744638873379,0.42036480500305806,0.04889055612356296
id11538,0.42292714442609186,0.5740444169518147,0.003028438622093492
id18565,0.8542227997683545,0.12023474935450434,0.025542450877141142
id10516,0.0656438272301599,0.09702513790623524,0.8373310348636049
id05884,0.03591843730862322,0.05534065279674542,0.9087409098946314
id22352,0.9651998623095297,0.007122462122884453,0.027677675567585863
id11704,0.49272321399798913,0.5069640045625712,0.00031278143943967837
id09717,0.0033291409837668626,0.909922995564858,0.08674786345137508
id26081,0.9720910810611967,0.02138848462290647,0.006520434315896888
id10733,0.21881657848989355,0.21418496110960483,0.5669984604005016
id13243,0.4563887177309989,0.34920077732058136,0.19441050494841977
id17562,0.28130344135098234,0.08202850623922482,0.6366680524097929
id01610,0.1085501786708816,0.8146237925872736,0.07682602874184484
id19605,0.11241865911809112,0.002051323312820514,0.8855300175690883
id00472,0.1402441838394466,0.055648315155006296,0.8041075010055472
id12738,0.0001312055623951952,2.7193776675931976e-07,0.999868522499838
id27767,0.998702006112802,0.0007957815316630015,0.0005022123555349677
id02251,0.619585506496173,0.00014043427930029667,0.38027405922452673
id16964,0.8782916468067661,0.11370623162871922,0.008002121564514568
id22839,0.8906007048224663,0.027620241738285686,0.08177905343924799
id24723,0.09286842345270523,0.24152197634489395,0.6656096002024008
id23247,0.009357550756450492,0.0004065594589820677,0.9902358897845674
id08820,0.17155776235526626,0.24182838601486784,0.586613851629866
id19585,6.303501809068605e-06,2.368740404078741e-05,0.9999700090941501
id02900,0.9816911186852575,0.00197977890022917,0.016329102414513463
id13925,0.4565277188548323,0.4508275182976496,0.09264476284751819
id13417,0.49121127377165213,0.29195660117163336,0.2168321250567145
id01037,0.9848300863866344,0.008435557085885748,0.006734356527479908
id23218,0.8744304433114014,0.08928813532408836,0.036281421364510104
id03804,0.5038682612331657,0.3916146061365446,0.1045171326302897
id27615,0.9359863062863936,0.06132825829769108,0.002685435415915348
id13952,0.9996433247783756,0.000231428791149844,0.00012524643047457358
id23887,7.148475217558604e-07,8.50914125797635e-07,0.9999984342383524
id12125,0.9864986906523849,0.008335926422769627,0.00516538292484544
id12580,1.7675867225528117e-07,9.288474144933902e-06,0.9999905347671829
id13515,0.904282509602944,0.03432417985373224,0.06139331054332375
id04901,0.9432013825166597,0.03810389113873976,0.018694726344600388
id08378,0.003982187720971036,0.9824010792230143,0.013616733056014678
id22420,0.02101280403958735,0.9396393416121932,0.039347854348219406
id06669,0.9991365236818545,3.296195900323742e-05,0.0008305143591422336
id14609,0.4767428943647628,0.5181605762710125,0.005096529364224763
id00307,0.147329328312786,0.05715687626995458,0.7955137954172594
id05923,0.00036240088938339134,0.0028848192702886494,0.9967527798403281
id11338,0.9763982509159074,0.02344288019638657,0.0001588688877060973
id24057,0.1831700598791361,0.06350088154569163,0.7533290585751723
id12169,0.9973704361164019,0.0010943019729384247,0.0015352619106596542
id18326,0.9809603823881586,0.0035629790750495564,0.015476638536791825
id18883,0.9828330800505636,0.006302324845484373,0.010864595103952107
id18533,9.366979491014772e-05,0.9998490697680565,5.726043703335594e-05
id17876,0.0021939851772524526,0.9973267680573581,0.0004792467653895087
id20731,0.9998208931146595,0.00010590775139214946,7.319913394829283e-05
id03024,6.808267853328134e-07,3.123717137823293e-06,0.9999961954560769
id13111,0.47761252573561286,0.1451807164430804,0.37720675782130675
id00782,0.9366627670946669,0.02944129299358668,0.033895939911746435
id02834,0.08884521240988222,0.9109367980181315,0.0002179895719863489
id24697,0.927200260916484,0.02162169064452936,0.051178048438986656
id15020,0.15228816987437938,0.00592800488809994,0.8417838252375207
id14320,0.9911694117075901,0.006752454369736807,0.00207813392267313
id08330,0.6181459294101481,0.003800163234922798,0.37805390735492905
id05001,0.49192065464315726,0.5063138026913814,0.0017655426654613173
id01380,0.003219676214401193,0.006289747201131725,0.990490576584467
id08528,0.3807831255963136,0.23668223991868254,0.38253463448500374
id24180,0.009096479430021573,0.0001268150160418836,0.9907767055539365
id14187,0.5533191976031342,0.38597508699664873,0.06070571540021702
id18335,0.14801496153414492,0.8068226548275128,0.045162383638342324
id22887,2.8011359186969406e-05,2.672728870927333e-05,0.9999452613521037
id02361,0.0006033771505311981,0.0011621262438476626,0.9982344966056211
id10298,0.94390618845888,0.04923191736050209,0.006861894180617953
id17509,0.6960826853796079,0.0016064585928705333,0.3023108560275215
id10388,0.006733825171272003,0.9833789691093625,0.009887205719365473
id10729,0.0071922968155781935,0.13457255790070188,0.8582351452837199
id04085,0.0011488125691157128,0.000794839803325945,0.9980563476275583
id01855,0.7909722989328805,0.0031517757509707486,0.2058759253161489
id22628,0.5990641524016456,0.006794606753582774,0.39414124084477176
id21301,0.0011581452234204362,0.036387328529170974,0.9624545262474086
id05816,0.004009229497450343,0.953311090147729,0.042679680354820775
id25939,0.9441225821475029,0.033096271552022695,0.022781146300474505
id22458,4.859800090981399e-05,0.9966062666573091,0.003345135341780973
id11842,0.0024478920607922806,0.9150344837476033,0.08251762419160444
id04830,0.9924974856756744,0.0040270063252334076,0.003475507999092191
id14978,0.5335656920021559,0.46368040442109687,0.0027539035767473554
id05067,0.12064537401449536,0.2617509790234143,0.6176036469620904
id14196,0.8569483449625861,0.08601965864409458,0.057031996393319365
id12442,0.00011221233939746826,0.00026576241373113367,0.9996220252468714
id15813,7.237771748352541e-06,7.065455780268429e-06,0.9999856967724714
id15509,0.004077885359060618,0.995682109230497,0.00024000541044231078
id25299,0.06477442812091641,0.9325028096346368,0.00272276224444684
id02091,0.0025748250113411227,0.8973837713732161,0.10004140361544274
id06099,0.9967680927037754,0.002276628943197554,0.0009552783530270281
id14257,0.01261233919608674,2.6079851982377896e-05,0.9873615809519308
id09349,0.9920313878637215,0.003165559031087101,0.004803053105191446
id13831,0.009616635413506188,3.5380658301286444e-06,0.9903798265206637
id21579,0.0107762275061236,0.9881265641088719,0.0010972083850044332
id17750,0.915334820603528,0.001267613054853833,0.08339756634161821
id10480,0.9940787367675579,0.0038842011600204182,0.002037062072421745
id21438,0.3793768673700077,0.4265491512420424,0.1940739813879499
id12820,0.008986509013045159,0.18675845549635695,0.804255035490598
id19705,0.9445115250100355,0.033884780828543584,0.021603694161420824
id14890,0.024472717073190715,0.029596150065925534,0.9459311328608838
id03808,0.32670360226065814,0.6618263627407599,0.011470034998581952
id13463,0.049403467647482456,0.8219165606234574,0.1286799717290602
id20534,0.6973105942988249,0.08837048144832278,0.21431892425285226
id23512,4.5470418157244504e-05,0.9993498078856753,0.0006047216961675162
id22157,0.972491518362048,0.011736511413829594,0.015771970224122495
id18988,0.0016598508631161869,7.607478588408676e-05,0.9982640743509997
id09689,0.10934196657366303,0.4244863391358662,0.4661716942904708
id27817,0.17192624593360362,0.00154891939423286,0.8265248346721635
id25493,0.6073036677911249,0.37704618823849906,0.015650143970376153
id22813,0.6250610176230454,0.3454600194770162,0.029478962899938337
id09898,0.0004744742983222833,0.9980874959546133,0.0014380297470643676
id18621,0.08412290438807349,0.18503927493180722,0.7308378206801193
id24576,0.9988481769453837,0.0003088222479661546,0.0008430008066501677
id05956,0.930741983157658,0.06796750176935237,0.001290515072989671
id09434,0.014374873363762563,0.9743125079789882,0.011312618657249342
id03457,0.964921963597094,0.0028647069794375916,0.03221332942346831
id14418,0.007231240307028994,0.7654852720265868,0.22728348766638412
id19667,3.2205470070849854e-05,0.9998439608097427,0.00012383372018647944
id24964,0.024372535128121167,0.814973137757147,0.1606543271147318
id12733,0.6954476065667436,0.19896057382535692,0.10559181960789937
id24287,5.644763717637271e-05,0.0010048730192304513,0.9989386793435933
id08397,0.6497808449193415,0.21255659991123055,0.13766255516942802
id16713,0.8826343642186564,0.08971091035739237,0.02765472542395127
id02416,0.08486356941043788,0.06522228621122254,0.8499141443783396
id06638,0.8262577854864825,0.029209140485637823,0.1445330740278796
id08954,0.9965461480535311,0.0028831999418946225,0.0005706520045741779
id01653,0.911351749688946,0.001713753029777323,0.08693449728127678
id27024,0.9950372502937195,0.00041723455378797777,0.004545515152492519
id06883,0.29787287138534396,0.4131576333772859,0.28896949523737026
id16589,0.9949892080561382,0.00029217206596081173,0.004718619877901045
id27957,0.971174953604024,0.008528711206373439,0.020296335189602648
id06745,2.4946055956093774e-05,0.997850647788016,0.0021244061560279632
id01093,0.03546443600616448,0.9613638218045676,0.003171742189268002
id26956,8.140109119168366e-05,0.9998702501664641,4.8348742344263235e-05
id21084,0.015273939176214633,0.9328070701321651,0.05191899069162026
id25897,0.5329674899244676,0.4066605618207843,0.060371948254748155
id19216,0.04878296834905951,0.004437935982424141,0.9467790956685164
id04910,0.0007684108792996729,8.513466217158968e-05,0.9991464544585287
id16070,0.0163239659169885,0.4127618873328469,0.5709141467501646
id26056,0.9501134149451588,0.04530413669640438,0.0045824483584368724
id03458,0.9505618822987331,0.027857893250154038,0.021580224451112743
id26832,0.0002540589866172721,0.9930616405772981,0.006684300436084647
id10715,0.02342996288139312,0.9630080247850784,0.013562012333528412
id08227,0.03125015981315165,0.0017181014654757208,0.9670317387213726
id05041,0.008365313019467607,0.15133418519959796,0.8403005017809344
id20088,0.3103332904629729,0.6857442186468858,0.0039224908901413355
id07146,0.9993863491495433,0.00014756720424353368,0.00046608364621324085
id13264,0.8856998974569665,0.041281426409367175,0.07301867613366625
id15443,0.0004899288982404977,0.9994318524747818,7.821862697770172e-05
id10563,0.2879482585393319,0.0594063834967703,0.6526453579638978
id11078,0.11532290563841226,6.385198697845271e-05,0.8846132423746094
id21521,0.9460004348618853,0.024418393589424103,0.029581171548690523
id07478,0.0006407033939035765,0.0005876994216985925,0.9987715971843978
id18187,0.32638198202094865,0.0007013066890046817,0.6729167112900467
id22957,0.664591561736743,0.10496046139957302,0.230447976863684
id03051,0.47060922318009735,0.5244672816997207,0.004923495120181991
id02033,0.014432563117305326,0.9044076075575785,0.08115982932511613
id07605,0.740887890257191,0.18630134888810992,0.0728107608546991
id09853,0.003996696556861513,0.002939389780268768,0.9930639136628697
id07532,0.9315888153853923,0.04229185263829903,0.026119331976308776
id13910,0.1759101894291601,0.0006580370825234872,0.8234317734883165
id25766,0.01557510500784585,0.9751434111366482,0.009281483855505984
id20741,0.9981291353238505,0.0017027514217165254,0.0001681132544330452
id21540,0.471948463511814,0.43442107694811316,0.09363045954007278
id01048,0.48067709101837724,0.007297325407755795,0.5120255835738671
id10520,0.0027391637945486788,7.90577277772328e-05,0.9971817784776742
id07993,0.10690432761148898,0.004609327017203483,0.8884863453713076
id18218,0.6208348592642521,0.3721425521682756,0.007022588567472443
id21787,0.9947393589504476,0.0036841514157448414,0.001576489633807597
id21668,0.9592422487709673,0.038747278378563524,0.002010472850469139
id18795,0.24545150691847126,0.0034933075870548324,0.7510551854944739
id10888,0.02485186929499964,0.4316872727373055,0.5434608579676948
id05504,0.9389893536176834,0.047481319112429844,0.013529327269886746
id08234,0.011189399320333228,0.9844830219857457,0.004327578693921077
id13545,0.7435575576234401,0.21896139940225468,0.03748104297430527
id10457,0.999470218459178,0.0002259855590175347,0.00030379598180441694
id26886,0.8803389502533531,0.018891464999027743,0.10076958474761923
id08197,0.9583876744039632,0.0036915726396568624,0.03792075295637987
id23506,0.05976589175378982,0.5750694402238391,0.3651646680223712
id13082,0.972311389161492,0.021154265191176837,0.0065343456473312455
id03640,0.10521350661937763,0.0011958266350406504,0.8935906667455817
id14434,0.7846672582358158,0.0793879910519517,0.1359447507122325
id18045,0.006314456932885834,0.004712480463712731,0.9889730626034015
id22254,0.0020561380411215986,0.9978722533492775,7.160860960090262e-05
id07693,0.00025402906357301433,0.00036377459261255444,0.9993821963438144
id11174,0.9804630691033416,0.015968498096547788,0.0035684328001106816
id16977,0.5210144892443903,0.231161473834953,0.24782403692065674
id18823,0.06423387317490833,0.9327201413164272,0.003045985508664392
id15371,0.0440679703443323,0.0004817318738003812,0.9554502977818674
id25520,0.1768135838713984,0.8195233706958911,0.0036630454327105048
id02959,0.05515568508001296,0.001187124299165955,0.9436571906208211
id16447,0.9970476051767896,0.0013308264578586848,0.0016215683653518125
id22428,0.029213914939581982,0.01440468490480457,0.9563814001556133
id11691,5.169470280980658e-06,0.999994444492574,3.860371450503803e-07
id16364,0.0033017933265190613,0.005566407442899125,0.9911317992305818
id04677,0.8701203829436319,0.10212255943378253,0.027757057622585544
id14107,0.9988738726606311,0.00065708681474324,0.00046904052462571884
id00038,0.0027158048375099716,0.0010594029983813848,0.9962247921641086
id06627,0.5830787035255767,0.39214508383325425,0.024776212641169047
id14730,0.8794896097234037,0.11818088616130681,0.0023295041152893723
id03028,0.0035901774635946067,0.0001606942929381369,0.9962491282434672
id12093,0.2145409451515208,0.3478792068842337,0.4375798479642455
id17646,0.9865195492346962,0.006215662579655696,0.007264788185648117
id12254,0.03244927414620108,0.0379904104093538,0.9295603154444452
id20276,0.2133148195889148,0.6752954441604855,0.11138973625059974
id05113,0.00011665619463619426,0.00018069562163447868,0.9997026481837292
id19361,0.9882193499384081,0.011084326240525636,0.0006963238210662759
id12822,0.009381412812609747,0.00558981570763063,0.9850287714797595
id01292,0.016044494149434683,0.9801711625303303,0.0037843433202351365
id15670,0.006849970850359673,0.9918289096622939,0.0013211194873464988
id22517,0.8826018046988575,0.025154171646132616,0.0922440236550098
id05169,9.729082620313078e-06,0.00021014959205251926,0.9997801213253271
id01681,0.14976417348953938,0.848764588845738,0.0014712376647225993
id16987,0.0031326682304152523,0.9967400271247783,0.00012730464480648797
id12983,0.9388910613754298,0.058354878924095514,0.0027540597004747447
id24596,0.9417312429597072,0.005500727373617193,0.05276802966667556
id10673,0.8474354518721441,0.10392858768761729,0.04863596044023875
id21032,0.14201699739154378,0.004271345921387824,0.8537116566870684
id04393,0.9700315502890637,0.028113291757598524,0.0018551579533376986
id05434,0.18170669510108164,0.4566034893985412,0.3616898155003772
id23793,0.1303056284239196,0.8616324390234325,0.008061932552647998
id14327,0.06417700215263888,0.00013811403448738422,0.9356848838128737
id08874,0.8741518305180417,0.04428292630857453,0.08156524317338382
id23114,0.012217559958418325,4.294397153945819e-06,0.9877781456444278
id17998,0.9795231862477418,4.129320415678018e-05,0.020435520548101455
id03248,0.9270245023010026,0.05366207298980779,0.019313424709189512
id19982,0.9559654221766438,0.012141316202064626,0.03189326162129164
id02463,0.10256819079804938,0.4524763337045557,0.444955475497395
id01173,0.0007454640334476762,0.9949317391034578,0.004322796863094655
id11486,0.2743369967119149,0.015896091707524797,0.7097669115805603
id13875,0.8665791289720847,0.11824118058662657,0.015179690441288715
id11996,0.0016242078844949021,0.9877636567318449,0.0106121353836602
id20016,0.7786874438916874,0.07060576672915293,0.15070678937915977
id21163,0.039843000645097285,0.9403583213352965,0.019798678019606174
id27788,0.0009211440566125899,0.9990344374347855,4.44185086018865e-05
id05345,0.09319993632011511,0.001020551711344411,0.9057795119685406
id06642,0.0001583914676400831,7.913587717929139e-06,0.999833694944642
id02630,0.9958510557767807,0.002818333613121475,0.0013306106100979206
id19669,0.008820357372258713,0.0032957462125132344,0.9878838964152281
id11560,0.9760437763257007,0.00160649112763434,0.022349732546665002
id04038,0.2535723025482748,0.017216818636622288,0.729210878815103
id01135,0.21179264527162386,0.6151619738128777,0.17304538091549837
id00558,0.7727748822630318,0.017645548391364143,0.20957956934560398
id21104,0.0002640471006241421,0.9976352893583423,0.0021006635410335595
id18653,0.909290554227659,0.03597247842581398,0.05473696734652696
id12684,0.10457072089307252,0.000185795990151148,0.8952434831167764
id14001,1.0925838986833223e-05,0.9999743709950885,1.4703165924697162e-05
id13973,0.016030440813724307,0.9475811669762848,0.0363883922099909
id12628,0.579668061973533,0.01632372202120291,0.40400821600526404
id05398,0.855696341953817,0.0240701310787102,0.12023352696747258
id21797,0.004738184875383972,0.00038741470070648534,0.9948744004239096
id12836,0.978120858796323,0.013930346839085797,0.007948794364591161
id24392,0.700678857753783,0.25419472432850365,0.04512641791771341
id17891,0.8499300535221909,0.08096058807261848,0.06910935840519068
id22594,0.01401639303207632,0.008940061920599053,0.9770435450473247
id13893,0.040366546813340426,0.2916485520279702,0.6679849011586894
id23149,0.004771717346930256,0.19424033899144819,0.8009879436616216
id25035,0.692878276472952,0.013708249182245965,0.293413474344802
id14727,0.873388448792773,0.09958749549038769,0.027024055716839343
id19523,0.02838187843961152,0.5677918899324843,0.4038262316279042
id01150,0.7440814120347533,0.24595583623408818,0.009962751731158534
id03947,0.05436827334402861,0.19545531007533698,0.7501764165806345
id16755,0.5694778109108598,0.21465982285771745,0.21586236623142274
id20700,0.902686703357408,0.09494489476686976,0.0023684018757222816
id14969,0.9868198665877252,0.0025752602359544797,0.010604873176320254
id04578,0.993054902370383,0.006375785823050664,0.000569311806566439
id00454,0.0028008832882569033,0.2003619931957317,0.7968371235160114
id02079,0.00025791162303667525,0.9979235368761674,0.0018185515007959983
id04483,0.012249016020855388,0.9874648769781333,0.0002861070010113134
id27403,0.0012670652871690242,0.9934126869810801,0.005320247731750887
id18464,0.0010017261517489607,1.2169751749397409e-05,0.9989861040965017
id16974,0.11004069490614313,0.050860040806425214,0.8390992642874318
id20968,0.32156422722964395,0.018786101852975422,0.6596496709173806
id15904,0.4974732976649855,0.017837819238175984,0.4846888830968385
id26247,0.008652732118911252,0.9906105450097858,0.0007367228713028331
id16959,0.4408854473025604,0.5237895508798619,0.03532500181757779
id15588,0.9624027267589108,0.018845137889169077,0.01875213535192007
id15028,0.021776824130447042,0.3938081763513632,0.5844149995181898
id15812,0.999170734702514,0.0008216553466211333,7.609950864800285e-06
id11060,0.08452021037119709,0.05969938526327062,0.8557804043655324
id03139,0.22814396253920424,0.002514362314129291,0.7693416751466664
id11124,0.9825544443393219,0.013100308785843909,0.004345246874834073
id08326,0.00037355782676915845,0.0016266795862644927,0.9979997625869663
id02237,8.198027264220957e-05,0.000476119023644531,0.9994419007037132
id18268,0.06456019934728793,0.5573543877137741,0.378085412938938
id08549,0.002037969505479752,0.9938958110362274,0.004066219458292833
id03413,0.008604291603433652,0.9627351621148436,0.02866054628172282
id15227,0.6407654073780749,0.35884769618590984,0.00038689643601525143
id08276,0.02174852934573325,0.0016745596709632942,0.9765769109833035
id02691,0.13829476355145479,0.21202959278957445,0.6496756436589708
id15274,0.12541765203904132,0.10023454834626865,0.77434779961469
id18021,0.022672338786974444,0.9764630093313913,0.0008646518816341944
id16994,0.9888615211046939,0.009448299627796806,0.0016901792675092485
id01218,0.06797546164602375,0.8207316142035861,0.11129292415039024
id21198,0.04978574765011491,0.9500792774404977,0.00013497490938738817
id21188,0.9845664708013533,0.0067646890738141145,0.008668840124832615
id10509,0.10685695854003553,0.0016159442157622035,0.8915270972442023
id26923,0.8910275157337537,0.036986689510110915,0.0719857947561355
id04862,0.44370225812605446,0.31360382615111604,0.24269391572282956
id13792,0.9533068487355723,0.01997311888015119,0.026720032384276546
id14671,0.277299375443369,0.4358619646375884,0.2868386599190425
id03682,0.9307698531101236,0.06624713439998992,0.002983012489886367
id12531,0.0029108235569834254,0.01416884509233064,0.982920331350686
id24788,0.9622365145325655,0.01943221065328973,0.01833127481414483
id19959,0.3881242949252112,0.5862150062066367,0.025660698868152136
id07150,9.534363443329826e-06,0.9998364888617656,0.00015397677479101092
id27039,0.0020313073937389186,0.10874029282616501,0.889228399780096
id07469,0.9394535121199066,0.007503709790577266,0.05304277808951623
id19322,0.9400923754317556,0.05401701920243239,0.005890605365812074
id03708,0.9721366842465057,0.02510476966791541,0.0027585460855789334
id15795,0.00022066577305513053,0.9997346705806442,4.466364630065913e-05
id10472,0.9955523333798159,0.0026300415317147114,0.001817625088469416
id16830,0.045220937613030684,0.0892698656985761,0.8655091966883932
id25936,0.48452758573339894,0.5107129385942568,0.004759475672344242
id27050,0.727206782788842,0.25148961890635047,0.021303598304807478
id09534,0.1864676265224826,0.0010126066889636046,0.8125197667885538
id24028,0.0679254380473854,0.9266521047651847,0.005422457187429951
id00179,0.8046230307774166,0.13078889509957586,0.06458807412300757
id01066,0.059469044245547706,0.0022319739336202514,0.9382989818208319
id12260,0.9168410335653269,0.03476105481605505,0.048397911618618075
id27309,0.026268408484467452,0.9719653481365418,0.0017662433789908316
id23788,0.003271993116505014,0.9560713948063785,0.04065661207711651
id22640,0.06739179800042507,0.8939731176830863,0.03863508431648863
id11994,0.9835635559845316,0.006215333606120804,0.010221110409347636
id27108,0.008484098622524708,0.0014092228058603408,0.990106678571615
id06350,0.9630839717479013,0.006829346956285988,0.030086681295812618
id20810,0.563700492851396,0.2817724655103979,0.15452704163820605
id03566,0.6931501642996757,0.3033206910235876,0.003529144676736693
id24869,0.9695614874454155,0.028172195529464122,0.0022663170251203827
id05052,0.1978259953558513,0.0009732677140930468,0.8012007369300557
id10556,0.8787978018424629,0.0337367889104754,0.08746540924706174
id02614,0.9695096313954231,0.02531904390078794,0.005171324703788945
id07758,0.000911649074504232,0.12362520337280605,0.8754631475526897
id18154,0.6669973033353273,0.014414648901831674,0.31858804776284105
id27824,0.0027794483032364905,0.00145309044326408,0.9957674612534995
id01863,0.6774328395906233,0.07044027902625184,0.25212688138312483
id03399,0.44848346746762086,0.292882391512827,0.25863414101955223
id08499,0.999281428969681,0.0006174610599735328,0.00010110997034556786
id13050,0.0700679444280433,0.9181790970190565,0.011752958552900171
id02045,0.013025044513888901,0.8466922008176575,0.14028275466845366
id23460,0.011255729566497766,0.0031327719344884293,0.9856114984990139
id07754,0.24467197976003727,0.09510342629615152,0.6602245939438113
id00962,0.0011210442705197287,0.09168628704203767,0.9071926686874426
id16289,0.07261918431683527,0.9252789994010584,0.0021018162821064635
id17208,0.5453833272936288,0.023664201776064243,0.4309524709303071
id04362,0.20177437138730453,0.6855507187768847,0.11267490983581076
id25585,0.8209092895837046,0.026736494333271292,0.15235421608302416
id14213,0.004510887133094452,0.9953395676292381,0.00014954523766743665
id12597,0.9277137846211466,0.0007551569959605865,0.07153105838289286
id22126,0.5100264603108065,0.48709742587784227,0.0028761138113513
id21624,0.9748723888613586,0.0007372971191751852,0.024390314019466227
id15291,0.8526024301194188,0.022270114514509637,0.12512745536607156
id22388,0.6485055984993935,0.04156631587398156,0.3099280856266251
id20030,0.0028841669537129004,0.0010994966344597115,0.9960163364118273
id08162,0.011447121000618513,0.9881395256922425,0.00041335330713894626
id19094,0.007230493451059835,0.0008139410393806156,0.9919555655095595
id15689,0.9471137967718917,0.009698707485927816,0.043187495742180504
id03782,0.010295269313644833,0.10513579852751376,0.8845689321588415
id21690,0.007557533985065122,0.00019366535716915917,0.9922488006577658
id04375,0.061811954456816524,0.04341316217231506,0.8947748833708685
id01996,0.392685443072624,0.04910924025890883,0.5582053166684672
id17872,0.02535439429391142,0.0006898927151880547,0.9739557129909004
id13803,0.9753361560495942,0.023813993728009825,0.0008498502223959342
id22322,0.8434935466008571,0.03243243429682452,0.12407401910231841
id05987,0.4622036689191301,0.041419862477476546,0.4963764686033934
id01892,0.9882878556023823,0.01090775442278915,0.0008043899748285264
id10446,0.27654459830592776,0.020988179674023652,0.7024672220200485
id10837,0.18018090712173407,0.0051567693151947916,0.8146623235630712
id25725,0.002275058045794074,0.9961724160215121,0.0015525259326938407
id21555,0.004278542923015353,0.036852624020776964,0.9588688330562077
id14273,0.9771859764900568,0.01434664558709732,0.008467377922845933
id05164,0.003598029063609089,0.9874165987600144,0.008985372176376554
id15806,4.416611320191805e-05,4.8067356267280135e-05,0.9999077665305308
id22313,0.186390716664891,0.06799351996365323,0.7456157633714557
id07770,0.028782975207627723,0.9570894222610428,0.014127602531329534
id22677,0.0007930332627980304,0.9089735000996664,0.09023346663753565
id14144,0.1939349349611204,0.0015251249790409237,0.8045399400598388
id24637,0.004202529552108094,0.9908622241572466,0.004935246290645401
id19346,0.0007125248505820848,0.9990836176122005,0.00020385753721742492
id17694,1.379458884598764e-06,0.9997584867512777,0.00024013378983785477
id22547,0.009744469273551019,0.9870110310327,0.003244499693748962
id21870,0.800749564457649,0.17150710234804478,0.027743333194306195
id05420,0.19093747632481428,0.10970022827620374,0.699362295398982
id05785,0.05177694466361425,0.0535014860797265,0.8947215692566592
id10406,0.6703451831394317,0.018438508436150046,0.3112163084244182
id19687,0.049994206016764256,0.8587139574600575,0.09129183652317828
id24237,0.013777679088834777,0.9827090705940709,0.003513250317094297
id04840,0.9957306915604148,0.0010535010265284538,0.0032158074130568216
id03369,0.008641858289753841,0.9522102950041902,0.039147846706056054
id10539,0.99334098494638,0.0019742774865609126,0.00468473756705909
id21454,0.061134686998262126,0.11463901472804741,0.8242262982736904
id12497,0.9751127527755202,0.02460870272063278,0.0002785445038469935
id12110,0.9852418631061872,0.006973224524397947,0.0077849123694148205
id19875,0.15007020666475437,0.7069018284123235,0.1430279649229222
id17061,0.29390192602214565,0.0002741947428435586,0.7058238792350109
id01823,0.004466643275027577,0.00021761165175598765,0.9953157450732164
id10541,0.014401989554522328,0.17181940615929092,0.8137786042861868
id08838,0.5805029096814411,0.41199564645567205,0.007501443862886925
id14058,0.0012138148541844694,0.9929239780625561,0.0058622070832594665
id02519,0.6930528006193579,0.0010244877300667888,0.3059227116505754
id15851,0.0009349561264279561,0.9872459310525068,0.011819112821065327
id18981,0.9973970508185285,0.00022664431505877268,0.002376304866412705
id20283,0.023478954177824446,0.4581968377953882,0.5183242080267874
id24321,0.006271114016869452,0.005736252785334856,0.9879926331977957
id15426,0.1603466506345662,0.1089615967654731,0.7306917525999608
id19185,3.72228891107513e-05,1.2415354644385548e-05,0.999950361756245
id16913,0.5845290858276577,0.013211217770542575,0.4022596964017997
id17366,0.7459587584831823,0.25356642254706957,0.00047481896974812333
id14629,0.49895469686924915,0.07046792818455719,0.4305773749461937
id02156,0.030957212519815862,0.9055319504680004,0.06351083701218382
id25990,0.10285072878208047,0.3587902399230061,0.5383590312949135
id12433,0.06434283949816251,0.008497045793844027,0.9271601147079935
id01192,0.9850578638874752,0.0006933356999462808,0.01424880041257865
id18304,0.9999723249795724,1.2568165002670765e-05,1.510685542491731e-05
id08816,0.9529448101714494,0.026873205209887927,0.020181984618662736
id06391,0.709129358838533,0.08765973860187891,0.203210902559588
id09551,0.9334530073752629,0.02076653038222747,0.04578046224250959
id17127,0.9753014529702715,0.011578078016568865,0.013120469013159755
id00405,0.7968213218548627,0.06463338807881013,0.13854529006632715
id17097,0.9998622242256139,7.778599156978975e-05,5.998978281627714e-05
id14756,0.9819432503478361,0.01721309201270837,0.0008436576394555743
id00827,0.024811431481736756,0.8955123146357773,0.07967625388248582
id20079,0.6913948705084035,0.26354210881454987,0.04506302067704674
id07234,0.6166721890653931,0.37458495180727075,0.008742859127336137
id17967,0.984064842676525,6.506756522941197e-05,0.015870089758245515
id08122,0.012007999764082865,0.0001986335754417086,0.9877933666604755
id08810,0.28939578079285294,0.20619322116443264,0.5044109980427144
id06035,0.0003247495308101287,0.9901921025890192,0.009483147880170704
id11583,0.19887129540158843,0.7612296124078355,0.03989909219057612
id02303,0.00021791456509985958,0.999728302611381,5.378282351906804e-05
id05242,0.0009125101554750051,6.286548758488361e-06,0.9990812032957666
id13422,0.973940158283237,0.022742221118834987,0.003317620597928061
id07689,0.9402254531292018,0.0010427496440486481,0.058731797226749705
id08626,0.37211048859385887,0.13205496059143734,0.49583455081470373
id22213,0.11650702720263176,0.07941672715497156,0.8040762456423967
id14279,0.013787128076508037,0.9841178140168078,0.00209505790668423
id23873,0.7487669762373673,0.21042941637740878,0.040803607385223865
id27967,0.972517854808647,0.008311014857941178,0.019171130333411727
id21118,0.0003127318024094363,0.9995112951596739,0.00017597303791669043
id03867,0.027863081856605593,0.9607680863751823,0.011368831768212165
id12593,0.7811174888419776,0.055396841122423546,0.1634856700355989
id20223,0.20775147685394502,0.7528637173614972,0.03938480578455787
id21015,0.9939969160882669,0.004006767583112416,0.001996316328620531
id07297,0.7860875750798213,0.006189749336841483,0.2077226755833373
id05958,0.8646209964158116,0.04565302130938162,0.08972598227480674
id22990,0.23184228879354146,0.28975697389204125,0.47840073731441735
id21838,0.6147512499113091,0.3293043226993977,0.0559444273892932
id26686,0.9997602012113896,5.974081605073718e-06,0.0002338247070052623
id17183,0.10278145819114963,0.8588447394840174,0.03837380232483303
id13877,0.6275144145692733,0.08095296621129168,0.2915326192194351
id27300,0.0025868030200476137,0.1561155724122541,0.8412976245676983
id12219,0.6465489777453487,0.34949848454509974,0.003952537709551645
id21935,0.9663943166376433,0.004136117680784317,0.02946956568157236
id11241,0.00540866615612764,0.015187484874294884,0.9794038489695774
id13117,0.004357362391914884,0.0001722374701379175,0.9954704001379472
id22934,0.9158986694641981,0.03273929055067443,0.05136203998512742
id06123,0.8554238665032431,0.14282510541991175,0.0017510280768450726
id24499,0.9730871822698052,0.014546790542410691,0.012366027187784094
id06305,0.9915799344390788,7.595086566183818e-05,0.008344114695259404
id05291,0.386392841450951,0.009822352072198429,0.6037848064768506
id17070,0.04728787259531444,0.768493541231877,0.18421858617280865
id04261,0.9176978791911576,0.023261988661829984,0.05904013214701242
id05493,9.385220560770906e-05,0.00016142254610161333,0.9997447252482907
id01921,0.3142886460867412,0.013725483137843473,0.6719858707754154
id21901,0.004005298907977458,0.9940204641677673,0.0019742369242552685
id26297,0.9811964562148243,0.0019544132249432506,0.01684913056023245
id26919,0.9852867235305139,0.0035241868134710994,0.01118908965601497
id26976,0.3745261519979038,0.23444476102362474,0.39102908697847155
id09290,0.99771038573378,0.0006106465370531261,0.001678967729166938
id03920,0.08637109270853238,0.6202080767048559,0.29342083058661184
id11163,8.195174377492112e-05,0.9999157374696628,2.310786562310524e-06
id19267,2.4314594700386324e-06,1.0366976327829073e-06,0.9999965318428972
id00252,0.3950203775507647,0.000519670663259584,0.6044599517859757
id02493,0.019056960156440594,0.9779567107301999,0.002986329113359387
id19384,0.966242281271837,0.029004838925021738,0.004752879803141321
id06084,0.977504429416877,0.017919948429641425,0.004575622153481672
id16369,0.02404901569288145,0.9740318175844055,0.0019191667227131098
id21012,0.8783974326694169,0.11753190849034414,0.004070658840238736
id19276,0.9287499105722727,0.06785632585448595,0.0033937635732412623
id25620,0.0010564537058007206,0.00433136132490541,0.9946121849692938
id22224,0.8443607416224235,0.058957781702220866,0.09668147667535563
id27162,0.04659051283781505,0.008779463663351344,0.9446300234988336
id20802,0.9834521348664945,0.0026801037156980907,0.013867761417807479
id25431,0.5435770642010335,0.40402199672948624,0.05240093906948037
id17375,1.024195482761893e-05,4.0952006325525526e-06,0.9999856628445398
id19031,0.8119740376989799,0.0007537608151938305,0.18727220148582618
id26961,0.010071088398046164,0.9776278180311389,0.012301093570814981
id21314,0.10794656688115813,0.36600741621568567,0.5260460169031562
id02187,0.6404903710523789,0.08455995837095415,0.27494967057666697
id04177,0.9855114254986186,0.013693076871820115,0.0007954976295613139
id20912,3.536047202614324e-05,0.011843896917296832,0.9881207426106771
id16461,0.9821062394069904,0.0031562630831221115,0.01473749750988754
id21126,0.00021712828819210568,0.9990238757819945,0.0007589959298134623
id07172,0.002802841773262175,0.0008556777947008257,0.996341480432037
id16912,0.020343864212885816,0.0019457648856698764,0.9777103709014443
id27836,0.6204983504169119,0.17196191642662367,0.20753973315646432
id24102,0.03720552330653055,0.3735924123496338,0.5892020643438356
id22863,0.9861485328858697,0.0011402629011128423,0.012711204213017567
id12596,0.8574805996673461,0.08032298904983214,0.062196411282821704
id06970,0.9984295142950068,0.00014475300780498112,0.0014257326971882076
id11925,0.9975714528239104,0.0014444521707268614,0.000984095005362729
id17870,0.012733500787365763,7.358642426014875e-05,0.9871929127883741
id15802,0.268978188515982,0.0006545588176548701,0.7303672526663632
id27055,0.9977524973394063,0.0002132964315498829,0.002034206229043877
id15534,9.125511957224763e-05,0.0002464234139041798,0.9996623214665236
id00653,0.9758128182471872,0.008877966724967417,0.015309215027845215
id13184,0.7450947796225205,0.2510396012525097,0.0038656191249699648
id24539,0.0002273254151900295,0.0001550103675341706,0.9996176642172758
id01909,0.11560027482531837,0.8775899591160224,0.006809766058659192
id11081,0.16513995256147285,0.013704706550290446,0.8211553408882367
id19484,0.0334694931416261,0.16191453551654464,0.8046159713418293
id15680,0.00011609421655379535,2.4877452504661904e-06,0.9998814180381957
id19847,0.9987559586327073,0.001146530387219814,9.751098007302926e-05
id08396,0.03799378391957232,0.9483376303786657,0.013668585701761979
id27747,0.0064300755119850094,0.9849454122075919,0.008624512280422955
id13275,0.19519145408240693,0.033383348564206564,0.7714251973533865
id24592,4.9466942039414334e-05,0.9961969811029471,0.0037535519550134437
id17539,0.021232052576483553,0.001102640305333454,0.9776653071181829
id25139,0.9981578524192398,0.00032842026473224535,0.0015137273160279671
id04900,0.0028897378401353266,3.4232401261095437e-05,0.9970760297586035
id11807,0.0003146322905830475,0.004803265217221234,0.9948821024921958
id27825,0.9996135013933631,2.1969289846510497e-05,0.00036452931679035116
id02124,0.3608267297637664,0.5535667705434579,0.08560649969277563
id13514,0.003148616333145813,0.0007509492765663077,0.996100434390288
id07085,0.47503104772026516,0.0002099742251297746,0.524758978054605
id19595,0.14434184325206476,0.8174963870069166,0.03816176974101871
id03479,0.031193899325419397,0.9622903006769981,0.006515799997582463
id26481,0.9978413820959188,1.6617436008232797e-05,0.002142000468072975
id13820,0.8772642951930352,0.12035128571761292,0.002384419089351767
id13710,0.9914085927622233,0.007559305258099303,0.0010321019796773983
id14226,0.00022300853679263242,0.9992663503265669,0.000510641136640642
id03273,0.006909810073722071,0.00019004174279257458,0.9929001481834854
id22595,0.9988565365813139,0.0011187819426613675,2.4681476024830607e-05
id02450,0.007179366608986596,3.518046115082325e-05,0.9927854529298625
id16725,0.9860165688878161,0.013708136341664566,0.00027529477051940353
id08589,0.014636401240429493,0.9168864828067028,0.0684771159528677
id21185,0.3742509064649317,0.1378127162678856,0.48793637726718275
id24259,0.08792502261270972,0.5600176783327091,0.3520572990545812
id23205,0.017189958547051555,0.01905617587018698,0.9637538655827614
id10758,0.910589087969233,0.004313230704660863,0.08509768132610619
id01394,0.7196731097053511,0.012176954592861892,0.268149935701787
id12686,0.705802671722116,0.04727452528946525,0.2469228029884188
id24347,0.006511380831555326,0.9856458548621432,0.007842764306301512
id09072,0.10428448041552671,0.00029063431277951486,0.8954248852716937
id01400,5.407962472092986e-05,0.0005271037560763794,0.9994188166192027
id19203,0.9981889626162537,0.0012811784547354748,0.000529858929010908
id21362,0.9835554283680313,0.006457721867037201,0.009986849764931464
id16806,0.08605971515689989,0.001737805136118418,0.9122024797069818
id26587,0.9964431801770781,0.0005019255274027341,0.0030548942955191494
id06787,0.995170466254979,0.003359797380630021,0.0014697363643910483
id16888,0.0013602103945334874,0.000966810955051976,0.9976729786504145
id07057,0.7185439762139129,0.25322905432512066,0.028226969460966388
id16144,0.03559023123790194,0.9603184144735487,0.004091354288549397
id03367,0.9524567332159581,0.019203744530272862,0.028339522253769015
id20176,0.12013680208879961,0.006846343382207089,0.8730168545289932
id10060,0.9998030627622142,0.00012778646116648124,6.915077661927438e-05
id13586,0.794916921006841,0.12716867735384324,0.0779144016393158
id27560,0.00931342791189012,0.09365470079161199,0.897031871296498
id02455,0.03580395365497879,0.949987260476774,0.014208785868247325
id25875,0.5452121159589599,0.39635299961389714,0.05843488442714305
id22436,0.8388505639066994,0.00952929725481634,0.1516201388384843
id01064,0.03585804301822726,0.003744624955029611,0.9603973320267432
id20980,0.42787788894457635,0.5388730389249777,0.033249072130446033
id13458,0.100956297121969,0.3295066636964496,0.5695370391815815
id00436,0.0037809236081363076,0.0008602800228964065,0.9953587963689672
id03500,0.0005711585781669178,0.9616510148247922,0.037777826597040876
id07214,0.9936278001609916,0.0034091035638098436,0.00296309627519861
id00251,0.9964678600090422,0.00245197990555488,0.0010801600854028711
id12916,0.9600387724854839,0.03967237228429795,0.00028885523021818184
id16789,0.986523619498637,0.010386359869245536,0.0030900206321175915
id20305,0.9912029353168502,0.006144109171660916,0.0026529555114888793
id07510,0.03320548544099435,0.001852542067224161,0.9649419724917815
id19076,0.008529776553147845,0.03392594473872693,0.9575442787081252
id03852,0.9848317449717918,0.007111304499582239,0.008056950528626082
id23936,0.11427379722002656,0.6252118654584017,0.26051433732157175
id04986,0.9959038286526647,0.0015845120851547664,0.0025116592621805835
id27877,0.3633595519323503,0.02404150719091594,0.6125989408767338
id14028,0.9362279153114392,0.0008702132781246922,0.06290187141043618
id18111,0.9968616248048444,0.002124684886536527,0.0010136903086190828
id13199,0.23911689463121538,0.04824859389700831,0.7126345114717763
id22837,0.004852386325727021,0.008012354979914666,0.9871352586943584
id14354,0.2367591568368938,0.0011300465879232858,0.7621107965751829
id26142,0.991764186948914,0.001247804410249243,0.006988008640836654
id02912,0.7379318100664775,0.22130247342010684,0.040765716513415616
id13167,0.003047809428232459,0.9907479656927671,0.006204224879000412
id06552,0.9981724005019401,0.00117200714822833,0.0006555923498316001
id00711,0.2569068420498043,0.004457855347003838,0.7386353026031919
id23657,0.485270927360719,0.32910766562736327,0.1856214070119177
id09847,0.06087001861725624,0.9125820121021995,0.026547969280544346
id21789,0.12953775282895935,0.8470808041298266,0.023381443041214034
id08709,0.9890281454229783,0.0006937487646794249,0.01027810581234222
id04207,0.7649374277786025,0.016957821261339046,0.21810475096005838
id25999,0.009573145815226228,0.02059367983556862,0.9698331743492052
id03308,0.9458572861509575,0.027036313754320203,0.02710640009472217
id02852,0.048426780937309614,0.00017653812932730023,0.951396680933363
id23251,0.0015039716384490874,0.00027787401707387536,0.998218154344477
id25544,0.0033318111968168923,0.9813400733657616,0.015328115437421592
id10917,0.4968630063223473,0.4946779436845774,0.00845904999307512
id00948,0.00042543618140639973,0.10091171852438781,0.8986628452942058
id05882,0.9877311484019431,0.00888556088979653,0.0033832907082604357
id04930,0.2323325165869469,0.7669943012712723,0.0006731821417808824
id07919,0.0006930098283745488,0.9448835872084437,0.0544234029631818
id27937,0.11527452406471794,0.14194728523418765,0.7427781907010944
id25479,4.227447073598399e-05,3.430530845643728e-06,0.9999542949984184
id09056,0.8942662430003404,0.010662303275794555,0.09507145372386505
id13242,0.6627642977510151,0.18571008234971073,0.1515256198992741
id17505,0.8591445644765863,0.019652159411800596,0.12120327611161315
id18338,0.004091465510444718,0.8501770189854327,0.14573151550412256
id02117,0.1692452171116416,0.04049481895137068,0.7902599639369878
id21550,0.9575959748646333,0.00022708762358502588,0.04217693751178158
id27030,0.012757323790729075,0.0030759704375863573,0.9841667057716845
id21220,0.9999386431140055,5.449238752159047e-06,5.590764724239242e-05
id08004,7.05615474166105e-05,1.3705671723665918e-06,0.999928067885411
id26622,0.9999806002503447,1.6196154950944063e-05,3.203594704351635e-06
id21590,0.9961276528590968,0.0013869830133320345,0.002485364127571127
id16882,0.0022722885845357452,0.02372990327526543,0.9739978081401989
id09120,0.1692863243885905,0.8189610988511218,0.011752576760287767
id27586,0.0013677348886712015,0.00018553097012668097,0.9984467341412021
id00971,0.0017321590513483056,0.7062007154857253,0.2920671254629265
id25747,3.3472871153309924e-05,0.9999446891011909,2.1838027655756567e-05
id18579,0.997440403219057,0.0023093008674453658,0.0002502959134976048
id07382,0.02878910782470734,0.0025827213314165167,0.9686281708438762
id24298,0.13720499715047768,0.004374047665539324,0.858420955183983
id04490,0.0032348208223052814,0.0169099677806277,0.979855211397067
id08407,0.9004400113185067,0.09761535280458897,0.0019446358769042889
id02481,0.10070241189687203,0.874629807398303,0.02466778070482498
id07260,0.9930440408307005,0.0011108592374190263,0.005845099931880418
id16709,0.006915094509198293,0.9862072591634193,0.006877646327382438
id26939,0.007823569044516959,0.9874984802283412,0.004677950727141881
id11360,0.9638325233562892,0.029113716904323905,0.00705375973938694
id16905,0.0034075873425658747,0.006323851742763822,0.9902685609146702
id18267,0.0024036436013267176,0.0011158893236922621,0.9964804670749811
id07915,0.41891710002230775,0.0018602657028385537,0.5792226342748538
id25635,0.8959327849139125,0.015856544636367646,0.08821067044971981
id01231,0.00020085125325378453,2.1691304906996847e-05,0.9997774574418392
id20357,0.9626458081402539,0.03339546903496742,0.0039587228247784986
id25121,0.13727646441922614,0.16276355604892395,0.6999599795318499
id10476,0.15679941775882747,0.3943912438334852,0.44880933840768733
id18479,0.9931682766982969,0.0002933005640292407,0.006538422737673949
id20436,0.9966605559198474,0.0030438184041034714,0.0002956256760490498
id25862,0.032213057668635525,0.9574401675008037,0.010346774830560599
id23153,0.29943474957328603,0.6049333487313066,0.09563190169540751
id15954,0.9463207280143183,0.008689442993392832,0.044989828992288886
id19030,0.7920896005352059,0.005931826074084892,0.20197857339070924
id00577,1.0672712781867235e-05,0.9981921971797909,0.0017971301074272733
id10231,0.02629506472263468,0.3411835412852829,0.6325213939920825
id02126,0.9944872801231717,0.00010672531210836193,0.005405994564720022
id11620,0.21826468010793582,0.10448875775116909,0.6772465621408952
id07356,0.4939800234346173,0.20610515040130883,0.29991482616407394
id27738,0.08504716440992016,0.606655343939847,0.30829749165023285
id09480,0.9987883176101477,0.0003187358635576736,0.0008929465262946584
id05725,0.9461956328791433,0.013808076050760319,0.039996291070096446
id11261,0.018592413041408417,0.0003336895997754981,0.9810738973588161
id27843,0.9970558065960062,0.0029074808702902214,3.671253370343167e-05
id19331,0.991645077912465,0.008246246576129736,0.0001086755114052527
id22060,9.248374405785044e-07,3.923663161454094e-05,0.9999598385309449
id00704,0.004707687981047656,0.002982803182687948,0.9923095088362643
id13112,0.10800564962891043,0.0005537613428963961,0.8914405890281932
id14324,0.05732526132215961,0.8432923479644023,0.09938239071343802
id06825,0.9874951915497995,0.009001020640061367,0.0035037878101392365
id02582,0.0007517150979942772,0.9991726667841225,7.561811788320407e-05
id23720,0.9959364333609102,0.0005119116684706834,0.003551654970619139
id11042,9.58595908155962e-05,0.002129819054744309,0.9977743213544401
id07701,0.9853791462027627,0.0004319231630814817,0.01418893063415586
id16018,0.01904435694580622,0.004039525491429089,0.9769161175627646
id01934,0.0002493623290974572,0.9994339214079664,0.0003167162629361972
id13955,2.3789262046446026e-06,0.9999947715301004,2.849543694853701e-06
id25416,0.000795836267608307,0.0004288045817302161,0.9987753591506615
id14152,0.0071102461633741456,0.0967674928713047,0.8961222609653212
id10828,0.10127515340052413,0.8511184128885778,0.04760643371089807
id21398,0.7306418638624412,0.034170379021396476,0.23518775711616222
id02357,0.46561158579901696,0.3675564692904278,0.16683194491055525
id17464,0.05872414395661667,0.030661639721246834,0.9106142163221365
id16385,0.0004538181980229761,9.90999055332344e-06,0.9995362718114237
id09431,0.1643670600778297,0.638192104536371,0.1974408353857992
id13310,0.027718423996995617,0.003470334430510174,0.9688112415724941
id01415,0.9726988056063212,0.014183108233278759,0.013118086160400133
id10123,0.5205777937169117,0.1193270349767847,0.3600951713063037
id01011,0.8165089565321229,0.17342020498892985,0.010070838478947321
id00289,0.013370189263794817,0.9757970112953036,0.010832799440901509
id17425,0.8559853518348625,0.1410772685028877,0.002937379662249874
id14492,0.17021097172981844,0.0065639822360094744,0.8232250460341721
id08303,0.001216169875676738,0.0024891812726637523,0.9962946488516595
id05980,0.9432623574674046,0.03501004700556382,0.021727595527031546
id19535,0.9545561009691798,0.005187974887941373,0.04025592414287888
id05435,0.9900407815920037,0.002114216867295096,0.007845001540701203
id14753,0.04495337525843982,0.03743892647199721,0.917607698269563
id05518,0.9914863142256151,0.003370726252169498,0.005142959522215386
id25216,0.011385011391395276,0.002159453173948789,0.9864555354346559
id17976,0.2529966331383529,0.7063882891359052,0.040615077725741855
id14471,0.9978419287755551,0.002129306016533861,2.876520791105691e-05
id20206,0.2988517423546573,0.26301959469420616,0.4381286629511365
id04305,0.0011275010536719555,0.00021898917942655087,0.9986535097669016
id09733,0.2136420010683139,0.7825993742178714,0.003758624713814819
id22317,0.9980590144067191,0.00024872313878143465,0.0016922624544995918
id14432,0.9478899887341985,0.0006266525411019635,0.0514833587246996
id16102,1.6254066044085975e-07,0.9999993463366208,4.911227186073147e-07
id18429,0.9003724786157274,0.02105530163328683,0.07857221975098579
id00510,0.9461492021273816,0.0030231781450054326,0.050827619727612974
id06062,0.4393868137259662,0.2976069256324722,0.2630062606415617
id24491,0.9262363507990703,0.048846169545543994,0.02491747965538566
id11938,1.4452736667499479e-06,1.024056081621767e-05,0.999988314165517
id21157,0.5757030200659572,0.11166110442848799,0.3126358755055549
id03737,0.09085885733580548,0.03701383921471599,0.8721273034494785
id13030,0.97041497192101,0.022975590133019648,0.006609437945970452
id08711,0.0002825595371564375,0.11550015704549874,0.8842172834173448
id05217,0.04325944127817135,0.0004042197049556669,0.9563363390168729
id23026,0.0032847852642836056,0.9950644164727189,0.0016507982629975413
id26842,0.16057508710489873,0.8268801983737554,0.012544714521345944
id04585,0.45160824429829194,0.517953722407014,0.030438033294694147
id17675,0.04716914835242043,0.9519428876888515,0.0008879639587281262
id16515,0.9451679416429571,0.020857643232202693,0.03397441512484013
id25621,0.2671107565543757,0.6380412705273752,0.09484797291824908
id06530,0.9516716514926249,0.01809380603920251,0.03023454246817263
id06395,0.6601028089844023,0.013191641946994017,0.3267055490686037
id08749,0.0013512858285735943,0.00030520693721234303,0.9983435072342141
id00496,0.9985147420531924,0.0012537146052342435,0.0002315433415734603
id27252,0.335377976468274,1.4672223911045437e-05,0.664607351307815
id18551,1.1544447593526418e-06,0.9999624771725008,3.636838273994736e-05
id15949,0.9697438500027505,0.0006552693330146436,0.029600880664234854
id02740,0.7139596897172391,0.009810448420769781,0.27622986186199117
id25426,0.9318307506361653,0.01678206946413774,0.05138717989969703
id17556,0.003619725038542036,0.6612864236586378,0.3350938513028203
id06753,0.8351747824570702,0.0069414610803401455,0.15788375646258973
id19672,0.7287663048980735,0.03767156794662407,0.23356212715530242
id09541,0.9677447340714753,0.022699265056361318,0.009556000872163389
id06410,0.3603596495372351,0.5242395561550789,0.11540079430768602
id22415,0.3178741077786887,0.09498289226876988,0.5871429999525415
id26582,0.9170450992394116,0.0780842220154132,0.004870678745175264
id23627,0.033730868541546145,0.09157688450176156,0.8746922469566923
id12133,0.03258367478673047,0.03662920319496352,0.930787122018306
id19367,0.007705600746338748,0.10585289235734714,0.8864415068963141
id02001,0.0007864615791922424,0.001767697185756127,0.9974458412350516
id04669,7.36953299255771e-05,0.9991532219100144,0.000773082760059974
id05919,0.7647215351726095,0.09133062451288293,0.1439478403145076
id14131,0.8758389644336465,0.1212680456541393,0.002892989912214224
id07231,0.007273255291791014,0.005213868263717024,0.9875128764444919
id21081,0.039612345185045264,0.02524153230181294,0.9351461225131418
id08113,0.0073691217907116075,0.9908332723873712,0.0017976058219171922
id14334,0.08593336152507627,0.24402356878983922,0.6700430696850845
id15817,0.9836763814264426,0.015858414272590486,0.0004652043009669127
id06937,0.9458287367952118,0.0404495110726218,0.013721752132166407
id04462,0.9914491424106046,0.005817042195882123,0.0027338153935133613
id05174,0.016664486378827018,0.7050582120311444,0.2782773015900287
id15226,0.10291513098186525,0.06607142706788763,0.8310134419502471
id21640,0.988867340714074,0.00040053916854764616,0.010732120117378292
id26712,0.5831551079257942,0.03408994137066369,0.38275495070354215
id17717,0.0010812765767485735,0.0005210824705041937,0.9983976409527473
id20769,0.0018931023192139949,0.9976261277868415,0.00048076989394453773
id26258,0.7000072530329002,0.19712777600694337,0.10286497096015648
id01722,0.10760207084958798,0.005137381787222255,0.8872605473631898
id12982,0.9997894667869627,5.72051395398667e-05,0.00015332807349743589
id09770,0.012263313175436911,0.9796428813462369,0.008093805478326214
id04604,7.216344183745901e-05,6.340157221606809e-05,0.9998644349859465
id26380,0.9987909088363465,0.0003229267944861421,0.0008861643691675134
id05247,0.00041900176894138876,0.9942086571495007,0.0053723410815579384
id09912,3.8782765354316425e-05,0.9672990712059638,0.03266214602868188
id24763,0.5587778976373416,0.26054139732029236,0.180680705042366
id27465,0.9995725085561553,0.000100214742623343,0.00032727670122132465
id26693,0.7440735361910283,0.011140358460131892,0.24478610534883982
id25723,0.9919717895221088,0.002220234502679414,0.005807975975211732
id04731,0.00031557544305359524,0.002592503325911416,0.9970919212310351
id05970,0.13759445147050028,0.011926281371357499,0.8504792671581423
id13207,0.40422251881119287,0.3244942736678988,0.27128320752090834
id11767,0.0006049756075946897,0.0009712891928689875,0.9984237351995363
id20336,0.0008658703253198582,0.9849600938354554,0.014174035839224807
id19452,0.009108584221294121,0.9460464386496101,0.044844977129095784
id04656,6.179912873329485e-05,0.999897273963792,4.0926907474719746e-05
id17267,0.01748155168171645,0.7047058944807684,0.27781255383751524
id13244,0.00045309990105797866,0.0028038959672742237,0.9967430041316678
id01101,0.06172574538067034,0.6725866596534941,0.2656875949658356
id25651,0.9937311549735564,0.0025904873026785435,0.0036783577237650892
id00421,0.9894794803902237,0.009450388175644343,0.0010701314341320246
id26353,0.8091216022761197,0.1786367992921273,0.012241598431753074
id22043,0.006098044663933896,0.001233485985439411,0.9926684693506267
id15985,0.9954994778377473,0.0014215778154322146,0.0030789443468205654
id04933,0.9837308374232756,0.00034814371266992186,0.015921018864054545
id04793,0.0029620962644097146,2.0903639702264182e-05,0.997017000095888
id24358,0.9271238319986994,0.0022013971226096957,0.07067477087869092
id06921,0.9723222533389421,0.027456828627844012,0.00022091803321390023
id25568,0.2850870365780626,0.02161339039421236,0.693299573027725
id12503,0.002099454510265179,0.00013084255266277396,0.9977697029370721
id23888,0.38323581524706846,0.023560186256172858,0.5932039984967588
id04549,0.5629112044623407,0.4243280361591243,0.01276075937853501
id25722,0.8955772882591566,0.10019087644386739,0.004231835296976107
id08382,4.601396983468942e-06,0.0001521575569557801,0.9998432410460607
id20262,0.21171975274832372,0.7854094660912028,0.0028707811604735743
id08755,0.8907132638295485,0.049520529599118,0.05976620657133358
id09822,0.0012724995440492955,0.9947300927565348,0.003997407699415906
id21779,0.941139997229512,0.004508029564569436,0.05435197320591853
id06077,0.9522762464993245,0.02399184867080364,0.02373190482987185
id27381,0.2827749433798655,0.2933165995338792,0.42390845708625535
id24645,0.008677922503928081,0.633519511908353,0.3578025655877189
id19922,0.9497189485823336,0.005024414808465295,0.045256636609201144
id00964,0.009484342846634719,0.006406968147918101,0.9841086890054471
id16288,0.7630295724646268,0.1910880476789403,0.0458823798564329
id13484,0.909749222614938,0.012029808857526308,0.07822096852753578
id14184,0.9965855525318161,0.0026163756908497786,0.0007980717773340769
id16793,0.0009822829178017032,0.9989274928932205,9.022418897784109e-05
id03876,0.9725013622707036,0.022064656777854772,0.005433980951441634
id06685,0.0013168806533898096,0.00021000939651777002,0.9984731099500924
id24337,0.0026222582784093504,0.0035369964023262653,0.9938407453192644
id05226,0.3776710716565901,0.50947299845545,0.11285592988796002
id00913,0.9996233097584626,0.00019645216296304178,0.00018023807857441327
id18710,0.38523810211297677,0.02422362797160654,0.5905382699154167
id15574,0.43402696229970883,0.02273677882821769,0.5432362588720735
id18583,0.9585061439721814,0.030007321417764247,0.01148653461005428
id15925,0.006239808420292385,0.004464287234686552,0.9892959043450211
id15356,0.9997656501746124,0.00011695144120663524,0.0001173983841811172
id24708,0.9696581215734653,0.030315010307516675,2.6868119017997783e-05
id08986,0.20559546682561786,0.7766258532882196,0.017778679886162618
id21268,0.9991676803296183,0.0004225751845352347,0.00040974448584641456
id21396,0.3034259916201716,0.4740670522241429,0.22250695615568558
id18547,0.02476924111190463,0.07654743041539448,0.8986833284727008
id17994,0.005624095115696593,0.9708460060851023,0.02352989879920101
id03402,0.8017402231703279,0.05812313015933014,0.14013664667034195
id11064,0.7898839814188248,0.0883849945411525,0.12173102404002267
id12309,0.9643987363403175,0.03491315076989647,0.0006881128897860596
id25202,0.9982191730062773,0.0012051187577454211,0.0005757082359772656
id09025,0.7058700669357574,0.029496791227583266,0.26463314183665937
id25364,0.024597235846325304,0.9526266126606,0.02277615149307471
id22723,0.6624985034689509,0.14622281719970961,0.19127867933133952
id03203,0.018616277011536057,0.0008985092395270394,0.9804852137489369
id00598,0.9991309235610466,0.0008504674545167515,1.860898443664491e-05
id08244,0.020979942852958393,0.03456850536862368,0.9444515517784179
id01955,0.01011547441424943,0.43029664366503884,0.5595878819207118
id00567,0.47736619562605354,0.06701777826456508,0.4556160261093814
id15138,0.7036533600320278,0.23443364789960117,0.06191299206837106
id27433,0.2250216839135337,0.7703442748673339,0.004634041219132464
id20280,0.0002734862870236467,0.9989115373900457,0.0008149763229306922
id13732,0.4767855909452285,0.5215678979387441,0.0016465111160272692
id22885,0.0021611271066207536,0.9818831872694964,0.01595568562388284
id10663,2.9521503788573647e-05,0.9991224631377496,0.0008480153584619014
id16053,0.980983251006818,0.00973770889197551,0.009279040101206486
id21995,0.5923609243673152,0.05715605308573486,0.35048302254694985
id26978,0.015710788307393447,0.20321310354151062,0.781076108151096
id17973,0.3893838842594185,0.0006925213996513076,0.6099235943409301
id10597,0.00011460025933751944,0.9998411268755214,4.427286514108205e-05
id16077,0.014288024952739464,0.9814907421036648,0.004221232943595726
id23321,0.2877325570670609,0.653836954020582,0.05843048891235709
id27914,0.010916098932609539,0.9866722962142642,0.0024116048531261894
id16754,0.10491656714253608,0.8895420969502236,0.00554133590724041
id00200,0.9620950451331165,0.001362647057109573,0.03654230780977406
id03206,0.9992976487345424,0.0006542540163689961,4.809724908865381e-05
id12926,0.022517750221361356,0.9660671234246704,0.011415126353968255
id15014,0.9895283214556719,0.0003078990452966507,0.010163779499031557
id03731,0.18145524017769515,0.6568235826665213,0.16172117715578355
id11687,0.2118304616352226,0.05998846777028734,0.7281810705944901
id19615,0.968349442969554,0.027526764828146956,0.004123792202298955
id23341,0.9989533761953151,0.0008364122541077482,0.00021021155057701087
id24876,0.9714116998270448,0.028371613001725703,0.0002166871712294589
id01588,0.016605283394939396,5.70408249489096e-05,0.9833376757801118
id04498,0.051878516658563856,0.5874010390207068,0.36072044432072925
id11075,0.9812059576649905,0.013798242191467462,0.004995800143542127
id17754,0.015004432507613215,0.045584487203523746,0.9394110802888631
id06702,0.28050486967132293,0.2977627494727756,0.4217323808559014
id25170,0.9318339006418693,0.001992414503184009,0.06617368485494673
id22785,0.03131133931033314,0.9591907658195966,0.009497894870070184
id26431,0.037928909863093684,0.039688136245952306,0.922382953890954
id05952,0.005271461774255205,0.9940339511574355,0.0006945870683092917
id04500,0.05976267894088898,0.0007665692030007001,0.9394707518561104
id24630,3.325298019507216e-05,2.0873591300516835e-05,0.9999458734285045
id15035,7.303332334968983e-05,0.9991481025609634,0.0007788641156869067
id27037,0.40080358257552506,0.48111104081692335,0.11808537660755154
id14635,0.6679378202634734,0.007423851572738628,0.32463832816378807
id00418,0.9989050721230524,0.0010557762357544184,3.915164119326427e-05
id27141,0.9710691765894496,0.027492989740622708,0.0014378336699277174
id11236,0.9621802671800623,0.005960639725477069,0.031859093094460667
id01864,0.6966652504690288,0.1951473026789094,0.10818744685206183
id21895,0.00020960921191081044,0.999136593346521,0.0006537974415682326
id06161,0.047070293180992456,0.9253635730965636,0.027566133722443986
id15515,0.7757678592061934,0.11803891502741079,0.10619322576639578
id03694,0.0038744911497733845,0.8934152670183126,0.10271024183191396
id26701,0.12615868607924605,0.001227204814260734,0.8726141091064933
id25266,0.582452417576934,0.03398991309279607,0.38355766933026986
id03251,0.9329152883141539,0.05079518096930669,0.01628953071653942
id06549,0.016088105568638038,0.06387124611251456,0.9200406483188475
id05178,0.4779958729739686,0.40967288876937663,0.11233123825665478
id24566,0.8850681369144584,0.07043022716095533,0.04450163592458615
id14747,0.01082240293428902,0.9865556917930673,0.0026219052726436497
id00836,0.9991485791736819,0.0007738335478442788,7.758727847362602e-05
id00817,0.14511411062851914,0.8140881214413029,0.04079776793017802
id00144,0.290296261902748,0.5867531915718832,0.12295054652536887
id21231,0.9858060843932909,0.007161657591619482,0.007032258015089701
id06515,0.0002238408071640312,0.994159941003129,0.005616218189707096
id23504,0.9848275039855899,0.00465518844641345,0.010517307567996634
id14930,0.7292704303912704,0.26813400349769106,0.002595566111038574
id01052,0.8723667351111428,0.01210866777540761,0.11552459711344942
id10504,0.5590526681321772,0.4389612040444524,0.0019861278233704108
id19937,0.9870282473757429,0.012888304706078324,8.344791817883013e-05
id23440,0.940800437266821,0.03729383716963066,0.021905725563548327
id25690,0.4312570734930188,0.03415989351862026,0.534583032988361
id01053,0.9482543552267789,0.04383488950667705,0.00791075526654407
id23693,0.9821891392766212,0.009490666188023352,0.008320194535355499
id27259,0.03008525266962383,0.03160473036511609,0.9383100169652601
id14556,0.0060691115567680495,0.40240503885764856,0.5915258495855835
id19639,0.5336256119011398,0.0013916732857658255,0.4649827148130944
id13378,0.9483370515204927,0.030096537714680637,0.02156641076482654
id23120,0.28893075809223934,0.00047867316530892734,0.7105905687424519
id12404,0.0007355567051853093,0.8815921790488073,0.11767226424600738
id08341,1.1645279818000782e-05,0.002776598962085796,0.9972117557580962
id26257,0.007378240917394433,0.9603660256832542,0.032255733399351276
id08644,0.5025045649256177,0.48595233820605543,0.011543096868326868
id10634,0.0004009898390491465,0.9995705316957342,2.8478465216767196e-05
id12578,0.9960237924227371,0.003120987706700393,0.0008552198705624495
id18847,0.013999074431053556,0.4708863517067467,0.5151145738621997
id17813,0.008975545338159682,0.9036093656141516,0.08741508904768867
id03592,0.9961162777681623,0.0006560182937276624,0.00322770393811014
id18439,0.0003946618432727304,0.9994856481609278,0.00011968999579956534
id27484,0.0817384888210309,0.019801783448313532,0.8984597277306556
id02238,0.001867407058064238,0.997554548256797,0.0005780446851387797
id14686,0.967354568427863,0.005299585334122926,0.02734584623801408
id04517,0.0009131955357514492,0.9877344041517493,0.011352400312499292
id20022,0.5774487448567799,0.2852922278767096,0.1372590272665105
id00995,0.00011312272914462739,8.039631880394936e-06,0.9998788376389749
id00861,0.07812008945173829,0.229659219731436,0.6922206908168258
id17423,0.003529936922122533,0.000776108807863636,0.9956939542700138
id25421,0.6883183325869218,0.004254962305577691,0.30742670510750053
id27578,0.9494863606481122,0.0380486071802999,0.012465032171587906
id17164,0.9999365302184288,4.2586649481648145e-05,2.0883132089621172e-05
id05028,0.9921256617890086,0.0002927100463846954,0.007581628164606682
id08891,0.9998195416504143,1.0748798582963916e-05,0.00016970955100276144
id08994,0.4035373379913251,0.03502283577435554,0.5614398262343194
id17448,8.456454280989484e-05,0.0011691816240207177,0.9987462538331694
id11024,0.2015576034726393,0.00014398297997618719,0.7982984135473845
id19145,0.9751059620733622,0.01815974171414179,0.006734296212495891
id01241,0.0010364446564929397,0.9569417982988441,0.04202175704466302
id07730,0.0005371321011717065,0.9993813653114967,8.15025873315679e-05
id23650,0.40918727390496445,0.3070140634710733,0.2837986626239623
id05203,0.9772958403590312,0.018686508705223984,0.004017650935744899
id15232,0.9940840924790141,0.00037112707647643566,0.005544780444509562
id15043,0.002287389186326907,0.0006540992897373162,0.9970585115239359
id25308,0.010696381908143563,0.9843539062587351,0.004949711833121263
id20520,0.01632059937927036,0.7018531761246336,0.281826224496096
id18641,0.012407007482542089,0.9860770886027784,0.00151590391467946
id06690,0.9989455770398649,0.0008354829141417838,0.00021894004599327916
id09158,0.0018478666390360904,0.9926341154552605,0.005518017905703395
id07814,0.27722676335705526,0.0005130117187741061,0.7222602249241706
id27644,0.027414956496892916,0.7983156863746446,0.1742693571284625
id17170,0.010670358763798052,0.0024092148816859567,0.986920426354516
id20647,0.32894562902963953,0.03682361141438221,0.6342307595559783
id14802,0.7503361437475817,0.024011813710982023,0.22565204254143617
id06785,0.00934201082055861,0.04149802787158329,0.9491599613078582
id02742,0.007806960819821403,0.003726854649761724,0.9884661845304169
id23365,0.0023045933570953504,0.00041016109260388846,0.9972852455503007
id20564,0.9957479222884799,0.003912319660304392,0.00033975805121576395
id07461,0.3198227936041,0.6780855713171781,0.0020916350787219336
id02640,0.978289955753867,0.017480390897307692,0.0042296533488253305
id24535,0.03791564540520516,0.8419609587331939,0.12012339586160098
id27289,0.06897035768072092,0.92027336375246,0.010756278566819046
id20077,0.9878484437638859,0.0016601558290413603,0.010491400407072835
id26071,0.9970157107894069,0.0010786048047032913,0.0019056844058898017
id16109,0.3519757290822674,0.6281670777247373,0.019857193192995337
id22579,0.9240414661591543,0.06724470731432035,0.00871382652652536
id27241,0.9998685332476752,2.010769749712666e-05,0.00011135905482754379
id20773,0.9652689967260949,0.03440797600451168,0.0003230272693933851
id21353,0.4812597464722138,0.44234499497491836,0.07639525855286784
id03365,0.9590946292199585,0.038826532393227774,0.0020788383868138123
id17430,0.030438833221528835,0.8920031114550374,0.07755805532343372
id16087,0.9835275764718805,0.0030236710625178346,0.013448752465601588
id25086,0.1001863100033614,0.8658887874260356,0.03392490257060303
id04956,0.9686749083830113,0.01331700723893013,0.018008084378058564
id10152,0.07222566999025873,0.8473799931415736,0.08039433686816769
id25919,0.7871941220618685,0.0062554556813840135,0.20655042225674763
id09477,0.053040407812621454,0.0066149689943992215,0.9403446231929793
id14433,0.22081316278972654,0.7741554959743573,0.005031341235916028
id00779,0.7422944371813976,0.01774627399053236,0.2399592888280699
id23285,0.38138526581756055,0.010917544867492718,0.6076971893149468
id15945,0.2509897657850602,0.743195193699455,0.0058150405154848775
id12227,0.9778733908915366,0.0029930053821168195,0.019133603726346655
id18065,0.0332624490143459,0.004443807151102493,0.9622937438345516
id02247,0.023579839199118394,0.9700627988186076,0.0063573619822740466
id07199,0.329342649368915,0.6387772536729796,0.03188009695810544
id19499,0.020607972560355868,0.9776334401845898,0.0017585872550543915
id00375,0.3554254470601518,0.2739192244376784,0.3706553285021698
id12979,0.0005578431186082874,0.9893804710975688,0.01006168578382301
id23800,0.9993624704971884,0.00014770201780442259,0.0004898274850072281
id22290,0.9988643221584932,0.0005062222074834877,0.0006294556340231821
id14575,0.9995622071711465,0.00020848293992531685,0.00022930988892813376
id02506,0.2961393013877505,0.5080527979874541,0.19580790062479553
id07276,0.021529590226076853,0.9633088600379406,0.015161549735982617
id18264,0.01168311178348766,0.8536275800474493,0.13468930816906305
id10886,0.019852216519266924,0.2576080040257859,0.7225397794549472
id02858,0.5258537249661779,0.010078705952766562,0.4640675690810556
id23959,7.76697303091379e-07,2.405449931647787e-07,0.9999989827577037
id03295,0.19450278677167623,0.017566608685012707,0.7879306045433111
id16538,0.01120691984350515,0.9873308816409674,0.0014621985155274175
id07749,0.6159568957647744,0.32669825644463646,0.05734484779058925
id27794,0.017356693952477895,0.2274771890204822,0.75516611702704
id16110,0.0034793268225956444,0.0011755103700996472,0.9953451628073047
id01820,0.5527235642797681,0.00809906920200928,0.43917736651822253
id25943,0.003950344168600887,0.02730344753142174,0.9687462082999775
id00353,0.026855087915202976,0.7640564165221404,0.20908849556265674
id09491,0.02806504346254987,0.9255504796167259,0.046384476920724296
id18336,0.03521078382785136,0.9234119380907048,0.041377278081443924
id21821,0.10128289669373922,0.3911698922757324,0.5075472110305285
id08642,0.7098569345063053,0.28492858341006433,0.005214482083630431
id05399,0.9844123164884346,0.004516172930171426,0.011071510581393829
id23084,0.7639192732001882,0.2212205471625431,0.014860179637268796
id24980,0.22006659128763834,0.7466912174736733,0.0332421912386884
id15365,0.003531928971923582,0.0006176038451730678,0.9958504671829034
id25073,0.998664549128435,0.0006920682113673025,0.0006433826601976874
id15933,0.9973056213937574,0.0002560970332583037,0.002438281572984248
id10915,0.18615541846156924,0.7933602654983753,0.0204843160400553
id08306,0.04922242985026628,0.9334081116078696,0.01736945854186408
id07218,0.012290201315696227,0.9830427282676919,0.004667070416611845
id02006,0.10297696397069278,0.021731505740179412,0.8752915302891278
id21024,0.9320019970024923,0.024019309132879613,0.0439786938646281
id14364,0.6924733120550624,0.04272419950227653,0.26480248844266113
id09995,0.02310669205390677,0.0020568799403204306,0.9748364280057727
id22353,0.012063643090119426,0.976806154312321,0.011130202597559577
id00763,0.023759829143701203,0.8945689361801404,0.08167123467615844
id17643,0.0008022670471711699,0.989130986326697,0.010066746626131808
id16565,0.047072155093164966,0.0036078567633502368,0.9493199881434848
id20180,0.9306014539787472,0.051343481673324684,0.01805506434792804
id06722,0.037111447703390636,0.028683463830554066,0.9342050884660553
id24453,0.9985859870099189,0.0013508208545771386,6.319213550395663e-05
id21954,0.9097520171074176,0.07998630564568748,0.01026167724689491
id17747,0.08526722052544441,0.003347355939105264,0.9113854235354503
id03218,0.17631003819550464,0.7910814500669802,0.03260851173751522
id19149,0.13398677292162028,0.7928055766538741,0.07320765042450578
id17784,0.41884521701062366,0.17539372228795305,0.40576106070142326
id13621,0.0011194786683704234,0.9987462622400447,0.00013425909158492307
id18422,0.00220696281479631,0.6914569993261153,0.3063360378590884
id21683,0.61555749956157,0.004865948899490151,0.37957655153893993
id26371,0.992527965088885,0.003242668360610066,0.004229366550504987
id07655,0.8911019942003178,0.03575428925770107,0.07314371654198124
id16911,0.9537131862623607,0.03149893292539141,0.014787880812247856
id14199,0.58998169040875,0.35494502784341353,0.05507328174783648
id08806,0.028935336153362266,0.0007787403508306508,0.9702859234958071
id17136,0.778755979139449,0.0010023798984315465,0.22024164096211948
id16146,0.8290314080077326,0.04865792363758519,0.12231066835468227
id00545,0.00018669998690941513,0.9990101594958434,0.0008031405172471307
id23999,0.998721322046001,0.0005996522275905237,0.0006790257264085421
id13031,0.007070955338341475,0.9881482992162678,0.004780745445390823
id17803,0.19721995366981404,0.06707131689965823,0.7357087294305278
id00169,0.017037340877875597,0.9545511603829131,0.02841149873921129
id01416,0.0021864763924863014,0.9942851406150404,0.0035283829924733826
id06673,0.5608836070498782,0.3822305361240663,0.056885856826055486
id10465,0.008069209746395408,0.05112175347625699,0.9408090367773476
id26335,0.9315857299067761,0.01231190291229576,0.0561023671809281
id17956,0.0035658206866922863,0.9950693765490274,0.0013648027642802758
id16100,0.07811193486582099,0.283281818971838,0.638606246162341
id21039,0.9976400038044799,0.0022065124642030205,0.00015348373131704945
id04521,0.05112219104859288,0.0015306009233862243,0.947347208028021
id21054,0.02654764741655482,0.031033401275010447,0.9424189513084348
id17770,0.9808164972339808,0.006978261036433564,0.012205241729585752
id27013,0.9940675807440498,0.0006331710697225418,0.005299248186227777
id24914,7.1169503173500955e-06,0.9933877532880977,0.006605129761585004
id02277,0.13173334251704505,0.017768529677426214,0.8504981278055287
id11467,0.1588377425682454,0.6007330760119916,0.24042918141976305
id21141,0.011862392950566904,0.008337947541409353,0.9797996595080238
id09080,0.019294010077182098,0.00036481396575960593,0.9803411759570583
id10511,0.00937056616685196,0.6063632973835923,0.38426613644955576
id21327,0.040742417322283536,0.943881856893275,0.01537572578444146
id04589,0.22851078404569022,0.2837544688599643,0.48773474709434544
id07255,0.5519136783204156,0.44783018149203835,0.0002561401875460427
id27370,0.0031297978919947074,0.00041580329419964177,0.9964543988138057
id10589,0.9999599885866907,2.566861047673871e-06,3.744455226165273e-05
id11570,0.9726272268923045,0.016187814940315678,0.011184958167379811
id06114,0.8685095595918755,0.1301365277549912,0.0013539126531331733
id23779,0.9481319718477721,0.05086425863917163,0.0010037695130562917
id00669,0.0007213720844352016,0.999267440105176,1.11878103887512e-05
id25548,0.059562647547617135,0.003024171808083503,0.9374131806442993
id15604,0.007505655715697784,0.02820667666817108,0.9642876676161312
id08096,3.6312868892263485e-05,4.458311620027909e-06,0.9999592288194877
id23530,0.4351762038697332,0.22341601626777494,0.34140777986249193
id06064,0.39195875402757807,0.29514256852999704,0.3128986774424249
id10175,0.9946383175133852,0.005075702796432767,0.00028597969018212945
id26033,0.14330919372795203,0.6124111272937183,0.24427967897832964
id06102,0.9929878431796096,0.0030315852703247112,0.003980571550065596
id23640,0.9906270463113829,0.007315563906117737,0.0020573897824994656
id06248,0.9799197760108765,0.019777539507424363,0.0003026844816991206
id09927,0.00029480597551876964,0.001546659649035182,0.998158534375446
id03833,0.0004123085035479832,0.00021860464202566856,0.9993690868544264
id11997,0.00014360672102985708,4.8081024295116265e-06,0.9998515851765406
id26323,0.11856262435397946,0.3701574304733156,0.511279945172705
id04962,0.035832142424315455,0.9625764419568306,0.0015914156188539985
id05460,0.2201426006668068,0.7750775243883465,0.004779874944846624
id27815,0.0011007615541194888,0.9966864199739227,0.002212818471957862
id19526,0.00181136932598353,0.013487017383755776,0.9847016132902607
id06121,0.9395060549304891,0.04537933904675962,0.015114606022751236
id17388,0.9677585521950418,0.02896786319657142,0.0032735846083867446
id22868,0.09071308143947245,0.5132069593627616,0.396079959197766
id06568,0.9953208323250273,0.0030605340086691133,0.0016186336663036127
id04745,0.9987232235724206,0.0008912844748776292,0.0003854919527017651
id11089,0.6811394100296293,0.006514066120757876,0.31234652384961287
id06459,0.9486355648552969,0.03978715721524404,0.011577277929459133
id01432,0.014042710418400158,0.023171847077967232,0.9627854425036326
id03450,0.020441142290135068,0.9790856042601316,0.0004732534497333405
id13228,0.3372972901511275,0.02592472687335972,0.6367779829755128
id22228,0.0022427341943809615,0.0005721976903260879,0.997185068115293
id05587,0.1062899740812567,0.002124725467634864,0.8915853004511084
id13623,0.0006071574096116323,0.9992391299583578,0.00015371263203055354
id08568,0.0004649695802379598,0.9995067370062214,2.8293413540710344e-05
id25056,0.023418280319007532,0.013071161916231377,0.9635105577647611
id25786,0.28221036077464495,0.7161064400390026,0.0016831991863523782
id02951,0.012472645353903066,0.029107154134330623,0.9584202005117664
id15511,0.9848758777339882,0.0016954290842581556,0.013428693181753687
id00726,0.8406530132813045,0.06009641475220112,0.0992505719664945
id18540,0.7759798573036545,0.2200094959461875,0.004010646750158148
id16718,0.06184154148991964,0.03724558980311718,0.9009128687069631
id09261,0.06631301525479999,0.0032745185475944083,0.9304124661976056
id05394,0.5963180522378194,0.3344112176028939,0.0692707301592867
id22655,0.7349632712750112,0.0048319589207611304,0.26020476980422774
id20442,0.997572198281405,0.0011032392194560612,0.0013245624991389498
id23482,8.916752938844247e-06,0.0005859812577880212,0.9994051019892731
id19260,0.9975672384767666,0.0010853395774645968,0.0013474219457686966
id08692,0.9824172880723014,0.017358143189953816,0.00022456873774486994
id03557,0.9973663052878222,6.897140136598204e-05,0.0025647233108118464
id21919,0.9511984090291068,0.009667647943806186,0.03913394302708703
id13273,0.13072388711640429,0.8541615956587949,0.01511451722480094
id07757,0.02804218488652037,0.9684954988456786,0.0034623162678010565
id23832,0.9837080175439543,0.004976600108145705,0.011315382347900003
id24363,4.6274240755034525e-05,0.00024116144311382435,0.9997125643161311
id09054,0.6991325735097235,0.10960659238816498,0.1912608341021116
id09197,0.9848513301345379,0.005981363726019016,0.009167306139443195
id03169,0.996590531512678,0.0013169688348618153,0.0020924996524602493
id25890,0.00022454657228370366,0.9981249022918961,0.0016505511358202627
id06372,0.028491833233189972,0.9533123250792028,0.018195841687607208
id19186,2.7974997743721517e-06,1.3928628336379539e-05,0.9999832738718892
id21007,0.06657975852315479,0.9109982255034906,0.022422015973354616
id19169,0.5724316730112055,0.00044101657680618904,0.4271273104119884
id25255,0.9979461641293066,0.00022207905268624314,0.0018317568180071537
id13918,0.9475399404834794,0.04918722107727897,0.0032728384392416367
id04788,0.3590587475261438,0.008563458164963317,0.632377794308893
id19740,0.9380092650727423,0.004145400811348,0.05784533411590971
id01112,0.6932349816732878,0.29781297195401013,0.008952046372702051
id00637,0.015741480159060982,0.001414147699794295,0.9828443721411446
id05475,0.1223622915801526,0.6031212786720391,0.2745164297478084
id25962,0.10370840213243163,0.0050816116573197435,0.8912099862102486
id16771,0.7557201236284986,0.05936437773880099,0.18491549863270035
id05610,3.6257864768291794e-05,3.8488487500358835e-05,0.9999252536477313
id14886,0.06939866859982902,0.8937856187133757,0.03681571268679524
id15507,0.9974515407341488,0.0006682159984345625,0.0018802432674166754
id27769,8.232859428880838e-06,0.9999718554272989,1.9911713272196582e-05
id00988,0.016989752938667113,0.9780978030120814,0.004912444049251536
id08300,0.268066830229549,0.07144238394608302,0.660490785824368
id22827,0.9319527395687941,0.002416219458936386,0.06563104097226968
id21445,0.3515295995013983,0.08012036979831458,0.5683500307002871
id12678,0.07819573269172667,0.0003378730081188836,0.9214663943001544
id12057,0.0027004806673224186,0.9967521441010965,0.0005473752315810951
id08190,0.32908041637943813,0.40963745474847635,0.2612821288720856
id23581,0.7896919264731623,0.20587314810116705,0.00443492542567067
id05955,0.9612402198278605,0.029858395643616982,0.008901384528522575
id23637,0.04723285522567067,0.9330232252552886,0.019743919519040795
id18253,0.0036524786349026723,0.0010305472140056642,0.9953169741510917
id07093,0.8099048242471919,0.18506994923379733,0.005025226519010638
id22486,9.002220382621694e-06,0.00585686353155709,0.9941341342480603
id15975,0.9997594563985668,0.00014996144207457584,9.058215935867369e-05
id20426,0.958195894485369,0.0023654023772127202,0.03943870313741821
id23559,0.2969430098623723,0.687172383520464,0.015884606617163836
id05824,0.0003213762707216728,0.9995782519837597,0.00010037174551860077
id02012,0.0054310741502024305,0.0005476618702501343,0.9940212639795475
id24826,0.8019355399690133,0.19394950868353722,0.004114951347449427
id16972,0.8630444611710846,0.11286072158676157,0.024094817242153854
id04545,0.9985842557731943,0.0007733425927188392,0.0006424016340867855
id18371,0.6861527836393955,0.21997621881451473,0.0938709975460899
id25850,0.06805639156935685,0.06085517459673397,0.8710884338339092
id18964,0.6961599663279848,0.19681761143459253,0.10702242223742273
id10452,0.7510593589950181,0.05622387661521847,0.19271676438976354
id16624,0.9715672659566654,0.027564785689445013,0.0008679483538895649
id13747,0.32101356226728206,0.676735042923236,0.0022513948094818573
id06496,0.992512898464729,0.006503976114982872,0.0009831254202881917
id11609,0.01058328555188698,0.023477618159537677,0.9659390962885753
id07779,0.00438863286032733,0.9927562345625838,0.0028551325770888847
id27135,0.05130938326459235,0.71396714165686,0.23472347507854763
id08586,0.003670210148280637,0.9867184613416873,0.009611328510032211
id01849,0.03672300299215424,0.5894216610321632,0.3738553359756825
id15619,0.8064466317956323,0.013890903674039898,0.17966246453032794
id18753,0.09133399453643476,0.004389906517768291,0.904276098945797
id13409,0.8257679873945326,0.17127123601336863,0.002960776592098843
id23303,0.6241339576698994,0.2172313669760979,0.15863467535400255
id17913,0.48932593725154483,0.007518008295427892,0.5031560544530272
id11205,0.012583648396396998,0.9839710375125792,0.003445314091023709
id19538,0.7052583573482968,0.269826145256143,0.02491549739556017
id07696,0.06981418582374854,0.13338195020835858,0.7968038639678929
id11971,0.9994545311062866,9.914702289494434e-05,0.00044632187081840096
id00519,0.0019190655845774734,0.9860496110459714,0.01203132336945111
id03562,0.9548715445494707,0.009596074596548727,0.03553238085398064
id16230,0.0003708605521985293,3.2646054336014486e-06,0.9996258748423679
id04387,0.0021269924431692694,3.130747924557242e-06,0.9978698768089062
id23150,0.09253999590258073,0.011367742795929989,0.8960922613014893
id03126,0.9792059376057718,0.01817716076517562,0.0026169016290526464
id09658,0.023844858122765794,0.4599335792530701,0.5162215626241641
id11309,0.9735143550898833,0.00018907552278510918,0.02629656938733156
id13326,0.6275453124466954,0.044463009644402945,0.3279916779089016
id18044,0.977333864563501,0.0014222835822139122,0.02124385185428512
id21457,0.566860478711988,0.425768576523187,0.007370944764825054
id27809,0.8990183613701304,0.06767979081149841,0.033301847818371214
id21734,4.762451347746314e-05,1.3358658083128548e-06,0.9999510396207143
id02813,0.035269621101941886,0.8615305026386653,0.10319987625939286
id25244,0.0037095977065841343,0.9343179447178858,0.06197245757553013
id18966,0.13407610213914212,0.005399267853902435,0.8605246300069554
id21252,0.8096216428559257,0.15397101629031604,0.03640734085375816
id15397,8.631162942038278e-07,2.9675731934935214e-06,0.9999961693105123
id12670,0.5731173374343993,0.41272545961337725,0.014157202952223499
id15533,0.23397565375826165,0.6779792394483108,0.08804510679342742
id12501,0.13795217342268737,0.03530883803150906,0.8267389885458036
id00575,0.002364723142904473,0.9945910615917535,0.0030442152653420394
id12884,0.0016556105652162098,0.9975143548501074,0.0008300345846762667
id03091,0.17985246702671698,0.8101172863153151,0.010030246657967926
id27160,0.00045993731753522446,0.0004064841745165311,0.9991335785079483
id12981,0.2479459010390686,0.10380084812126573,0.6482532508396658
id17354,0.8648249653520749,0.06649715047373433,0.06867788417419067
id09060,0.06263205278269063,0.453500642500381,0.4838673047169284
id12605,0.0002669466130976157,0.9996135160804035,0.0001195373064989819
id02873,0.0005698136018405898,0.9992436166228389,0.0001865697753204746
id12883,0.18299313629201838,0.7418137930567906,0.07519307065119113
id21166,0.0015716255614844968,0.99805497754624,0.0003733968922755579
id06933,0.7788987318535064,0.2198514806881887,0.0012497874583049828
id20153,0.8783871190693282,0.0018488487876340423,0.11976403214303777
id04138,0.5423887229038247,0.11074164166285261,0.34686963543332283
id12041,0.2508452088586085,0.5492844045501931,0.19987038659119838
id22741,0.8204393345146159,0.17124584152815492,0.00831482395722912
id12534,0.004609376288118803,0.019717327791951032,0.9756732959199301
id03324,0.02560293401744794,0.0623729930186531,0.912024072963899
id19084,0.11453679779209694,0.017436641348197637,0.8680265608597054
id18689,0.3645526672489483,0.11347537267018967,0.521971960080862
id06701,0.04159154110667534,0.6686751098366559,0.28973334905666887
id24783,0.34416887899340365,0.0032131039090731,0.6526180170975232
id09187,0.24986722624344063,0.008519477382750903,0.7416132963738085
id02159,0.9999285658187461,5.2071759679748295e-06,6.622700528601002e-05
id09017,1.5601683690090925e-06,3.263537597877938e-07,0.9999981134778712
id03660,0.0011732511770764828,0.0011855543631411284,0.9976411944597824
id03540,0.07374632363279618,0.918369476283718,0.007884200083485865
id24631,0.9987330808114647,0.0010167566278053057,0.0002501625607299247
id27178,0.09709817261739052,0.46220166822566816,0.44070015915694133
id21705,0.9875239063098955,0.00019939343925625243,0.01227670025084832
id15501,0.09865358000445287,0.9007777494885879,0.0005686705069591654
id05132,0.9948575518987248,0.004474970784607195,0.000667477316667994
id20925,0.07991785098564466,0.8030913459055579,0.11699080310879753
id15638,0.000432260270736422,0.0006945578534399717,0.9988731818758236
id15393,0.5440956016727162,0.16285860200344637,0.29304579632383737
id04955,0.0010203064089169124,0.00014267018542748084,0.9988370234056556
id17921,0.12506166446891084,0.2858834155584509,0.5890549199726383
id26289,0.1495696508599303,0.21879830052724966,0.6316320486128201
id14188,0.055503296676992296,0.0034984827315494215,0.9409982205914583
id09093,0.09928881023403972,0.895785229554407,0.004925960211553295
id19167,0.9750684391782228,0.024363797956511144,0.000567762865266003
id11811,0.08166663355072973,0.1100996183995605,0.8082337480497098
id15586,0.0014767435108997123,0.00461019498900422,0.9939130615000961
id08687,0.0015732319817882627,0.02745056658095382,0.9709762014372579
id18881,0.002525626139490288,0.04486414032601416,0.9526102335344956
id22384,0.2791135765705398,0.6852557687823463,0.03563065464711379
id00377,0.07713725787921445,0.005012132025156962,0.9178506100956286
id11662,0.9093803173961297,0.04397924566620865,0.04664043693766151
id22048,0.13519831276903033,0.6865829816305191,0.17821870560045047
id05137,0.0001177492387288058,0.9985647226581074,0.0013175281031638252
id24896,0.008396160337489711,0.0039272688066342735,0.987676570855876
id07242,0.9877763622016134,0.00994461747334368,0.002279020325043064
id25085,0.9943566416953383,0.004867449398211943,0.0007759089064497245
id11607,0.44756878549136164,0.5071873617126967,0.045243852795941654
id20686,0.17220112204136515,0.006879060479940653,0.8209198174786942
id23977,0.023701828354863643,0.05497293315459627,0.9213252384905402
id01732,0.0012359561234126797,0.9978675248765587,0.0008965190000285858
id15931,0.4951151252795248,0.376219386012486,0.12866548870798927
id22938,0.979926398467292,0.0025268174977539563,0.017546784034954115
id08942,0.010197274055888094,0.9869171307948408,0.002885595149271029
id19728,0.20724413454519353,0.21579668386997744,0.5769591815848291
id18649,0.9947416366479066,0.0013600666523457107,0.003898296699747704
id08283,0.0006480261841026296,0.0017193738555837377,0.9976325999603137
id03436,0.056315082568767424,0.022195109500564802,0.9214898079306678
id03506,0.3737703142746025,0.02300252453867116,0.6032271611867264
id02408,0.00044767555689688323,0.0004620600860251335,0.999090264357078
id26465,0.9997949039732842,0.00011250051607206438,9.259551064378079e-05
id08571,0.9747547256552277,0.01842257305093866,0.0068227012938337
id04733,0.9918348726843639,0.007021562193598608,0.0011435651220374618
id14697,0.07451887798498141,0.9042925821449502,0.021188539870068416
id23908,0.004082281715084243,0.99077250627168,0.00514521201323571
id20578,0.0006098172556931872,0.0009051352187069547,0.9984850475256
id02400,0.016441094013195365,0.9819193916495965,0.001639514337208096
id09131,0.07668946649861488,0.8681624381543718,0.05514809534701339
id10451,0.6877109239454512,0.0958889569267452,0.21640011912780366
id19413,3.8748428324171205e-05,0.9973062504091881,0.00265500116248781
id15189,0.17446574221162792,0.0018661650052170672,0.823668092783155
id08552,0.0033909083924153036,0.7984419025856426,0.19816718902194203
id15292,0.4640151391989876,0.27726084825952374,0.2587240125414887
id08843,0.00037652601537574345,0.9993094121142438,0.000314061870380377
id22021,0.9188556068408236,0.001533518619591675,0.0796108745395848
id25984,0.6261562684236374,0.36703286840966953,0.006810863166693195
id09403,0.9951766226786251,7.8310073676671e-05,0.004745067247698297
id07542,0.22698585941777147,0.013533505027785664,0.7594806355544429
id13074,9.837183637153396e-05,0.9998852365297074,1.639163392110707e-05
id13962,0.7932634449336875,0.010227682532615977,0.1965088725336966
id22407,0.826899713895506,0.017565098682309113,0.1555351874221849
id00113,0.36870022771143574,0.5720313841720328,0.059268388116531456
id18106,0.007474420131267533,0.9915733423165102,0.0009522375522223356
id18567,0.009502304168144389,0.04056420109824002,0.9499334947336157
id18834,0.0037365016795149115,0.03916060299144427,0.9571028953290408
id02405,0.9963066765813312,0.00042354702614997566,0.003269776392518875
id15064,0.794687615459538,0.02113164525972962,0.1841807392807322
id27930,0.45577951537003425,0.0019427898142626706,0.5422776948157031
id17708,0.004861963942792062,0.15008551905482878,0.845052517002379
id25494,0.0739396606406327,0.161343910964444,0.7647164283949233
id12146,0.9317741132979732,0.002173918119147935,0.06605196858287887
id05558,0.00731259720812474,0.02324566003899857,0.9694417427528768
id14298,0.003005486225624261,0.40694089448909704,0.5900536192852788
id05201,0.28430435977165514,0.023766127196358098,0.6919295130319868
id13523,0.834400456538644,0.11082026342395554,0.054779280037400443
id26390,0.9694946595563027,0.0028399254685306397,0.027665414975166783
id12088,0.0032187107049792157,0.5856212622764098,0.4111600270186111
id11729,0.008517678194181826,0.8858077890296053,0.10567453277621283
id04831,0.9898781923464095,0.00943604172282608,0.0006857659307643551
id18665,4.44800447051427e-05,8.963629414614367e-05,0.9998658836611487
id13468,0.02236832476098532,0.010460459917964175,0.9671712153210505
id00819,0.25173919310679405,0.007704851203831227,0.7405559556893747
id06807,0.026824121613268928,0.3197998713240057,0.6533760070627254
id16592,7.112076748126017e-06,0.00011637216500918269,0.9998765157582427
id02850,0.25537878523720364,0.15111081825690736,0.593510396505889
id11304,0.014008436024469387,0.9814572251485247,0.004534338827005916
id08034,0.8199135668668411,0.024201235900577434,0.15588519723258148
id25135,0.9339800945778525,0.0010470766904627244,0.06497282873168467
id16963,0.9863529896795062,0.004878977144210086,0.0087680331762837
id15898,0.9832846397242285,0.011245226430121326,0.005470133845650148
id17410,0.9993237273565427,5.824779576938602e-05,0.000618024847687984
id07540,0.014258966144865336,0.9852859464793127,0.0004550873758219243
id09136,0.976594923795884,0.0009656517436561992,0.022439424460459958
id26148,0.6759838141572712,0.1403746830791449,0.18364150276358399
id15864,0.3914007716861553,0.5373838566499392,0.07121537166390558
id02087,0.5025016608181332,0.45762422331809827,0.03987411586376856
id22597,0.9891238532513098,0.0015286802934450896,0.00934746645524516
id00120,0.7707902733012095,0.003941964387942223,0.22526776231084816
id24172,0.05338296507668137,0.9458765612288422,0.0007404736944763264
id25472,0.04375325146014178,0.0002984009418532848,0.955948347598005
id21181,0.21205771627270353,0.2216882931451572,0.5662539905821393
id12190,0.005451455408054268,0.0005785228013046274,0.9939700217906411
id26766,0.0010323461245065352,2.3398152662708577e-05,0.9989442557228307
id20202,0.9951814954401642,0.001874249593281431,0.0029442549665543364
id19234,0.6726166125187385,0.05836109978742015,0.26902228769384134
id16377,0.6040166164421485,0.21281846960391873,0.18316491395393272
id04461,0.002531394464331375,5.013003198630948e-05,0.9974184755036823
id18699,0.9767053942350201,0.004451214136844535,0.018843391628135257
id10824,0.8906852644242972,0.05132465617363813,0.05799007940206471
id10540,0.835291200698046,0.024272413735381297,0.1404363855665729
id23698,0.02156177222870003,0.0012108853630913494,0.9772273424082085
id01430,0.9832801210045453,0.008185389754474448,0.008534489240980176
id01288,3.452285540489637e-06,0.9591723456918532,0.04082420202260636
id12330,0.3994347858919382,0.5754458345936765,0.025119379514385427
id09852,0.00308896197253609,0.00687610589287971,0.9900349321345843
id26718,0.9956551593499419,0.003008551449019593,0.0013362892010385446
id23830,0.0027390932532490335,0.9928936760750684,0.004367230671682612
id10846,0.0073920659002530845,0.9918910487794106,0.0007168853203363388
id15782,0.16607729867670498,0.010148218839334004,0.823774482483961
id00732,0.003580027429526841,0.9812870621197577,0.015132910450715485
id05156,0.17961255913041813,0.04456330131499112,0.7758241395545907
id19372,0.03238854174129388,0.003804750317625699,0.9638067079410804
id06360,0.23334429815120067,0.047196960840878245,0.7194587410079211
id11470,0.511502802826513,0.056831327679521745,0.43166586949396535
id12656,0.23136264239544052,0.3670452854514918,0.4015920721530677
id10296,0.004769352948912557,0.9929688248676851,0.0022618221834022696
id07198,0.9542714902572084,0.029865891315733424,0.015862618427058144
id08081,0.034028004496886824,0.965747890034264,0.00022410546884918495
id10090,0.02066378918837626,0.11496544872299073,0.8643707620886331
id18142,0.106951480852369,0.8896521025571247,0.0033964165905063194
id09621,0.9731869908238339,0.02663758262083924,0.00017542655532677622
id07857,0.9998846730426965,6.190256445436116e-05,5.342439284912687e-05
id19707,0.005491736580232243,0.9943337280840543,0.00017453533571344304
id12757,0.414607625191307,0.01663415766253363,0.5687582171461594
id14932,0.9705219122977995,0.018651527231575944,0.01082656047062461
id14578,0.001837685325324378,0.9924326370433891,0.005729677631286614
id14791,0.0019265719886902264,0.9980341078497638,3.932016154610032e-05
id06465,0.02017170646993964,0.0276233817948479,0.9522049117352124
id03329,0.15620560675333423,0.40096444637838224,0.4428299468682836
id05165,0.6940952039652111,0.012122809383979593,0.29378198665080946
id05253,0.06080677629577159,0.002979089475951765,0.9362141342282766
id22309,0.09712274597400636,0.7773985697616401,0.12547868426435355
id20682,0.9717480730553567,0.006109282324575712,0.022142644620067594
id25697,0.5060946080051258,0.3401720111713068,0.15373338082356736
id01322,0.0013819835780042307,0.03344489113225847,0.9651731252897373
id01680,0.0027978684905173457,0.9595595084681261,0.037642623041356585
id19582,0.9998425873719967,9.270703600017748e-07,0.0001564855576432789
id21522,0.013991090048109379,0.0008627567672566217,0.985146153184634
id13110,0.9967898325207675,0.0025264336309305914,0.0006837338483017997
id15961,0.29195273937515553,0.027529130057048136,0.6805181305677964
id27129,0.002387072639731525,0.9672346693509577,0.03037825800931084
id14538,0.02604949594691265,0.05573365409756063,0.9182168499555268
id23868,0.10500420288036226,0.0014881537674177395,0.89350764335222
id13985,0.9733101968064818,0.02649933183386297,0.00019047135965528323
id10669,0.4626038196834092,0.2879144566984855,0.24948172361810528
id18899,0.14614243823357903,0.7107447064284813,0.14311285533793972
id21421,0.9841524329496762,0.00345965873820162,0.01238790831212221
id24251,0.9992103701902726,0.00020558091362209277,0.0005840488961052598
id13347,3.9302419665571605e-05,0.9998587329271718,0.00010196465316265816
id24909,0.0013619636697488884,0.998251680553794,0.0003863557764572322
id16214,0.8702827410455269,0.09001400336863825,0.03970325558583473
id02234,0.6466358284391169,0.02437955953337021,0.3289846120275129
id03775,0.11210957624689594,0.05519688123741337,0.8326935425156907
id12798,0.009967209991042243,0.018591322334175184,0.9714414676747826
id25340,0.006776847934209437,0.9926670314036473,0.0005561206621432569
id25373,0.9567376224273257,0.03065647361349573,0.012605903959178513
id05373,0.984388226974353,0.00878925169846845,0.006822521327178514
id15991,0.0011777612122212881,0.013819959602213853,0.9850022791855648
id07116,0.9772124471098085,0.013488240987427682,0.00929931190276386
id05510,0.0068450785734211145,0.009954872407125963,0.9832000490194529
id20906,0.007527720173639541,0.9923218503078808,0.00015042951847969255
id25496,0.10875690918540203,0.8610725083047032,0.030170582509894787
id05007,0.6616151480365996,0.03544024215418985,0.3029446098092105
id16772,0.9870416269451129,0.008127591640061086,0.004830781414826053
id27806,0.06766420169464636,0.04762610038786832,0.8847096979174852
id04872,0.0032539982374166156,0.0001687440581279807,0.9965772577044554
id12208,0.38498082003527445,0.6017090413590045,0.013310138605721115
id24903,0.8136545896847615,0.1789892673795906,0.007356142935648041
id14220,0.2314034667112363,0.003684769256143178,0.7649117640326205
id21363,0.0002314280759177181,0.0002436239052773638,0.999524948018805
id19222,0.02314045309860823,0.9495841463280836,0.02727540057330821
id10610,0.0023313094119416836,0.04369215250007752,0.9539765380879808
id03055,0.07741966835010752,0.00631544726856131,0.9162648843813312
id19863,0.14567003371293005,0.028272850727051414,0.8260571155600185
id02649,0.2036010166528235,0.0022482245318260208,0.7941507588153505
id06984,0.017078072205173343,0.2835136957697971,0.6994082320250297
id15963,0.8217721620244017,0.1267564094568069,0.05147142851879137
id14359,0.020799668797404306,0.023505825787001534,0.9556945054155942
id13134,0.29414868357946433,0.05749090966309378,0.6483604067574419
id01838,0.2614781657506491,0.4881290383417862,0.2503927959075647
id00986,0.9989778644709881,0.000985935722438069,3.619980657379155e-05
id22200,0.3489025507572871,0.6416708088684981,0.009426640374214854
id01376,0.15901333498137302,0.492754983543089,0.34823168147553796
id25857,0.9992648082032398,0.00011856895203617478,0.0006166228447240125
id07931,0.9685221099603216,0.013661744004235317,0.017816146035442987
id00891,0.22825104356666687,0.037501540234311966,0.7342474161990212
id00749,0.9998099862995437,4.561791774888164e-05,0.00014439578270732673
id27852,0.6204145139030002,0.027240329528206472,0.3523451565687934
id06311,0.9254747515009597,0.07200658810739202,0.0025186603916482696
id27254,0.6141514386234659,0.17325804318648633,0.21259051819004787
id06245,0.09770767670578533,0.784755883681731,0.11753643961248367
id12962,0.07348585934040079,0.01917189681569543,0.9073422438439038
id05366,0.35390987182093825,0.12739887282692017,0.5186912553521417
id23016,0.012823495218259075,0.0001339669879757606,0.9870425377937653
id02701,0.7680791144122077,0.008514570927346336,0.22340631466044614
id07709,0.9992136575453855,0.00014391879826774483,0.0006424236563467724
id22057,0.012796118060366964,0.11495507130442816,0.8722488106352049
id16424,0.0005305700463488055,0.002166345488961208,0.99730308446469
id18563,0.0014641601496419682,0.0024132504567260797,0.996122589393632
id23059,0.9551215184560576,0.04020295813326927,0.004675523410673088
id02754,0.9553850023531597,0.042048616801703936,0.0025663808451363884
id26527,0.99982597458949,0.00011352275793188139,6.05026525782739e-05
id06361,0.9234993953183727,0.06809163154132693,0.008408973140300457
id02774,0.9214146331215312,0.07399754229317194,0.004587824585296939
id08822,0.4672695479012,0.23500759254934062,0.29772285954945943
id02963,0.008537119219324506,0.988182942196582,0.0032799385840935223
id02865,0.362089678578008,0.0077995656546029244,0.6301107557673891
id26852,0.028979266959009913,0.9479590178925774,0.023061715148412747
id25869,0.18524088085908752,0.8133805966277677,0.0013785225131447527
id13225,0.3589576534954299,0.05213879775343112,0.588903548751139
id11798,0.09408830956633198,0.8403166682042661,0.06559502222940193
id12220,0.9995683247655017,0.0002787783886689007,0.00015289684582944662
id02931,0.0012597639716025104,0.0005362155895206672,0.9982040204388768
id01163,0.007373463821739642,0.7555995261917339,0.23702700998652643
id20160,0.2202463790988225,0.005688871263332596,0.7740647496378448
id13415,0.01027990877285888,0.9895833418884472,0.00013674933869386213
id20037,0.9877356844688269,0.00983980385919881,0.002424511671974351
id18841,0.9730145575837854,0.002531322912333647,0.02445411950388102
id00304,0.9132013462274834,0.01980994466035909,0.06698870911215749
id00090,0.05856876851231048,0.009452197669160277,0.9319790338185293
id06190,0.010375245477359619,0.9879873974323712,0.0016373570902692345
id12458,0.7643579955001096,0.09349285182596868,0.1421491526739217
id24127,0.11007901352933955,0.8253224933571579,0.06459849311350252
id22980,0.004945691985792332,0.0002758343465890131,0.9947784736676186
id00093,7.209429703791643e-05,0.9998591207481168,6.878495484528965e-05
id16757,0.5938437210419707,0.35421241890164656,0.051943860056382775
id24866,0.016226961210587122,0.33867069719789217,0.6451023415915207
id24568,0.001863815930313077,0.006606087223677085,0.9915300968460098
id02567,0.9486198488086358,0.0458366251172805,0.0055435260740837105
id00440,0.7973545457218402,0.19461737562955161,0.008028078648608309
id14153,0.7165512209428959,0.006135219170516174,0.2773135598865879
id09777,0.014027593616004261,0.0783623375326539,0.9076100688513419
id01974,0.9780513389973957,0.013443282183827482,0.008505378818776738
id13780,0.0013886664191596896,0.9945598793011494,0.004051454279690783
id22269,0.9245388785419812,0.015316869101484333,0.060144252356534506
id20545,0.015958551512505137,0.2595672927289784,0.7244741557585165
id13602,0.011334149746309878,2.2216150529472126e-05,0.9886436341031607
id08345,0.05993721590192472,0.9089981982594946,0.031064585838580752
id26657,0.5054229164160533,0.17394634321914393,0.3206307403648028
id03905,0.5798689612961748,0.14841412530962664,0.27171691339419857
id00030,0.9918100081316188,0.0004563860466625252,0.007733605821718694
id14957,3.706374456157876e-05,0.9966126035895981,0.0033503326658402086
id01094,0.9614464817621581,0.0018600264064643705,0.036693491831377614
id07007,0.26875333806600943,0.12139225279462595,0.6098544091393646
id05838,0.03994568192723997,0.002115053159646209,0.9579392649131138
id01674,0.5780342388817614,0.3848212241050763,0.03714453701316236
id09426,0.013608998817818178,0.9863125356736276,7.846550855408188e-05
id02720,0.4785347456684829,0.07425402049470682,0.4472112338368102
id22700,0.9765886581480726,0.022477867793707997,0.0009334740582193874
id02119,0.028519302804650527,0.9522256034982057,0.0192550936971438
id20754,0.08745079851581734,0.7927997122653258,0.11974948921885702
id20792,0.9989741622794359,0.0006609199117194817,0.00036491780884466657
id02646,0.9882206603615866,0.0052851885309585156,0.0064941511074549825
id15032,0.9973135363948689,0.001954514957699984,0.0007319486474311569
id22963,0.8655086328035917,0.1093945982563799,0.02509676894002845
id13784,0.5669259830337725,0.11041373970417165,0.3226602772620559
id21021,0.3641881498970018,0.506727665776319,0.12908418432667929
id26232,0.002341694329404258,0.996131482014344,0.0015268236562518277
id01086,0.010886877028386846,0.9690865310665816,0.02002659190503154
id22727,0.9939025163779573,0.0014609104162753353,0.004636573205767273
id25578,0.0014427667347946494,0.000386549720315273,0.99817068354489
id04540,0.06019844735149278,0.0020405764784470655,0.9377609761700602
id10735,0.07327016037235744,0.0025011581358139537,0.9242286814918286
id13435,0.8745241786133393,0.041845076890536376,0.08363074449612438
id18520,0.8814024987533244,0.009616260715539518,0.108981240531136
id17878,0.9967102922524673,0.002001678516209197,0.0012880292313235237
id11411,0.5269028974294684,0.4660008853244695,0.007096217246062191
id05340,0.9973053929026935,0.0007827033032190204,0.001911903794087477
id08346,0.3183858823220392,0.01186028266513891,0.669753835012822
id01281,0.19342101845418458,0.04291627694123332,0.7636627046045821
id18257,0.0002962603748047739,0.9994659370429124,0.00023780258228274742
id11326,0.16072962160224172,0.5284672500675068,0.3108031283302515
id27179,0.0005036142366785344,0.9994711047384003,2.52810249212126e-05
id21898,0.8841032391937793,0.009555922907309371,0.10634083789891143
id19854,0.16546388174688448,0.0033761691881997228,0.8311599490649159
id01568,6.78160820540753e-05,0.9998729213012492,5.92626166967536e-05
id13864,0.9830778543532889,0.015679516687121923,0.0012426289595892403
id10097,0.017476207236971745,0.08686628384893519,0.895657508914093
id26640,0.022053813139638535,0.8334043752782168,0.14454181158214482
id08790,0.16834195030865737,0.7501909311954595,0.081467118495883
id15662,0.33236554060213874,0.6648633117919918,0.0027711476058694803
id17108,0.875939945745285,0.03110525621110206,0.09295479804361294
id20973,0.3003680905396024,0.6690117176159623,0.03062019184443532
id15903,0.12263566835894767,0.7068759348100916,0.1704883968309608
id16080,0.37471778516898135,0.039583434673744006,0.5856987801572746
id26374,0.00019414949146643793,0.3746673647210437,0.6251384857874898
id23375,0.48074345882283687,0.08489539913551135,0.43436114204165177
id06624,0.11811144654980982,0.6120297614322723,0.2698587920179179
id03077,0.015107465752080466,0.002123203028795115,0.9827693312191245
id15217,0.22570420935195196,0.006922897048329295,0.7673728935997186
id08450,0.005144343572166875,0.010763628329781573,0.9840920280980515
id07400,0.03586174593369888,0.009245536071288876,0.9548927179950123
id12758,0.28117278724513967,0.35096156543266405,0.36786564732219634
id00919,0.9914521531649321,0.0010256691712863372,0.007522177663781609
id20205,0.0002826125890926064,0.0010822375663822462,0.9986351498445252
id03483,0.00029743563716308583,0.0002033459160181511,0.9994992184468188
id19259,0.76340614794437,0.19176707518295596,0.04482677687267412
id04391,0.03873004690548278,0.7893150843240931,0.17195486877042404
id10087,0.9935604271614038,0.0021644600638864105,0.004275112774709877
id23442,0.7149891661180977,0.20619498366223082,0.07881585021967154
id04179,0.00037902478921380926,9.986755756924537e-05,0.9995211076532169
id00897,0.409671690538099,0.051530520783445104,0.538797788678456
id07039,0.6465069906983496,0.348303791861773,0.005189217439877398
id05297,0.9540676804174402,0.02624854825345789,0.019683771329101877
id18919,0.0874163564589136,0.9065930779565622,0.005990565584524242
id09805,0.9176940933898874,0.00011934308783029788,0.08218656352228233
id18548,0.01975597303769884,0.804999508116198,0.17524451884610312
id05112,0.029216716912044884,0.006535938660642894,0.9642473444273122
id09945,0.012950990401691748,0.36168640393712304,0.6253626056611853
id04445,0.001159574995660811,1.6409951501925558e-05,0.9988240150528372
id04990,0.004245352596006227,0.004027383146852919,0.9917272642571409
id14503,0.10859136887113358,0.8568050072122936,0.03460362391657285
id16066,0.00498167705728511,0.0016840954200563237,0.9933342275226585
id23571,0.11767627143375069,0.023433561080316908,0.8588901674859324
id11926,0.011538253719511402,0.9878302093959314,0.00063153688455718
id10953,0.0011916218360954007,0.9819399305997446,0.01686844756415998
id23160,0.044146294495058615,0.041720724178065466,0.9141329813268759
id08335,0.019458568862666323,0.9803280568966812,0.00021337424065243863
id07110,0.06450977724559272,0.9264178931013383,0.009072329653068988
id21831,0.09238549847481824,0.380088893994025,0.5275256075311568
id16325,0.239937832613919,0.03038192963694783,0.7296802377491332
id23734,0.010711097079477417,0.988340438240043,0.0009484646804795815
id13169,0.02736674674462736,0.9552047212144136,0.017428532040959104
id23845,0.5868356514463565,0.39623089526479355,0.016933453288849865
id07812,0.11925252831801471,0.8673330432184603,0.013414428463525014
id06911,0.9996010137499303,0.00022241485531179013,0.00017657139475790344
id25652,0.019562025239144246,0.8875680366313597,0.09286993812949605
id24855,0.10289174910342498,0.01205956733612576,0.8850486835604493
id15519,0.030141960053982404,0.003028358901811136,0.9668296810442065
id00400,0.8721978711682785,0.0765572288798497,0.051244899951871745
id10508,0.969182615068902,0.02032835119035819,0.010489033740739851
id09924,0.9927461921582592,0.00599212835740222,0.001261679484338598
id01933,0.1992115496933419,0.6034226088473417,0.19736584145931632
id15312,0.07794150368145464,0.13127429415374728,0.7907842021647982
id09008,0.0023667646290227696,0.9875165029029489,0.010116732468028354
id07243,0.005965773590440022,0.9679304310656488,0.02610379534391109
id18968,0.01245860814362768,0.0004533822053753792,0.987088009650997
id15578,0.9842014650556818,0.0034645748518450097,0.012333960092473175
id20924,0.950421528132263,0.003173979547583145,0.046404492320153784
id03842,0.028545055086925553,0.05196015171791422,0.9194947931951603
id13994,0.9801785617606902,0.019623117806241965,0.00019832043306785473
id19860,0.0014355279751140627,0.049656365252712394,0.9489081067721736
id20787,0.9745212708155169,0.013748124288401812,0.011730604896081348
id27321,0.001889645379598817,0.9980097523041735,0.00010060231622767276
id24769,0.9991125885408134,0.0005345476278652519,0.00035286383132139
id03356,0.9980487296585034,0.001328548405476009,0.0006227219360205067
id14461,0.00016421208537392576,0.9998268945192331,8.89339539307357e-06
id12223,0.06866460477042571,0.7475627486217395,0.1837726466078347
id00404,7.092754735530721e-07,2.3798341468019656e-07,0.9999990527411118
id10454,2.4482197846219222e-05,0.9983492016761466,0.001626316126007082
id15779,0.006085179613490902,0.9918332431311099,0.0020815772553992836
id02479,0.9997148886324343,0.00026584107582152625,1.927029174416655e-05
id18993,0.9977136733490257,0.0013601855528303814,0.0009261410981439271
id21406,0.18118946299047226,0.036018319985533315,0.7827922170239945
id21711,0.6566861566997927,0.33294770127366574,0.010366142026541597
id11875,0.4447667995808633,0.5082487693880956,0.04698443103104114
id24522,0.6660514468550749,0.0015073944171380305,0.33244115872778707
id27435,0.005432045590141993,0.011958507882882264,0.9826094465269757
id11195,0.9511451266071702,0.022254382241404268,0.02660049115142547
id06288,0.9697077134995807,0.00807615661077406,0.02221612988964522
id06105,0.6056373836131581,0.387776677866172,0.006585938520669879
id06915,0.6856158578113998,0.02407048038816148,0.29031366180043877
id24594,0.8265638140412154,0.04638611066087552,0.1270500752979092
id04935,0.9988181109706535,0.0003373529723798207,0.0008445360569666123
id14194,0.9849854980542049,0.012065239649693726,0.0029492622961013997
id13596,0.08806441024368444,0.6670980932134656,0.24483749654284997
id13011,0.4140244545659981,0.018364132053378966,0.5676114133806229
id21672,0.9994182495525489,2.1658701867904164e-05,0.0005600917455832445
id02863,0.4899489868211562,0.13418526580818138,0.3758657473706625
id02620,0.8072155417481132,0.019911017204647996,0.1728734410472388
id00129,0.6957916072267787,0.2545070236691057,0.049701369104115684
id18094,0.10673324903631665,0.03214371140298984,0.8611230395606935
id22660,0.0003540267246580143,0.9975641074903113,0.0020818657850306126
id05047,0.9764673163023188,0.00251971569932028,0.021012967998360922
id02447,0.944251269148306,0.027766173099735114,0.027982557751958848
id18185,0.09333787547169295,0.8100369371046732,0.09662518742363385
id20584,0.7554103916052457,0.19467328327246858,0.049916325122285735
id20720,0.1209191923864707,0.10170529251046705,0.7773755151030622
id03267,9.482125230358817e-05,0.9997816668435533,0.00012351190414321261
id25972,0.041812811017287586,0.09929601460155228,0.85889117438116
id00311,0.18739049013228057,0.10543772276017689,0.7071717871075425
id06929,0.8647696850641803,0.0026490996401794874,0.13258121529564032
id19063,0.9949731145923884,0.0012480025052122817,0.0037788829023992863
id24717,0.11599947715232811,0.8605948727449161,0.023405650102755835
id01673,0.35669802613021007,0.0023023591867559205,0.640999614683034
id08917,0.7092857294167076,0.0691976008871788,0.22151666969611358
id25440,0.9650423171415339,0.011592599766331457,0.023365083092134673
id25676,0.0015007119909751614,0.9767760207537626,0.021723267255262302
id13014,0.7676186692071838,0.22356227773855972,0.008819053054256615
id24835,0.32495567473300674,0.5849229388363892,0.09012138643060402
id16745,0.040550290696306036,0.0002524393273978536,0.9591972699762961
id13913,0.8204548694156435,0.13889400795417067,0.040651122630185776
id18954,0.9996854118495645,6.875297163848421e-05,0.00024583517879710946
id03993,0.1894115965575907,0.09009068122613115,0.7204977222162782
id08862,0.7900304996793235,0.006989661271412908,0.20297983904926364
id02901,0.9964322284694536,0.0029626366147757098,0.0006051349157707907
id03550,0.02318251728813842,0.01593921174631903,0.9608782709655426
id13288,0.006243525991172714,0.9889594228238741,0.004797051184953276
id12352,0.1599852885350368,0.001013360240656729,0.8390013512243064
id18926,0.9985996458300124,0.0005449764485723845,0.0008553777214153025
id27696,0.19519657858223127,0.065050663601549,0.7397527578162197
id03095,0.11798298230614027,0.8021949143295103,0.07982210336434944
id15660,0.7539974827294265,0.17419173750139702,0.07181077976917646
id24635,0.003697172505912394,0.9952456563434717,0.0010571711506159262
id13059,0.6872488897376664,0.1587849799629969,0.15396613029933667
id14163,0.17443349519532214,0.00036055897423507697,0.8252059458304428
id13168,0.9955130577325886,0.0027150885150938656,0.0017718537523176519
id09019,0.008255358836916039,0.002764129453539878,0.988980511709544
id12690,0.11746264506625101,0.8784736274135106,0.004063727520238343
id18845,0.017149891029022042,0.025485023708832374,0.9573650852621456
id07065,0.0007215175700968601,0.0011422978510682452,0.9981361845788349
id06155,0.6733355880117515,0.32057516077262127,0.006089251215627145
id18811,0.22718877478323501,0.3633496062051572,0.4094616190116078
id26492,0.06758332652345954,0.008029543770506692,0.9243871297060338
id16302,0.6271376530137274,0.37197633458715956,0.0008860123991129879
id23879,0.1158596197191289,0.8542725566093978,0.029867823671473274
id04150,1.9104499486234744e-05,0.00046172502187824494,0.9995191704786355
id07408,0.9115199254171367,0.004284034195299211,0.08419604038756417
id02040,0.8238556147879197,0.005673562749304167,0.1704708224627762
id21654,0.974860714250987,0.013993179177094119,0.011146106571918847
id20306,0.0011867482592171257,0.0063189963623802555,0.9924942553784026
id06856,0.7732703705297672,0.019562697517126654,0.2071669319531062
id26053,0.010383643862863216,0.0063048445117168134,0.98331151162542
id05822,0.9323083485055927,0.004454393270767617,0.06323725822363975
id22397,0.1101165297519654,0.29668322810020664,0.593200242147828
id24702,0.00047478739350409146,0.0008419902677849135,0.998683222338711
id18440,0.2116795569830251,0.7788843265988341,0.009436116418140815
id24276,0.7783060849408177,0.006886564554360311,0.21480735050482203
id07262,0.001536146079047586,0.9782208505470037,0.020243003373948736
id26940,0.004013569815582623,0.9888408930782498,0.00714553710616749
id20515,0.9353639256148306,0.02807774935014418,0.036558325035025256
id27494,0.15482722668493654,0.03543420683026824,0.8097385664847953
id08038,0.00020862370780165234,4.108759511989134e-06,0.9997872675326864
id27635,0.2509564470054312,0.01551558319139714,0.7335279698031717
id01004,8.23274410260964e-05,0.0063475598137193445,0.9935701127452545
id06321,0.9986231130432257,0.0011519993517999322,0.00022488760497445769
id19355,0.012720447661250356,0.9578709133358556,0.029408639002894033
id12767,0.02549539992883019,0.7616815003340667,0.21282309973710298
id18726,0.492709800173956,0.010258987937233673,0.4970312118888104
id21972,0.38922014513481085,0.570918049038856,0.039861805826333176
id20042,0.9646614854335949,0.0166850364780575,0.018653478088347542
id24778,0.9778743101624091,0.02187626591603815,0.0002494239215527737
id17711,0.0010188671584327603,0.9946011955444789,0.004379937297088226
id26441,0.9435246504220105,0.004249752404039664,0.05222559717394985
id09376,0.018993956463482717,0.0015114972511754649,0.9794945462853418
id08919,0.0311499447469439,0.22622934741683945,0.7426207078362166
id12020,0.7527300989151555,0.19188526355010285,0.0553846375347416
id07935,0.00017414027133845955,1.5769537700597542e-05,0.9998100901909609
id19680,0.008695785373194985,0.9878018081247602,0.0035024065020447474
id11301,0.015538156960643004,0.9813294038200606,0.0031324392192964234
id09787,0.8310621880170902,0.02580241879821945,0.14313539318469043
id07004,0.37224314309190115,0.6252351969545672,0.002521659953531616
id11970,0.16780032859318159,0.4602055801292577,0.37199409127756067
id08959,0.2883736721631228,0.08102849802950682,0.6305978298073703
id19102,0.6133105072161467,0.025621996930768116,0.36106749585308523
id01202,0.05900153912754305,0.40299331829074087,0.5380051425817162
id14542,0.04323729773731848,0.8195087114789117,0.13725399078376987
id20672,0.19988868334858312,0.04732217233173702,0.7527891443196799
id16786,0.949629968038628,0.03895832218926548,0.011411709772106596
id19760,0.007678504143961955,0.9902248073882138,0.002096688467824117
id17781,0.8836693650111793,0.11267814643839069,0.0036524885504300364
id20302,0.038100992120253585,0.9597098396415211,0.0021891682382253427
id06934,0.04760362386770052,0.0030317401319332514,0.9493646360003662
id04047,0.22154545749312105,0.04287153669890168,0.7355830058079773
id11007,0.9722744891536742,0.020725489752549255,0.00700002109377652
id16414,0.02452236440136734,0.9079271389801371,0.06755049661849559
id23012,1.2534608881545048e-05,1.7448807477672991e-06,0.9999857205103707
id27883,0.7059534501374897,0.2910395948266164,0.003006955035894004
id10314,0.10378563444483767,0.15753802707494494,0.7386763384802175
id16864,0.23348299188899355,0.04719896441902427,0.7193180436919823
id16707,0.13661534999902486,0.8605815171660257,0.0028031328349492866
id19139,0.0019472541650560583,0.9891437926143151,0.008908953220628959
id15902,0.04514496792999832,0.0018008023288512613,0.9530542297411505
id19103,0.035788550341038436,0.01108151490523351,0.9531299347537281
id03862,0.8683841652515433,0.11531939856468408,0.016296436183772637
id11881,0.014474850227491398,0.9842197225948053,0.0013054271777032762
id06924,0.06037434233794612,0.874719255563669,0.06490640209838486
id14077,0.9851533971709165,0.00047307483776732836,0.014373527991316092
id25675,0.30533786715955075,0.0032518124286120484,0.6914103204118373
id07327,0.992234571095797,0.0013996195209153637,0.006365809383287603
id26322,0.8929492586795305,0.039832653746748395,0.06721808757372122
id18714,0.04265659212716617,0.014071663255829344,0.9432717446170045
id04107,0.0038990398274095575,0.0029350072672918947,0.9931659529052985
id19416,0.0024675062880333107,0.0012652283387092741,0.9962672653732574
id02710,0.7284061211867774,0.26710526542371815,0.004488613389504462
id25002,0.3580459912914199,0.10285503069140568,0.5390989780171744
id09633,0.9280390199467282,0.06514206567075105,0.0068189143825206225
id17269,0.0019211137284866125,0.9532416859008966,0.044837200370616836
id09792,0.0005914818077693718,0.002303588971087682,0.9971049292211429
id14442,0.0003779198555066577,0.0005945925050196654,0.9990274876394737
id02780,0.0004041202027818746,0.9907465094146259,0.008849370382592136
id18428,0.08783490430632941,0.0005131065771018701,0.9116519891165688
id24103,0.8024122679621812,0.19169882693275705,0.005888905105061676
id23278,4.524000301224552e-05,0.9986859247609013,0.0012688352360865132
id11217,0.0004446338317340821,0.9994205674681157,0.00013479870015010702
id14675,0.0008059584438045011,0.9984986857565612,0.0006953557996343336
id11092,0.012150803056652936,0.9775800438186513,0.01026915312469584
id14881,0.006893453874300948,0.18172064527354037,0.8113859008521586
id21509,0.9122433609665306,0.0456347889041656,0.042121850129303716
id04192,0.7513646728195079,0.002620406859347015,0.24601492032114505
id01319,0.999991164653578,6.033523267052379e-06,2.8018231550384047e-06
id14366,0.0003643834014208035,0.9996216448954078,1.3971703171390182e-05
id07885,0.0027489540930706272,0.9968271021978453,0.00042394370908410456
id23484,0.0007507373792178922,0.9980591215404675,0.0011901410803146194
id08140,0.8239466424788019,0.13475199123861686,0.04130136628258108
id00788,5.877868800528401e-05,0.00042741914227062584,0.9995138021697241
id19716,0.996528496866194,0.00046815290649205216,0.0030033502273138562
id09045,0.08207573930845224,0.9173052056926162,0.0006190549989315071
id27460,0.9998640086621079,6.718064524747493e-05,6.881069264465624e-05
id08543,0.9983413612190912,0.0016211382556743934,3.75005252342205e-05
id10642,0.2991269351580249,0.2924587442830151,0.40841432055896
id19373,0.0019619106837373166,0.997185269425225,0.0008528198910376019
id03602,0.00017493665703538906,0.9996744310012803,0.0001506323416843015
id20854,0.9479328065106446,0.027672947298244713,0.024394246191110566
id00281,0.4457133812415809,0.37987087135519937,0.17441574740321975
id13289,0.0024816852512359257,0.9973586060515017,0.00015970869726238633
id08010,0.959999465073201,0.03217906551957732,0.007821469407221763
id26649,0.9144289908324236,0.06500786203118963,0.020563147136386854
id09783,0.8491382194919911,0.15027045111611828,0.0005913293918906292
id25991,0.9658426713512365,0.0316275309662006,0.0025297976825628702
id03197,0.014440058126207364,3.400403480447343e-05,0.9855259378389881
id18172,0.9989999332325035,0.000724965083523338,0.0002751016839732085
id26761,0.9942885384331088,0.002381445497943358,0.0033300160689478096
id27818,0.009788805411963138,0.010809553192816278,0.9794016413952206
id26700,0.09874278654914041,0.3919795472983834,0.5092776661524763
id16140,0.004964623729623768,0.0006689788418467826,0.9943663974285295
id02578,0.8542684507317013,0.05554287330261176,0.09018867596568703
id23796,1.806985190188805e-05,0.00011136223392305936,0.999870567914175
id06216,0.02436564251554425,0.9499802045289745,0.025654152955481305
id07360,0.868260342265125,0.09498183151827275,0.03675782621660216
id10415,0.10949600289789652,0.8423700587717662,0.0481339383303374
id06422,0.6554334271789886,0.2417063694306181,0.10286020339039331
id20602,0.01864148854928849,0.9771402635539845,0.004218247896727005
id07180,0.9882514513304793,9.91626161299683e-05,0.011649386053390776
id05447,0.8327027755458378,0.007149834140580876,0.1601473903135813
id13726,0.0005444523546582704,0.0011302216899710844,0.9983253259553706
id13296,0.00010253257693027645,3.3976031892232088e-06,0.9998940698198805
id23956,0.7212829352920846,0.03290768698671556,0.2458093777211998
id19327,0.00027557240765937015,0.0019795484244697122,0.9977448791678709
id01134,0.4501744800198861,0.059960649147167804,0.4898648708329462
id18392,0.9960628213237765,0.003192055388790502,0.0007451232874329583
id14966,0.644966524749153,0.004423904036854873,0.35060957121399217
id21837,0.00028813032182739356,0.0005205167934150898,0.9991913528847576
id22104,0.9966154157522668,0.0031495857817156864,0.000234998466017652
id10549,0.3957877784382775,0.005513582500550837,0.5986986390611717
id21209,0.9953464408803786,0.004578444307778972,7.511481184237448e-05
id05748,0.9980451072570282,0.000984004314201816,0.0009708884287699139
id05685,0.5317974353677091,0.34241230421176444,0.1257902604205265
id01214,0.5843841889074243,0.0009296886487007205,0.4146861224438751
id23027,0.8737741832226935,0.02717771331859554,0.09904810345871096
id09742,0.31670069031274817,0.44417510273533534,0.2391242069519165
id17830,0.003514844630311459,0.9943313796891896,0.002153775680498924
id02909,0.002417233547025572,0.981226614166348,0.016356152286626378
id20495,0.03531382089667406,0.944258097685593,0.02042808141773278
id20123,0.9620988529606875,0.001489405118167643,0.03641174192114487
id07750,0.9950346492528563,0.003673586649213136,0.0012917640979306234
id19231,0.9998625893618852,1.0321591763589709e-05,0.00012708904635119124
id21728,0.02271226302897229,0.9754453972382604,0.001842339732767334
id16313,0.6889876581824612,0.28318285868009463,0.027829483137444124
id13658,0.015535117944907107,0.0019497422342034036,0.9825151398208896
id27125,0.001320701779526656,0.9914968212972308,0.0071824769232425225
id21855,0.019114137636318886,0.0026016938593536043,0.9782841685043275
id18413,0.7003641219355395,0.018754978128592663,0.28088089993586784
id23180,0.1326150521904134,0.6442261744138984,0.22315877339568824
id00890,0.13247447945551022,0.002156762382713476,0.8653687581617763
id01822,0.036369041977747894,0.08811692465281609,0.875514033369436
id18198,0.001603778196668105,0.1379681384169079,0.8604280833864241
id06176,0.017511711939385492,0.9785212249446904,0.003967063115924105
id13501,0.020487630932649905,0.00646692563563352,0.9730454434317166
id11696,0.03255116427126489,0.5192844773114983,0.4481643584172368
id07581,0.08295273346578906,0.2666240731128441,0.6504231934213668
id04113,0.9147421046894351,0.0052466652173946355,0.0800112300931703
id17782,0.32927042933826384,0.016552220111072047,0.6541773505506642
id05817,0.9327916362052657,0.053671656504998964,0.013536707289735316
id22324,0.8162525443810071,0.015201496729071114,0.1685459588899218
id11883,0.06158050834200805,0.06462070800988474,0.8737987836481071
id15681,0.996418943907155,0.00035737671698837147,0.0032236793758567087
id02586,0.5074513362398693,0.09049107289142089,0.4020575908687098
id16750,0.0023038666534448407,0.0008596414393384217,0.9968364919072168
id02290,0.05213268786710365,0.0050463696406938185,0.9428209424922025
id20643,0.14845934455820356,0.8388865507912049,0.012654104650591531
id16553,0.9740671036278692,0.025760411623258928,0.0001724847488719923
id26031,0.26840355909441677,0.7277720565451644,0.00382438436041891
id14146,0.034326980241149906,0.23489822907221095,0.7307747906866392
id21943,0.004872652624690983,0.0006965931524889345,0.9944307542228201
id14944,0.29627805107809163,0.07095160088434328,0.632770348037565
id21950,0.9939938039940796,0.005720732052395318,0.0002854639535251548
id22773,0.012762750306408574,0.018517282871064723,0.9687199668225268
id07430,0.9417593162281646,0.038605012116022824,0.019635671655812488
id19559,0.9940152994469429,0.003921850319933387,0.0020628502331237358
id12765,0.9960529537883271,0.003905479444521059,4.156676715183677e-05
id06279,0.0953829735445712,0.606374598859325,0.29824242759610375
id14557,0.8900242134064373,0.016214205978267542,0.09376158061529516
id10815,0.0025126447597571986,0.013432844953528462,0.9840545102867144
id20739,0.9971094410019121,0.0015941730687001998,0.001296385929387679
id02878,7.734905681617508e-05,4.572043837536817e-06,0.9999180788993463
id00293,0.011859870681595362,0.3768678135326048,0.6112723157857998
id26206,0.0015476597506750584,0.00036303786895215516,0.9980893023803729
id00452,0.7720099178546124,0.22475156960539353,0.00323851253999418
id25654,0.2402499498654035,0.7274625873690868,0.032287462765509846
id02263,0.00217071104902535,0.9976648497843267,0.00016443916664803267
id18381,0.4056455779115192,0.5769844547509239,0.017369967337557062
id17472,0.00011615932779629988,0.9984425751751485,0.0014412654970552114
id14770,0.017247104761270504,0.03335457575045544,0.949398319488274
id14900,0.8942201348424121,0.07654198026142359,0.02923788489616429
id22236,0.8553900292633055,0.14320212690716147,0.001407843829533121
id26383,0.031212467870262158,0.38592796688316755,0.5828595652465702
id06662,0.9967622989366782,0.0029768576092535433,0.00026084345406818054
id10868,0.05655006166289836,0.942868903911471,0.0005810344256306686
id26468,0.9421640057237419,0.04200541267625552,0.015830581600002485
id04463,0.028478700780127812,0.9695094450856585,0.0020118541342136953
id03691,0.0013151393428948047,0.01460632200739213,0.9840785386497131
id17283,0.9855514984432648,0.0068785621678515855,0.007569939388883646
id23803,0.0920621413688404,0.01306972837855954,0.8948681302526
id26210,0.12923880923697917,0.8094457346310768,0.06131545613194406
id09767,0.9443842486755301,0.0020332876180995463,0.0535824637063705
id09686,0.018772668902612984,0.9793200494848248,0.001907281612562273
id11830,0.677538162009941,0.0422166400951459,0.28024519789491315
id11771,0.0003559313169662574,5.6406346083164e-05,0.9995876623369506
id25088,0.000549691233630982,0.003145622358287325,0.9963046864080817
id05313,0.07993456571476802,0.0450447030225148,0.8750207312627172
id25132,0.004485269786947646,0.9919994398559857,0.0035152903570666804
id00909,0.00324328581132751,0.9635192363512806,0.033237477837391956
id07473,0.0007836184225454108,3.2422000426585175e-05,0.999183959577028
id18415,0.5493861297732933,0.21346026523377268,0.23715360499293398
id04626,0.007602349300999044,0.010357070594508412,0.9820405801044926
id05473,0.0012589730045526925,0.00040005069012219826,0.9983409763053251
id19326,0.8451447476183627,0.1521119048903192,0.0027433474913181074
id13152,0.9658792285815093,0.026751934916912874,0.007368836501577936
id16625,0.995509634104796,0.001006730428475767,0.00348363546672818
id05316,0.0013787928318893554,0.00039033342500824646,0.9982308737431024
id26975,0.0004375372432922216,0.9979773201924298,0.0015851425642780395
id16072,0.05529036198107776,0.6467960798893215,0.2979135581296008
id15342,0.06913907603538917,0.8505885070894539,0.08027241687515703
id04700,0.9992056247175872,0.00022749210934952142,0.0005668831730633583
id16141,0.9267482508576939,0.06953596550729077,0.0037157836350153505
id17881,0.334814758983443,0.5796368182825642,0.08554842273399288
id23671,0.9952275999096233,0.003180622819668469,0.0015917772707083149
id25072,0.000334923301749118,0.012938478700384054,0.9867265979978669
id27761,0.44396430848205165,0.14804187058582027,0.40799382093212805
id06286,0.2716530274227291,0.6437657376192397,0.08458123495803119
id16602,0.13047952157759618,0.8682340287219079,0.0012864497004959868
id13969,0.06044760528562122,0.9380049542717045,0.001547440442674352
id11949,0.7778158664569799,0.10023994755499871,0.12194418598802124
id26920,0.1318665051342035,0.853642339642994,0.014491155222802478
id27240,0.1817447787852142,0.000932095840413917,0.8173231253743719
id25302,0.9613530495075924,0.015220877371075605,0.0234260731213321
id17629,0.02391062691700553,0.8146078347533858,0.1614815383296087
id18446,0.9430753400709473,0.008869525143818988,0.04805513478523376
id08026,2.836130762865205e-05,0.9999611840188644,1.0454673507016971e-05
id24950,0.035343036566168905,0.9581612751077634,0.00649568832606771
id10447,0.17306874678902018,0.0003039586581017534,0.8266272945528781
id18361,0.003838821474865107,0.0030660501687009424,0.993095128356434
id24750,0.1144251601897738,0.7984442002424821,0.08713063956774393
id08946,0.37223667660465287,0.03661494580860203,0.5911483775867451
id24582,0.2325985146030263,0.7661461334157924,0.0012553519811813183
id14759,0.0028099375722102794,0.9967033554221236,0.0004867070056662125
id11530,0.00014279552788800024,1.6810075394670677e-05,0.9998403943967173
id26900,0.1954131104142444,0.7561355699411303,0.048451319644625415
id10389,0.03871298807252946,0.013565476761653757,0.9477215351658168
id11237,0.7654470393253469,0.0007507170024520053,0.2338022436722012
id25847,0.2586322975384413,0.6766016761812871,0.06476602628027178
id15053,0.01079746257246966,0.001250978197194628,0.9879515592303357
id16534,0.008429519379983909,0.9759154172863556,0.015655063333660495
id10280,0.003941381128470276,0.9912027624380375,0.004855856433492232
id12264,0.4356279583464471,0.022067779437305837,0.5423042622162472
id01220,0.002495447546962718,8.16371904278764e-05,0.9974229152626094
id09373,0.9991805063486018,0.0007564398478195064,6.305380357871547e-05
id27661,0.0001762989302135321,0.9991759107601459,0.0006477903096406229
